tim_id,datasheet,mfr_part_number,mfr,price_thb,product_type,dimensions_mm,category,width_mm,length_mm,weight_g,useable_temp_range_c,thermal_conductivity_wmk,shape,outline_mm,thickness_mm,max_temp_c,min_temp_c,thickness_numeric_mm,area_mm2,price_per_mm2,price_per_gram,cost_per_application_thb,thermal_resistance_cw
GR-0001,//mm.digikey.com/Volume0/opasdata/d220001/medias/docus/6534/3153_PK223DM.pdf,PK223DM-110,"Shiu Li Technology Co., Ltd.",1008.1500,"Liquid Gap Filler, 2 Part",110 gram Cartridge,Grease,,,110.0000,-76°F ~ 392°F (-60°C ~ 200°C),2.0000,,,,200.0000,-60.0000,,,,9.1650,2.3577,0.0486
GR-0002,https://www.parker.com/content/dam/Parker-com/Literature/Chomerics/Parker%20Chomerics%20THERM-A-GAP%20GEL%2040NS%20Datasheet%20CHODS1008.pdf,65-00-GEL40NS-0010,Parker Chomerics,1008.5530,Non-Silicone Gel,10cc Syringe,Grease,,,25.0000,-58°F ~ 257°F (-50°C ~ 125°C),4.0000,,,,125.0000,-50.0000,,,,40.3421,10.3780,0.0243
GR-0003,-,2166694,Bergquist,10170.5500,"Liquid Gap Filler, 2 Part",400cc Cartridge,Grease,,,1000.0000,-76°F ~ 392°F (-60°C ~ 200°C),1.5000,,,,200.0000,-60.0000,,,,10.1705,2.6164,0.0648
GR-0004,-,2167256,Bergquist,10170.5500,"Liquid Gap Filler, 2 Part",400cc Cartridge,Grease,,,1000.0000,-76°F ~ 347°F (-60°C ~ 175°C),1.0000,,,,175.0000,-60.0000,,,,10.1705,2.6164,0.0972
GR-0005,-,09599,SparkFun Electronics,102.7000,Silicone Compound,5 gram Syringe,Grease,,,5.0000,-22°F ~ 482°F (-30°C ~ 250°C),1.1700,,,,250.0000,-30.0000,,,,20.5400,5.2839,0.0831
GR-0006,https://lipoly.com/wp-content/uploads/Datasheet/Liquid%20Gap%20Filler/Thermal%20Putty/H-putty.pdf,H-PUTTY-950,"Shiu Li Technology Co., Ltd.",10272.6000,Silicone Putty,950 gram Container,Grease,,,950.0000,-76°F ~ 356°F (-60°C ~ 180°C),3.5000,,,,180.0000,-60.0000,,,,10.8133,2.7817,0.0278
GR-0007,https://datasheets.tdx.henkel.com/BERGQUIST-GAP-FILLER-TGF-3000SF-en_GL.pdf,2761872,Bergquist,10337.6000,"Liquid Gap Filler, 2 Part",400cc Cartridge,Grease,,,1000.0000,-40°F ~ 212°F (-40°C ~ 100°C),3.0000,,,,100.0000,-40.0000,,,,10.3376,2.6593,0.0324
GR-0008,https://www.fischerelektronik.de/web_fischer/en_GB/VA/WLPF0705/datasheet.xhtml,WLPF 07 05,Fischer Elektronik,104.3260,Non-Silicone Compound,2 ml Syringe,Grease,,,5.0000,-40°F ~ 302°F (-40°C ~ 150°C),0.7000,,,,150.0000,-40.0000,,,,20.8652,5.3676,0.1388
GR-0009,https://www.laird.com/sites/default/files/TgreaseTM-1500-datasheet.pdf,A15423-02,Laird Technologies - Thermal Materials,1042.8708,Silicone Compound,10cc Syringe,Grease,,,25.0000,257°F (125°C),1.2000,,,,125.0000,,,,,41.7148,10.7311,0.0810
GR-0010,https://www.parker.com/content/dam/Parker-com/Literature/Chomerics/datasheets/Parker-Chomerics-THERM-A-GAP-GEL-35VT-Datasheet-CHODS1061.pdf,65-00-GEL35VT-0010,Parker Chomerics,1045.8500,Silicone Gel,10cc Syringe,Grease,,,25.0000,-67°F ~ 392°F (-55°C ~ 200°C),3.5000,,,,200.0000,-55.0000,,,,41.8340,10.7618,0.0278
GR-0011,https://www.fischerelektronik.de/web_fischer/en_GB/VA/WLPK10/datasheet.xhtml,WLPK 10,Fischer Elektronik,1049.4300,Non-Silicone Paste,10 ml Syringe,Grease,,,25.0000,-76°F ~ 302°F (-60°C ~ 150°C),10.0000,,,,150.0000,-60.0000,,,,41.9772,10.7986,0.0097
GR-0012,https://media.startech.com/cms/pdfs/silv5-thermal-paste_datasheet.pdf,SILV5-THERMAL-PASTE,StarTech.com,1050.4000,Silicone Compound,1.5 gram Syringe,Grease,,,1.5000,-22°F ~ 365°F (-30°C ~ 180°C),3.2000,,,,180.0000,-30.0000,,,,700.2667,180.1436,0.0304
GR-0013,https://www.parker.com/content/dam/Parker-com/Literature/Chomerics/Parker-Chomerics-THERM-A-GAP-GEL-20-Datasheet-CHODS1005.pdf,65-00-GEL20-0300,Parker Chomerics,10526.1000,Gel Gap Filler,300cc Cartridge,Grease,,,750.0000,-67°F ~ 392°F (-55°C ~ 200°C),2.4000,,,,200.0000,-55.0000,,,,14.0348,3.6105,0.0405
GR-0014,https://www.laird.com/document/pmbu-doc-000005173,A17170-04,Laird Technologies - Thermal Materials,10594.1063,Silicone Compound,-,Grease,,,,-40°F ~ 302°F (-40°C ~ 150°C),3.7000,,,,150.0000,-40.0000,,,,,,0.0263
GR-0015,-,2166234,Bergquist,10649.4933,"Liquid Gap Filler, 2 Part",400cc Cartridge,Grease,,,1000.0000,-76°F ~ 392°F (-60°C ~ 200°C),2.0000,,,,200.0000,-60.0000,,,,10.6495,2.7396,0.0486
GR-0016,-,2165996,Bergquist,10649.4933,"Liquid Gap Filler, 2 Part",400cc Cartridge,Grease,,,1000.0000,-76°F ~ 347°F (-60°C ~ 175°C),1.0000,,,,175.0000,-60.0000,,,,10.6495,2.7396,0.0972
GR-0017,-,2213720,Bergquist,10649.4933,"Liquid Gap Filler, 2 Part",400cc Cartridge,Grease,,,1000.0000,-76°F ~ 392°F (-60°C ~ 200°C),2.0000,,,,200.0000,-60.0000,,,,10.6495,2.7396,0.0486
GR-0018,http://www.chipquik.com/datasheets/TC4-10G.pdf,TC4-10G,Chip Quik Inc.,1110.2000,"Thermal Compound, Liquid Metal",10 gram Syringe,Grease,,,10.0000,-40°F ~ 302°F (-40°C ~ 150°C),79.0000,,,,150.0000,-40.0000,,,,111.0200,28.5599,0.0012
GR-0019,https://www.chemtronics.com/content/msds/TDS_CT40.pdf,CT40-5,Chemtronics,1118.3300,Silicone Compound,5 oz Tube,Grease,,,141.7500,5°F ~ 392°F (-15°C ~ 200°C),0.6300,,,,200.0000,-15.0000,,,,7.8895,2.0296,0.1543
GR-0020,https://www.parker.com/content/dam/Parker-com/Literature/Chomerics/Parker%20Chomerics%20THERM-A-GAP%20GEL%2060HF%20Datasheet%20CHODS1051.pdf,65-00-GEL60HF-0300,Parker Chomerics,11202.1815,Silicone Gel,300cc Cartridge,Grease,,,750.0000,-67°F ~ 392°F (-55°C ~ 200°C),6.2000,,,,200.0000,-55.0000,,,,14.9362,3.8423,0.0157
GR-0021,-,2189228,Bergquist,1126.8786,"Liquid Gap Filler, 2 Part",50cc Cartridge,Grease,,,125.0000,-76°F ~ 392°F (-60°C ~ 200°C),2.0000,,,,200.0000,-60.0000,,,,9.0150,2.3191,0.0486
GR-0022,https://datasheets.tdx.henkel.com/BERGQUIST-GAP-FILLER-TGF-1500-en_GL.pdf,GF1500-00-60-50CC,Bergquist,1129.0500,"Liquid Gap Filler, 2 Part",50cc Cartridge,Grease,,,125.0000,-76°F ~ 392°F (-60°C ~ 200°C),1.8000,,,,200.0000,-60.0000,,,,9.0324,2.3236,0.0540
GR-0023,//mm.digikey.com/Volume0/opasdata/d220001/medias/docus/6398/3962-TH235-2-30G-2SYR-ND%20%3B%204SYR-ND%20%3B500G-JAR-ND%20%3B%2050G-2JAR-ND%20%3B%2050G-4JAR-ND.pdf,TH235-2-50G-2JAR,Penchem Technologies Sdn Bhd,1170.0000,Non-Silicone Putty,50 gram Jar,Grease,,,50.0000,5°F ~ 248°F (-15°C ~ 200°C),3.0000,,,,200.0000,-15.0000,,,,23.4000,6.0197,0.0324
GR-0024,//mm.digikey.com/Volume0/opasdata/d220001/medias/docus/6555/TP-2004-100g-Jar_Silicone%20Thermal%20Putty.pdf,TP2004-100g-Jar,Penchem Technologies Sdn Bhd,1170.0000,Silicone Putty,100 gram Jar,Grease,,,100.0000,-40°F ~ 302°F (-40°C ~ 150°C),4.0000,,,,150.0000,-40.0000,,,,11.7000,3.0098,0.0243
GR-0025,https://www.parker.com/content/dam/Parker-com/Literature/Chomerics/datasheets/Parker-Chomerics-THERM-A-GAP-GEL-50VT-Datasheet-CHODS1004.pdf,65-00-GEL50VT-0300,Parker Chomerics,11792.3000,Silicone Gel,300cc Syringe,Grease,,,750.0000,-67°F ~ 392°F (-55°C ~ 200°C),5.2000,,,,200.0000,-55.0000,,,,15.7231,4.0448,0.0187
GR-0026,https://datasheets.tdx.henkel.com/BERGQUIST-GAP-FILLER-TGF-2000-en_GL.pdf,GF2000-00-15-50CC,Bergquist,1190.6862,"Liquid Gap Filler, 2 Part",50cc Cartridge,Grease,,,125.0000,-76°F ~ 392°F (-60°C ~ 200°C),2.0000,,,,200.0000,-60.0000,,,,9.5255,2.4504,0.0486
GR-0027,https://www.parker.com/content/dam/Parker-com/Literature/Chomerics/datasheets/Parker-Chomerics-THERM-A-GAP-GEL-50VT-Datasheet-CHODS1004.pdf,65-00-GEL50VT-0010,Parker Chomerics,1198.2036,Silicone Gel,10cc Syringe,Grease,,,25.0000,-67°F ~ 392°F (-55°C ~ 200°C),5.2000,,,,200.0000,-55.0000,,,,47.9281,12.3295,0.0187
GR-0028,https://www.fischerelektronik.de/web_fischer/en_GB/VA/WLKSK50/datasheet.xhtml,WLK SK 50,Fischer Elektronik,12145.9000,"Silicone Compound, 2 Part",50 ml Cartridge,Grease,,,125.0000,-76°F ~ 356°F (-60°C ~ 180°C),2.0000,,,,180.0000,-60.0000,,,,97.1672,24.9963,0.0486
GR-0029,https://www.tglobaltechnology.com/wp-content/uploads/2024/05/TG-N4000_UK.pdf,TG-N4000-330CC,t-Global Technology,12160.8500,Non-Silicone Putty,330cc Syringe,Grease,,,825.0000,-40°F ~ 257°F (-40°C ~ 125°C),4.0000,,,,125.0000,-40.0000,,,,14.7404,3.7920,0.0243
GR-0030,https://www.tglobaltechnology.com/wp-content/uploads/2024/05/TG-N4000_UK.pdf,TG-N4000-1000,t-Global Technology,12160.8500,Non-Silicone Putty,1 kg Jar,Grease,,,1000.0000,-40°F ~ 257°F (-40°C ~ 125°C),4.0000,,,,125.0000,-40.0000,,,,12.1608,3.1284,0.0243
GR-0031,https://lipoly.com/wp-content/uploads/Datasheet/Liquid%20Gap%20Filler/Thermal%20Putty/S-putty.pdf,S-PUTTY-100,"Shiu Li Technology Co., Ltd.",1218.4300,Silicone Putty,100 gram Cartridge,Grease,,,100.0000,-76°F ~ 356°F (-60°C ~ 180°C),3.5000,,,,180.0000,-60.0000,,,,12.1843,3.1344,0.0278
GR-0032,https://lipoly.com/wp-content/uploads/Datasheet/Liquid%20Gap%20Filler/Thermal%20Putty/N-putty-s.pdf,N-PUTTY-100,"Shiu Li Technology Co., Ltd.",1222.0000,Non-Silicone Putty,100 gram Cartridge,Grease,,,100.0000,-76°F ~ 302°F (-60°C ~ 150°C),3.5000,,,,150.0000,-60.0000,,,,12.2200,3.1436,0.0278
GR-0033,https://www.tglobaltechnology.com/wp-content/uploads/2023/08/TG-AS606-Series_UK.pdf,S606-1000,t-Global Technology,12227.1500,Silicone Grease,1 kg Container,Grease,,,1000.0000,-40°F ~ 356°F (-40°C ~ 180°C),3.6000,,,,180.0000,-40.0000,,,,12.2271,3.1454,0.0270
GR-0034,https://www.laird.com/sites/default/files/TgreaseTM-1500-datasheet.pdf,A15423-03,Laird Technologies - Thermal Materials,1223.1512,Silicone Compound,30cc Syringe,Grease,,,75.0000,257°F (125°C),1.2000,,,,125.0000,,,,,16.3087,4.1954,0.0810
GR-0035,-,2168332,Bergquist,1229.2965,"Liquid Gap Filler, 2 Part",50cc Cartridge,Grease,,,125.0000,-76°F ~ 392°F (-60°C ~ 200°C),1.5000,,,,200.0000,-60.0000,,,,9.8344,2.5299,0.0648
GR-0036,http://www.chipquik.com/datasheets/TC3-10G.pdf,TC3-10G,Chip Quik Inc.,1233.3800,Silicone Compound,5cc Syringe,Grease,,,12.5000,-40°F ~ 302°F (-40°C ~ 150°C),8.5000,,,,150.0000,-40.0000,,,,98.6704,25.3830,0.0114
GR-0037,-,2167111,Bergquist,1234.2690,"Liquid Gap Filler, 2 Part",50cc Cartridge,Grease,,,125.0000,-76°F ~ 347°F (-60°C ~ 175°C),1.0000,,,,175.0000,-60.0000,,,,9.8742,2.5401,0.0972
GR-0038,-,2190652,Bergquist,12415.9750,"Liquid Gap Filler, 2 Part",400cc Cartridge,Grease,,,1000.0000,-76°F ~ 392°F (-60°C ~ 200°C),1.8000,,,,200.0000,-60.0000,,,,12.4160,3.1940,0.0540
GR-0039,https://www.dycotecmaterials.com/wp-content/uploads/2024/10/Dycotec-DM-TIM-15025-Datasheet-March-2023-v103.pdf,DM-TIM-15025-SYP-10,Dycotec Materials Ltd,1243.4500,Non-Silicone Compound,10cc Syringe,Grease,,,25.0000,-40°F ~ 257°F (-40°C ~ 125°C),2.5000,,,,125.0000,-40.0000,,,,49.7380,12.7951,0.0389
GR-0040,https://www.parker.com/content/dam/Parker-com/Literature/Chomerics/datasheets/Parker-Chomerics-THERM-A-GAP-GEL-75VT-Datasheet-CHODS1112.pdf,65-00-GEL75VT-0300,Parker Chomerics,12553.2875,Silicone Gel,300cc Cartridge,Grease,,,750.0000,-58°F ~ 392°F (-50°C ~ 200°C),7.5000,,,,200.0000,-50.0000,,,,16.7377,4.3058,0.0130
GR-0041,-,2191489,Bergquist,1273.0421,"Liquid Gap Filler, 2 Part",50cc Cartridge,Grease,,,125.0000,-76°F ~ 392°F (-60°C ~ 200°C),1.5000,,,,200.0000,-60.0000,,,,10.1843,2.6199,0.0648
GR-0042,https://www.parker.com/content/dam/Parker-com/Literature/Chomerics/Parker-Chomerics-THERM-A-GAP-GEL-20-Datasheet-CHODS1005.pdf,65-00-GEL20-0010,Parker Chomerics,1274.3300,Gel Gap Filler,10cc Syringe,Grease,,,25.0000,-67°F ~ 392°F (-55°C ~ 200°C),2.4000,,,,200.0000,-55.0000,,,,50.9732,13.1129,0.0405
GR-0043,https://lipoly.com/wp-content/uploads/Datasheet/Liquid%20Gap%20Filler/Thermal%20Putty/H-putty.pdf,H-PUTTY-100,"Shiu Li Technology Co., Ltd.",1283.1000,Silicone Putty,100 gram Cartridge,Grease,,,100.0000,-76°F ~ 356°F (-60°C ~ 180°C),3.5000,,,,180.0000,-60.0000,,,,12.8310,3.3008,0.0278
GR-0044,https://mgchemicals.com/downloads/tds/tds-860.pdf,860-3.78L,MG Chemicals,12881.2460,Silicone Compound,3.78 L Pail,Grease,,,3.7800,-40°F ~ 392°F (-40°C ~ 200°C),0.7000,,,,200.0000,-40.0000,,,,3407.7370,876.6404,0.1388
GR-0045,-,2167235,Bergquist,1296.1000,"Liquid Gap Filler, 2 Part",50cc Cartridge,Grease,,,125.0000,-76°F ~ 392°F (-60°C ~ 200°C),1.5000,,,,200.0000,-60.0000,,,,10.3688,2.6674,0.0648
GR-0046,https://wakefieldthermal.com/wakefield-thermal-10cc-nonsilicone-grease-syringe-127-6-10/,127-6-10,Wakefield Thermal Solutions,1299.6800,Non-Silicone Grease,10cc Syringe,Grease,,,25.0000,-67°F ~ 392°F (-55°C ~ 200°C),6.0000,,,,200.0000,-55.0000,,,,51.9872,13.3737,0.0162
GR-0047,https://www.tglobaltechnology.com/wp-content/uploads/2023/08/TG-Putty-Series_UK.pdf,TG6060-D-1000,t-Global Technology,13010.0800,Silicone Putty,1 kg Container,Grease,,,1000.0000,-58°F ~ 356°F (-50°C ~ 180°C),6.3000,,,,180.0000,-50.0000,,,,13.0101,3.3468,0.0154
GR-0048,https://www.tglobaltechnology.com/wp-content/uploads/2019/07/TG-N909_UK.pdf,TG-N909-1000,t-Global Technology,13106.2800,Non-Silicone Grease,1 kg Container,Grease,,,1000.0000,-40°F ~ 392°F (-40°C ~ 200°C),9.0000,,,,200.0000,-40.0000,,,,13.1063,3.3716,0.0108
GR-0049,https://www.parker.com/content/dam/Parker-com/Literature/Chomerics/Parker%20Chomerics%20THERM-A-GAP%20GEL%2060HF%20Datasheet%20CHODS1051.pdf,65-00-GEL60HF-0010,Parker Chomerics,1322.8150,Silicone Gel,10cc Syringe,Grease,,,25.0000,-67°F ~ 392°F (-55°C ~ 200°C),6.2000,,,,200.0000,-55.0000,,,,52.9126,13.6118,0.0157
GR-0050,http://www.chipquik.com/datasheets/TC2-20G.pdf,TC2-20G,Chip Quik Inc.,1330.8800,Silicone Compound,20 gram Syringe,Grease,,,20.0000,-40°F ~ 302°F (-40°C ~ 150°C),4.3000,,,,150.0000,-40.0000,,,,66.5440,17.1184,0.0226
GR-0051,//mm.digikey.com/Volume0/opasdata/d220001/medias/docus/6398/3962-TH930-500G-JAR-ND%20%3B%203962-TH930-50G-2JAR-ND%20%3B%203962-TH930-50G-4JAR-ND.pdf,TH930-50G-2JAR,Penchem Technologies Sdn Bhd,1332.5000,Silicone Putty,50 gram Jar,Grease,,,50.0000,-76°F ~ 392°F (-60°C ~ 200°C),5.0000,,,,200.0000,-60.0000,,,,26.6500,6.8557,0.0194
GR-0052,https://www.tglobaltechnology.com/wp-content/uploads/2023/08/TG-A7000-Putty_UK.pdf,TG-A7000-1000,t-Global Technology,13479.7000,Silicone Putty,1 kg Container,Grease,,,1000.0000,-58°F ~ 356°F (-50°C ~ 180°C),7.0000,,,,180.0000,-50.0000,,,,13.4797,3.4677,0.0139
GR-0053,https://www.tglobaltechnology.com/wp-content/uploads/2023/08/TG-A7000-Putty_UK.pdf,TG-A7000-330CC,t-Global Technology,13480.0300,Silicone Putty,330cc Syringe,Grease,,,825.0000,-58°F ~ 356°F (-50°C ~ 180°C),7.0000,,,,180.0000,-50.0000,,,,16.3394,4.2033,0.0139
GR-0054,https://www.laird.com/sites/default/files/2024-06/THR-DS-TflexTM%20CR607.pdf,A17262-03,Laird Technologies - Thermal Materials,13588.5208,Silicone Gap Filler,400cc Cartridge,Grease,,,1000.0000,-67°F ~ 392°F (-55°C ~ 200°C),6.4000,,,,200.0000,-55.0000,,,,13.5885,3.4956,0.0152
GR-0055,-,2166655,Bergquist,1360.6128,"Liquid Gap Filler, 2 Part",50cc Cartridge,Grease,,,125.0000,-76°F ~ 392°F (-60°C ~ 200°C),2.0000,,,,200.0000,-60.0000,,,,10.8849,2.8001,0.0486
GR-0056,-,2179533,Bergquist,1360.6128,"Non-Silicone Gap Filler, 2 Part",50cc Cartridge,Grease,,,125.0000,-76°F ~ 347°F (-60°C ~ 175°C),1.1000,,,,175.0000,-60.0000,,,,10.8849,2.8001,0.0883
GR-0057,https://www.mgchemicals.com/downloads/tds/tds-8617.pdf,8617-1G,MG Chemicals,13650.9760,Non-Silicone Grease,1 gal Pail,Grease,,,1.0000,-90°F ~ 329°F (-68°C ~ 165°C),1.0000,,,,165.0000,-68.0000,,,,13650.9760,3511.7136,0.0972
GR-0058,-,2190466,Bergquist,13852.3150,"Liquid Gap Filler, 2 Part",200cc Cartridge,Grease,,,500.0000,-76°F ~ 392°F (-60°C ~ 200°C),3.6000,,,,200.0000,-60.0000,,,,27.7046,7.1270,0.0270
GR-0059,https://lipoly.com/wp-content/uploads/Datasheet/Liquid%20Gap%20Filler/Thermal%20Putty/S-putty2-s.pdf,S-PUTTY2-985,"Shiu Li Technology Co., Ltd.",13938.6000,Silicone Putty,985 gram Container,Grease,,,985.0000,-76°F ~ 356°F (-60°C ~ 180°C),6.0000,,,,180.0000,-60.0000,,,,14.1509,3.6403,0.0162
GR-0060,https://www.parker.com/content/dam/Parker-com/Literature/Chomerics/datasheets/Parker-Chomerics-THERM-A-GREASE-15-Datasheet-CHODS1133.pdf,65-02-GREASE15-0030,Parker Chomerics,1404.9800,Silicone Grease,30cc Cartridge,Grease,,,75.0000,-58°F ~ 392°F (-50°C ~ 200°C),1.5000,,,,200.0000,-50.0000,,,,18.7331,4.8191,0.0648
GR-0061,https://www.parker.com/content/dam/Parker-com/Literature/Chomerics/datasheets/Parker-Chomerics-THERM-A-GAP-GEL-35VT-Datasheet-CHODS1061.pdf,65-02-GEL35VT-0030,Parker Chomerics,1428.0500,Silicone Gel,30cc Syringe,Grease,,,75.0000,-67°F ~ 392°F (-55°C ~ 200°C),3.5000,,,,200.0000,-55.0000,,,,19.0407,4.8982,0.0278
GR-0062,-,2189227,Bergquist,1434.7794,"Liquid Gap Filler, 2 Part",50cc Cartridge,Grease,,,125.0000,-76°F ~ 392°F (-60°C ~ 200°C),2.0000,,,,200.0000,-60.0000,,,,11.4782,2.9528,0.0486
GR-0063,-,2179526,Bergquist,1434.7794,"Liquid Gap Filler, 2 Part",50cc Cartridge,Grease,,,125.0000,-76°F ~ 392°F (-60°C ~ 200°C),2.0000,,,,200.0000,-60.0000,,,,11.4782,2.9528,0.0486
GR-0064,https://www.parker.com/content/dam/Parker-com/Literature/Chomerics/datasheets/Parker-Chomerics-THERM-A-GAP-GEL-50TBL-Datasheet-CHODS1067.pdf,65-00-GEL50TBL-0010,Parker Chomerics,1436.5000,Silicone Gel,10cc Syringe,Grease,,,25.0000,-67°F ~ 392°F (-55°C ~ 200°C),5.0000,,,,200.0000,-55.0000,,,,57.4600,14.7816,0.0194
GR-0065,-,2166309,Bergquist,1450.9147,"Liquid Gap Filler, 2 Part",50cc Cartridge,Grease,,,125.0000,-76°F ~ 257°F (-60°C ~ 125°C),1.1000,,,,125.0000,-60.0000,,,,11.6073,2.9860,0.0883
GR-0066,https://www.mgchemicals.com/downloads/tds/tds-8327gf41.pdf,8327GF41-50CC,MG Chemicals,1451.2333,Silicone Gap Filler,50 ml Cartridges,Grease,,,125.0000,-,4.1000,,,,,,,,,11.6099,2.9866,0.0237
GR-0067,//mm.digikey.com/Volume0/opasdata/d220001/medias/docus/6398/3962-TH855-5-30G-2SYR-ND%20%3B%2030G-4SYR-ND%20%3B%20500G-JAR-ND%20%3B%2050G-2JAR-ND%20%3B%204JAR-ND.pdf,TH855-5-50G-2JAR,Penchem Technologies Sdn Bhd,1456.0000,Silicone Putty,50 gram Jar,Grease,,,50.0000,-40°F ~ 392°F (-40°C ~ 200°C),5.0000,,,,200.0000,-40.0000,,,,29.1200,7.4911,0.0194
GR-0068,https://lipoly.com/wp-content/uploads/Datasheet/Liquid%20Gap%20Filler/Thermal%20Putty/H-putty2.pdf,H-PUTTY2-1000,"Shiu Li Technology Co., Ltd.",14664.0000,Silicone Putty,1 kg Container,Grease,,,1000.0000,-76°F ~ 356°F (-60°C ~ 180°C),6.0000,,,,180.0000,-60.0000,,,,14.6640,3.7723,0.0162
GR-0069,https://www.dycotecmaterials.com/wp-content/uploads/2024/10/Dycotec-DM-TIM-15025-Datasheet-March-2023-v103.pdf,DM-TIM-15025-SY-30,Dycotec Materials Ltd,1467.7000,Non-Silicone Compound,30cc Syringe,Grease,,,75.0000,-40°F ~ 257°F (-40°C ~ 125°C),2.5000,,,,125.0000,-40.0000,,,,19.5693,5.0342,0.0389
GR-0070,https://www.parker.com/content/dam/Parker-com/Literature/Chomerics/datasheets/Parker-Chomerics-THERM-A-GREASE-30-Datasheet-CHODS1125.pdf,65-02-GREASE30-0030,Parker Chomerics,1478.4300,Silicone Grease,30cc Cartridge,Grease,,,75.0000,-58°F ~ 392°F (-50°C ~ 200°C),3.0000,,,,200.0000,-50.0000,,,,19.7124,5.0710,0.0324
GR-0071,Https://www.dycotecmaterials.com/wp-content/uploads/2024/10/Dycotec-DM-TIM-15045-Datasheet-v1-01.pdf ,DM-TIM-15045-SYP-10,Dycotec Materials Ltd,1491.4300,Non-Silicone Compound,10cc Syringe,Grease,,,25.0000,-40°F ~ 257°F (-40°C ~ 125°C),4.5000,,,,125.0000,-40.0000,,,,59.6572,15.3468,0.0216
GR-0072,https://www.dycotecmaterials.com/wp-content/uploads/2023/05/Dycotec-DM-TIM-15075-TDS_1.01-1.pdf,DM-TIM-15075-SYP-10,Dycotec Materials Ltd,1494.6800,Non-Silicone Compound,10cc Syringe,Grease,,,25.0000,-40°F ~ 257°F (-40°C ~ 125°C),7.5000,,,,125.0000,-40.0000,,,,59.7872,15.3803,0.0130
GR-0073,Https://www.dycotecmaterials.com/wp-content/uploads/2024/10/Dycotec-DM-TIM-15065-TDS-1-01.pdf ,DM-TIM-15065-SYP-10,Dycotec Materials Ltd,1499.5500,Non-Silicone Compound,10cc Syringe,Grease,,,25.0000,-40°F ~ 257°F (-40°C ~ 125°C),6.5000,,,,125.0000,-40.0000,,,,59.9820,15.4304,0.0150
GR-0074,https://www.mgchemicals.com/downloads/tds/tds-8463.pdf,8463-7G,MG Chemicals,1519.0500,Silicone Grease,7 gram Syringe,Grease,,,7.0000,-58°F ~ 392°F (-50°C ~ 200°C),0.4600,,,,200.0000,-50.0000,,,,217.0071,55.8251,0.2113
GR-0075,https://www.tglobaltechnology.com/wp-content/uploads/2023/08/TG-N8000-Putty_UK.pdf,TG-N8000-330CC,t-Global Technology,15291.9000,Non-Silicone Putty,330cc Syringe,Grease,,,825.0000,-40°C ~ 125°C,8.0000,,,,125.0000,-40.0000,,,,18.5356,4.7683,0.0121
GR-0076,https://www.tglobaltechnology.com/wp-content/uploads/2023/08/TG-N8000-Putty_UK.pdf,TG-N8000-1000,t-Global Technology,15291.9000,Non-Silicone Putty,1 kg Jar,Grease,,,1000.0000,-40°C ~ 125°C,8.0000,,,,125.0000,-40.0000,,,,15.2919,3.9338,0.0121
GR-0077,//mm.digikey.com/Volume0/opasdata/d220001/medias/images/7071/GCS-NSP15.png,GCS-NSP15-100ML,European Thermodynamics Ltd,1533.3500,Non-Silicone Putty,100 ml Syringe,Grease,,,250.0000,-,1.5000,,,,,,,,,6.1334,1.5778,0.0648
GR-0078,https://www.parker.com/content/dam/Parker-com/Literature/Chomerics/datasheets/Parker-Chomerics-THERM-A-GREASE-50-Datasheet-CHODS1126.pdf,65-02-GREASE50-0030,Parker Chomerics,1551.8800,Silicone Grease,30cc Cartridge,Grease,,,75.0000,-58°F ~ 392°F (-50°C ~ 200°C),5.0000,,,,200.0000,-50.0000,,,,20.6917,5.3229,0.0194
GR-0079,-,2167352,Bergquist,1562.4375,"Liquid Gap Filler, 2 Part",50cc Cartridge,Grease,,,125.0000,-76°F ~ 392°F (-60°C ~ 200°C),1.5000,,,,200.0000,-60.0000,,,,12.4995,3.2155,0.0648
GR-0080,https://www.parker.com/content/dam/Parker-com/Literature/Chomerics/datasheets/Parker-Chomerics-THERM-A-GREASE-70-Datasheet-CHODS1127.pdf,65-02-GREASE70-0030,Parker Chomerics,1595.4300,Silicone Grease,30cc Cartridge,Grease,,,75.0000,-58°F ~ 392°F (-50°C ~ 200°C),7.0000,,,,200.0000,-50.0000,,,,21.2724,5.4723,0.0139
GR-0081,http://www.chipquik.com/datasheets/TC1-200G.pdf,TC1-200G,Chip Quik Inc.,1623.3800,Silicone Compound,200 gram Jar,Grease,,,200.0000,-,0.6700,,,,,,,,,8.1169,2.0881,0.1450
GR-0082,https://www.tglobaltechnology.com/wp-content/uploads/2023/08/TG-N8000-Putty_UK.pdf,TG-N8000-30,t-Global Technology,1631.5000,Non-Silicone Putty,30 gram Jar,Grease,,,30.0000,-40°C ~ 125°C,8.0000,,,,125.0000,-40.0000,,,,54.3833,13.9901,0.0121
GR-0083,-,2190034,Bergquist,1634.6853,"Liquid Gap Filler, 2 Part",50cc Cartridge,Grease,,,125.0000,-76°F ~ 347°F (-60°C ~ 175°C),1.0000,,,,175.0000,-60.0000,,,,13.0775,3.3642,0.0972
GR-0084,https://www.laird.com/document/datasheet/tputty-607-datasheet,A17251-04,Laird Technologies - Thermal Materials,16476.2412,Liquid Gap Filler,600cc Cartridge,Grease,,,1500.0000,-40°F ~ 392°F (-40°C ~ 200°C),6.4000,,,,200.0000,-40.0000,,,,10.9842,2.8257,0.0152
GR-0085,//mm.digikey.com/Volume0/opasdata/d220001/medias/docus/6534/G3380NANBNC.pdf,G3380NA-120,"Shiu Li Technology Co., Ltd.",1649.7000,Non-Silicone Grease,120 gram Cartridge,Grease,,,120.0000,-76°F ~ 302°F (-60°C ~ 150°C),1.3000,,,,150.0000,-60.0000,,,,13.7475,3.5365,0.0748
GR-0086,https://www.laird.com/sites/default/files/2023-06/THR-DS-Tputty%20910%20RevA.pdf,A18578-02,Laird Technologies - Thermal Materials,16599.0500,Liquid Gap Filler,180cc Cartridge,Grease,,,450.0000,-40°F ~ 356°F (-40°C ~ 180°C),9.1000,,,,180.0000,-40.0000,,,,36.8868,9.4891,0.0107
GR-0087,-,2197935,Bergquist,16618.0650,"Liquid Gap Filler, 2 Part",400cc Cartridge,Grease,,,1000.0000,-76°F ~ 392°F (-60°C ~ 200°C),3.5000,,,,200.0000,-60.0000,,,,16.6181,4.2750,0.0278
GR-0088,https://datasheets.tdx.henkel.com/BERGQUIST-GAP-FILLER-TGF-3600-en_GL.pdf,GF3500S35-07-60-50CC,Bergquist,1674.4000,"Liquid Gap Filler, 2 Part",50cc Cartridge,Grease,,,125.0000,-76°F ~ 392°F (-60°C ~ 200°C),3.6000,,,,200.0000,-60.0000,,,,13.3952,3.4459,0.0270
GR-0089,https://www.fischerelektronik.de/web_fischer/en_GB/VA/WLPF0710/datasheet.xhtml,WLPF 07 10,Fischer Elektronik,169.3260,Non-Silicone Compound,5 ml Syringe,Grease,,,12.5000,-40°F ~ 302°F (-40°C ~ 150°C),0.7000,,,,150.0000,-40.0000,,,,13.5461,3.4847,0.1388
GR-0090,https://www.laird.com/sites/default/files/2018-11/Tputty%20502%20Data%20Sheet%2012-6-17.pdf,A10548-6,Laird Technologies - Thermal Materials,16978.0000,Silicone Putty,500cc Jar,Grease,,,1250.0000,-49°F ~ 392°F (-45°C ~ 200°C),3.0000,,,,200.0000,-45.0000,,,,13.5824,3.4941,0.0324
GR-0091,https://www.tglobaltechnology.com/wp-content/uploads/2024/03/TG4040_UK.pdf,TG4040-D-30CC,t-Global Technology,1722.8300,Silicone Putty,30cc Syringe,Grease,,,75.0000,-58°F ~ 356°F (-50°C ~ 180°C),3.0000,,,,180.0000,-50.0000,,,,22.9711,5.9093,0.0324
GR-0092,https://lipoly.com/wp-content/uploads/Datasheet/Liquid%20Gap%20Filler/Thermal%20Putty/S-putty2-s.pdf,S-PUTTY2-100,"Shiu Li Technology Co., Ltd.",1741.3500,Silicone Putty,100 gram Cartridge,Grease,,,100.0000,-76°F ~ 356°F (-60°C ~ 180°C),6.0000,,,,180.0000,-60.0000,,,,17.4135,4.4796,0.0162
GR-0093,https://www.laird.com/document/pmbu-doc-000011791,A16001-00,Laird Technologies - Thermal Materials,17410.3050,Non-Silicone Grease,1 kg Can,Grease,,,1000.0000,-40°F ~ 257°F (-40°C ~ 125°C),5.4000,,,,125.0000,-40.0000,,,,17.4103,4.4788,0.0180
GR-0094,https://datasheets.tdx.henkel.com/BERGQUIST-GAP-FILLER-TGF-3600-en_GL.pdf,GF3500S35-00-60-50CC,Bergquist,1753.7000,"Liquid Gap Filler, 2 Part",50cc Cartridge,Grease,,,125.0000,-76°F ~ 392°F (-60°C ~ 200°C),3.6000,,,,200.0000,-60.0000,,,,14.0296,3.6091,0.0270
GR-0095,Https://www.dycotecmaterials.com/wp-content/uploads/2024/10/Dycotec-DM-TIM-15055-TDS-v1-01.pdf ,DM-TIM-15055-SYP-10,Dycotec Materials Ltd,1754.6800,Non-Silicone Compound,10cc Syringe,Grease,,,25.0000,-40°F ~ 257°F (-40°C ~ 125°C),5.5000,,,,125.0000,-40.0000,,,,70.1872,18.0557,0.0177
GR-0096,https://www.parker.com/content/dam/Parker-com/Literature/Chomerics/datasheets/Parker-Chomerics-THERM-A-GAP-GEL-75VT-Datasheet-CHODS1112.pdf,65-00-GEL75VT-0010,Parker Chomerics,1754.6800,Silicone Gel,10cc Syringe,Grease,,,25.0000,-58°F ~ 392°F (-50°C ~ 200°C),7.5000,,,,200.0000,-50.0000,,,,70.1872,18.0557,0.0130
GR-0097,https://www.parker.com/content/dam/Parker-com/Literature/Chomerics/datasheets/Parker-Chomerics-THERM-A-GAP-GEL-50TBL-Datasheet-CHODS1067.pdf,65-02-GEL50TBL-0030,Parker Chomerics,1759.8800,Silicone Gel,30cc Syringe,Grease,,,75.0000,-67°F ~ 392°F (-55°C ~ 200°C),5.0000,,,,200.0000,-55.0000,,,,23.4651,6.0364,0.0194
GR-0098,https://www.parker.com/content/dam/Parker-com/Literature/Chomerics/Parker%20Chomerics%20THERM-A-GAP%20GEL%2060HF%20Datasheet%20CHODS1051.pdf,65-02-GEL60HF-0030,Parker Chomerics,1769.0942,Silicone Gel,30cc Cartridge,Grease,,,75.0000,-67°F ~ 392°F (-55°C ~ 200°C),6.2000,,,,200.0000,-55.0000,,,,23.5879,6.0680,0.0157
GR-0099,//mm.digikey.com/Volume0/opasdata/d220001/medias/docus/6398/3962-TH235-2-30G-2SYR-ND%20%3B%204SYR-ND%20%3B500G-JAR-ND%20%3B%2050G-2JAR-ND%20%3B%2050G-4JAR-ND.pdf,TH235-2-30G-2SYR,Penchem Technologies Sdn Bhd,1772.5500,Non-Silicone Putty,30 gram Syringe,Grease,,,30.0000,5°F ~ 248°F (-15°C ~ 200°C),3.0000,,,,200.0000,-15.0000,,,,59.0850,15.1996,0.0324
GR-0100,https://www.tglobaltechnology.com/wp-content/uploads/2024/05/TG-N4000_UK.pdf,TG-N4000-30CC,t-Global Technology,1779.0500,Non-Silicone Putty,30cc Syringe,Grease,,,75.0000,-40°F ~ 257°F (-40°C ~ 125°C),4.0000,,,,125.0000,-40.0000,,,,23.7207,6.1021,0.0243
GR-0101,https://www.laird.com/sites/default/files/2025-05/THR-DS-Tflex%20CR550_202505.pdf,A18835-01,Laird Technologies - Thermal Materials,1783.9300,Liquid Gap Filler,50cc Cartridge,Grease,,,125.0000,-40°F ~ 392°F (-40°C ~ 200°C),5.4000,,,,200.0000,-40.0000,,,,14.2714,3.6713,0.0180
GR-0102,http://www.chipquik.com/datasheets/TC4-20G.pdf,TC4-20G,Chip Quik Inc.,1799.2000,"Thermal Compound, Liquid Metal",20 gram Syringe,Grease,,,20.0000,-40°F ~ 302°F (-40°C ~ 150°C),79.0000,,,,150.0000,-40.0000,,,,89.9600,23.1422,0.0012
GR-0103,https://www.parker.com/content/dam/Parker-com/Literature/Chomerics/datasheets/Parker-Chomerics-THERM-A-GAP-GEL-50VT-Datasheet-CHODS1004.pdf,65-02-GEL50VT-0030,Parker Chomerics,1807.6500,Silicone Gel,30cc Syringe,Grease,,,75.0000,-67°F ~ 392°F (-55°C ~ 200°C),5.2000,,,,200.0000,-55.0000,,,,24.1020,6.2002,0.0187
GR-0104,Https://www.dycotecmaterials.com/wp-content/uploads/2024/10/Dycotec-DM-TIM-15045-Datasheet-v1-01.pdf ,DM-TIM-15045-SY-30,Dycotec Materials Ltd,1811.2300,Non-Silicone Compound,30cc Syringe,Grease,,,75.0000,-40°F ~ 257°F (-40°C ~ 125°C),4.5000,,,,125.0000,-40.0000,,,,24.1497,6.2125,0.0216
GR-0105,https://mgchemicals.com/downloads/tds/tds-8327GL6.pdf,8327GL6-30ML,MG Chemicals,1827.4800,Non-Silicone Gel,30 ml Cartridge,Grease,,,75.0000,-40°F ~ 248°F (-40°C ~ 120°C),6.0000,,,,120.0000,-40.0000,,,,24.3664,6.2683,0.0162
GR-0106,https://lipoly.com/wp-content/uploads/Datasheet/Liquid%20Gap%20Filler/Thermal%20Putty/H-putty2.pdf,H-PUTTY2-100,"Shiu Li Technology Co., Ltd.",1833.0000,Silicone Putty,100 gram Cartridge,Grease,,,100.0000,-76°F ~ 356°F (-60°C ~ 180°C),6.0000,,,,180.0000,-60.0000,,,,18.3300,4.7154,0.0162
GR-0107,Https://www.dycotecmaterials.com/wp-content/uploads/2024/10/Dycotec-DM-TIM-15055-TDS-v1-01.pdf ,DM-TIM-15055-SY-30,Dycotec Materials Ltd,1845.6800,Non-Silicone Compound,30cc Syringe,Grease,,,75.0000,-40°F ~ 257°F (-40°C ~ 125°C),5.5000,,,,125.0000,-40.0000,,,,24.6091,6.3307,0.0177
GR-0108,https://www.parker.com/content/dam/Parker-com/Literature/Chomerics/Parker-Chomerics-THERM-A-GAP-GEL-20-Datasheet-CHODS1005.pdf,65-02-GEL20-0030,Parker Chomerics,1851.5300,Gel Gap Filler,30cc Cartridge,Grease,,,75.0000,-67°F ~ 392°F (-55°C ~ 200°C),2.4000,,,,200.0000,-55.0000,,,,24.6871,6.3507,0.0405
GR-0109,https://www.dycotecmaterials.com/wp-content/uploads/2023/08/Dycotec-DM-TIM-15085-TDS_v1.00-1.pdf,DM-TIM-15085-SYP-10,Dycotec Materials Ltd,1852.5000,Non-Silicone Compound,10cc Syringe,Grease,,,25.0000,-40°F ~ 257°F (-40°C ~ 125°C),8.5000,,,,125.0000,-40.0000,,,,74.1000,19.0622,0.0114
GR-0110,Https://www.dycotecmaterials.com/wp-content/uploads/2024/10/Dycotec-DM-TIM-15065-TDS-1-01.pdf ,DM-TIM-15065-SY-30,Dycotec Materials Ltd,1869.7300,Non-Silicone Compound,30cc Syringe,Grease,,,75.0000,-40°F ~ 257°F (-40°C ~ 125°C),6.5000,,,,125.0000,-40.0000,,,,24.9297,6.4132,0.0150
GR-0111,https://www.tglobaltechnology.com/uploads/files/tds/TG-LH-FBPE-80.pdf,TG-LH-FBPE-80-15,t-Global Technology,19074.9000,"Potting Compound, 2 Part",15 kg Container,Grease,,,15000.0000,-,1.1000,,,,,,,,,1.2717,0.3271,0.0883
GR-0112,https://www.laird.com/sites/default/files/2025-07/MKT-DOC-1592%20Tgrease%202500%20Data%20Sheet%2006272025.pdf,A14259-02,Laird Technologies - Thermal Materials,19162.9217,Non-Silicone Grease,3 kg Container,Grease,,,3000.0000,-67°F ~ 302°F (-50°C ~ 150°C),3.8000,,,,150.0000,-50.0000,,,,6.3876,1.6432,0.0256
GR-0113,https://www.laird.com/sites/default/files/2025-05/THR-DS-Tflex%20CR550_202505.pdf,A18835-04,Laird Technologies - Thermal Materials,19224.8333,Liquid Gap Filler,1200cc Cartridge,Grease,,,3000.0000,-40°F ~ 392°F (-40°C ~ 200°C),5.4000,,,,200.0000,-40.0000,,,,6.4083,1.6485,0.0180
GR-0114,http://www.chipquik.com/datasheets/TC3-1G.pdf,TC3-1G,Chip Quik Inc.,193.3800,Silicone Compound,1 gram Syringe,Grease,,,1.0000,-40°F ~ 302°F (-40°C ~ 150°C),8.5000,,,,150.0000,-40.0000,,,,193.3800,49.7470,0.0114
GR-0115,//mm.digikey.com/Volume0/opasdata/d220001/medias/docus/5344/X-putty.pdf,X-PUTTY-100-KIT,"Shiu Li Technology Co., Ltd.",1936.3500,Silicone Putty,100 gram Cartridge,Grease,,,100.0000,-76°F ~ 356°F (-60°C ~ 180°C),3.0000,,,,180.0000,-60.0000,,,,19.3635,4.9813,0.0324
GR-0116,https://www.laird.com/document/pmbu-doc-000005173,A17170-01,Laird Technologies - Thermal Materials,1939.9300,Silicone Compound,75cc Cartridge,Grease,,,187.5000,-40°F ~ 302°F (-40°C ~ 150°C),3.7000,,,,150.0000,-40.0000,,,,10.3463,2.6616,0.0263
GR-0117,http://tds.loctite.com/tds5/Studio/ShowPDF/GAP%20FILLER%20TGF%203000SF-EN?pid=GAP%20FILLER%20TGF%203000SF&format=MTR&subformat=HYS&language=EN&plant=WERCS,2750519,Bergquist,19717.9150,"Liquid Gap Filler, 2 Part",1200cc Cartridge,Grease,,,3000.0000,-40°F ~ 212°F (-40°C ~ 100°C),3.0000,,,,100.0000,-40.0000,,,,6.5726,1.6908,0.0324
GR-0118,//mm.digikey.com/Volume0/opasdata/d220001/medias/docus/2589/Parker%20Chomerics%20THERM-A-GAP%20GEL%2075%20CHODS1025.pdf,65-00-GEL75-0010,Parker Chomerics,1982.8300,Silicone Gel,10cc Syringe,Grease,,,25.0000,-67°F ~ 392°F (-55°C ~ 200°C),7.5000,,,,200.0000,-55.0000,,,,79.3132,20.4033,0.0130
GR-0119,https://www.dycotecmaterials.com/wp-content/uploads/2023/05/Dycotec-DM-TIM-15075-TDS_1.01-1.pdf,DM-TIM-15075-SY-30,Dycotec Materials Ltd,2007.2000,Non-Silicone Compound,30cc Syringe,Grease,,,75.0000,-40°F ~ 257°F (-40°C ~ 125°C),7.5000,,,,125.0000,-40.0000,,,,26.7627,6.8847,0.0130
GR-0120,//mm.digikey.com/Volume0/opasdata/d220001/medias/docus/5662/PT605.pdf,PT605_0.5_0.25,Penchem Technologies Sdn Bhd,2031.2500,"Potting Compound, 2 Part","250 gram Jar, 500 gram Jar",Grease,,,250.0000,-40°F ~ 392°F (-40°C ~ 200°C),1.1000,,,,200.0000,-40.0000,,,,8.1250,2.0902,0.0883
GR-0121,//mm.digikey.com/Volume0/opasdata/d220001/medias/docus/6534/NEP220.pdf,EPDM20-135,"Shiu Li Technology Co., Ltd.",2077.4000,"Liquid Gap Filler, 2 Part",50 ml Cartridges,Grease,,,125.0000,-40°F ~ 248°F (-40°C ~ 120°C),2.2000,,,,120.0000,-40.0000,,,,16.6192,4.2753,0.0442
GR-0122,https://www.mgchemicals.com/downloads/tds/tds-8616.pdf,8616-1G,MG Chemicals,20846.3460,Non-Silicone Grease,1 gal Pail,Grease,,,1.0000,-90°F ~ 329°F (-68°C ~ 165°C),1.7800,,,,165.0000,-68.0000,,,,20846.3460,5362.7225,0.0546
GR-0123,https://www.mgchemicals.com/downloads/pdf/specsheets/8615.pdf,8615,MG Chemicals,212.5500,Non-Silicone Grease,3.5 gram Syringe,Grease,,,3.5000,302°F (150°C),3.0000,,,,150.0000,,,,,60.7286,15.6224,0.0324
GR-0124,https://lipoly.com/wp-content/uploads/Datasheet/Liquid%20Gap%20Filler/Thermal%20Putty/N-putty2-s.pdf,N-PUTTY2-100,"Shiu Li Technology Co., Ltd.",2138.5000,Non-Silicone Putty,100 gram Cartridge,Grease,,,100.0000,-76°F ~ 302°F (-60°C ~ 150°C),5.0000,,,,150.0000,-60.0000,,,,21.3850,5.5013,0.0194
GR-0125,//mm.digikey.com/Volume0/opasdata/d220001/medias/docus/6534/G3380ABKT.pdf,G3380D-100,"Shiu Li Technology Co., Ltd.",2138.5000,Silicone Grease,100 gram Cartridge,Grease,,,100.0000,-76°F ~ 356°F (-60°C ~ 180°C),6.0000,,,,180.0000,-60.0000,,,,21.3850,5.5013,0.0162
GR-0126,https://www.laird.com/sites/default/files/TgreaseTM-1500-datasheet.pdf,A14855-01,Laird Technologies - Thermal Materials,21990.4750,Silicone Compound,7 kg Container,Grease,,,7000.0000,257°F (125°C),1.2000,,,,125.0000,,,,,3.1415,0.8081,0.0810
GR-0127,https://www.chemtronics.com/content/msds/TDS_CW7100.pdf,CW7100,Chemtronics,2210.6500,Silicone Grease,6.5 gram Syringe,Grease,,,6.5000,-70°F ~ 485°F (-57°C ~ 252°C),5.6000,,,,252.0000,-57.0000,,,,340.1000,87.4907,0.0174
GR-0128,//mm.digikey.com/Volume0/opasdata/d220001/medias/docus/6534/3153_PK223DM.pdf,PK223DM-110-KIT,"Shiu Li Technology Co., Ltd.",2218.1300,"Liquid Gap Filler, 2 Part",110 gram Cartridge,Grease,,,110.0000,-76°F ~ 392°F (-60°C ~ 200°C),2.0000,,,,200.0000,-60.0000,,,,20.1648,5.1874,0.0486
GR-0129,//mm.digikey.com/Volume0/opasdata/d220001/medias/docus/6398/3962-TH235-2-30G-2SYR-ND%20%3B%204SYR-ND%20%3B500G-JAR-ND%20%3B%2050G-2JAR-ND%20%3B%2050G-4JAR-ND.pdf,TH235-2-50G-4JAR,Penchem Technologies Sdn Bhd,2223.0000,Non-Silicone Putty,50 gram Jar,Grease,,,50.0000,5°F ~ 248°F (-15°C ~ 200°C),3.0000,,,,200.0000,-15.0000,,,,44.4600,11.4373,0.0324
GR-0130,//mm.digikey.com/Volume0/opasdata/d220001/medias/docus/3944/GCS-018-GS-WE.pdf,GCS-018-GS-WE-1KG,European Thermodynamics Ltd,2227.2300,Silicone Grease,1 kg Container,Grease,,,1000.0000,-40°F ~ 392°F (-40°C ~ 200°C),1.8000,,,,200.0000,-40.0000,,,,2.2272,0.5730,0.0540
GR-0131,https://lipoly.com/wp-content/uploads/Datasheet/Liquid%20Gap%20Filler/Thermal%20Putty/S-putty.pdf,S-PUTTY-100-KIT,"Shiu Li Technology Co., Ltd.",2241.8500,Silicone Putty,100 gram Cartridge,Grease,,,100.0000,-76°F ~ 356°F (-60°C ~ 180°C),3.5000,,,,180.0000,-60.0000,,,,22.4185,5.7672,0.0278
GR-0132,https://lipoly.com/wp-content/uploads/Datasheet/Liquid%20Gap%20Filler/Thermal%20Putty/N-putty-s.pdf,N-PUTTY-100-KIT,"Shiu Li Technology Co., Ltd.",2245.4300,Non-Silicone Putty,100 gram Cartridge,Grease,,,100.0000,-76°F ~ 302°F (-60°C ~ 150°C),3.5000,,,,150.0000,-60.0000,,,,22.4543,5.7764,0.0278
GR-0133,//mm.digikey.com/Volume0/opasdata/d220001/medias/docus/6534/3153_PK404DM.pdf,PK404DM-150,"Shiu Li Technology Co., Ltd.",2291.2500,"Liquid Gap Filler, 2 Part",150 gram Cartridge,Grease,,,150.0000,-67°F ~ 401°F (-55°C ~ 205°C),3.6000,,,,205.0000,-55.0000,,,,15.2750,3.9295,0.0270
GR-0134,https://lipoly.com/wp-content/uploads/Datasheet/Liquid%20Gap%20Filler/Thermal%20Putty/H-putty.pdf,H-PUTTY-100-KIT,"Shiu Li Technology Co., Ltd.",2306.8500,Silicone Putty,100 gram Cartridge,Grease,,,100.0000,-76°F ~ 356°F (-60°C ~ 180°C),3.5000,,,,180.0000,-60.0000,,,,23.0685,5.9344,0.0278
GR-0135,//mm.digikey.com/Volume0/opasdata/d220001/medias/docus/6398/3962-TH855-5-30G-2SYR-ND%20%3B%2030G-4SYR-ND%20%3B%20500G-JAR-ND%20%3B%2050G-2JAR-ND%20%3B%204JAR-ND.pdf,TH855-5-30G-2SYR,Penchem Technologies Sdn Bhd,2314.0000,Silicone Putty,30 gram Syringe,Grease,,,30.0000,-40°F ~ 392°F (-40°C ~ 200°C),5.0000,,,,200.0000,-40.0000,,,,77.1333,19.8426,0.0194
GR-0136,https://www.parker.com/content/dam/Parker-com/Literature/Chomerics/datasheets/Parker-Chomerics-THERM-A-GAP-GEL-75VT-Datasheet-CHODS1112.pdf,65-02-GEL75VT-0030,Parker Chomerics,2346.8300,Silicone Gel,30cc Cartridge,Grease,,,75.0000,-58°F ~ 392°F (-50°C ~ 200°C),7.5000,,,,200.0000,-50.0000,,,,31.2911,8.0496,0.0130
GR-0137,//mm.digikey.com/Volume0/opasdata/d220001/medias/docus/6534/G3380NANBNC.pdf,G3380NC-100,"Shiu Li Technology Co., Ltd.",2352.3500,Non-Silicone Grease,100 gram Cartridge,Grease,,,100.0000,-76°F ~ 302°F (-60°C ~ 150°C),4.5000,,,,150.0000,-60.0000,,,,23.5235,6.0514,0.0216
GR-0138,https://www.parker.com/content/dam/Parker-com/Literature/Chomerics/datasheets/Parker-Chomerics-THERM-A-FORM-CIP-60-Datasheet-CHODS1072.pdf,65-00-CIP60-0200,Parker Chomerics,2445.3000,"Silicone Compound, 2 Part",200cc Cartridge,Grease,,,500.0000,-58°F ~ 392°F (-50°C ~ 200°C),6.0000,,,,200.0000,-50.0000,,,,4.8906,1.2581,0.0162
GR-0139,https://www.mgchemicals.com/downloads/tds/tds-8617.pdf,8617-1P,MG Chemicals,2477.8000,Non-Silicone Grease,473 ml Jar,Grease,,,1182.5000,-90°F ~ 329°F (-68°C ~ 165°C),1.0000,,,,165.0000,-68.0000,,,,2.0954,0.5390,0.0972
GR-0140,https://www.fischerelektronik.de/web_fischer/en_GB/VA/WLP300S/datasheet.xhtml,WLP 300 S,Fischer Elektronik,2513.2300,Silicone Compound,300 gram Container,Grease,,,300.0000,-40°F ~ 482°F (-40°C ~ 250°C),0.6100,,,,250.0000,-40.0000,,,,8.3774,2.1551,0.1593
GR-0141,-,2456616,Bergquist,2515.0780,"Liquid Gap Filler, 2 Part",50cc Cartridge,Grease,,,125.0000,-76°F ~ 392°F (-60°C ~ 200°C),3.5000,,,,200.0000,-60.0000,,,,20.1206,5.1760,0.0278
GR-0142,//mm.digikey.com/Volume0/opasdata/d220001/medias/docus/6398/3962-TH930-500G-JAR-ND%20%3B%203962-TH930-50G-2JAR-ND%20%3B%203962-TH930-50G-4JAR-ND.pdf,TH930-50G-4JAR,Penchem Technologies Sdn Bhd,2531.7500,Silicone Putty,50 gram Jar,Grease,,,50.0000,-76°F ~ 392°F (-60°C ~ 200°C),5.0000,,,,200.0000,-60.0000,,,,50.6350,13.0259,0.0194
GR-0143,https://www.parker.com/content/dam/Parker-com/Literature/Chomerics/Parker%20Chomerics%20THERM-A-GAP%20GEL%2040NS%20Datasheet%20CHODS1008.pdf,65-05-GEL40NS-0030,Parker Chomerics,2557.8475,Non-Silicone Gel,30cc Cartridge,Grease,,,75.0000,-58°F ~ 257°F (-50°C ~ 125°C),4.0000,,,,125.0000,-50.0000,,,,34.1046,8.7734,0.0243
GR-0144,https://lipoly.com/wp-content/uploads/Datasheet/Liquid%20Gap%20Filler/Thermal%20Putty/SH-putty3.pdf,SH-PUTTY3-100,"Shiu Li Technology Co., Ltd.",2600.0000,Silicone Putty,100 gram Cartridge,Grease,,,100.0000,-76°F ~ 356°F (-60°C ~ 180°C),8.0000,,,,180.0000,-60.0000,,,,26.0000,6.6885,0.0121
GR-0145,https://www.fischerelektronik.de/web_fischer/en_GB/VA/WLPF0720/datasheet.xhtml,WLPF 07 20,Fischer Elektronik,263.2500,Non-Silicone Compound,10 ml Syringe,Grease,,,25.0000,-40°F ~ 302°F (-40°C ~ 150°C),0.7000,,,,150.0000,-40.0000,,,,10.5300,2.7088,0.1388
GR-0146,https://media.startech.com/cms/pdfs/silvgrease1_datasheet.pdf,SILVGREASE1,StarTech.com,264.5500,Silicone Compound,1.5 gram Syringe,Grease,,,1.5000,-30°C ~ 180°C,1.9300,,,,180.0000,-30.0000,,,,176.3667,45.3703,0.0504
GR-0147,//mm.digikey.com/Volume0/opasdata/d220001/medias/docus/2589/Parker%20Chomerics%20THERM-A-GAP%20GEL%2075%20CHODS1025.pdf,65-02-GEL75-0030,Parker Chomerics,2652.3300,Silicone Gel,30cc Syringe,Grease,,,75.0000,-67°F ~ 392°F (-55°C ~ 200°C),7.5000,,,,200.0000,-55.0000,,,,35.3644,9.0975,0.0130
GR-0148,https://datasheets.tdx.henkel.com/BERGQUIST-GAP-FILLER-TGF-4500CVO-en_GL.pdf,2711509,Bergquist,26893.1000,"Liquid Gap Filler, 2 Part",1200cc Cartridge,Grease,,,3000.0000,-76°F ~ 392°F (-60°C ~ 200°C),4.5000,,,,200.0000,-60.0000,,,,8.9644,2.3061,0.0216
GR-0149,https://info.boydcorp.com/hubfs/Thermal/Air-Cooling/Boyd-Board-Level-Heatsinks-Catalog.pdf,100500F00000G,"Boyd Laconia, LLC",2703.3632,Silicone Compound,5 oz Tube,Grease,,,141.7500,-40°F ~ 392°F (-40°C ~ 200°C),0.7300,,,,200.0000,-40.0000,,,,19.0713,4.9061,0.1331
GR-0150,https://www.laird.com/document/datasheet/tputty-403-datasheet,A16872-02,Laird Technologies - Thermal Materials,2723.1800,Liquid Gap Filler,75cc Cartridge,Grease,,,187.5000,-49°F ~ 302°F (-45°C ~ 150°C),2.3000,,,,150.0000,-45.0000,,,,14.5236,3.7362,0.0423
GR-0151,//mm.digikey.com/Volume0/opasdata/d220001/medias/docus/5342/TH235-2.pdf,TH235-2-500G-JAR,Penchem Technologies Sdn Bhd,2729.0300,Non-Silicone Putty,500 gram Container,Grease,,,500.0000,5°F ~ 248°F (-15°C ~ 200°C),3.0000,,,,200.0000,-15.0000,,,,5.4581,1.4041,0.0324
GR-0152,https://mgchemicals.com/downloads/tds/tds-8327GL3.pdf,8327GL3-180ML,MG Chemicals,2755.6800,Non-Silicone Gel,180 ml Cartridge,Grease,,,450.0000,-40°F ~ 248°F (-40°C ~ 120°C),3.5000,,,,120.0000,-40.0000,,,,6.1237,1.5753,0.0278
GR-0153,https://lipoly.com/wp-content/uploads/Datasheet/Liquid%20Gap%20Filler/Thermal%20Putty/S-putty2-s.pdf,S-PUTTY2-100-KIT,"Shiu Li Technology Co., Ltd.",2765.1000,Silicone Putty,100 gram Cartridge,Grease,,,100.0000,-76°F ~ 356°F (-60°C ~ 180°C),6.0000,,,,180.0000,-60.0000,,,,27.6510,7.1132,0.0162
GR-0154,//mm.digikey.com/Volume0/opasdata/d220001/medias/docus/6398/3962-TH855-5-30G-2SYR-ND%20%3B%2030G-4SYR-ND%20%3B%20500G-JAR-ND%20%3B%2050G-2JAR-ND%20%3B%204JAR-ND.pdf,TH855-5-50G-4JAR,Penchem Technologies Sdn Bhd,2766.4000,Silicone Putty,50 gram Jar,Grease,,,50.0000,-40°F ~ 392°F (-40°C ~ 200°C),5.0000,,,,200.0000,-40.0000,,,,55.3280,14.2331,0.0194
GR-0155,https://www.fischerelektronik.de/web_fischer/en_GB/VA/WLP500/datasheet.xhtml,WLP 500,Fischer Elektronik,2792.4000,Silicone Compound,500 gram Container,Grease,,,500.0000,-40°F ~ 482°F (-40°C ~ 250°C),0.6100,,,,250.0000,-40.0000,,,,5.5848,1.4367,0.1593
GR-0156,https://www.laird.com/sites/default/files/2025-07/MKT-DOC-1592%20Tgrease%202500%20Data%20Sheet%2006272025.pdf,A14399-03,Laird Technologies - Thermal Materials,2803.1792,Non-Silicone Grease,50cc Syringe,Grease,,,125.0000,-67°F ~ 302°F (-50°C ~ 150°C),3.8000,,,,150.0000,-50.0000,,,,22.4254,5.7689,0.0256
GR-0157,-,2297932,Bergquist,28278.5800,"Liquid Gap Filler, 2 Part",1200cc Cartridge,Grease,,,3000.0000,-76°F ~ 392°F (-60°C ~ 200°C),1.4000,,,,200.0000,-60.0000,,,,9.4262,2.4249,0.0694
GR-0158,https://lipoly.com/wp-content/uploads/Datasheet/Liquid%20Gap%20Filler/Thermal%20Putty/H-putty2.pdf,H-PUTTY2-100-KIT,"Shiu Li Technology Co., Ltd.",2856.4300,Silicone Putty,100 gram Cartridge,Grease,,,100.0000,-76°F ~ 356°F (-60°C ~ 180°C),6.0000,,,,180.0000,-60.0000,,,,28.5643,7.3482,0.0162
GR-0159,//mm.digikey.com/Volume0/opasdata/d220001/medias/docus/6534/G3380NANBNC.pdf,G3380NA-120-KIT,"Shiu Li Technology Co., Ltd.",2859.6800,Non-Silicone Grease,120 gram Cartridge,Grease,,,120.0000,-76°F ~ 302°F (-60°C ~ 150°C),1.3000,,,,150.0000,-60.0000,,,,23.8307,6.1304,0.0748
GR-0160,http://www.chipquik.com/datasheets/TC1-10G.pdf,TC1-10G,Chip Quik Inc.,290.8800,Silicone Compound,10 gram Syringe,Grease,,,10.0000,-40°F ~ 302°F (-40°C ~ 150°C),0.6700,,,,150.0000,-40.0000,,,,29.0880,7.4829,0.1450
GR-0161,https://www.laird.com/sites/default/files/TgreaseTM-1500-datasheet.pdf,A14855-03,Laird Technologies - Thermal Materials,2901.8167,Silicone Compound,500 gram Container,Grease,,,500.0000,257°F (125°C),1.2000,,,,125.0000,,,,,5.8036,1.4930,0.0810
GR-0162,//mm.digikey.com/Volume0/opasdata/d220001/medias/docus/7152/EPDM30-135.pdf,EPDM30-135,"Shiu Li Technology Co., Ltd.",2993.9000,"Liquid Gap Filler, 2 Part",50 ml Cartridges,Grease,,,125.0000,-40°F ~ 248°F (-40°C ~ 120°C),3.0000,,,,120.0000,-40.0000,,,,23.9512,6.1614,0.0324
GR-0163,https://media.startech.com/cms/pdfs/heatgrease20_datasheet.pdf,HEATGREASE20,StarTech.com,301.9300,Silicone Compound,20 gram Tube,Grease,,,20.0000,-4°F ~ 212°F (-20°C ~ 100°C),1.0700,,,,100.0000,-20.0000,,,,15.0965,3.8836,0.0908
GR-0164,https://www.tglobaltechnology.com/wp-content/uploads/2024/05/TG-N4000_UK.pdf,TG-N4000-55CC,t-Global Technology,3043.9500,Non-Silicone Putty,55cc Syringe,Grease,,,137.5000,-40°F ~ 257°F (-40°C ~ 125°C),4.0000,,,,125.0000,-40.0000,,,,22.1378,5.6950,0.0243
GR-0165,https://www.laird.com/document/pmbu-doc-000005173,A17170-02,Laird Technologies - Thermal Materials,3057.2800,Silicone Compound,180cc Cartridge,Grease,,,450.0000,-40°F ~ 302°F (-40°C ~ 150°C),3.7000,,,,150.0000,-40.0000,,,,6.7940,1.7477,0.0263
GR-0166,https://www.tglobaltechnology.com/wp-content/uploads/2023/08/TG-A7000-Putty_UK.pdf,TG-A7000-55CC,t-Global Technology,3062.8000,Silicone Putty,50cc Syringe,Grease,,,125.0000,-58°F ~ 356°F (-50°C ~ 180°C),7.0000,,,,180.0000,-50.0000,,,,24.5024,6.3032,0.0139
GR-0167,//mm.digikey.com/Volume0/opasdata/d220001/medias/images/7071/GCS-NSP30.png,GCS-NSP30-100ML,European Thermodynamics Ltd,3065.7300,Non-Silicone Putty,100 ml Syringe,Grease,,,250.0000,-,3.0000,,,,,,,,,12.2629,3.1546,0.0324
GR-0168,https://www.tglobaltechnology.com/wp-content/uploads/2023/08/TG-N8000-Putty_UK.pdf,TG-N8000-30CC,t-Global Technology,3084.9000,Non-Silicone Putty,30cc Syringe,Grease,,,75.0000,-40°C ~ 125°C,8.0000,,,,125.0000,-40.0000,,,,41.1320,10.5812,0.0121
GR-0169,//mm.digikey.com/Volume0/opasdata/d220001/medias/docus/6398/3962-TH930-500G-JAR-ND%20%3B%203962-TH930-50G-2JAR-ND%20%3B%203962-TH930-50G-4JAR-ND.pdf,TH930-500G-JAR,Penchem Technologies Sdn Bhd,3120.0000,Silicone Putty,500 gram Container,Grease,,,500.0000,-76°F ~ 392°F (-60°C ~ 200°C),5.0000,,,,200.0000,-60.0000,,,,6.2400,1.6052,0.0194
GR-0170,https://www.fischerelektronik.de/web_fischer/en_GB/VA/GELS20/datasheet.xhtml,GEL S 20,Fischer Elektronik,3132.3500,"Liquid Gap Filler, 2 Part",50 ml Cartridge,Grease,,,125.0000,-40°F ~ 392°F (-40°C ~ 200°C),1.8000,,,,200.0000,-40.0000,,,,25.0588,6.4464,0.0540
GR-0171,https://lipoly.com/wp-content/uploads/Datasheet/Liquid%20Gap%20Filler/Thermal%20Putty/N-putty2-s.pdf,N-PUTTY2-100-KIT,"Shiu Li Technology Co., Ltd.",3161.9300,Non-Silicone Putty,100 gram Cartridge,Grease,,,100.0000,-76°F ~ 302°F (-60°C ~ 150°C),5.0000,,,,150.0000,-60.0000,,,,31.6193,8.1341,0.0194
GR-0172,http://www.chipquik.com/datasheets/TC2-50G.pdf,TC2-50G,Chip Quik Inc.,3248.3800,Silicone Compound,50 gram Jar,Grease,,,50.0000,-40°F ~ 302°F (-40°C ~ 150°C),4.3000,,,,150.0000,-40.0000,,,,64.9676,16.7129,0.0226
GR-0173,https://mgchemicals.com/downloads/tds/tds-8618.pdf,8618-85ML,MG Chemicals,3260.4000,Non-Silicone Grease,85 ml Syringe,Grease,,,212.5000,-,6.0000,,,,,,,,,15.3431,3.9470,0.0162
GR-0174,//mm.digikey.com/Volume0/opasdata/d220001/medias/docus/6534/NEP220.pdf,EPDM20-135-KIT,"Shiu Li Technology Co., Ltd.",3287.3800,"Liquid Gap Filler, 2 Part",50 ml Cartridges,Grease,,,125.0000,-40°F ~ 248°F (-40°C ~ 120°C),2.2000,,,,120.0000,-40.0000,,,,26.2990,6.7654,0.0442
GR-0175,//mm.digikey.com/Volume0/opasdata/d220001/medias/docus/3938/GCS-NSP75.pdf,GCS-NSP75 - 50ML,European Thermodynamics Ltd,3313.7000,Non-Silicone Putty,50 ml Syringe,Grease,,,125.0000,-40°F ~ 257°F (-40°C ~ 125°C),7.5000,,,,125.0000,-40.0000,,,,26.5096,6.8196,0.0130
GR-0176,//mm.digikey.com/Volume0/opasdata/d220001/medias/docus/6534/G3380ABKT.pdf,G3380D-100-KIT,"Shiu Li Technology Co., Ltd.",3348.1500,Silicone Grease,100 gram Cartridge,Grease,,,100.0000,-76°F ~ 356°F (-60°C ~ 180°C),6.0000,,,,180.0000,-60.0000,,,,33.4815,8.6131,0.0162
GR-0177,//mm.digikey.com/Volume0/opasdata/d220001/medias/docus/6398/3962-TH235-2-30G-2SYR-ND%20%3B%204SYR-ND%20%3B500G-JAR-ND%20%3B%2050G-2JAR-ND%20%3B%2050G-4JAR-ND.pdf,TH235-2-30G-4SYR,Penchem Technologies Sdn Bhd,3367.9800,Non-Silicone Putty,30 gram Syringe,Grease,,,30.0000,5°F ~ 248°F (-15°C ~ 200°C),3.0000,,,,200.0000,-15.0000,,,,112.2660,28.8804,0.0324
GR-0178,-,2292097,Bergquist,3455.9571,"Silicone Compound, 2 Part",50cc Cartridge,Grease,,,125.0000,-76°F ~ 392°F (-60°C ~ 200°C),3.5000,,,,200.0000,-60.0000,,,,27.6477,7.1124,0.0278
GR-0179,//mm.digikey.com/Volume0/opasdata/d220001/medias/docus/6534/3153_PK404DM.pdf,PK404DM-150-KIT,"Shiu Li Technology Co., Ltd.",3500.9000,"Liquid Gap Filler, 2 Part",150 gram Cartridge,Grease,,,150.0000,-67°F ~ 401°F (-55°C ~ 205°C),3.6000,,,,205.0000,-55.0000,,,,23.3393,6.0040,0.0270
GR-0180,https://lipoly.com/wp-content/uploads/Datasheet/Liquid%20Gap%20Filler/Thermal%20Putty/S-putty5-s.pdf,S-PUTTY5-100,"Shiu Li Technology Co., Ltd.",3534.3800,Silicone Putty,30cc Tube,Grease,,,75.0000,-,10.0000,,,,,,,,,47.1251,12.1229,0.0097
GR-0181,https://www.fischerelektronik.de/web_fischer/en_GB/VA/WLP500S/datasheet.xhtml,WLP 500 S,Fischer Elektronik,3552.9000,Silicone Compound,500 gram Container,Grease,,,500.0000,-40°F ~ 482°F (-40°C ~ 250°C),0.6100,,,,250.0000,-40.0000,,,,7.1058,1.8280,0.1593
GR-0182,//mm.digikey.com/Volume0/opasdata/d220001/medias/docus/6534/G3380NANBNC.pdf,G3380NC-100-KIT,"Shiu Li Technology Co., Ltd.",3562.0000,Non-Silicone Grease,100 gram Cartridge,Grease,,,100.0000,-76°F ~ 302°F (-60°C ~ 150°C),4.5000,,,,150.0000,-60.0000,,,,35.6200,9.1632,0.0216
GR-0183,https://www.fischerelektronik.de/web_fischer/en_GB/VA/WLPF0750/datasheet.xhtml,WLPF 07 50,Fischer Elektronik,363.3500,Non-Silicone Compound,20 ml Syringe,Grease,,,50.0000,-40°F ~ 302°F (-40°C ~ 150°C),0.7000,,,,150.0000,-40.0000,,,,7.2670,1.8694,0.1388
GR-0184,//mm.digikey.com/Volume0/opasdata/d220001/medias/docus/6534/3153_D2000.pdf,D2000-140,"Shiu Li Technology Co., Ltd.",3635.4500,"Silicone Grease, 2 Part",140 gram Cartridge,Grease,,,140.0000,-67°F ~ 401°F (-55°C ~ 205°C),2.0000,,,,205.0000,-55.0000,,,,25.9675,6.6801,0.0486
GR-0185,-,A16412-01,Laird Technologies - Thermal Materials,3671.7027,Silicone Putty,75cc Cartridge,Grease,,,187.5000,-49°F ~ 392°F (-45°C ~ 200°C),3.5000,,,,200.0000,-45.0000,,,,19.5824,5.0376,0.0278
GR-0186,https://lipoly.com/wp-content/uploads/Datasheet/Liquid%20Gap%20Filler/Thermal%20Putty/SH-putty3.pdf,SH-PUTTY3-100-KIT,"Shiu Li Technology Co., Ltd.",3688.7500,Silicone Putty,100 gram Cartridge,Grease,,,100.0000,-76°F ~ 356°F (-60°C ~ 180°C),8.0000,,,,180.0000,-60.0000,,,,36.8875,9.4893,0.0121
GR-0187,//mm.digikey.com/Volume0/opasdata/d220001/medias/docus/4847/DS_473_8610.pdf,8610-60G,MG Chemicals,371.9300,Non-Silicone Compound,2 oz Tube,Grease,,,56.7000,-40°F ~ 392°F (-40°C ~ 200°C),0.7700,,,,200.0000,-40.0000,,,,6.5596,1.6875,0.1262
GR-0188,-,2167388,Bergquist,3805.1929,"Silicone Compound, 2 Part",50cc Cartridge,Grease,,,125.0000,-76°F ~ 392°F (-60°C ~ 200°C),3.5000,,,,200.0000,-60.0000,,,,30.4415,7.8311,0.0278
GR-0189,https://www.laird.com/sites/default/files/2024-06/THR-DS-TflexTM%20CR607.pdf,A17262-01,Laird Technologies - Thermal Materials,3810.3000,Silicone Gap Filler,50cc Cartridge,Grease,,,125.0000,-67°F ~ 392°F (-55°C ~ 200°C),6.4000,,,,200.0000,-55.0000,,,,30.4824,7.8416,0.0152
GR-0190,https://www.fischerelektronik.de/web_fischer/en_GB/VA/GELS30/datasheet.xhtml,GEL S 30,Fischer Elektronik,3866.2000,"Liquid Gap Filler, 2 Part",50 ml Cartridge,Grease,,,125.0000,-40°F ~ 392°F (-40°C ~ 200°C),3.0000,,,,200.0000,-40.0000,,,,30.9296,7.9566,0.0324
GR-0191,http://www.chipquik.com/datasheets/TC4-1G.pdf,TC4-1G,Chip Quik Inc.,391.9500,"Thermal Compound, Liquid Metal",1 gram Syringe,Grease,,,1.0000,-40°F ~ 302°F (-40°C ~ 150°C),79.0000,,,,150.0000,-40.0000,,,,391.9500,100.8291,0.0012
GR-0192,//mm.digikey.com/Volume0/opasdata/d220001/medias/docus/6398/3962-TH855-5-30G-2SYR-ND%20%3B%2030G-4SYR-ND%20%3B%20500G-JAR-ND%20%3B%2050G-2JAR-ND%20%3B%204JAR-ND.pdf,TH855-5-500G-JAR,Penchem Technologies Sdn Bhd,3926.0000,Silicone Putty,500 gram Container,Grease,,,500.0000,-40°F ~ 392°F (-40°C ~ 200°C),5.0000,,,,200.0000,-40.0000,,,,7.8520,2.0199,0.0194
GR-0193,https://www.fischerelektronik.de/web_fischer/en_GB/VA/WLP035/datasheet.xhtml,WLP 035,Fischer Elektronik,394.2250,Silicone Compound,35 gram Container,Grease,,,35.0000,-40°F ~ 482°F (-40°C ~ 250°C),0.6100,,,,250.0000,-40.0000,,,,11.2636,2.8976,0.1593
GR-0194,https://www.tglobaltechnology.com/wp-content/uploads/2023/08/TG-N8000-Putty_UK.pdf,TG-N8000-55CC,t-Global Technology,3978.0000,Non-Silicone Putty,55cc Syringe,Grease,,,137.5000,-40°C ~ 125°C,8.0000,,,,125.0000,-40.0000,,,,28.9309,7.4425,0.0121
GR-0195,https://www.parker.com/content/dam/Parker-com/Literature/Chomerics/datasheets/Parker-Chomerics-THERM-A-FORM-CIP-60-Datasheet-CHODS1072.pdf,65-00-CIP60-0400,Parker Chomerics,3979.0679,"Silicone Compound, 2 Part",400cc Cartridge,Grease,,,1000.0000,-58°F ~ 392°F (-50°C ~ 200°C),6.0000,,,,200.0000,-50.0000,,,,3.9791,1.0236,0.0162
GR-0196,https://www.parker.com/content/dam/Parker-com/Literature/Chomerics/Parker%20Chomerics%20THERM-A-GAP%20GEL%2040NS%20Datasheet%20CHODS1008.pdf,65-02-GEL40NS-0180,Parker Chomerics,4028.6787,Non-Silicone Gel,180cc Cartridge,Grease,,,450.0000,-58°F ~ 257°F (-50°C ~ 125°C),4.0000,,,,125.0000,-50.0000,,,,8.9526,2.3031,0.0243
GR-0197,-,2197596,Bergquist,40378.9800,"Liquid Gap Filler, 2 Part",1200cc Cartridge,Grease,,,3000.0000,-76°F ~ 392°F (-60°C ~ 200°C),3.5000,,,,200.0000,-60.0000,,,,13.4597,3.4625,0.0278
GR-0198,//mm.digikey.com/Volume0/opasdata/d220001/medias/docus/6534/3153_PK605DM.pdf,PK605DM-160,"Shiu Li Technology Co., Ltd.",4154.8000,"Liquid Gap Filler, 2 Part",160 gram Cartridge,Grease,,,160.0000,-67°F ~ 392°F (-55°C ~ 200°C),5.0000,,,,200.0000,-55.0000,,,,25.9675,6.6801,0.0194
GR-0199,-,2179547,Bergquist,4180.5300,"Silicone Compound, 2 Part",50cc Cartridge,Grease,,,125.0000,-76°F ~ 392°F (-60°C ~ 200°C),3.5000,,,,200.0000,-60.0000,,,,33.4442,8.6035,0.0278
GR-0200,http://www.chipquik.com/datasheets/TC1-20G.pdf,TC1-20G,Chip Quik Inc.,420.8800,Silicone Compound,20 gram Syringe,Grease,,,20.0000,-,0.6700,,,,,,,,,21.0440,5.4136,0.1450
GR-0201,//mm.digikey.com/Volume0/opasdata/d220001/medias/docus/7158/EPDM30%20SDS%20%28EC%29.pdf,EPDM30-135-KIT,"Shiu Li Technology Co., Ltd.",4203.8800,"Liquid Gap Filler, 2 Part",50 ml Cartridges,Grease,,,125.0000,-40°F ~ 248°F (-40°C ~ 120°C),3.0000,,,,120.0000,-40.0000,,,,33.6310,8.6516,0.0324
GR-0202,https://lipoly.com/wp-content/uploads/Datasheet/Liquid%20Gap%20Filler/Thermal%20Putty/S-putty5-s.pdf,S-PUTTY5-100-KIT,"Shiu Li Technology Co., Ltd.",4216.8800,Silicone Putty,30cc Tube,Grease,,,75.0000,-,10.0000,,,,,,,,,56.2251,14.4639,0.0097
GR-0203,https://www.laird.com/document/datasheet/tputty-403-datasheet,A16872-03,Laird Technologies - Thermal Materials,4261.4000,Liquid Gap Filler,180cc Cartridge,Grease,,,450.0000,-49°F ~ 302°F (-45°C ~ 150°C),2.3000,,,,150.0000,-45.0000,,,,9.4698,2.4361,0.0423
GR-0204,https://www.parker.com/content/dam/Parker-com/Literature/Chomerics/datasheets/Parker-Chomerics-THERM-A-GREASE-15-Datasheet-CHODS1133.pdf,65-00-GREASE15-0160,Parker Chomerics,4322.5000,Silicone Grease,160cc Container,Grease,,,400.0000,-58°F ~ 392°F (-50°C ~ 200°C),1.5000,,,,200.0000,-50.0000,,,,10.8063,2.7799,0.0648
GR-0205,//mm.digikey.com/Volume0/opasdata/d220001/medias/docus/6534/3153_TT3000.pdf,TT3000-150,"Shiu Li Technology Co., Ltd.",4353.3800,Silicone Grease,150 gram Cartridge,Grease,,,150.0000,-76°F ~ 257°F (-60°C ~ 125°C),6.0000,,,,125.0000,-60.0000,,,,29.0225,7.4660,0.0162
GR-0206,//mm.digikey.com/Volume0/opasdata/d220001/medias/docus/6398/3962-TH855-5-30G-2SYR-ND%20%3B%2030G-4SYR-ND%20%3B%20500G-JAR-ND%20%3B%2050G-2JAR-ND%20%3B%204JAR-ND.pdf,TH855-5-30G-4SYR,Penchem Technologies Sdn Bhd,4396.6000,Silicone Putty,30 gram Syringe,Grease,,,30.0000,-40°F ~ 392°F (-40°C ~ 200°C),5.0000,,,,200.0000,-40.0000,,,,146.5533,37.7008,0.0194
GR-0207,https://www.fischerelektronik.de/web_fischer/en_GB/VA/GELS40/datasheet.xhtml,GEL S 40,Fischer Elektronik,4399.5300,"Liquid Gap Filler, 2 Part",50 ml Cartridge,Grease,,,125.0000,-40°F ~ 392°F (-40°C ~ 200°C),4.3000,,,,200.0000,-40.0000,,,,35.1962,9.0542,0.0226
GR-0208,https://info.boydcorp.com/hubfs/Thermal/Air-Cooling/Boyd-Board-Level-Heatsinks-Catalog.pdf,250G,"Boyd Laconia, LLC",451.1000,Silicone Compound,2 oz Tube,Grease,,,56.7000,-40°F ~ 399°F (-40°C ~ 204°C),0.7600,,,,204.0000,-40.0000,,,,7.9559,2.0467,0.1279
GR-0209,https://wakefieldthermal.com/wakefield-thermal-10cc-nonsilicone-grease-syringe-127-12-10/,127-12-10,Wakefield Thermal Solutions,4517.1800,Non-Silicone Grease,1 gram Syringe,Grease,,,1.0000,-58°F ~ 392°F (-50°C ~ 200°C),12.0000,,,,200.0000,-50.0000,,,,4517.1800,1162.0446,0.0081
GR-0210,https://info.boydcorp.com/hubfs/Thermal/Air-Cooling/Boyd-Board-Level-Heatsinks-Catalog.pdf,100000F00000G,"Boyd Laconia, LLC",452.6275,Silicone Compound,1 gram Ampule,Grease,,,1.0000,-40°F ~ 392°F (-40°C ~ 200°C),0.7300,,,,200.0000,-40.0000,,,,452.6275,116.4384,0.1331
GR-0211,https://www.parker.com/content/dam/Parker-com/Literature/Chomerics/datasheets/Parker-Chomerics-THERM-A-GREASE-30-Datasheet-CHODS1125.pdf,65-00-GREASE30-0160,Parker Chomerics,4549.0300,Silicone Grease,160cc Container,Grease,,,400.0000,-58°F ~ 392°F (-50°C ~ 200°C),3.0000,,,,200.0000,-50.0000,,,,11.3726,2.9256,0.0324
GR-0212,https://wakefieldthermal.com/content/data_sheets/127-20_WakefieldThermal_rev2.pdf,127-20-10,Wakefield Thermal Solutions,4708.2800,Non-Silicone Grease,1 gram Syringe,Grease,,,1.0000,-58°F ~ 392°F (-50°C ~ 200°C),20.0000,,,,200.0000,-50.0000,,,,4708.2800,1211.2050,0.0049
GR-0213,https://www.tglobaltechnology.com/uploads/files/tds/TG-LH-FBPE-80.pdf,TG-LH-FBPE-80-3,t-Global Technology,4745.3580,"Potting Compound, 2 Part",3 kg Container,Grease,,,3000.0000,-,1.1000,,,,,,,,,1.5818,0.4069,0.0883
GR-0214,https://www.parker.com/content/dam/Parker-com/Literature/Chomerics/datasheets/Parker-Chomerics-THERM-A-GREASE-50-Datasheet-CHODS1126.pdf,65-00-GREASE50-0160,Parker Chomerics,4774.2500,Silicone Grease,160cc Container,Grease,,,400.0000,-58°F ~ 392°F (-50°C ~ 200°C),5.0000,,,,200.0000,-50.0000,,,,11.9356,3.0704,0.0194
GR-0215,//mm.digikey.com/Volume0/opasdata/d220001/medias/docus/6398/3962-TH949-1-50G-2JAR-ND%20%3B%203962-TH949-1-50G-4JAR-ND.pdf,TH949-1-50G-2JAR,Penchem Technologies Sdn Bhd,4777.5000,Silicone Putty,50 gram Jar,Grease,,,50.0000,-40°F ~ 392°F (-40°C ~ 200°C),7.0000,,,,200.0000,-40.0000,,,,95.5500,24.5802,0.0139
GR-0216,https://www.laird.com/sites/default/files/2023-06/THR-DS-Tputty%20910%20RevA.pdf,A18560-09,Laird Technologies - Thermal Materials,4789.2000,Liquid Gap Filler,30cc Cartridge,Grease,,,75.0000,-40°F ~ 356°F (-40°C ~ 180°C),9.1000,,,,180.0000,-40.0000,,,,63.8560,16.4270,0.0107
GR-0217,https://www.tglobaltechnology.com/wp-content/uploads/2019/07/TG-N909_UK.pdf,TG-N909-30,t-Global Technology,481.6500,Non-Silicone Grease,30 gram Container,Grease,,,30.0000,-40°F ~ 392°F (-40°C ~ 200°C),9.0000,,,,200.0000,-40.0000,,,,16.0550,4.1301,0.0108
GR-0218,https://www.laird.com/sites/default/files/2025-05/THR-DS-Tflex%20CR550_202505.pdf,A18835-02,Laird Technologies - Thermal Materials,4816.8300,Liquid Gap Filler,200cc Cartridge,Grease,,,500.0000,-40°F ~ 392°F (-40°C ~ 200°C),5.4000,,,,200.0000,-40.0000,,,,9.6337,2.4783,0.0180
GR-0219,//mm.digikey.com/Volume0/opasdata/d220001/medias/docus/6534/3153_D2000.pdf,D2000-140-KIT,"Shiu Li Technology Co., Ltd.",4845.4300,"Silicone Grease, 2 Part",140 gram Cartridge,Grease,,,140.0000,-67°F ~ 401°F (-55°C ~ 205°C),2.0000,,,,205.0000,-55.0000,,,,34.6102,8.9035,0.0486
GR-0220,http://www.chipquik.com/datasheets/TC3-3.5G.pdf,TC3-3.5G,Chip Quik Inc.,485.8800,Silicone Compound,3.5 gram Syringe,Grease,,,3.5000,-40°F ~ 302°F (-40°C ~ 150°C),8.5000,,,,150.0000,-40.0000,,,,138.8229,35.7122,0.0114
GR-0221,//mm.digikey.com/Volume0/opasdata/d220001/medias/docus/6398/3962-TH833-3_0.1_0.1-ND%20%3B%203962-TH833-3_0.5_0.5-ND.pdf,TH833-3_0.5_0.5,Penchem Technologies Sdn Bhd,4875.0000,"Silicone Compound, 2 Part",500 gram Jar,Grease,,,500.0000,-40°F ~ 392°F (-40°C ~ 200°C),2.0000,,,,200.0000,-40.0000,,,,9.7500,2.5082,0.0486
GR-0222,https://www.parker.com/content/dam/Parker-com/Literature/Chomerics/datasheets/Parker-Chomerics-THERM-A-GREASE-70-Datasheet-CHODS1127.pdf,65-00-GREASE70-0160,Parker Chomerics,4909.4500,Silicone Grease,160cc Container,Grease,,,400.0000,-58°F ~ 392°F (-50°C ~ 200°C),7.0000,,,,200.0000,-50.0000,,,,12.2736,3.1574,0.0139
GR-0223,https://www.parker.com/content/dam/Parker-com/Literature/Chomerics/datasheets/Parker-Chomerics-THERM-A-GAP-GEL-35VT-Datasheet-CHODS1061.pdf,65-02-GEL35VT-0180,Parker Chomerics,5018.9483,Silicone Gel,180cc Syringe,Grease,,,450.0000,-67°F ~ 392°F (-55°C ~ 200°C),3.5000,,,,200.0000,-55.0000,,,,11.1532,2.8692,0.0278
GR-0224,https://www.laird.com/sites/default/files/2018-11/Tputty%20502%20Data%20Sheet%2012-6-17.pdf,A10548-5,Laird Technologies - Thermal Materials,5112.2500,Silicone Putty,100cc Jar,Grease,,,250.0000,-49°F ~ 392°F (-45°C ~ 200°C),3.0000,,,,200.0000,-45.0000,,,,20.4490,5.2605,0.0324
GR-0225,//mm.digikey.com/Volume0/opasdata/d220001/medias/docus/6555/TP-2002-50g-Jar_Silicone%20Thermal%20Putty.pdf,TP2002-50g-Jar,Penchem Technologies Sdn Bhd,520.0000,Silicone Putty,50 gram Jar,Grease,,,50.0000,-40°F ~ 302°F (-40°C ~ 150°C),2.0000,,,,150.0000,-40.0000,,,,10.4000,2.6754,0.0486
GR-0226,https://www.chemtronics.com/content/msds/TDS_CW7270.pdf,CW7270,Chemtronics,520.3300,Non-Silicone Grease,7 gram Syringe,Grease,,,7.0000,-99.4°F ~ 392°F (-73°C ~ 200°C),0.7100,,,,200.0000,-73.0000,,,,74.3329,19.1221,0.1369
GR-0227,https://www.parker.com/Literature/Chomerics/Catalogs/Parker%20Chomerics%20Thermal%20Interface%20Thermal%20Gels.pdf,65-01-GEL37-0180,Parker Chomerics,5235.4300,Silicone Gel,180cc Syringe,Grease,,,450.0000,-67°F ~ 392°F (-55°C ~ 200°C),3.7000,,,,200.0000,-55.0000,,,,11.6343,2.9929,0.0263
GR-0228,https://www.laird.com/document/pmbu-doc-000010743,A16849-13,Laird Technologies - Thermal Materials,5349.4639,Silicone Grease,-,Grease,,,,-,3.0000,,,,,,,,,,,0.0324
GR-0229,//mm.digikey.com/Volume0/opasdata/d220001/medias/docus/6534/3153_PK605DM.pdf,PK605DM-160-KIT,"Shiu Li Technology Co., Ltd.",5364.4500,"Liquid Gap Filler, 2 Part",160 gram Cartridge,Grease,,,160.0000,-67°F ~ 392°F (-55°C ~ 200°C),5.0000,,,,200.0000,-55.0000,,,,33.5278,8.6250,0.0194
GR-0230,https://datasheets.tdx.henkel.com/BERGQUIST-LIQUI-FORM-TLF-6000HG-en_GL.pdf,2624519,Bergquist,5516.2300,Silicone Gel,150cc Cartridge,Grease,,,375.0000,-76°F ~ 392°F (-60°C ~ 200°C),6.0000,,,,200.0000,-60.0000,,,,14.7099,3.7841,0.0162
GR-0231,https://www.parker.com/content/dam/Parker-com/Literature/Chomerics/datasheets/Parker-Chomerics-THERM-A-GREASE-15-Datasheet-CHODS1133.pdf,65-00-GREASE15-0010,Parker Chomerics,552.5000,Silicone Grease,10cc Syringe,Grease,,,25.0000,-58°F ~ 392°F (-50°C ~ 200°C),1.5000,,,,200.0000,-50.0000,,,,22.1000,5.6852,0.0648
GR-0232,//mm.digikey.com/Volume0/opasdata/d220001/medias/docus/6534/3153_TT3000.pdf,TT3000-150-KIT,"Shiu Li Technology Co., Ltd.",5563.3500,Silicone Grease,150 gram Cartridge,Grease,,,150.0000,-76°F ~ 257°F (-60°C ~ 125°C),6.0000,,,,125.0000,-60.0000,,,,37.0890,9.5411,0.0162
GR-0233,http://www.chipquik.com/datasheets/TC4-2G.pdf,TC4-2G,Chip Quik Inc.,575.9000,"Thermal Compound, Liquid Metal",2 gram Syringe,Grease,,,2.0000,-40°F ~ 302°F (-40°C ~ 150°C),79.0000,,,,150.0000,-40.0000,,,,287.9500,74.0751,0.0012
GR-0234,https://www.laird.com/sites/default/files/2025-07/MKT-DOC-1592%20Tgrease%202500%20Data%20Sheet%2006272025.pdf,A14259-05,Laird Technologies - Thermal Materials,5791.5000,Non-Silicone Grease,500 gram Container,Grease,,,500.0000,-67°F ~ 302°F (-55°C ~ 150°C),3.8000,,,,150.0000,-55.0000,,,,11.5830,2.9797,0.0256
GR-0235,https://www.parker.com/content/dam/Parker-com/Literature/Chomerics/datasheets/Parker-Chomerics-THERM-A-GREASE-30-Datasheet-CHODS1125.pdf,65-00-GREASE30-0010,Parker Chomerics,581.1000,Silicone Grease,10cc Syringe,Grease,,,25.0000,-58°F ~ 392°F (-50°C ~ 200°C),3.0000,,,,200.0000,-50.0000,,,,23.2440,5.9795,0.0324
GR-0236,https://www.parker.com/content/dam/Parker-com/Literature/Chomerics/datasheets/Parker-Chomerics-THERM-A-GREASE-15-Datasheet-CHODS1133.pdf,65-00-GREASE15-0300,Parker Chomerics,6012.8900,Silicone Grease,300cc Cartridge,Grease,,,750.0000,-58°F ~ 392°F (-50°C ~ 200°C),1.5000,,,,200.0000,-50.0000,,,,8.0172,2.0624,0.0648
GR-0237,https://www.parker.com/content/dam/Parker-com/Literature/Chomerics/datasheets/Parker-Chomerics-THERM-A-GREASE-50-Datasheet-CHODS1126.pdf,65-00-GREASE50-0010,Parker Chomerics,610.0300,Silicone Grease,10cc Syringe,Grease,,,25.0000,-58°F ~ 392°F (-50°C ~ 200°C),5.0000,,,,200.0000,-50.0000,,,,24.4012,6.2772,0.0194
GR-0238,https://www.parker.com/content/dam/Parker-com/Literature/Chomerics/datasheets/Parker-Chomerics-THERM-A-GREASE-70-Datasheet-CHODS1127.pdf,65-00-GREASE70-0010,Parker Chomerics,627.2500,Silicone Grease,10cc Syringe,Grease,,,25.0000,-58°F ~ 392°F (-50°C ~ 200°C),7.0000,,,,200.0000,-50.0000,,,,25.0900,6.4544,0.0139
GR-0239,https://www.parker.com/content/dam/Parker-com/Literature/Chomerics/datasheets/Parker-Chomerics-THERM-A-GREASE-30-Datasheet-CHODS1125.pdf,65-00-GREASE30-0300,Parker Chomerics,6327.3600,Silicone Grease,300cc Cartridge,Grease,,,750.0000,-58°F ~ 392°F (-50°C ~ 200°C),3.0000,,,,200.0000,-50.0000,,,,8.4365,2.1703,0.0324
GR-0240,https://www.parker.com/content/dam/Parker-com/Literature/Chomerics/Parker%20Chomerics%20THERM-A-GAP%20GEL%2040NS%20Datasheet%20CHODS1008.pdf,65-00-GEL40NS-0300,Parker Chomerics,6421.4800,Non-Silicone Gel,300cc Cartridge,Grease,,,750.0000,-58°F ~ 257°F (-50°C ~ 125°C),4.0000,,,,125.0000,-50.0000,,,,8.5620,2.2026,0.0243
GR-0241,https://www.parker.com/content/dam/Parker-com/Literature/Chomerics/Parker-Chomerics-THERM-A-GAP-GEL-20-Datasheet-CHODS1005.pdf,65-02-GEL20-0180,Parker Chomerics,6594.9000,Gel Gap Filler,180cc Cartridge,Grease,,,450.0000,-67°F ~ 392°F (-55°C ~ 200°C),2.4000,,,,200.0000,-55.0000,,,,14.6553,3.7701,0.0405
GR-0242,-,2166455,Bergquist,6607.8200,"Liquid Gap Filler, 2 Part",400cc Cartridge,Grease,,,1000.0000,-76°F ~ 257°F (-60°C ~ 125°C),1.1000,,,,125.0000,-60.0000,,,,6.6078,1.6999,0.0883
GR-0243,-,2167126,Bergquist,6607.8200,"Liquid Gap Filler, 2 Part",400cc Cartridge,Grease,,,1000.0000,-76°F ~ 257°F (-60°C ~ 125°C),1.1000,,,,125.0000,-60.0000,,,,6.6078,1.6999,0.0883
GR-0244,https://www.parker.com/content/dam/Parker-com/Literature/Chomerics/Parker%20Chomerics%20THERM-A-GAP%20GEL%2060HF%20Datasheet%20CHODS1051.pdf,65-02-GEL60HF-0180,Parker Chomerics,6610.5325,Silicone Gel,180cc Cartridge,Grease,,,450.0000,-67°F ~ 392°F (-55°C ~ 200°C),6.2000,,,,200.0000,-55.0000,,,,14.6901,3.7790,0.0157
GR-0245,https://www.parker.com/content/dam/Parker-com/Literature/Chomerics/datasheets/Parker-Chomerics-THERM-A-GREASE-50-Datasheet-CHODS1126.pdf,65-00-GREASE50-0300,Parker Chomerics,6641.3430,Silicone Grease,300cc Cartridge,Grease,,,750.0000,-58°F ~ 392°F (-50°C ~ 200°C),5.0000,,,,200.0000,-50.0000,,,,8.8551,2.2780,0.0194
GR-0246,//mm.digikey.com/Volume0/opasdata/d220001/medias/docus/5344/X-putty.pdf,X-PUTTY-900,"Shiu Li Technology Co., Ltd.",6682.6500,Silicone Putty,900 gram Container,Grease,,,900.0000,-76°F ~ 356°F (-60°C ~ 180°C),3.0000,,,,180.0000,-60.0000,,,,7.4252,1.9101,0.0324
GR-0247,//mm.digikey.com/Volume0/opasdata/d220001/medias/docus/2582/TG%20100-EN.pdf,1333493,Bergquist,6723.8240,Silicone Grease,-,Grease,,,,-,3.4000,,,,,,,,,,,0.0286
GR-0248,https://www.parker.com/content/dam/Parker-com/Literature/Chomerics/datasheets/Parker-Chomerics-THERM-A-FORM-CIP-60-Datasheet-CHODS1072.pdf,65-00-CIP60-0045,Parker Chomerics,673.4000,"Silicone Compound, 2 Part",50cc Cartridge,Grease,,,125.0000,-58°F ~ 392°F (-50°C ~ 200°C),6.0000,,,,200.0000,-50.0000,,,,5.3872,1.3859,0.0162
GR-0249,https://www.laird.com/document/pmbu-doc-000005173,A17170-03,Laird Technologies - Thermal Materials,6801.3111,Liquid Gap Filler,360cc Cartridge,Grease,,,900.0000,-40°F ~ 302°F (-40°C ~ 150°C),3.7000,,,,150.0000,-40.0000,,,,7.5570,1.9440,0.0263
GR-0250,https://www.parker.com/content/dam/Parker-com/Literature/Chomerics/datasheets/Parker-Chomerics-THERM-A-GREASE-70-Datasheet-CHODS1127.pdf,65-00-GREASE70-0300,Parker Chomerics,6828.9650,Silicone Grease,300cc Cartridge,Grease,,,750.0000,-58°F ~ 392°F (-50°C ~ 200°C),7.0000,,,,200.0000,-50.0000,,,,9.1053,2.3423,0.0139
GR-0251,https://www.laird.com/document/datasheet/tputty-403-datasheet,A16872-04,Laird Technologies - Thermal Materials,6831.8300,Liquid Gap Filler,360cc Cartridge,Grease,,,900.0000,-49°F ~ 302°F (-45°C ~ 150°C),2.3000,,,,150.0000,-45.0000,,,,7.5909,1.9528,0.0423
GR-0252,https://www.parker.com/content/dam/Parker-com/Literature/Chomerics/datasheets/Parker-Chomerics-THERM-A-GAP-GEL-50VT-Datasheet-CHODS1004.pdf,65-02-GEL50VT-0180,Parker Chomerics,7108.7300,Silicone Gel,180cc Syringe,Grease,,,450.0000,-67°F ~ 392°F (-55°C ~ 200°C),5.2000,,,,200.0000,-55.0000,,,,15.7972,4.0638,0.0187
GR-0253,http://www.chipquik.com/datasheets/TC2-10G.pdf,TC2-10G,Chip Quik Inc.,713.3800,Silicone Compound,10 gram Syringe,Grease,,,10.0000,-40°F ~ 302°F (-40°C ~ 150°C),4.3000,,,,150.0000,-40.0000,,,,71.3380,18.3517,0.0226
GR-0254,https://www.chemtronics.com/content/msds/TDS_CW7250.pdf,CW7250,Chemtronics,729.9500,Non-Silicone Grease,3.4 gram Syringe,Grease,,,3.4000,-99.4°F ~ 392°F (-73°C ~ 200°C),1.8500,,,,200.0000,-73.0000,,,,214.6912,55.2293,0.0525
GR-0255,https://www.laird.com/document/datasheet/tflex-cr350-datasheet,A18000-04,Laird Technologies - Thermal Materials,7369.9167,Silicone Gap Filler,400cc Cartridge,Grease,,,1000.0000,-67°F ~ 392°F (-55°C ~ 200°C),3.6000,,,,200.0000,-55.0000,,,,7.3699,1.8959,0.0270
GR-0256,https://www.parker.com/content/dam/Parker-com/Literature/Chomerics/datasheets/Parker-Chomerics-THERM-A-GAP-GEL-35VT-Datasheet-CHODS1061.pdf,65-00-GEL35VT-0300,Parker Chomerics,7483.9788,Silicone Gel,300cc Syringe,Grease,,,750.0000,-67°F ~ 392°F (-55°C ~ 200°C),3.5000,,,,200.0000,-55.0000,,,,9.9786,2.5670,0.0278
GR-0257,//mm.digikey.com/Volume0/opasdata/d220001/medias/docus/6534/PK700DM.pdf,PK700DM-140,"Shiu Li Technology Co., Ltd.",7484.7500,"Liquid Gap Filler, 2 Part","50 ml, 400 ml Cartridges",Grease,,,125.0000,-76°F ~ 392°F (-60°C ~ 200°C),7.0000,,,,200.0000,-60.0000,,,,59.8780,15.4036,0.0139
GR-0258,http://www.chipquik.com/datasheets/TC4-5G.pdf,TC4-5G,Chip Quik Inc.,756.2800,"Thermal Compound, Liquid Metal",5 gram Syringe,Grease,,,5.0000,-40°F ~ 302°F (-40°C ~ 150°C),79.0000,,,,150.0000,-40.0000,,,,151.2560,38.9106,0.0012
GR-0259,https://www.laird.com/sites/default/files/2023-06/THR-DS-Tputty%20910%20RevA.pdf,A18578-08,Laird Technologies - Thermal Materials,7582.2500,Liquid Gap Filler,75cc Cartridge,Grease,,,187.5000,-40°F ~ 356°F (-40°C ~ 180°C),9.1000,,,,180.0000,-40.0000,,,,40.4387,10.4028,0.0107
GR-0260,https://www.fischerelektronik.de/web_fischer/en_GB/VA/WLP004/datasheet.xhtml,WLP 004,Fischer Elektronik,76.7000,Silicone Compound,4 gram Container,Grease,,,4.0000,-40°F ~ 482°F (-40°C ~ 250°C),0.6100,,,,250.0000,-40.0000,,,,19.1750,4.9328,0.1593
GR-0261,https://info.boydcorp.com/hubfs/Thermal/Air-Cooling/Boyd-Board-Level-Heatsinks-Catalog.pdf,101600F00000G,"Boyd Laconia, LLC",7846.4350,Silicone Compound,16 oz Jar,Grease,,,453.6000,-40°F ~ 392°F (-40°C ~ 200°C),0.7300,,,,200.0000,-40.0000,,,,17.2981,4.4499,0.1331
GR-0262,https://datasheets.tdx.henkel.com/BERGQUIST-GAP-FILLER-TGF-1000-en_GL.pdf,GF1000-00-15-50CC,Bergquist,792.0300,"Liquid Gap Filler, 2 Part",50cc Cartridge,Grease,,,125.0000,-76°F ~ 347°F (-60°C ~ 175°C),1.0000,,,,175.0000,-60.0000,,,,6.3362,1.6300,0.0972
GR-0263,https://www.parker.com/content/dam/Parker-com/Literature/Chomerics/datasheets/Parker-Chomerics-THERM-A-GAP-GEL-75VT-Datasheet-CHODS1112.pdf,65-02-GEL75VT-0180,Parker Chomerics,7977.1300,Silicone Gel,180cc Cartridge,Grease,,,450.0000,-58°F ~ 392°F (-50°C ~ 200°C),7.5000,,,,200.0000,-50.0000,,,,17.7270,4.5603,0.0130
GR-0264,https://info.boydcorp.com/hubfs/Thermal/Air-Cooling/Boyd-Board-Level-Heatsinks-Catalog.pdf,100800F00000G,"Boyd Laconia, LLC",8025.8750,Silicone Compound,8 oz Can,Grease,,,226.8000,-40°F ~ 392°F (-40°C ~ 200°C),0.7300,,,,200.0000,-40.0000,,,,35.3875,9.1034,0.1331
GR-0265,//mm.digikey.com/Volume0/opasdata/d220001/medias/docus/6555/TP-2004-50g-Jar_Silicone%20Thermal%20Putty.pdf,TP2004-50g-Jar,Penchem Technologies Sdn Bhd,812.5000,Silicone Putty,50 gram Jar,Grease,,,50.0000,-40°F ~ 302°F (-40°C ~ 150°C),4.0000,,,,150.0000,-40.0000,,,,16.2500,4.1803,0.0243
GR-0266,https://www.mgchemicals.com/downloads/tds/tds-8617.pdf,8617-85ML,MG Chemicals,819.8667,Non-Silicone Grease,85 ml Tube,Grease,,,212.5000,-90°F ~ 329°F (-68°C ~ 165°C),1.0000,,,,165.0000,-68.0000,,,,3.8582,0.9925,0.0972
GR-0267,https://www.laird.com/sites/default/files/2025-05/THR-DS-Tflex%20CR550_202505.pdf,A18835-03,Laird Technologies - Thermal Materials,8384.6800,Liquid Gap Filler,400cc Cartridge,Grease,,,1000.0000,-40°F ~ 392°F (-40°C ~ 200°C),5.4000,,,,200.0000,-40.0000,,,,8.3847,2.1570,0.0180
GR-0268,//mm.digikey.com/Volume0/opasdata/d220001/medias/docus/6534/PK700DM.pdf,PK700DM-140-KIT,"Shiu Li Technology Co., Ltd.",8694.4000,"Liquid Gap Filler, 2 Part","50 ml, 400 ml Cartridges",Grease,,,125.0000,-76°F ~ 392°F (-60°C ~ 200°C),7.0000,,,,200.0000,-60.0000,,,,69.5552,17.8931,0.0139
GR-0269,https://www.gcsthermal.com/wp-content/uploads/2023/12/GCS-040-GNS.pdf,GCS-040-GNS-1KG,European Thermodynamics Ltd,8798.0800,Non-Silicone Grease,1 kg Container,Grease,,,1000.0000,-,4.0000,,,,,,,,,8.7981,2.2633,0.0243
GR-0270,https://tds.henkel.com/tds5/Studio/ShowPDF/?pid=TGF%203600&format=MTR&subformat=HYS&language=EN&plant=WERCS&authorization=2,GF3500S35-00-60-400CC,Bergquist,8861.1300,"Liquid Gap Filler, 2 Part",400cc Cartridge,Grease,,,1000.0000,-76°F ~ 392°F (-60°C ~ 200°C),3.6000,,,,200.0000,-60.0000,,,,8.8611,2.2795,0.0270
GR-0271,-,2167855,Bergquist,8877.4833,"Liquid Gap Filler, 2 Part",400cc Cartridge,Grease,,,1000.0000,-76°F ~ 392°F (-60°C ~ 200°C),1.8000,,,,200.0000,-60.0000,,,,8.8775,2.2837,0.0540
GR-0272,https://info.boydcorp.com/hubfs/Thermal/Air-Cooling/Boyd-Board-Level-Heatsinks-Catalog.pdf,100100F00000G,"Boyd Laconia, LLC",904.3364,Silicone Compound,1.25 oz Syringe,Grease,,,35.4375,-40°F ~ 392°F (-40°C ~ 200°C),0.7300,,,,200.0000,-40.0000,,,,25.5192,6.5648,0.1331
GR-0273,//mm.digikey.com/Volume0/opasdata/d220001/medias/docus/6398/3962-TH949-1-50G-2JAR-ND%20%3B%203962-TH949-1-50G-4JAR-ND.pdf,TH949-1-50G-4JAR,Penchem Technologies Sdn Bhd,9077.2500,Silicone Putty,50 gram Jar,Grease,,,50.0000,-40°F ~ 392°F (-40°C ~ 200°C),7.0000,,,,200.0000,-40.0000,,,,181.5450,46.7025,0.0139
GR-0274,//mm.digikey.com/Volume0/opasdata/d220001/medias/docus/5344/X-putty.pdf,X-PUTTY-100,"Shiu Li Technology Co., Ltd.",912.9300,Silicone Putty,100 gram Cartridge,Grease,,,100.0000,-76°F ~ 356°F (-60°C ~ 180°C),3.0000,,,,180.0000,-60.0000,,,,9.1293,2.3485,0.0324
GR-0275,-,2166091,Bergquist,9295.9767,"Liquid Gap Filler, 2 Part",400cc Cartridge,Grease,,,1000.0000,-76°F ~ 392°F (-60°C ~ 200°C),2.0000,,,,200.0000,-60.0000,,,,9.2960,2.3914,0.0486
GR-0276,https://www.tglobaltechnology.com/wp-content/uploads/2024/03/TG4040_UK.pdf,TG4040-D-1000,t-Global Technology,9373.3300,Silicone Putty,1 kg Container,Grease,,,1000.0000,-58°F ~ 356°F (-50°C ~ 180°C),3.0000,,,,180.0000,-50.0000,,,,9.3733,2.4113,0.0324
GR-0277,-,GF1000-07-15-50CC,Bergquist,939.1037,"Liquid Gap Filler, 2 Part",50cc Cartridge,Grease,,,125.0000,-76°F ~ 347°F (-60°C ~ 175°C),1.0000,,,,175.0000,-60.0000,,,,7.5128,1.9327,0.0972
GR-0278,-,TH934-9_0.1_0.1-ND,Penchem Technologies Sdn Bhd,942.5000,"Silicone Compound, 2 Part",100 gram Jar,Grease,,,100.0000,-40°F ~ 302°F (-40°C ~ 150°C),1.0000,,,,150.0000,-40.0000,,,,9.4250,2.4246,0.0972
GR-0279,https://www.mgchemicals.com/downloads/tds/tds-8327gf25.pdf,8327GF25-50CC,MG Chemicals,949.1083,Silicone Gap Filler,50 ml Cartridges,Grease,,,125.0000,-,2.5000,,,,,,,,,7.5929,1.9533,0.0389
GR-0280,https://www.parker.com/Literature/Chomerics/Catalogs/Parker%20Chomerics%20Thermal%20Interface%20Thermal%20Gels.pdf,65-00-GEL37-0010,Parker Chomerics,956.1500,Silicone Gel,10cc Syringe,Grease,,,25.0000,-67°F ~ 392°F (-55°C ~ 200°C),3.7000,,,,200.0000,-55.0000,,,,38.2460,9.8388,0.0263
GR-0281,https://www.laird.com/document/datasheet/tputty-403-datasheet,A16872-05,Laird Technologies - Thermal Materials,9649.8600,Liquid Gap Filler,600cc Cartridge,Grease,,,1500.0000,-49°F ~ 302°F (-45°C ~ 150°C),2.3000,,,,150.0000,-45.0000,,,,6.4332,1.6550,0.0423
GR-0282,-,2190571,Bergquist,9673.0833,"Liquid Gap Filler, 2 Part",400cc Cartridge,Grease,,,1000.0000,-76°F ~ 392°F (-60°C ~ 200°C),2.0000,,,,200.0000,-60.0000,,,,9.6731,2.4884,0.0486
GR-0283,-,2167563,Bergquist,9673.0833,"Liquid Gap Filler, 2 Part",400cc Cartridge,Grease,,,1000.0000,-76°F ~ 392°F (-60°C ~ 200°C),1.8000,,,,200.0000,-60.0000,,,,9.6731,2.4884,0.0540
GR-0284,https://lipoly.com/wp-content/uploads/Datasheet/Liquid%20Gap%20Filler/Thermal%20Putty/S-putty.pdf,S-PUTTY-950,"Shiu Li Technology Co., Ltd.",9737.6500,Silicone Putty,950 gram Container,Grease,,,950.0000,-76°F ~ 356°F (-60°C ~ 180°C),3.5000,,,,180.0000,-60.0000,,,,10.2502,2.6369,0.0278
GR-0285,//mm.digikey.com/Volume0/opasdata/d220001/medias/docus/6398/3962-TH833-3_0.1_0.1-ND%20%3B%203962-TH833-3_0.5_0.5-ND.pdf,TH833-3_0.1_0.1,Penchem Technologies Sdn Bhd,975.0000,"Silicone Compound, 2 Part",100 gram Jar,Grease,,,100.0000,-40°F ~ 392°F (-40°C ~ 200°C),2.0000,,,,200.0000,-40.0000,,,,9.7500,2.5082,0.0486
GR-0286,//mm.digikey.com/Volume0/opasdata/d220001/medias/docus/6555/TP-2002-100g-Jar_Silicone%20Thermal%20Putty.pdf,TP2002-100g-Jar,Penchem Technologies Sdn Bhd,975.0000,Silicone Putty,100 gram Jar,Grease,,,100.0000,-40°F ~ 302°F (-40°C ~ 150°C),2.0000,,,,150.0000,-40.0000,,,,9.7500,2.5082,0.0486
GR-0287,https://www.fischerelektronik.de/web_fischer/en_GB/VA/WLPK5/datasheet.xhtml,WLPK 5,Fischer Elektronik,986.3800,Non-Silicone Paste,-,Grease,,,,-76°F ~ 302°F (-60°C ~ 150°C),10.0000,,,,150.0000,-60.0000,,,,,,0.0097
GR-0288,https://www.laird.com/document/pmbu-doc-000011791,A16001-01,Laird Technologies - Thermal Materials,9959.6300,Non-Silicone Grease,1/2 kg Can,Grease,,,1000.0000,-40°F ~ 257°F (-40°C ~ 125°C),5.4000,,,,125.0000,-40.0000,,,,9.9596,2.5621,0.0180
GR-0289,-,2167394,Bergquist,9987.6833,"Liquid Gap Filler, 2 Part",400cc Cartridge,Grease,,,1000.0000,-76°F ~ 392°F (-60°C ~ 200°C),1.5000,,,,200.0000,-60.0000,,,,9.9877,2.5693,0.0648
OT-0001,https://mgchemicals.com/downloads/tds/tds-9460TC.pdf,9460TC-10ML,MG Chemicals,1018.6870,Epoxy Adhesive,10 ml Syringe,Other,,,25.0000,-85°F ~ 302°F (-65°C ~ 150°C),0.8000,,,,150.0000,-65.0000,,,,40.7475,10.4823,0.1215
OT-0002,https://datasheets.tdx.henkel.com/LOCTITE-STYCAST-2850FT-FR-CAT-24LV-en_GL.pdf,1188128,LOCTITE,10938.0375,"Epoxy, 2 Part",-,Other,,,,-,1.2300,,,,,,,,,,,0.0790
OT-0003,https://www.mgchemicals.com/downloads/tds/tds-8329tcs-2parts.pdf,8329TCS-6ML,MG Chemicals,1144.6500,"Epoxy, 2 Part",6 ml Syringe,Other,,,15.0000,-40°F ~ 302°F (-40°C ~ 150°C),1.4000,,,,150.0000,-40.0000,,,,76.3100,19.6307,0.0694
OT-0004,//mm.digikey.com/Volume0/opasdata/d220001/medias/docus/7317/345_thermal-management-accessories-wakefield.pdf,152-1B-NC,Wakefield Thermal Solutions,1171.3260,Acrylic Adhesive,1 oz Packet,Other,,,28.3500,302°F (150°C),0.9000,,,,150.0000,,,,,41.3166,10.6287,0.1080
OT-0005,https://datasheets.tdx.henkel.com/LOCTITE-STYCAST-2850-MT-CAT-24LV-en_GL.pdf,1188137,LOCTITE,13923.3250,"Epoxy, 2 Part",18 lb Container,Other,,,8164.8000,-85°F ~ 221°F (-65°C ~ 105°C),1.6000,,,,105.0000,-65.0000,,,,1.7053,0.4387,0.0607
OT-0006,//mm.digikey.com/Volume0/opasdata/d220001/medias/docus/5880/2850KT.PDF,1188135,LOCTITE,14655.5500,"Epoxy, 2 Part (Order Catalyst Separately)",20 lb Container,Other,,,9072.0000,-67°F ~ 311°F (-55°C ~ 155°C),2.7800,,,,155.0000,-55.0000,,,,1.6155,0.4156,0.0350
OT-0007,https://www.mgchemicals.com/downloads/tds/tds-8349TFM.pdf,8349TFM-25ML,MG Chemicals,1604.5300,"Epoxy, 2 Part",25 ml Syringe,Other,,,62.5000,-67°F ~ 329°F (-50°C ~ 165°C),0.9000,,,,165.0000,-50.0000,,,,25.6725,6.6042,0.1080
OT-0008,https://www.mgchemicals.com/downloads/tds/tds-8329tfs-2parts.pdf,8329TFS-25ML,MG Chemicals,1625.9800,"Epoxy, 2 Part",25 ml Syringe,Other,,,62.5000,-40°F ~ 302°F (-40°C ~ 150°C),1.2000,,,,150.0000,-40.0000,,,,26.0157,6.6925,0.0810
OT-0009,https://datasheets.tdx.henkel.com/LOCTITE-ABLESTIK-285-CAT-9-en_GL.pdf,1188112,LOCTITE,16589.1375,"Epoxy, 2 Part",-,Other,,,,-67°F ~ 311°F (-55°C ~ 155°C),1.4400,,,,155.0000,-55.0000,,,,,,0.0675
OT-0010,https://www.fischerelektronik.de/web_fischer/en_GB/VA/WLK30/datasheet.xhtml,WLK 30,Fischer Elektronik,1700.7300,Epoxy Adhesive,"30 gram Jar, 3 gram Jar",Other,,,30.0000,-,0.8400,,,,,,,,,56.6910,14.5838,0.1157
OT-0011,https://datasheets.tdx.henkel.com/LOCTITE-STYCAST-2762FT-CAT-14-en_GL.pdf,1188100,LOCTITE,17175.1950,"Epoxy, 2 Part (Order Catalyst Separately)",18 lb Container,Other,,,8164.8000,-4°F ~ 446°F (-20°C ~ 230°C),1.3400,,,,230.0000,-20.0000,,,,2.1036,0.5411,0.0725
OT-0012,https://www.dycotecmaterials.com/wp-content/uploads/2023/11/Dycotec-DM-TIM-15340_EPOXY_TDS_v1.00.pdf,DM-TIM-15340-SYP,Dycotec Materials Ltd,1757.2800,Epoxy Adhesive,10cc Syringe,Other,,,25.0000,-40°F ~ 257°F (-40°C ~ 125°C),3.7000,,,,125.0000,-40.0000,,,,70.2912,18.0824,0.0263
OT-0013,//mm.digikey.com/Volume0/opasdata/d220001/medias/docus/7317/345_thermal-management-accessories-wakefield.pdf,155,Wakefield Thermal Solutions,1778.2050,"Epoxy, 2 Part",3 oz Tube (2),Other,,,85.0500,149°F (65°C),0.8400,,,,65.0000,,,,,20.9078,5.3785,0.1157
OT-0014,https://www.dycotecmaterials.com/wp-content/uploads/2023/06/Dycotec-DM-TIM-15323_EPOXY_TDS_v1.01.pdf,DM-TIM-15323-SYP,Dycotec Materials Ltd,1937.3300,Epoxy Adhesive,10cc Syringe,Other,,,25.0000,-67°F ~ 392°F (-55°C ~ 200°C),2.3000,,,,200.0000,-55.0000,,,,77.4932,19.9351,0.0423
OT-0015,-,2198652,Bergquist,20813.6500,"Epoxy, 2 Part",400cc Cartridge,Other,,,1000.0000,-40°F ~ 257°F (-40°C ~ 125°C),1.8000,,,,125.0000,-40.0000,,,,20.8137,5.3543,0.0540
OT-0016,https://www.mgchemicals.com/downloads/tds/tds-8349TFM.pdf,8349TFM-50ML,MG Chemicals,2301.9800,"Epoxy, 2 Part",50 ml Cartridges,Other,,,125.0000,-67°F ~ 329°F (-50°C ~ 165°C),0.9000,,,,165.0000,-50.0000,,,,18.4158,4.7375,0.1080
OT-0017,https://www.mgchemicals.com/downloads/tds/tds-8329tfs-2parts.pdf,8329TFS-50ML,MG Chemicals,2318.8800,"Epoxy, 2 Part",45 ml Cartridge,Other,,,112.5000,-40°F ~ 302°F (-40°C ~ 150°C),1.2000,,,,150.0000,-40.0000,,,,20.6123,5.3025,0.0810
OT-0018,https://www.mgchemicals.com/downloads/tds/tds-8329tcs-2parts.pdf,8329TCS-50ML,MG Chemicals,2411.8300,"Epoxy, 2 Part",50 ml Jar,Other,,,125.0000,-40°F ~ 302°F (-40°C ~ 150°C),1.4000,,,,150.0000,-40.0000,,,,19.2946,4.9635,0.0694
OT-0019,https://mgchemicals.com/downloads/tds/tds-8349TFM.pdf,8349TFM-45ML,MG Chemicals,2856.4300,"Epoxy, 2 Part",45 ml Jar,Other,,,112.5000,-85°F ~ 248°F (-65°C ~ 120°C),0.9000,,,,120.0000,-65.0000,,,,25.3905,6.5317,0.1080
OT-0020,-,UVLED82-3.78L,MG Chemicals,29283.4750,UV LED Adhesive,3.78 L Can,Other,,,3.7800,-112°F ~ 275°F (-80°C ~ 135°C),0.2000,,,,135.0000,-80.0000,,,,7746.9511,1992.9032,0.4859
OT-0021,-,2056395,LOCTITE,32767.8000,"Epoxy, 2 Part (Order Catalyst Separately)",5 gal Container,Other,,,5.0000,-67°F ~ 311°F (-55°C ~ 155°C),2.7800,,,,155.0000,-55.0000,,,,6553.5600,1685.9033,0.0350
OT-0022,-,2193454,Bergquist,3893.8714,"Epoxy, 2 Part",50cc Cartridge,Other,,,125.0000,-40°F ~ 257°F (-40°C ~ 125°C),1.8000,,,,125.0000,-40.0000,,,,31.1510,8.0136,0.0540
OT-0023,//mm.digikey.com/Volume0/opasdata/d220001/medias/docus/7135/3153_EP770-s.pdf,EP770-1100,"Shiu Li Technology Co., Ltd.",3971.5000,"Epoxy, 2 Part",1 kg Can,Other,,,1000.0000,-76°F ~ 302°F (-60°C ~ 150°C),2.5000,,,,150.0000,-60.0000,,,,3.9715,1.0217,0.0389
OT-0024,https://www.fischerelektronik.de/web_fischer/en_GB/VA/WLKDK50/datasheet.xhtml,WLK DK 50,Fischer Elektronik,4104.7500,Epoxy Adhesive,50 ml Cartridge,Other,,,125.0000,-58°F ~ 293°F (-50°C ~ 145°C),1.0000,,,,145.0000,-50.0000,,,,32.8380,8.4476,0.0972
OT-0025,https://www.mgchemicals.com/downloads/tds/tds-8329tcm-2parts.pdf,8329TCM-200ML,MG Chemicals,4215.0900,"Epoxy, 2 Part",200 ml Jar,Other,,,500.0000,-40°F ~ 302°F (-40°C ~ 150°C),1.4000,,,,150.0000,-40.0000,,,,8.4302,2.1687,0.0694
OT-0026,https://www.mgchemicals.com/downloads/tds/tds-8329tcs-2parts.pdf,8329TCS-200ML,MG Chemicals,4215.0900,"Epoxy, 2 Part",200 ml Jar,Other,,,500.0000,-40°F ~ 302°F (-40°C ~ 150°C),1.4000,,,,150.0000,-40.0000,,,,8.4302,2.1687,0.0694
OT-0027,-,2194122,Bergquist,4322.6083,"Epoxy, 2 Part",50cc Cartridge,Other,,,125.0000,-40°F ~ 257°F (-40°C ~ 125°C),1.8000,,,,125.0000,-40.0000,,,,34.5809,8.8959,0.0540
OT-0028,https://www.fischerelektronik.de/web_fischer/en_GB/VA/WLK120/datasheet.xhtml,WLK 120,Fischer Elektronik,4683.2500,Epoxy Adhesive,"120 gram Jar, 12 gram Jar",Other,,,120.0000,-,0.8400,,,,,,,,,39.0271,10.0397,0.1157
OT-0029,-,2193197,Bergquist,4709.8467,"Epoxy, 2 Part",50cc Cartridge,Other,,,125.0000,-40°F ~ 257°F (-40°C ~ 125°C),1.8000,,,,125.0000,-40.0000,,,,37.6788,9.6929,0.0540
OT-0030,https://datasheets.tdx.henkel.com/LOCTITE-STYCAST-2762FT-CAT-17-en_GL.pdf,1188099,LOCTITE,5036.5300,"Epoxy, 2 Part (Order Catalyst Separately)",3 lb Container,Other,,,1360.8000,-4°F ~ 446°F (-20°C ~ 230°C),1.3400,,,,230.0000,-20.0000,,,,3.7012,0.9521,0.0725
OT-0031,https://www.dycotecmaterials.com/wp-content/uploads/2023/06/Dycotec-DM-TIM-15323_EPOXY_TDS_v1.01.pdf,DM-TIM-15323-P,Dycotec Materials Ltd,5045.6300,Epoxy Adhesive,250 gram Jar,Other,,,250.0000,-40°F ~ 257°F (-40°C ~ 125°C),2.3000,,,,125.0000,-40.0000,,,,20.1825,5.1920,0.0423
OT-0032,https://www.fischerelektronik.de/web_fischer/en_GB/VA/WLK5/datasheet.xhtml,WLK 5,Fischer Elektronik,588.9000,Epoxy Adhesive,5 gram Jar,Other,,,5.0000,-,0.8400,,,,,,,,,117.7800,30.2989,0.1157
OT-0033,https://datasheets.tdx.henkel.com/LOCTITE-STYCAST-2850KT-CAT-24LV-en_GL.pdf,1188134,LOCTITE,7377.8300,"Epoxy, 2 Part (Order Catalyst Separately)",3 lb Container,Other,,,1360.8000,-67°F ~ 311°F (-55°C ~ 155°C),2.7800,,,,155.0000,-55.0000,,,,5.4217,1.3947,0.0350
OT-0034,https://wakefieldthermal.com/content/data_sheets/Thermal%20Interface%20Materials.pdf,152-1A-NC,Wakefield Thermal Solutions,794.2257,Acrylic Adhesive,1 oz Packet,Other,,,28.3500,-,0.8300,,,,,,,,,28.0150,7.2069,0.1171
OT-0035,https://www.mgchemicals.com/downloads/tds/tds-9460TC.pdf,9460TC-3ML,MG Chemicals,832.9800,Epoxy Adhesive,3 ml Syringe,Other,,,7.5000,-85°F ~ 302°F (-65°C ~ 150°C),0.8000,,,,150.0000,-65.0000,,,,111.0640,28.5712,0.1215
OT-0036,https://www.fischerelektronik.de/web_fischer/en_GB/VA/WLK10/datasheet.xhtml,WLK 10,Fischer Elektronik,871.6500,Epoxy Adhesive,10 gram,Other,,,10.0000,-,0.8400,,,,,,,,,87.1650,22.4232,0.1157
OT-0037,https://www.fischerelektronik.de/web_fischer/en_GB/VA/WLKDK4/datasheet.xhtml,WLK DK 4,Fischer Elektronik,875.5500,Epoxy Adhesive,4 ml Syringe,Other,,,10.0000,-58°F ~ 293°F (-50°C ~ 145°C),1.0000,,,,145.0000,-50.0000,,,,87.5550,22.5235,0.0972
OT-0038,https://www.fischerelektronik.de/web_fischer/en_GB/VA/WLKDK10/datasheet.xhtml,WLK DK 10,Fischer Elektronik,914.8800,Epoxy Adhesive,10 ml Syringe,Other,,,25.0000,-58°F ~ 293°F (-50°C ~ 145°C),1.0000,,,,145.0000,-50.0000,,,,36.5952,9.4141,0.0972
PCM-0001,https://www.dycotecmaterials.com/wp-content/uploads/2022/08/Dycotec-DM-TIM-15204_PCM_TDS-1.pdf,DM-TIM-15204-S-1000,Dycotec Materials Ltd,17933.5000,Phase Change Thermal Compound,1 kg Container,Phase Change Material,,,1000.0000,302°F (150°C),3.3000,,,,150.0000,,,,,17.9335,4.6134,0.0294
PCM-0002,https://www.dycotecmaterials.com/wp-content/uploads/2022/04/Dycotec-DM-TIM-15203_PCM_TDS-1.pdf,DM-TIM-15203-S-250,Dycotec Materials Ltd,2651.3500,Phase Change Thermal Compound,250 gram Jar,Phase Change Material,,,250.0000,302°F (150°C),1.7500,,,,150.0000,,,,,10.6054,2.7282,0.0555
PCM-0003,https://www.dycotecmaterials.com/wp-content/uploads/2022/04/Dycotec-DM-TIM-15203_PCM_TDS-1.pdf,DM-TIM-15203-S-1000,Dycotec Materials Ltd,5990.0800,Phase Change Thermal Compound,1 kg Container,Phase Change Material,,,1000.0000,302°F (150°C),1.7500,,,,150.0000,,,,,5.9901,1.5409,0.0555
PCM-0004,https://www.laird.com/document/datasheet/tpcm-200sp-datasheet,A17064-00,Laird Technologies - Thermal Materials,8310.8200,Phase Change Thermal Compound,1 kg Can,Phase Change Material,,,1000.0000,-40°F ~ 257°F (-40°C ~ 125°C),1.5000,,,,125.0000,-40.0000,,,,8.3108,2.1380,0.0648
PCM-0005,https://www.dycotecmaterials.com/wp-content/uploads/2022/08/Dycotec-DM-TIM-15204_PCM_TDS-1.pdf,DM-TIM-15204-S-250,Dycotec Materials Ltd,8513.3800,Phase Change Thermal Compound,250 gram Jar,Phase Change Material,,,250.0000,302°F (150°C),3.3000,,,,150.0000,,,,,34.0535,8.7603,0.0294
TP-0001,https://www.tglobaltechnology.com/wp-content/uploads/2023/08/TG-A6200_UK.pdf,TG-A6200-10-10-2.0,t-Global Technology,10.0800,"Pad, Sheet",,Thermal Pad,10.0000,10.0000,,,6.2000,Square,10.00mm x 10.00mm,"0.0790"" (2.000mm)",,,2.0000,100.0000,0.1008,,103.7232,0.3135
TP-0002,https://datasheets.tdx.henkel.com/BERGQUIST-SIL-PAD-TSP-1600S-en_GL.pdf,SP900S-0.009-00-58,Bergquist,10.4000,"Pad, Sheet",,Thermal Pad,19.0500,12.7000,,,1.6000,Rectangular,19.05mm x 12.70mm,"0.0090"" (0.229mm)",,,0.2290,241.9350,0.0430,,44.2334,0.1391
TP-0003,https://datasheets.tdx.henkel.com/BERGQUIST-SIL-PAD-TSP-900-en_GL.pdf,SP400-0.007-00-90,Bergquist,10.4000,"Pad, Sheet",,Thermal Pad,21.8400,18.8000,,,0.9000,Rectangular,21.84mm x 18.80mm,"0.0070"" (0.178mm)",,,0.1780,410.5920,0.0253,,26.0638,0.1922
TP-0004,//mm.digikey.com/Volume0/opasdata/d220001/medias/docus/520/Sil-Pad_Selection_Guide.pdf,Q3-0.005-00-48,Bergquist,10.4000,"Pad, Sheet",,Thermal Pad,25.4000,25.4000,,,2.0000,Square,25.40mm x 25.40mm,"0.0050"" (0.127mm)",,,0.1270,645.1600,0.0161,,16.5875,0.0617
TP-0005,https://datasheets.tdx.henkel.com/BERGQUIST-HI-FLOW-THF-800AC-en_GL.pdf,HF115AC-0.0055-AC-54,Bergquist,10.7300,"Pad, Sheet",,Thermal Pad,19.0500,12.7000,,,0.8000,Rectangular,19.05mm x 12.70mm,"0.0055"" (0.140mm)",,,0.1400,241.9350,0.0444,,45.6369,0.1701
TP-0006,https://datasheets.tdx.henkel.com/BERGQUIST-SIL-PAD-TSP-1200-en_GL.pdf,1009-54,Bergquist,10.7300,"Pad, Sheet",,Thermal Pad,19.0500,12.7000,,,1.2000,Rectangular,19.05mm x 12.70mm,"0.0090"" (0.229mm)",,,0.2290,241.9350,0.0444,,45.6369,0.1855
TP-0007,https://datasheets.tdx.henkel.com/BERGQUIST-GAP-PAD-TGP-1500-en_GL.pdf,GP1500-0.060-02-0816,Bergquist,1000.3500,"Pad, Sheet",,Thermal Pad,406.4000,203.2000,,,1.5000,Rectangular,406.40mm x 203.20mm,"0.0600"" (1.524mm)",,,1.5240,82580.4800,0.0121,,12.4649,0.9874
TP-0008,https://www.tglobaltechnology.com/wp-content/uploads/2024/03/TG-A38KF_UK.pdf,TG-A38KF-285-190-0.5-1A,t-Global Technology,1029.6000,"Pad, Sheet",,Thermal Pad,285.0000,190.0000,,,1.8000,Rectangular,285.00mm x 190.00mm,"0.0197"" (0.500mm)",,,0.5000,54150.0000,0.0190,,19.5653,0.2699
TP-0009,https://www.tglobaltechnology.com/wp-content/uploads/2023/08/TG-A3500_UK.pdf,TG-A3500-40-40-4.0,t-Global Technology,103.0300,"Pad, Sheet",,Thermal Pad,40.0000,40.0000,,,3.5000,Square,40.00mm x 40.00mm,"0.157"" (4.00mm)",,,4.0000,1600.0000,0.0644,,66.2612,1.1106
TP-0010,https://datasheets.tdx.henkel.com/BERGQUIST-SIL-PAD-TSP-K1300-en_GL.pdf,2192506,Bergquist,105.9500,"Pad, Sheet",,Thermal Pad,31.7500,31.7500,,,1.3000,Square,31.75mm x 31.75mm,"0.0060"" (0.152mm)",,,0.1520,1008.0625,0.1051,,108.1506,0.1136
TP-0011,https://www.tglobaltechnology.com/wp-content/uploads/2023/08/TG-A6200_UK.pdf,TG-A6200-25-25-4.0,t-Global Technology,106.2800,"Pad, Sheet",,Thermal Pad,25.0000,25.0000,,,6.2000,Square,25.00mm x 25.00mm,"0.157"" (4.00mm)",,,4.0000,625.0000,0.1700,,174.9794,0.6270
TP-0012,https://datasheets.tdx.henkel.com/BERGQUIST-SIL-PAD-TSP-K1300-en_GL.pdf,SPK10-0.006-00-11.512,Bergquist,1079.6500,"Pad, Sheet",,Thermal Pad,304.8000,292.1000,,,1.3000,Rectangular,304.80mm x 292.10mm,"0.0060"" (0.152mm)",,,0.1520,89032.0800,0.0121,,12.4782,0.1136
TP-0013,https://www.tglobaltechnology.com/wp-content/uploads/2023/08/TG-A6200_UK.pdf,TG-A6200-25-20-5.0,t-Global Technology,108.5500,"Pad, Sheet",,Thermal Pad,25.0000,20.0000,,,6.2000,Rectangular,25.00mm x 20.00mm,"0.197"" (5.00mm)",,,5.0000,500.0000,0.2171,,223.3959,0.7837
TP-0014,https://www.tglobaltechnology.com/wp-content/uploads/2023/08/TG-A38KX_UK.pdf,TG-A38KX-190-140-3.0,t-Global Technology,1098.1800,"Pad, Sheet",,Thermal Pad,190.0000,140.0000,,,3.8000,Rectangular,190.00mm x 140.00mm,"0.118"" (3.00mm)",,,3.0000,26600.0000,0.0413,,42.4822,0.7672
TP-0015,//mm.digikey.com/Volume0/opasdata/d220001/medias/docus/2578/Sil-Pad%20600.pdf,SP600-43,Bergquist,11.0500,"Pad, Sheet",,Thermal Pad,19.0500,12.7000,,,1.0000,Rectangular,19.05mm x 12.70mm,"0.0090"" (0.229mm)",,,0.2290,241.9350,0.0457,,46.9980,0.2225
TP-0016,https://datasheets.tdx.henkel.com/BERGQUIST-SIL-PAD-TSP-K1300-en_GL.pdf,SPK10-0.006-00-54,Bergquist,11.3800,"Pad, Sheet",,Thermal Pad,19.0500,12.7000,,,1.3000,Rectangular,19.05mm x 12.70mm,"0.0060"" (0.152mm)",,,0.1520,241.9350,0.0470,,48.4015,0.1136
TP-0017,//mm.digikey.com/Volume0/opasdata/d220001/medias/docus/2578/Sil-Pad%20600.pdf,SP600-114,Bergquist,11.3800,"Pad, Sheet",,Thermal Pad,24.0000,21.0100,,,1.0000,Rectangular,24.00mm x 21.01mm,"0.0090"" (0.229mm)",,,0.2290,504.2400,0.0226,,23.2231,0.2225
TP-0018,https://www.tglobaltechnology.com/wp-content/uploads/2023/08/TG-A3500_UK.pdf,TG-A3500-20-10-3.0,t-Global Technology,11.3800,"Pad, Sheet",,Thermal Pad,20.0000,10.0000,,,3.5000,Rectangular,20.00mm x 10.00mm,"0.118"" (3.00mm)",,,3.0000,200.0000,0.0569,,58.5501,0.8330
TP-0019,https://datasheets.tdx.henkel.com/BERGQUIST-SIL-PAD-TSP-1600S-en_GL.pdf,SP900S-0.009-00-104,Bergquist,11.7000,"Pad, Sheet",,Thermal Pad,25.4000,19.0500,,,1.6000,Rectangular,25.40mm x 19.05mm,"0.0090"" (0.229mm)",,,0.2290,483.8700,0.0242,,24.8813,0.1391
TP-0020,https://www.tglobaltechnology.com/wp-content/uploads/2023/08/TG-A3500_UK.pdf,TG-A3500-20-20-1.0,t-Global Technology,11.7000,"Pad, Sheet",,Thermal Pad,20.0000,20.0000,,,3.5000,Square,20.00mm x 20.00mm,"0.0394"" (1.000mm)",,,1.0000,400.0000,0.0292,,30.0982,0.2777
TP-0021,https://www.tglobaltechnology.com/wp-content/uploads/2023/08/TG-A38KX_UK.pdf,TG-A38KX-285-190-1.0-1A,t-Global Technology,1102.4000,"Pad, Sheet",,Thermal Pad,285.0000,190.0000,,,3.8000,Rectangular,285.00mm x 190.00mm,"0.0394"" (1.000mm)",,,1.0000,54150.0000,0.0204,,20.9487,0.2557
TP-0022,https://www.tglobaltechnology.com/wp-content/uploads/2023/08/TG-A20KX_UK.pdf,TG-A20KX-385-285-0.5-1A,t-Global Technology,1105.0000,"Pad, Sheet",,Thermal Pad,385.0000,285.0000,,,2.0000,Rectangular,385.00mm x 285.00mm,"0.0197"" (0.500mm)",,,0.5000,109725.0000,0.0101,,10.3627,0.2430
TP-0023,https://www.tglobaltechnology.com/wp-content/uploads/2023/08/TG-A6200_UK.pdf,TG-A6200-30-30-3.0,t-Global Technology,112.1300,"Pad, Sheet",,Thermal Pad,30.0000,30.0000,,,6.2000,Square,30.00mm x 30.00mm,"0.118"" (3.00mm)",,,3.0000,900.0000,0.1246,,128.2020,0.4702
TP-0024,https://www.tglobaltechnology.com/wp-content/uploads/2023/08/TG-A20KX_UK.pdf,TG-A20KX-385-285-0.3-2A,t-Global Technology,1128.0800,"Pad, Sheet",,Thermal Pad,385.0000,285.0000,,,2.0000,Rectangular,385.00mm x 285.00mm,"0.0118"" (0.300mm)",,,0.3000,109725.0000,0.0103,,10.5791,0.1458
TP-0025,https://www.tglobaltechnology.com/wp-content/uploads/2023/08/TG-A20KX_UK.pdf,TG-A20KX-190-140-5.0-1A,t-Global Technology,1142.3800,"Pad, Sheet",,Thermal Pad,190.0000,140.0000,,,2.0000,Rectangular,190.00mm x 140.00mm,"0.197"" (5.00mm)",,,5.0000,26600.0000,0.0429,,44.1921,2.4295
TP-0026,https://www.tglobaltechnology.com/wp-content/uploads/2023/08/TG-A6200_UK.pdf,TG-A6200-100-100-4.0,t-Global Technology,1158.9500,"Pad, Sheet",,Thermal Pad,100.0000,100.0000,,,6.2000,Square,100.00mm x 100.00mm,"0.157"" (4.00mm)",,,4.0000,10000.0000,0.1159,,119.2560,0.6270
TP-0027,https://datasheets.tdx.henkel.com/BERGQUIST-GAP-PAD-TGP-2400-en_GL.pdf,GP2500S20-0.250-02-0816,Bergquist,11596.9800,"Pad, Sheet",,Thermal Pad,406.4000,203.2000,,,2.4000,Rectangular,406.40mm x 203.20mm,"0.250"" (6.35mm)",,,6.3500,82580.4800,0.1404,,144.5050,2.5713
TP-0028,https://www.tglobaltechnology.com/wp-content/uploads/2023/08/TG-A38KX_UK.pdf,TG-A38KX-285-190-1.0-2A,t-Global Technology,1174.8800,"Pad, Sheet",,Thermal Pad,285.0000,190.0000,,,3.8000,Rectangular,285.00mm x 190.00mm,"0.0394"" (1.000mm)",,,1.0000,54150.0000,0.0217,,22.3260,0.2557
TP-0029,https://datasheets.tdx.henkel.com/BERGQUIST-GAP-PAD-TGP-1500-en_GL.pdf,GP1500-0.080-02-0816,Bergquist,1178.4500,"Pad, Sheet",,Thermal Pad,406.4000,203.2000,,,1.5000,Rectangular,406.40mm x 203.20mm,"0.0800"" (2.032mm)",,,2.0320,82580.4800,0.0143,,14.6842,1.3165
TP-0030,https://www.tglobaltechnology.com/wp-content/uploads/2023/08/TG-A6200F_UK.pdf,TG-A6200F-100-100-4.0,t-Global Technology,1188.5300,"Pad, Sheet",,Thermal Pad,100.0000,100.0000,,,5.0000,Square,100.00mm x 100.00mm,"0.157"" (4.00mm)",,,4.0000,10000.0000,0.1189,,122.2997,0.7775
TP-0031,https://wakefieldthermal.com/content/data_sheets/Double_Sided_Tape_WakefieldThermal.pdf,DST-38-1-76X127,Wakefield Thermal Solutions,119.9300,"Pad, Sheet",,Thermal Pad,127.0000,76.0000,,,1.0000,Rectangular,127.00mm x 76.00mm,"0.0150"" (0.381mm)",,,0.3810,9652.0000,0.0124,,12.7857,0.3703
TP-0032,https://www.tglobaltechnology.com/wp-content/uploads/2023/08/TG-A6200_UK.pdf,TG-A6200-20-10-1.0,t-Global Technology,12.0300,"Pad, Sheet",,Thermal Pad,20.0000,10.0000,,,6.2000,Rectangular,20.00mm x 10.00mm,"0.0394"" (1.000mm)",,,1.0000,200.0000,0.0601,,61.8943,0.1567
TP-0033,http://tds.loctite.com/tds5/Studio/ShowPDF/BERGQUIST%20SIL%20PAD%20TSP%201600S-EN?pid=BERGQUIST%20SIL%20PAD%20TSP%201600S&format=MTR&subformat=HYS&language=EN&plant=WERCS,SP900S-0.009-AC-58,Bergquist,12.3500,"Pad, Sheet",,Thermal Pad,19.0500,12.7000,,,1.6000,Rectangular,19.05mm x 12.70mm,"0.0090"" (0.229mm)",,,0.2290,241.9350,0.0510,,52.5271,0.1391
TP-0034,https://www.tglobaltechnology.com/wp-content/uploads/2023/08/TG-A3500_UK.pdf,TG-A3500-15-15-3.0,t-Global Technology,12.3500,"Pad, Sheet",,Thermal Pad,15.0000,15.0000,,,3.5000,Square,15.00mm x 15.00mm,"0.118"" (3.00mm)",,,3.0000,225.0000,0.0549,,56.4807,0.8330
TP-0035,https://datasheets.tdx.henkel.com/BERGQUIST-SIL-PAD-TSP-1600S-en_GL.pdf,SP900S-0.009-00-43,Bergquist,12.3500,"Pad, Sheet",,Thermal Pad,19.0500,12.7000,,,1.6000,Rectangular,19.05mm x 12.70mm,"0.0090"" (0.229mm)",,,0.2290,241.9350,0.0510,,52.5271,0.1391
TP-0036,https://datasheets.tdx.henkel.com/BERGQUIST-GAP-PAD-TGP-1500-en_GL.pdf,GP1500-0.125-02-0404,Bergquist,1202.1800,"Pad, Sheet",,Thermal Pad,101.6000,101.6000,,,1.5000,Square,101.60mm x 101.60mm,"0.125"" (3.18mm)",,,3.1800,10322.5600,0.1165,,119.8388,2.0603
TP-0037,https://www.tglobaltechnology.com/wp-content/uploads/2024/03/TG-A20KF_UK.pdf,TG-A20KF-190-140-5.0-1A,t-Global Technology,1218.1000,"Pad, Sheet",,Thermal Pad,190.0000,140.0000,,,1.8000,Rectangular,190.00mm x 140.00mm,"0.197"" (5.00mm)",,,5.0000,26600.0000,0.0458,,47.1212,2.6995
TP-0038,https://datasheets.tdx.henkel.com/BERGQUIST-GAP-PAD-TGP-1500R-en_GL.pdf,GP1500R-0.015-02-0816,Bergquist,1219.0800,"Pad, Sheet",,Thermal Pad,406.4000,203.2000,,,1.5000,Rectangular,406.40mm x 203.20mm,"0.0150"" (0.381mm)",,,0.3810,82580.4800,0.0148,,15.1904,0.2468
TP-0039,https://datasheets.tdx.henkel.com/BERGQUIST-SIL-PAD-TSP-1600S-en_GL.pdf,SP900S-0.009-AC-1212,Bergquist,1232.4000,"Pad, Sheet",,Thermal Pad,304.8000,304.8000,,,1.6000,Square,304.80mm x 304.80mm,"0.0090"" (0.229mm)",,,0.2290,92903.0400,0.0133,,13.6501,0.1391
TP-0040,https://datasheets.tdx.henkel.com/BERGQUIST-SIL-PAD-TSP-3500-en_GL.pdf,SP2000-0.015-00-58,Bergquist,124.4800,"Pad, Sheet",,Thermal Pad,19.0500,12.7000,,,3.5000,Rectangular,19.05mm x 12.70mm,"0.0150"" (0.381mm)",,,0.3810,241.9350,0.5145,,529.4394,0.1058
TP-0041,https://www.tglobaltechnology.com/wp-content/uploads/2023/08/TG-A6200F_UK.pdf,TG-A6200F-150-150-1.5,t-Global Technology,1243.4500,"Pad, Sheet",,Thermal Pad,150.0000,150.0000,,,5.0000,Square,150.00mm x 150.00mm,"0.0591"" (1.500mm)",,,1.5000,22500.0000,0.0553,,56.8671,0.2915
TP-0042,https://www.tglobaltechnology.com/wp-content/uploads/2023/08/TG-A3500_UK.pdf,TG-A3500-40-40-5.0,t-Global Technology,125.1300,"Pad, Sheet",,Thermal Pad,40.0000,40.0000,,,3.5000,Square,40.00mm x 40.00mm,"0.197"" (5.00mm)",,,5.0000,1600.0000,0.0782,,80.4742,1.3883
TP-0043,https://www.tglobaltechnology.com/wp-content/uploads/2023/08/TG-A6200_UK.pdf,TG-A6200-40-40-1.5,t-Global Technology,125.7800,"Pad, Sheet",,Thermal Pad,40.0000,40.0000,,,6.2000,Square,40.00mm x 40.00mm,"0.0591"" (1.500mm)",,,1.5000,1600.0000,0.0786,,80.8923,0.2351
TP-0044,https://www.tglobaltechnology.com/wp-content/uploads/2023/08/TG-A38KX_UK.pdf,TG-A38KX-190-140-3.0-1A,t-Global Technology,1253.8500,"Pad, Sheet",,Thermal Pad,190.0000,140.0000,,,3.8000,Rectangular,190.00mm x 140.00mm,"0.118"" (3.00mm)",,,3.0000,26600.0000,0.0471,,48.5042,0.7672
TP-0045,https://www.tglobaltechnology.com/wp-content/uploads/2023/08/TG-A38KX_UK.pdf,TG-A38KX-190-140-3.0-2A,t-Global Technology,1289.9300,"Pad, Sheet",,Thermal Pad,190.0000,140.0000,,,3.8000,Rectangular,190.00mm x 140.00mm,"0.118"" (3.00mm)",,,3.0000,26600.0000,0.0485,,49.8999,0.7672
TP-0046,https://www.tglobaltechnology.com/wp-content/uploads/2023/08/TG-A6200_UK.pdf,TG-A6200-15-15-1.0,t-Global Technology,13.0000,"Pad, Sheet",,Thermal Pad,15.0000,15.0000,,,6.2000,Square,15.00mm x 15.00mm,"0.0394"" (1.000mm)",,,1.0000,225.0000,0.0578,,59.4533,0.1567
TP-0047,https://www.tglobaltechnology.com/wp-content/uploads/2023/08/TG-A6200_UK.pdf,TG-A6200-10-10-3.0,t-Global Technology,13.9800,"Pad, Sheet",,Thermal Pad,10.0000,10.0000,,,6.2000,Square,10.00mm x 10.00mm,"0.118"" (3.00mm)",,,3.0000,100.0000,0.1398,,143.8542,0.4702
TP-0048,https://www.tglobaltechnology.com/wp-content/uploads/2023/08/TG-A38KX_UK.pdf,TG-A38KX-385-285-10.0-2A,t-Global Technology,13089.3800,"Pad, Sheet",,Thermal Pad,385.0000,285.0000,,,3.8000,Rectangular,385.00mm x 285.00mm,"0.394"" (10.00mm)",,,10.0000,109725.0000,0.1193,,122.7521,2.5574
TP-0049,https://www.tglobaltechnology.com/wp-content/uploads/2023/08/TG-A6200_UK.pdf,TG-A6200-25-25-5.0,t-Global Technology,131.9500,"Pad, Sheet",,Thermal Pad,25.0000,25.0000,,,6.2000,Square,25.00mm x 25.00mm,"0.197"" (5.00mm)",,,5.0000,625.0000,0.2111,,217.2425,0.7837
TP-0050,https://datasheets.tdx.henkel.com/BERGQUIST-SIL-PAD-TSP-K1300-en_GL.pdf,SPK10-0.006-00-05,Bergquist,132.9300,"Pad, Sheet",,Thermal Pad,41.9100,28.9600,,,1.3000,Rhombus,41.91mm x 28.96mm,"0.0060"" (0.152mm)",,,0.1520,606.8568,0.2190,,225.3991,0.1136
TP-0051,https://www.tglobaltechnology.com/wp-content/uploads/2023/08/TG-A38KX_UK.pdf,TG-A38KX-385-285-0.3,t-Global Technology,1324.7000,"Pad, Sheet",,Thermal Pad,385.0000,285.0000,,,3.8000,Rectangular,385.00mm x 285.00mm,"0.0118"" (0.300mm)",,,0.3000,109725.0000,0.0121,,12.4230,0.0767
TP-0052,https://www.tglobaltechnology.com/wp-content/uploads/2023/08/TG-A20KX_UK.pdf,TG-A20KX-385-285-1.0-1A,t-Global Technology,1358.5000,"Pad, Sheet",,Thermal Pad,385.0000,285.0000,,,2.0000,Rectangular,385.00mm x 285.00mm,"0.0394"" (1.000mm)",,,1.0000,109725.0000,0.0124,,12.7400,0.4859
TP-0053,https://www.sameskydevices.com/product/resource/digikeypdf/af200.pdf,AF500-707005,Same Sky (Formerly CUI Devices),1384.8300,"Pad, Sheet",,Thermal Pad,70.0000,70.0000,,,3.0000,Square,70.00mm x 70.00mm,"0.0197"" (0.500mm)",,,0.5000,4900.0000,0.2826,,290.8143,0.1620
TP-0054,https://datasheets.tdx.henkel.com/BERGQUIST-HI-FLOW-THF-800AC-en_GL.pdf,HF115AC-0.0055-AC-58,Bergquist,14.3000,"Pad, Sheet",,Thermal Pad,19.0500,12.7000,,,0.8000,Rectangular,19.05mm x 12.70mm,"0.0055"" (0.140mm)",,,0.1400,241.9350,0.0591,,60.8209,0.1701
TP-0055,https://www.tglobaltechnology.com/wp-content/uploads/2023/08/TG-A3500_UK.pdf,TG-A3500-20-20-1.5,t-Global Technology,14.3000,"Pad, Sheet",,Thermal Pad,20.0000,20.0000,,,3.5000,Square,20.00mm x 20.00mm,"0.0591"" (1.500mm)",,,1.5000,400.0000,0.0358,,36.7868,0.4165
TP-0056,https://www.tglobaltechnology.com/wp-content/uploads/2023/08/TG-A6200_UK.pdf,TG-A6200-20-20-0.5,t-Global Technology,14.9500,"Pad, Sheet",,Thermal Pad,20.0000,20.0000,,,6.2000,Square,20.00mm x 20.00mm,"0.0197"" (0.500mm)",,,0.5000,400.0000,0.0374,,38.4589,0.0784
TP-0057,https://www.tglobaltechnology.com/wp-content/uploads/2023/08/TG-A3500_UK.pdf,TG-A3500-19.50-12.70-3.0,t-Global Technology,14.9500,"Pad, Sheet",,Thermal Pad,19.5000,12.7000,,,3.5000,Rectangular,19.50mm x 12.70mm,"0.118"" (3.00mm)",,,3.0000,247.6500,0.0604,,62.1181,0.8330
TP-0058,https://www.tglobaltechnology.com/wp-content/uploads/2024/03/TG-A20KF_UK.pdf,TG-A20KF-385-285-0.5-1A,t-Global Technology,1404.0000,"Pad, Sheet",,Thermal Pad,385.0000,285.0000,,,1.8000,Rectangular,385.00mm x 285.00mm,"0.0197"" (0.500mm)",,,0.5000,109725.0000,0.0128,,13.1667,0.2699
TP-0059,https://datasheets.tdx.henkel.com/BERGQUIST-GAP-PAD-TGP-2400-en_GL.pdf,GP2500S20-0.010-02-0816,Bergquist,1405.9500,"Pad, Sheet",,Thermal Pad,406.4000,203.2000,,,2.4000,Rectangular,406.40mm x 203.20mm,"0.0100"" (0.254mm)",,,0.2540,82580.4800,0.0170,,17.5189,0.1029
TP-0060,https://wakefieldthermal.com/content/data_sheets/Double_Sided_Tape_WakefieldThermal.pdf,DST-50-1-76X127,Wakefield Thermal Solutions,142.0300,"Pad, Sheet",,Thermal Pad,127.0000,76.0000,,,1.0000,Rectangular,127.00mm x 76.00mm,"0.0197"" (0.500mm)",,,0.5000,9652.0000,0.0147,,15.1418,0.4859
TP-0061,https://www.tglobaltechnology.com/wp-content/uploads/2023/08/TG-A3500_UK.pdf,TG-A3500-100-100-0.5,t-Global Technology,143.3300,"Pad, Sheet",,Thermal Pad,100.0000,100.0000,,,3.5000,Square,100.00mm x 100.00mm,"0.0197"" (0.500mm)",,,0.5000,10000.0000,0.0143,,14.7487,0.1388
TP-0062,https://www.sameskydevices.com/product/resource/digikeypdf/af200.pdf,AF500-202005,Same Sky (Formerly CUI Devices),1430.6500,"Pad, Sheet",,Thermal Pad,20.0000,20.0000,,,3.0000,Square,20.00mm x 20.00mm,"0.0197"" (0.500mm)",,,0.5000,400.0000,3.5766,,3680.3471,0.1620
TP-0063,https://www.tglobaltechnology.com/wp-content/uploads/2023/08/TG-A6200F_UK.pdf,TG-A6200F-150-150-2.0,t-Global Technology,1431.6300,"Pad, Sheet",,Thermal Pad,150.0000,150.0000,,,5.0000,Square,150.00mm x 150.00mm,"0.0790"" (2.000mm)",,,2.0000,22500.0000,0.0636,,65.4732,0.3887
TP-0064,https://www.tglobaltechnology.com/wp-content/uploads/2023/08/TG-A6200_UK.pdf,TG-A6200-100-100-5.0,t-Global Technology,1437.8000,"Pad, Sheet",,Thermal Pad,100.0000,100.0000,,,6.2000,Square,100.00mm x 100.00mm,"0.197"" (5.00mm)",,,5.0000,10000.0000,0.1438,,147.9496,0.7837
TP-0065,https://datasheets.tdx.henkel.com/BERGQUIST-SIL-PAD-TSP-K1300-en_GL.pdf,2165804,Bergquist,1439.1000,"Pad, Sheet",,Thermal Pad,304.8000,292.1000,,,1.3000,Rectangular,304.80mm x 292.10mm,"0.0060"" (0.152mm)",,,0.1520,89032.0800,0.0162,,16.6326,0.1136
TP-0066,https://www.tglobaltechnology.com/wp-content/uploads/2023/08/TG-A6200_UK.pdf,TG-A6200-40-40-2.0,t-Global Technology,145.9300,"Pad, Sheet",,Thermal Pad,40.0000,40.0000,,,6.2000,Square,40.00mm x 40.00mm,"0.0790"" (2.000mm)",,,2.0000,1600.0000,0.0912,,93.8512,0.3135
TP-0067,https://www.tglobaltechnology.com/wp-content/uploads/2023/08/TG-A6200_UK.pdf,TG-A6200-30-30-4.0,t-Global Technology,145.9300,"Pad, Sheet",,Thermal Pad,30.0000,30.0000,,,6.2000,Square,30.00mm x 30.00mm,"0.157"" (4.00mm)",,,4.0000,900.0000,0.1621,,166.8466,0.6270
TP-0068,https://www.tglobaltechnology.com/wp-content/uploads/2024/03/TG-A38KF_UK.pdf,TG-A38KF-190-140-4.0,t-Global Technology,1462.8300,"Pad, Sheet",,Thermal Pad,190.0000,140.0000,,,3.3000,Rectangular,190.00mm x 140.00mm,"0.157"" (4.00mm)",,,4.0000,26600.0000,0.0550,,56.5884,1.1780
TP-0069,https://www.tglobaltechnology.com/wp-content/uploads/2023/08/TG-A20KX_UK.pdf,TG-A20KX-285-190-3.0-1A,t-Global Technology,1464.4500,"Pad, Sheet",,Thermal Pad,285.0000,190.0000,,,2.0000,Rectangular,285.00mm x 190.00mm,"0.118"" (3.00mm)",,,3.0000,54150.0000,0.0270,,27.8286,1.4577
TP-0070,https://www.tglobaltechnology.com/wp-content/uploads/2023/08/TG-A6200F_UK.pdf,TG-A6200F-100-100-5.0,t-Global Technology,1467.0500,"Pad, Sheet",,Thermal Pad,100.0000,100.0000,,,5.0000,Square,100.00mm x 100.00mm,"0.197"" (5.00mm)",,,5.0000,10000.0000,0.1467,,150.9594,0.9718
TP-0071,https://www.tglobaltechnology.com/wp-content/uploads/2023/08/TG-A3500_UK.pdf,TG-A3500-90-20-4.5,t-Global Technology,148.8500,"Pad, Sheet",,Thermal Pad,90.0000,20.0000,,,3.5000,Rectangular,90.00mm x 20.00mm,"0.177"" (4.50mm)",,,4.5000,1800.0000,0.0827,,85.0926,1.2495
TP-0072,https://www.sameskydevices.com/product/resource/digikeypdf/af200.pdf,AF500-101005,Same Sky (Formerly CUI Devices),1480.3800,"Pad, Sheet",,Thermal Pad,10.0000,10.0000,,,3.0000,Square,10.00mm x 10.00mm,"0.0197"" (0.500mm)",,,0.5000,100.0000,14.8038,,15233.1102,0.1620
TP-0073,https://www.tglobaltechnology.com/wp-content/uploads/2023/08/TG-A3500_UK.pdf,TG-A3500-15-15-4.0,t-Global Technology,15.2800,"Pad, Sheet",,Thermal Pad,15.0000,15.0000,,,3.5000,Square,15.00mm x 15.00mm,"0.157"" (4.00mm)",,,4.0000,225.0000,0.0679,,69.8805,1.1106
TP-0074,https://www.tglobaltechnology.com/wp-content/uploads/2023/08/TG-A6200_UK.pdf,TG-A6200-16-16-1.0,t-Global Technology,15.6000,"Pad, Sheet",,Thermal Pad,16.0000,16.0000,,,6.2000,Square,16.00mm x 16.00mm,"0.0394"" (1.000mm)",,,1.0000,256.0000,0.0609,,62.7047,0.1567
TP-0075,https://www.tglobaltechnology.com/wp-content/uploads/2023/08/TG-A6200_UK.pdf,TG-A6200-19.50-12.70-1.0,t-Global Technology,15.6000,"Pad, Sheet",,Thermal Pad,19.5000,12.7000,,,6.2000,Rectangular,19.50mm x 12.70mm,"0.0394"" (1.000mm)",,,1.0000,247.6500,0.0630,,64.8189,0.1567
TP-0076,//mm.digikey.com/Volume0/opasdata/d220001/medias/docus/520/Sil-Pad_Selection_Guide.pdf,SP400-0.007-00-58,Bergquist,15.9300,"Pad, Sheet",,Thermal Pad,19.0500,12.7000,,,0.9000,Rectangular,19.05mm x 12.70mm,"0.0070"" (0.178mm)",,,0.1780,241.9350,0.0658,,67.7536,0.1922
TP-0077,https://www.tglobaltechnology.com/wp-content/uploads/2023/08/TG-A3500_UK.pdf,TG-A3500-30-30-0.5,t-Global Technology,15.9300,"Pad, Sheet",,Thermal Pad,30.0000,30.0000,,,3.5000,Square,30.00mm x 30.00mm,"0.0197"" (0.500mm)",,,0.5000,900.0000,0.0177,,18.2133,0.1388
TP-0078,https://www.sameskydevices.com/product/resource/digikeypdf/af200.pdf,AF500-505005,Same Sky (Formerly CUI Devices),1500.8500,"Pad, Sheet",,Thermal Pad,50.0000,50.0000,,,3.0000,Square,50.00mm x 50.00mm,"0.0197"" (0.500mm)",,,0.5000,2500.0000,0.6003,,617.7499,0.1620
TP-0079,https://www.sameskydevices.com/product/resource/digikeypdf/af200.pdf,AF500-404005,Same Sky (Formerly CUI Devices),1501.5000,"Pad, Sheet",,Thermal Pad,40.0000,40.0000,,,3.0000,Square,40.00mm x 40.00mm,"0.0197"" (0.500mm)",,,0.5000,1600.0000,0.9384,,965.6522,0.1620
TP-0080,https://www.tglobaltechnology.com/wp-content/uploads/2023/08/TG-A20KX_UK.pdf,TG-A20KX-385-285-1.0-2A,t-Global Technology,1501.5000,"Pad, Sheet",,Thermal Pad,385.0000,285.0000,,,2.0000,Rectangular,385.00mm x 285.00mm,"0.0394"" (1.000mm)",,,1.0000,109725.0000,0.0137,,14.0811,0.4859
TP-0081,https://www.sameskydevices.com/product/resource/digikeypdf/af200.pdf,AF500-204005,Same Sky (Formerly CUI Devices),1501.5000,"Pad, Sheet",,Thermal Pad,20.0000,40.0000,,,3.0000,Rectangular,20.00mm x 40.00mm,"0.0197"" (0.500mm)",,,0.5000,800.0000,1.8769,,1931.3044,0.1620
TP-0082,https://www.tglobaltechnology.com/wp-content/uploads/2023/08/TG-A38KX_UK.pdf,TG-A38KX-285-190-2.0,t-Global Technology,1529.7800,"Pad, Sheet",,Thermal Pad,285.0000,190.0000,,,3.8000,Rectangular,285.00mm x 190.00mm,"0.0790"" (2.000mm)",,,2.0000,54150.0000,0.0283,,29.0701,0.5115
TP-0083,https://www.tglobaltechnology.com/wp-content/uploads/2023/08/TG-A20KX_UK.pdf,TG-A20KX-285-190-3.0-2A,t-Global Technology,1535.6300,"Pad, Sheet",,Thermal Pad,285.0000,190.0000,,,2.0000,Rectangular,285.00mm x 190.00mm,"0.118"" (3.00mm)",,,3.0000,54150.0000,0.0284,,29.1812,1.4577
TP-0084,https://wakefieldthermal.com/content/data_sheets/Double_Sided_Tape_WakefieldThermal.pdf,DST-64-1-76X127,Wakefield Thermal Solutions,154.0500,"Pad, Sheet",,Thermal Pad,127.0000,76.0000,,,1.0000,Rectangular,127.00mm x 76.00mm,"0.0250"" (0.635mm)",,,0.6350,9652.0000,0.0160,,16.4233,0.6171
TP-0085,https://www.tglobaltechnology.com/wp-content/uploads/2024/03/TG-A20KF_UK.pdf,TG-A20KF-285-190-4.0-1A,t-Global Technology,1580.4800,"Pad, Sheet",,Thermal Pad,285.0000,190.0000,,,1.8000,Rectangular,285.00mm x 190.00mm,"0.157"" (4.00mm)",,,4.0000,54150.0000,0.0292,,30.0335,2.1596
TP-0086,https://www.sameskydevices.com/product/resource/digikeypdf/af200.pdf,AF500-151505,Same Sky (Formerly CUI Devices),1583.4000,"Pad, Sheet",,Thermal Pad,15.0000,15.0000,,,3.0000,Square,15.00mm x 15.00mm,"0.0197"" (0.500mm)",,,0.5000,225.0000,7.0373,,7241.4160,0.1620
TP-0087,https://www.tglobaltechnology.com/wp-content/uploads/2023/08/TG-A38KX_UK.pdf,TG-A38KX-190-140-4.0-1A,t-Global Technology,1585.0300,"Pad, Sheet",,Thermal Pad,190.0000,140.0000,,,3.8000,Rectangular,190.00mm x 140.00mm,"0.157"" (4.00mm)",,,4.0000,26600.0000,0.0596,,61.3156,1.0230
TP-0088,//mm.digikey.com/Volume0/opasdata/d220001/medias/docus/644/ThermalCladSelectionGuide.pdf,SP400-0.009-00-05,Bergquist,16.2500,"Pad, Sheet",,Thermal Pad,41.9100,28.9600,,,0.9000,Rhombus,41.91mm x 28.96mm,"0.0090"" (0.229mm)",,,0.2290,606.8568,0.0268,,27.5539,0.2473
TP-0089,https://dm.henkel-dam.com/is/content/henkel/lt-8116-brochure-thermal-interface-materials-selection-guide-1,Q3-0.005-00-90,Bergquist,16.9000,"Pad, Sheet",,Thermal Pad,21.8400,18.7900,,,2.0000,Rectangular,21.84mm x 18.79mm,"0.0050"" (0.127mm)",,,0.1270,410.3736,0.0412,,42.3763,0.0617
TP-0090,https://datasheets.tdx.henkel.com/BERGQUIST-SIL-PAD-TSP-1200-en_GL.pdf,2192612,Bergquist,16.9000,"Pad, Sheet",,Thermal Pad,19.0500,12.7000,,,1.2000,Rectangular,19.05mm x 12.70mm,"0.0090"" (0.229mm)",,,0.2290,241.9350,0.0699,,71.8792,0.1855
TP-0091,https://www.tglobaltechnology.com/wp-content/uploads/2023/08/TG-A3500_UK.pdf,TG-A3500-20-10-5.0,t-Global Technology,16.9000,"Pad, Sheet",,Thermal Pad,20.0000,10.0000,,,3.5000,Rectangular,20.00mm x 10.00mm,"0.197"" (5.00mm)",,,5.0000,200.0000,0.0845,,86.9505,1.3883
TP-0092,https://www.tglobaltechnology.com/wp-content/uploads/2023/08/TG-A20KX_UK.pdf,TG-A20KX-385-285-1.5,t-Global Technology,1602.9000,"Pad, Sheet",,Thermal Pad,385.0000,285.0000,,,2.0000,Rectangular,385.00mm x 285.00mm,"0.0591"" (1.500mm)",,,1.5000,109725.0000,0.0146,,15.0320,0.7289
TP-0093,https://www.laird.com/document/datasheet/tpcm-900-datasheet,A10832-02,Laird Technologies - Thermal Materials,1617.5300,"Pad, Sheet",,Thermal Pad,228.6000,228.6000,,,2.2000,Square,228.60mm x 228.60mm,"0.0100"" (0.254mm)",,,0.2540,52257.9600,0.0310,,31.8504,0.1122
TP-0094,https://datasheets.tdx.henkel.com/BERGQUIST-GAP-PAD-TGP-1500-en_GL.pdf,GP1500-0.125-02-0816,Bergquist,1638.0000,"Pad, Sheet",,Thermal Pad,406.4000,203.2000,,,1.5000,Rectangular,406.40mm x 203.20mm,"0.125"" (3.18mm)",,,3.1800,82580.4800,0.0198,,20.4104,2.0603
TP-0095,https://www.tglobaltechnology.com/wp-content/uploads/2023/08/TG-A38KX_UK.pdf,TG-A38KX-385-285-0.5-1A,t-Global Technology,1688.3800,"Pad, Sheet",,Thermal Pad,385.0000,285.0000,,,3.8000,Rectangular,385.00mm x 285.00mm,"0.0197"" (0.500mm)",,,0.5000,109725.0000,0.0154,,15.8336,0.1279
TP-0096,https://www.tglobaltechnology.com/wp-content/uploads/2023/08/TG-A3500_UK.pdf,TG-A3500-20-20-2.0,t-Global Technology,17.2300,"Pad, Sheet",,Thermal Pad,20.0000,20.0000,,,3.5000,Square,20.00mm x 20.00mm,"0.0790"" (2.000mm)",,,2.0000,400.0000,0.0431,,44.3242,0.5553
TP-0097,https://datasheets.tdx.henkel.com/BERGQUIST-SIL-PAD-TSP-1600S-en_GL.pdf,SP900S-0.009-00-90,Bergquist,17.5500,"Pad, Sheet",,Thermal Pad,21.8400,18.8000,,,1.6000,Rectangular,21.84mm x 18.80mm,"0.0090"" (0.229mm)",,,0.2290,410.5920,0.0427,,43.9827,0.1391
TP-0098,https://www.tglobaltechnology.com/wp-content/uploads/2023/08/TG-A3500_UK.pdf,TG-A3500-25-25-1.0,t-Global Technology,17.5500,"Pad, Sheet",,Thermal Pad,25.0000,25.0000,,,3.5000,Square,25.00mm x 25.00mm,"0.0394"" (1.000mm)",,,1.0000,625.0000,0.0281,,28.8943,0.2777
TP-0099,http://tds.loctite.com/tds5/Studio/ShowPDF/BERGQUIST%20SIL%20PAD%20TSP%20K900-EN?pid=BERGQUIST%20SIL%20PAD%20TSP%20K900&format=MTR&subformat=HYS&language=EN&plant=WERCS,SPK4-0.006-00-54,Bergquist,17.8800,"Pad, Sheet",,Thermal Pad,19.0500,12.7000,,,0.9000,Rectangular,19.05mm x 12.70mm,"0.0060"" (0.152mm)",,,0.1520,241.9350,0.0739,,76.0474,0.1641
TP-0100,https://www.tglobaltechnology.com/wp-content/uploads/2023/08/TG-A6200F_UK.pdf,TG-A6200F-150-150-2.5,t-Global Technology,1708.2000,"Pad, Sheet",,Thermal Pad,150.0000,150.0000,,,5.0000,Square,150.00mm x 150.00mm,"0.0984"" (2.500mm)",,,2.5000,22500.0000,0.0759,,78.1217,0.4859
TP-0101,https://wakefieldthermal.com/content/data_sheets/Double_Sided_Tape_WakefieldThermal.pdf,DST-16-1.3-76X127,Wakefield Thermal Solutions,172.2500,"Pad, Sheet",,Thermal Pad,127.0000,76.0000,,,1.3000,Rectangular,127.00mm x 76.00mm,"0.0063"" (0.160mm)",,,0.1600,9652.0000,0.0178,,18.3636,0.1196
TP-0102,https://www.tglobaltechnology.com/wp-content/uploads/2023/08/TG-A38KX_UK.pdf,TG-A38KX-285-190-2.5-2A,t-Global Technology,1728.0300,"Pad, Sheet",,Thermal Pad,285.0000,190.0000,,,3.8000,Rectangular,285.00mm x 190.00mm,"0.0984"" (2.500mm)",,,2.5000,54150.0000,0.0319,,32.8374,0.6394
TP-0103,https://www.sameskydevices.com/product/resource/digikeypdf/sf100.pdf,SF100-707005,Same Sky (Formerly CUI Devices),175.8300,"Pad, Sheet",,Thermal Pad,70.0000,70.0000,,,1.5000,Square,70.00mm x 70.00mm,"0.0197"" (0.500mm)",,,0.5000,4900.0000,0.0359,,36.9243,0.3239
TP-0104,https://www.tglobaltechnology.com/wp-content/uploads/2023/08/TG-A6200_UK.pdf,TG-A6200-10-10-4.0,t-Global Technology,18.2000,"Pad, Sheet",,Thermal Pad,10.0000,10.0000,,,6.2000,Square,10.00mm x 10.00mm,"0.157"" (4.00mm)",,,4.0000,100.0000,0.1820,,187.2780,0.6270
TP-0105,https://www.tglobaltechnology.com/wp-content/uploads/2023/08/TG-A6200_UK.pdf,TG-A6200-15-15-1.5,t-Global Technology,18.5300,"Pad, Sheet",,Thermal Pad,15.0000,15.0000,,,6.2000,Square,15.00mm x 15.00mm,"0.0591"" (1.500mm)",,,1.5000,225.0000,0.0824,,84.7439,0.2351
TP-0106,https://www.tglobaltechnology.com/wp-content/uploads/2023/08/TG-A3500_UK.pdf,TG-A3500-15-15-5.0,t-Global Technology,18.5300,"Pad, Sheet",,Thermal Pad,15.0000,15.0000,,,3.5000,Square,15.00mm x 15.00mm,"0.197"" (5.00mm)",,,5.0000,225.0000,0.0824,,84.7439,1.3883
TP-0107,https://info.boydcorp.com/hubfs/Thermal/Air-Cooling/Boyd-Board-Level-Heatsinks-Catalog.pdf,53-77-9G,"Boyd Laconia, LLC",18.8500,"Pad, Sheet",,Thermal Pad,18.4200,13.2100,,,0.9000,Rectangular,18.42mm x 13.21mm,"0.0060"" (0.152mm)",,,0.1520,243.3282,0.0775,,79.7139,0.1641
TP-0108,https://wakefieldthermal.com/content/data_sheets/Thermal%20Interface%20Materials.pdf,173-7-220P,Wakefield Thermal Solutions,18.8500,"Pad, Sheet",,Thermal Pad,17.8100,12.7000,,,1.2000,Rectangular,17.81mm x 12.70mm,"0.0070"" (0.178mm)",,,0.1780,226.1870,0.0833,,85.7549,0.1442
TP-0109,https://www.tglobaltechnology.com/wp-content/uploads/2023/08/TG-A3500_UK.pdf,TG-A3500-100-100-0.8,t-Global Technology,180.3800,"Pad, Sheet",,Thermal Pad,100.0000,100.0000,,,3.5000,Square,100.00mm x 100.00mm,"0.0310"" (0.787mm)",,,0.7870,10000.0000,0.0180,,18.5611,0.2185
TP-0110,https://datasheets.tdx.henkel.com/BERGQUIST-GAP-PAD-TGP-1100SF-en_GL.pdf,GP1000SF-0.020-02-0816,Bergquist,1800.5000,"Pad, Sheet",,Thermal Pad,406.4000,203.2000,,,0.9000,Rectangular,406.40mm x 203.20mm,"0.0200"" (0.508mm)",,,0.5080,82580.4800,0.0218,,22.4353,0.5485
TP-0111,https://www.tglobaltechnology.com/wp-content/uploads/2023/08/TG-A6200_UK.pdf,TG-A6200-30-30-5.0,t-Global Technology,181.0300,"Pad, Sheet",,Thermal Pad,30.0000,30.0000,,,6.2000,Square,30.00mm x 30.00mm,"0.197"" (5.00mm)",,,5.0000,900.0000,0.2011,,206.9776,0.7837
TP-0112,https://datasheets.tdx.henkel.com/BERGQUIST-SIL-PAD-TSP-1600S-en_GL.pdf,SP900S-0.009-00-114,Bergquist,19.5000,"Pad, Sheet",,Thermal Pad,24.0000,21.0100,,,1.6000,Rectangular,24.00mm x 21.01mm,"0.0090"" (0.229mm)",,,0.2290,504.2400,0.0387,,39.7936,0.1391
TP-0113,https://www.tglobaltechnology.com/wp-content/uploads/2023/08/TG-A6200_UK.pdf,TG-A6200-24-21.01-0.5,t-Global Technology,19.5000,"Pad, Sheet",,Thermal Pad,24.0000,21.0100,,,6.2000,Rectangular,24.00mm x 21.01mm,"0.0197"" (0.500mm)",,,0.5000,504.2400,0.0387,,39.7936,0.0784
TP-0114,https://www.tglobaltechnology.com/wp-content/uploads/2023/08/TG-A6200_UK.pdf,TG-A6200-20-10-2.0,t-Global Technology,19.8300,"Pad, Sheet",,Thermal Pad,20.0000,10.0000,,,6.2000,Rectangular,20.00mm x 10.00mm,"0.0790"" (2.000mm)",,,2.0000,200.0000,0.0991,,102.0253,0.3135
TP-0115,https://datasheets.tdx.henkel.com/BERGQUIST-GAP-PAD-TGP-2400-en_GL.pdf,GP2500S20-0.020-02-0816,Bergquist,1904.5000,"Pad, Sheet",,Thermal Pad,406.4000,203.2000,,,2.4000,Rectangular,406.40mm x 203.20mm,"0.0200"" (0.508mm)",,,0.5080,82580.4800,0.0231,,23.7312,0.2057
TP-0116,https://www.tglobaltechnology.com/wp-content/uploads/2023/08/TG-A38KX_UK.pdf,TG-A38KX-190-140-5.0-1A,t-Global Technology,1910.3500,"Pad, Sheet",,Thermal Pad,190.0000,140.0000,,,3.8000,Rectangular,190.00mm x 140.00mm,"0.197"" (5.00mm)",,,5.0000,26600.0000,0.0718,,73.9004,1.2787
TP-0117,https://www.tglobaltechnology.com/wp-content/uploads/2024/03/TG-A38KF_UK.pdf,TG-A38KF-385-285-0.5-1A,t-Global Technology,1980.5500,"Pad, Sheet",,Thermal Pad,385.0000,285.0000,,,1.8000,Rectangular,385.00mm x 285.00mm,"0.0197"" (0.500mm)",,,0.5000,109725.0000,0.0181,,18.5736,0.2699
TP-0118,https://www.tglobaltechnology.com/wp-content/uploads/2023/08/TG-A6200F_UK.pdf,TG-A6200F-150-150-3.0,t-Global Technology,1980.8800,"Pad, Sheet",,Thermal Pad,150.0000,150.0000,,,5.0000,Square,150.00mm x 150.00mm,"0.118"" (3.00mm)",,,3.0000,22500.0000,0.0880,,90.5922,0.5831
TP-0119,//mm.digikey.com/Volume0/opasdata/d220001/medias/docus/520/Sil-Pad_Selection_Guide.pdf,Q3-0.005-00-101,Bergquist,20.1500,"Pad, Sheet",,Thermal Pad,63.5000,50.8000,,,2.0000,Rectangular,63.50mm x 50.80mm,"0.0050"" (0.127mm)",,,0.1270,3225.8000,0.0062,,6.4277,0.0617
TP-0120,https://datasheets.tdx.henkel.com/BERGQUIST-GAP-PAD-TGP-2400-en_GL.pdf,GP2500S20-0.040-02-0816,Bergquist,2006.2300,"Pad, Sheet",,Thermal Pad,406.4000,203.2000,,,2.4000,Rectangular,406.40mm x 203.20mm,"0.0400"" (1.016mm)",,,1.0160,82580.4800,0.0243,,24.9988,0.4114
TP-0121,https://www.tglobaltechnology.com/wp-content/uploads/2023/08/TG-A6200_UK.pdf,TG-A6200-40-40-3.0,t-Global Technology,204.4300,"Pad, Sheet",,Thermal Pad,40.0000,40.0000,,,6.2000,Square,40.00mm x 40.00mm,"0.118"" (3.00mm)",,,3.0000,1600.0000,0.1278,,131.4740,0.4702
TP-0122,https://datasheets.tdx.henkel.com/BERGQUIST-GAP-PAD-TGP-5000-en_GL.pdf,GP5000S35-0.020-02-0816,Bergquist,2067.6500,"Pad, Sheet",,Thermal Pad,406.4000,203.2000,,,5.0000,Rectangular,406.40mm x 203.20mm,"0.0200"" (0.508mm)",,,0.5080,82580.4800,0.0250,,25.7641,0.0987
TP-0123,https://www.tglobaltechnology.com/wp-content/uploads/2023/08/TG-A20KX_UK.pdf,TG-A20KX-385-285-2.0-1A,t-Global Technology,2098.2000,"Pad, Sheet",,Thermal Pad,385.0000,285.0000,,,2.0000,Rectangular,385.00mm x 285.00mm,"0.0790"" (2.000mm)",,,2.0000,109725.0000,0.0191,,19.6769,0.9718
TP-0124,https://www.tglobaltechnology.com/wp-content/uploads/2023/08/TG-A3500_UK.pdf,TG-A3500-25-25-1.5,t-Global Technology,21.1300,"Pad, Sheet",,Thermal Pad,25.0000,25.0000,,,3.5000,Square,25.00mm x 25.00mm,"0.0591"" (1.500mm)",,,1.5000,625.0000,0.0338,,34.7884,0.4165
TP-0125,https://www.tglobaltechnology.com/wp-content/uploads/2023/08/TG-A6200_UK.pdf,TG-A6200-15-15-2.0,t-Global Technology,21.4500,"Pad, Sheet",,Thermal Pad,15.0000,15.0000,,,6.2000,Square,15.00mm x 15.00mm,"0.0790"" (2.000mm)",,,2.0000,225.0000,0.0953,,98.0980,0.3135
TP-0126,https://datasheets.tdx.henkel.com/BERGQUIST-SIL-PAD-TSP-K1300-en_GL.pdf,SPK10-0.006-00-58,Bergquist,21.7800,"Pad, Sheet",,Thermal Pad,19.0500,12.7000,,,1.3000,Rectangular,19.05mm x 12.70mm,"0.0060"" (0.152mm)",,,0.1520,241.9350,0.0900,,92.6349,0.1136
TP-0127,https://www.tglobaltechnology.com/wp-content/uploads/2023/08/TG-A38KX_UK.pdf,TG-A38KX-385-285-1.0-1A,t-Global Technology,2120.3000,"Pad, Sheet",,Thermal Pad,385.0000,285.0000,,,3.8000,Rectangular,385.00mm x 285.00mm,"0.0394"" (1.000mm)",,,1.0000,109725.0000,0.0193,,19.8842,0.2557
TP-0128,https://datasheets.tdx.henkel.com/BERGQUIST-GAP-PAD-TGP-2400-en_GL.pdf,GP2500S20-0.015-02-0816,Bergquist,2169.3800,"Pad, Sheet",,Thermal Pad,406.4000,203.2000,,,2.4000,Rectangular,406.40mm x 203.20mm,"0.0150"" (0.381mm)",,,0.3810,82580.4800,0.0263,,27.0317,0.1543
TP-0129,https://www.tglobaltechnology.com/wp-content/uploads/2023/08/TG-A3500_UK.pdf,TG-A3500-100-100-1.0,t-Global Technology,217.1000,"Pad, Sheet",,Thermal Pad,100.0000,100.0000,,,3.5000,Square,100.00mm x 100.00mm,"0.0394"" (1.000mm)",,,1.0000,10000.0000,0.0217,,22.3396,0.2777
TP-0130,https://www.sensata.com/sites/default/files/a/sensata-hsp-8-thermal-pad-datasheet.pdf,HSP-8,Sensata-Crydom,217.1000,"Pad, Sheet",,Thermal Pad,,,,,0.0700,Rectangular,-,"0.0050"" (0.127mm)",,,0.1270,,,,,1.7632
TP-0131,https://www.tglobaltechnology.com/wp-content/uploads/2023/08/TG-A6200_UK.pdf,TG-A6200-310-310-0.5,t-Global Technology,2190.8300,"Pad, Sheet",,Thermal Pad,310.0000,310.0000,,,6.2000,Square,310.00mm x 310.00mm,"0.0197"" (0.500mm)",,,0.5000,96100.0000,0.0228,,23.4585,0.0784
TP-0132,https://dm.henkel-dam.com/is/content/henkel/lt-8116-brochure-thermal-interface-materials-selection-guide-1,Q3-0.005-00-54,Bergquist,22.1000,"Pad, Sheet",,Thermal Pad,19.0500,12.7000,,,2.0000,Rectangular,19.05mm x 12.70mm,"0.0050"" (0.127mm)",,,0.1270,241.9350,0.0913,,93.9959,0.0617
TP-0133,https://www.tglobaltechnology.com/wp-content/uploads/2023/08/TG-A6200_UK.pdf,TG-A6200-25-25-0.5,t-Global Technology,22.1000,"Pad, Sheet",,Thermal Pad,25.0000,25.0000,,,6.2000,Square,25.00mm x 25.00mm,"0.0197"" (0.500mm)",,,0.5000,625.0000,0.0354,,36.3854,0.0784
TP-0134,https://www.tglobaltechnology.com/wp-content/uploads/2023/08/TG-A3500_UK.pdf,TG-A3500-19.50-12.70-5.0,t-Global Technology,22.1000,"Pad, Sheet",,Thermal Pad,19.5000,12.7000,,,3.5000,Rectangular,19.50mm x 12.70mm,"0.197"" (5.00mm)",,,5.0000,247.6500,0.0892,,91.8268,1.3883
TP-0135,https://www.tglobaltechnology.com/wp-content/uploads/2023/08/TG-A3500_UK.pdf,TG-A3500-20-20-3.0,t-Global Technology,22.4300,"Pad, Sheet",,Thermal Pad,20.0000,20.0000,,,3.5000,Square,20.00mm x 20.00mm,"0.118"" (3.00mm)",,,3.0000,400.0000,0.0561,,57.7012,0.8330
TP-0136,https://www.tglobaltechnology.com/wp-content/uploads/2023/08/TG-A6200_UK.pdf,TG-A6200-10-10-5.0,t-Global Technology,22.7500,"Pad, Sheet",,Thermal Pad,10.0000,10.0000,,,6.2000,Square,10.00mm x 10.00mm,"0.197"" (5.00mm)",,,5.0000,100.0000,0.2275,,234.0975,0.7837
TP-0137,https://www.tglobaltechnology.com/wp-content/uploads/2023/08/TG-A3500F_UK.pdf,TG-A3500F-100-100-0.8,t-Global Technology,221.6500,"Pad, Sheet",,Thermal Pad,100.0000,100.0000,,,3.0000,Square,100.00mm x 100.00mm,"0.0310"" (0.787mm)",,,0.7870,10000.0000,0.0222,,22.8078,0.2549
TP-0138,https://www.tglobaltechnology.com/wp-content/uploads/2023/08/TG-A38KX_UK.pdf,TG-A38KX-385-285-1.0-2A,t-Global Technology,2259.7300,"Pad, Sheet",,Thermal Pad,385.0000,285.0000,,,3.8000,Rectangular,385.00mm x 285.00mm,"0.0394"" (1.000mm)",,,1.0000,109725.0000,0.0206,,21.1917,0.2557
TP-0139,https://www.tglobaltechnology.com/wp-content/uploads/2023/08/TG-A20KX_UK.pdf,TG-A20KX-285-190-5.0-2A,t-Global Technology,2267.8500,"Pad, Sheet",,Thermal Pad,285.0000,190.0000,,,2.0000,Rectangular,285.00mm x 190.00mm,"0.197"" (5.00mm)",,,5.0000,54150.0000,0.0419,,43.0954,2.4295
TP-0140,https://www.sameskydevices.com/product/resource/digikeypdf/sf100.pdf,SF100-204005,Same Sky (Formerly CUI Devices),228.4800,"Pad, Sheet",,Thermal Pad,20.0000,40.0000,,,1.5000,Rectangular,20.00mm x 40.00mm,"0.0197"" (0.500mm)",,,0.5000,800.0000,0.2856,,293.8824,0.3239
TP-0141,https://www.sameskydevices.com/product/resource/digikeypdf/sf100s.pdf,SF100S-301205,Same Sky (Formerly CUI Devices),228.8000,"Pad, Sheet",,Thermal Pad,30.0000,12.0000,,,1.5000,Rectangular,30.00mm x 12.00mm,"0.0197"" (0.500mm)",,,0.5000,360.0000,0.6356,,653.9867,0.3239
TP-0142,https://datasheets.tdx.henkel.com/BERGQUIST-SIL-PAD-TSP-K1300-en_GL.pdf,SPK10-0.006-00-90,Bergquist,23.4000,"Pad, Sheet",,Thermal Pad,21.8400,18.8000,,,1.3000,Rectangular,21.84mm x 18.80mm,"0.0060"" (0.152mm)",,,0.1520,410.5920,0.0570,,58.6436,0.1136
TP-0143,https://datasheets.tdx.henkel.com/BERGQUIST-SIL-PAD-TSP-K1300-en_GL.pdf,SPK10-0.006-00-51,Bergquist,23.4000,"Pad, Sheet",,Thermal Pad,17.4500,14.2700,,,1.3000,Rectangular,17.45mm x 14.27mm,"0.0060"" (0.152mm)",,,0.1520,249.0115,0.0940,,96.6967,0.1136
TP-0144,https://www.tglobaltechnology.com/wp-content/uploads/2023/08/TG-A6200_UK.pdf,TG-A6200-20-20-1.0,t-Global Technology,23.4000,"Pad, Sheet",,Thermal Pad,20.0000,20.0000,,,6.2000,Square,20.00mm x 20.00mm,"0.0394"" (1.000mm)",,,1.0000,400.0000,0.0585,,60.1965,0.1567
TP-0145,https://wakefieldthermal.com/content/data_sheets/Thermal%20Interface%20Materials.pdf,175-6-220P,Wakefield Thermal Solutions,23.7300,"Pad, Sheet",,Thermal Pad,18.0000,12.7000,,,0.5000,Rectangular,18.00mm x 12.70mm,"0.0060"" (0.152mm)",,,0.1520,228.6000,0.1038,,106.8161,0.2954
TP-0146,https://wakefieldthermal.com/content/data_sheets/Thermal%20Interface%20Materials.pdf,175-6-240P,Wakefield Thermal Solutions,23.7300,"Pad, Sheet",,Thermal Pad,19.1000,12.7000,,,0.5000,Rectangular,19.10mm x 12.70mm,"0.0060"" (0.152mm)",,,0.1520,242.5700,0.0978,,100.6644,0.2954
TP-0147,//mm.digikey.com/Volume0/opasdata/d220001/medias/docus/2578/Sil-Pad%20600.pdf,SP600-58,Bergquist,23.7300,"Pad, Sheet",,Thermal Pad,19.0500,12.7000,,,1.0000,Rectangular,19.05mm x 12.70mm,"0.0090"" (0.229mm)",,,0.2290,241.9350,0.0981,,100.9286,0.2225
TP-0148,https://www.tglobaltechnology.com/wp-content/uploads/2024/03/TG-A38KF_UK.pdf,TG-A38KF-385-285-1.0,t-Global Technology,2348.7800,"Pad, Sheet",,Thermal Pad,385.0000,285.0000,,,3.3000,Rectangular,385.00mm x 285.00mm,"0.0394"" (1.000mm)",,,1.0000,109725.0000,0.0214,,22.0268,0.2945
TP-0149,https://www.tglobaltechnology.com/wp-content/uploads/2023/08/TG-A20KX_UK.pdf,TG-A20KX-190-140-0.5,t-Global Technology,237.9000,"Pad, Sheet",,Thermal Pad,190.0000,140.0000,,,2.0000,Rectangular,190.00mm x 140.00mm,"0.0197"" (0.500mm)",,,0.5000,26600.0000,0.0089,,9.2030,0.2430
TP-0150,https://www.tglobaltechnology.com/wp-content/uploads/2023/08/TG-A3500_UK.pdf,TG-A3500-30-30-1.0,t-Global Technology,24.0500,"Pad, Sheet",,Thermal Pad,30.0000,30.0000,,,3.5000,Square,30.00mm x 30.00mm,"0.0394"" (1.000mm)",,,1.0000,900.0000,0.0267,,27.4972,0.2777
TP-0151,https://datasheets.tdx.henkel.com/BERGQUIST-SIL-PAD-TSP-K1300-en_GL.pdf,SPK10-0.006-00-104,Bergquist,24.3800,"Pad, Sheet",,Thermal Pad,25.4000,19.0500,,,1.3000,Rectangular,25.40mm x 19.05mm,"0.0060"" (0.152mm)",,,0.1520,483.8700,0.0504,,51.8466,0.1136
TP-0152,http://tds.loctite.com/tds5/Studio/ShowPDF/BERGQUIST%20SIL%20PAD%20TSP%201600S-EN?pid=BERGQUIST%20SIL%20PAD%20TSP%201600S&format=MTR&subformat=HYS&language=EN&plant=WERCS,SP900S-0.009-00-105,Bergquist,24.3800,"Pad, Sheet",,Thermal Pad,36.8300,21.2900,,,1.6000,Rectangular,36.83mm x 21.29mm,"0.0090"" (0.229mm)",,,0.2290,784.1107,0.0311,,31.9942,0.1391
TP-0153,https://www.tglobaltechnology.com/wp-content/uploads/2023/08/TG-A6200_UK.pdf,TG-A6200-100-100-0.5,t-Global Technology,241.4800,"Pad, Sheet",,Thermal Pad,100.0000,100.0000,,,6.2000,Square,100.00mm x 100.00mm,"0.0197"" (0.500mm)",,,0.5000,10000.0000,0.0241,,24.8483,0.0784
TP-0154,https://www.sameskydevices.com/product/resource/digikeypdf/sf100.pdf,SF100-202005,Same Sky (Formerly CUI Devices),245.3800,"Pad, Sheet",,Thermal Pad,20.0000,20.0000,,,1.5000,Square,20.00mm x 20.00mm,"0.0197"" (0.500mm)",,,0.5000,400.0000,0.6134,,631.2400,0.3239
TP-0155,https://www.tglobaltechnology.com/wp-content/uploads/2023/08/TG-A38KX_UK.pdf,TG-A38KX-285-190-3.0-2A,t-Global Technology,2481.3800,"Pad, Sheet",,Thermal Pad,285.0000,190.0000,,,3.8000,Rectangular,285.00mm x 190.00mm,"0.118"" (3.00mm)",,,3.0000,54150.0000,0.0458,,47.1531,0.7672
TP-0156,https://info.boydcorp.com/hubfs/Thermal/Conduction-Cooling/Boyd-Thermal-Interface-Materials-Catalog.pdf,53-77-4G,"Boyd Laconia, LLC",25.3500,"Pad, Sheet",,Thermal Pad,19.0500,12.7000,,,0.9000,Rectangular,19.05mm x 12.70mm,"0.0060"" (0.152mm)",,,0.1520,241.9350,0.1048,,107.8188,0.1641
TP-0157,https://www.tglobaltechnology.com/wp-content/uploads/2023/08/TG-A3500_UK.pdf,TG-A3500-25-25-2.0,t-Global Technology,25.3500,"Pad, Sheet",,Thermal Pad,25.0000,25.0000,,,3.5000,Square,25.00mm x 25.00mm,"0.0790"" (2.000mm)",,,2.0000,625.0000,0.0406,,41.7362,0.5553
TP-0158,https://www.tglobaltechnology.com/wp-content/uploads/2023/08/TG-A6200F_UK.pdf,TG-A6200F-150-150-4.0,t-Global Technology,2554.8300,"Pad, Sheet",,Thermal Pad,150.0000,150.0000,,,5.0000,Square,150.00mm x 150.00mm,"0.157"" (4.00mm)",,,4.0000,22500.0000,0.1135,,116.8409,0.7775
TP-0159,https://www.tglobaltechnology.com/wp-content/uploads/2023/08/TG-A3500F_UK.pdf,TG-A3500F-100-100-1.0,t-Global Technology,257.7300,"Pad, Sheet",,Thermal Pad,100.0000,100.0000,,,3.0000,Square,100.00mm x 100.00mm,"0.0394"" (1.000mm)",,,1.0000,10000.0000,0.0258,,26.5204,0.3239
TP-0160,https://www.sameskydevices.com/product/resource/digikeypdf/sf100.pdf,SF100-265005,Same Sky (Formerly CUI Devices),257.7300,"Pad, Sheet",,Thermal Pad,26.0000,50.0000,,,1.5000,Rectangular,26.00mm x 50.00mm,"0.0197"" (0.500mm)",,,0.5000,1300.0000,0.1983,,204.0032,0.3239
TP-0161,https://www.tglobaltechnology.com/wp-content/uploads/2024/03/TG-A38KF_UK.pdf,TG-A38KF-385-285-1.0-1A,t-Global Technology,2574.9800,"Pad, Sheet",,Thermal Pad,385.0000,285.0000,,,1.8000,Rectangular,385.00mm x 285.00mm,"0.0394"" (1.000mm)",,,1.0000,109725.0000,0.0235,,24.1481,0.5399
TP-0162,https://www.tglobaltechnology.com/wp-content/uploads/2023/08/TG-A6200_UK.pdf,TG-A6200-19.50-12.70-2.0,t-Global Technology,26.0000,"Pad, Sheet",,Thermal Pad,19.5000,12.7000,,,6.2000,Rectangular,19.50mm x 12.70mm,"0.0790"" (2.000mm)",,,2.0000,247.6500,0.1050,,108.0315,0.3135
TP-0163,https://datasheets.tdx.henkel.com/BERGQUIST-HI-FLOW-THF-800AC-en_GL.pdf,HF115AC-0.0055-AC-90,Bergquist,26.3300,"Pad, Sheet",,Thermal Pad,21.8400,18.7900,,,0.8000,Rectangular,21.84mm x 18.79mm,"0.0055"" (0.140mm)",,,0.1400,410.3736,0.0642,,66.0217,0.1701
TP-0164,https://dm.henkel-dam.com/is/content/henkel/lt-8116-brochure-thermal-interface-materials-selection-guide-1,Q3-0.005-00-67,Bergquist,26.3300,"Pad, Sheet",,Thermal Pad,38.1000,22.8600,,,2.0000,Rectangular,38.10mm x 22.86mm,"0.0050"" (0.127mm)",,,0.1270,870.9660,0.0302,,31.1075,0.0617
TP-0165,https://wakefieldthermal.com/content/data_sheets/Thermal%20Interface%20Materials.pdf,173-9-230P,Wakefield Thermal Solutions,26.9800,"Pad, Sheet",,Thermal Pad,19.1000,12.7000,,,1.2000,Rectangular,19.10mm x 12.70mm,"0.0090"" (0.229mm)",,,0.2290,242.5700,0.1112,,114.4512,0.1855
TP-0166,https://wakefieldthermal.com/content/data_sheets/Thermal%20Interface%20Materials.pdf,175-6-230P,Wakefield Thermal Solutions,26.9800,"Pad, Sheet",,Thermal Pad,19.1000,12.7000,,,0.5000,Rectangular,19.10mm x 12.70mm,"0.0060"" (0.152mm)",,,0.1520,242.5700,0.1112,,114.4512,0.2954
TP-0167,https://www.tglobaltechnology.com/wp-content/uploads/2023/08/TG-A3500_UK.pdf,TG-A3500-100-100-1.5,t-Global Technology,263.9000,"Pad, Sheet",,Thermal Pad,100.0000,100.0000,,,3.5000,Square,100.00mm x 100.00mm,"0.0591"" (1.500mm)",,,1.5000,10000.0000,0.0264,,27.1553,0.4165
TP-0168,https://www.tglobaltechnology.com/wp-content/uploads/2023/08/TG-A6200_UK.pdf,TG-A6200-40-40-4.0,t-Global Technology,265.8500,"Pad, Sheet",,Thermal Pad,40.0000,40.0000,,,6.2000,Square,40.00mm x 40.00mm,"0.157"" (4.00mm)",,,4.0000,1600.0000,0.1662,,170.9748,0.6270
TP-0169,https://www.tglobaltechnology.com/wp-content/uploads/2023/08/TG-A20KX_UK.pdf,TG-A20KX-190-140-0.3-1A,t-Global Technology,265.8500,"Pad, Sheet",,Thermal Pad,190.0000,140.0000,,,2.0000,Rectangular,190.00mm x 140.00mm,"0.0118"" (0.300mm)",,,0.3000,26600.0000,0.0100,,10.2842,0.1458
TP-0170,https://info.boydcorp.com/hubfs/Thermal/Conduction-Cooling/Boyd-Thermal-Interface-Materials-Catalog.pdf,53-77-4ACG,"Boyd Laconia, LLC",27.3000,"Pad, Sheet",,Thermal Pad,19.0500,12.7000,,,0.9000,Rectangular,19.05mm x 12.70mm,"0.0060"" (0.152mm)",,,0.1520,241.9350,0.1128,,116.1126,0.1641
TP-0171,https://datasheets.tdx.henkel.com/BERGQUIST-SIL-PAD-TSP-K1300-en_GL.pdf,SPK10-0.006-00-43,Bergquist,27.6300,"Pad, Sheet",,Thermal Pad,19.0500,12.7000,,,1.3000,Rectangular,19.05mm x 12.70mm,"0.0060"" (0.152mm)",,,0.1520,241.9350,0.1142,,117.5162,0.1136
TP-0172,https://www.tglobaltechnology.com/wp-content/uploads/2023/08/TG-A3500_UK.pdf,TG-A3500-20-20-4.0,t-Global Technology,27.6300,"Pad, Sheet",,Thermal Pad,20.0000,20.0000,,,3.5000,Square,20.00mm x 20.00mm,"0.157"" (4.00mm)",,,4.0000,400.0000,0.0691,,71.0782,1.1106
TP-0173,https://www.tglobaltechnology.com/wp-content/uploads/2023/08/TG-A6200F_UK.pdf,TG-A6200F-100-100-0.5,t-Global Technology,273.9800,"Pad, Sheet",,Thermal Pad,100.0000,100.0000,,,5.0000,Square,100.00mm x 100.00mm,"0.0197"" (0.500mm)",,,0.5000,10000.0000,0.0274,,28.1925,0.0972
TP-0174,https://www.sameskydevices.com/product/resource/digikeypdf/sf100.pdf,SF100-505005,Same Sky (Formerly CUI Devices),279.5000,"Pad, Sheet",,Thermal Pad,50.0000,50.0000,,,1.5000,Square,50.00mm x 50.00mm,"0.0197"" (0.500mm)",,,0.5000,2500.0000,0.1118,,115.0422,0.3239
TP-0175,https://wakefieldthermal.com/content/data_sheets/Thermal%20Interface%20Materials.pdf,173-9-240P,Wakefield Thermal Solutions,28.2800,"Pad, Sheet",,Thermal Pad,19.1000,12.7000,,,1.2000,Rectangular,19.10mm x 12.70mm,"0.0090"" (0.229mm)",,,0.2290,242.5700,0.1166,,119.9659,0.1855
TP-0176,https://www.tglobaltechnology.com/wp-content/uploads/2023/08/TG-A3500_UK.pdf,TG-A3500-40-40-0.5,t-Global Technology,28.9300,"Pad, Sheet",,Thermal Pad,40.0000,40.0000,,,3.5000,Square,40.00mm x 40.00mm,"0.0197"" (0.500mm)",,,0.5000,1600.0000,0.0181,,18.6056,0.1388
TP-0177,https://www.tglobaltechnology.com/wp-content/uploads/2023/08/TG-A20KX_UK.pdf,TG-A20KX-385-285-3.0-1A,t-Global Technology,2816.7800,"Pad, Sheet",,Thermal Pad,385.0000,285.0000,,,2.0000,Rectangular,385.00mm x 285.00mm,"0.118"" (3.00mm)",,,3.0000,109725.0000,0.0257,,26.4157,1.4577
TP-0178,https://www.tglobaltechnology.com/wp-content/uploads/2023/08/TG-A3500_UK.pdf,TG-A3500-24-21.01-3.0,t-Global Technology,29.2500,"Pad, Sheet",,Thermal Pad,24.0000,21.0100,,,3.5000,Rectangular,24.00mm x 21.01mm,"0.118"" (3.00mm)",,,3.0000,504.2400,0.0580,,59.6903,0.8330
TP-0179,https://www.tglobaltechnology.com/wp-content/uploads/2023/08/TG-A3500_UK.pdf,TG-A3500-30-30-1.5,t-Global Technology,29.2500,"Pad, Sheet",,Thermal Pad,30.0000,30.0000,,,3.5000,Square,30.00mm x 30.00mm,"0.0591"" (1.500mm)",,,1.5000,900.0000,0.0325,,33.4425,0.4165
TP-0180,https://wakefieldthermal.com/content/data_sheets/Thermal%20Interface%20Materials.pdf,173-7-240A,Wakefield Thermal Solutions,29.5800,"Pad, Sheet",,Thermal Pad,19.1000,12.7000,,,1.2000,Rectangular,19.10mm x 12.70mm,"0.0070"" (0.178mm)",,,0.1780,242.5700,0.1219,,125.4806,0.1442
TP-0181,//mm.digikey.com/Volume0/opasdata/d220001/medias/docus/520/Sil-Pad_Selection_Guide.pdf,SP400-0.009-00-09,Bergquist,29.5800,"Pad, Sheet",,Thermal Pad,,,,,0.9000,Round,9.14mm Dia,"0.0090"" (0.229mm)",,,0.2290,,,,,0.2473
TP-0182,https://www.sameskydevices.com/product/resource/digikeypdf/sf100.pdf,SF100-404005,Same Sky (Formerly CUI Devices),296.4000,"Pad, Sheet",,Thermal Pad,40.0000,40.0000,,,1.5000,Square,40.00mm x 40.00mm,"0.0197"" (0.500mm)",,,0.5000,1600.0000,0.1852,,190.6223,0.3239
TP-0183,https://www.tglobaltechnology.com/wp-content/uploads/2023/08/TG-A6200_UK.pdf,TG-A6200-7.2-6.3-1.0,t-Global Technology,3.2500,"Pad, Sheet",,Thermal Pad,7.2000,6.3000,,,6.2000,Rectangular,7.20mm x 6.30mm,"0.0394"" (1.000mm)",,,1.0000,45.3600,0.0716,,73.7269,0.1567
TP-0184,https://www.tglobaltechnology.com/wp-content/uploads/2023/08/TG-A6200_UK.pdf,TG-A6200-5-5-1.0,t-Global Technology,3.2500,"Pad, Sheet",,Thermal Pad,5.0000,5.0000,,,6.2000,Square,5.00mm x 5.00mm,"0.0394"" (1.000mm)",,,1.0000,25.0000,0.1300,,133.7700,0.1567
TP-0185,https://www.tglobaltechnology.com/wp-content/uploads/2023/08/TG-A6200_UK.pdf,TG-A6200-10-5-1.0,t-Global Technology,3.2500,"Pad, Sheet",,Thermal Pad,10.0000,5.0000,,,6.2000,Rectangular,10.00mm x 5.00mm,"0.0394"" (1.000mm)",,,1.0000,50.0000,0.0650,,66.8850,0.1567
TP-0186,https://www.tglobaltechnology.com/wp-content/uploads/2023/08/TG-A3500_UK.pdf,TG-A3500-5-5-2.0,t-Global Technology,3.2500,"Pad, Sheet",,Thermal Pad,5.0000,5.0000,,,3.5000,Square,5.00mm x 5.00mm,"0.0790"" (2.000mm)",,,2.0000,25.0000,0.1300,,133.7700,0.5553
TP-0187,https://www.tglobaltechnology.com/wp-content/uploads/2023/08/TG-A3500_UK.pdf,TG-A3500-5-5-5.0,t-Global Technology,3.2500,"Pad, Sheet",,Thermal Pad,5.0000,5.0000,,,3.5000,Square,5.00mm x 5.00mm,"0.197"" (5.00mm)",,,5.0000,25.0000,0.1300,,133.7700,1.3883
TP-0188,https://www.tglobaltechnology.com/wp-content/uploads/2023/08/TG-A6200_UK.pdf,TG-A6200-5-5-1.5,t-Global Technology,3.2500,"Pad, Sheet",,Thermal Pad,5.0000,5.0000,,,6.2000,Square,5.00mm x 5.00mm,"0.0591"" (1.500mm)",,,1.5000,25.0000,0.1300,,133.7700,0.2351
TP-0189,https://www.tglobaltechnology.com/wp-content/uploads/2023/08/TG-A3500_UK.pdf,TG-A3500-5-5-3.0,t-Global Technology,3.2500,"Pad, Sheet",,Thermal Pad,5.0000,5.0000,,,3.5000,Square,5.00mm x 5.00mm,"0.118"" (3.00mm)",,,3.0000,25.0000,0.1300,,133.7700,0.8330
TP-0190,https://www.tglobaltechnology.com/wp-content/uploads/2023/08/TG-A6200_UK.pdf,TG-A6200-5-5-0.5,t-Global Technology,3.2500,"Pad, Sheet",,Thermal Pad,5.0000,5.0000,,,6.2000,Square,5.00mm x 5.00mm,"0.0197"" (0.500mm)",,,0.5000,25.0000,0.1300,,133.7700,0.0784
TP-0191,https://www.tglobaltechnology.com/wp-content/uploads/2023/08/TG-A6200_UK.pdf,TG-A6200-10-5-0.5,t-Global Technology,3.2500,"Pad, Sheet",,Thermal Pad,10.0000,5.0000,,,6.2000,Rectangular,10.00mm x 5.00mm,"0.0197"" (0.500mm)",,,0.5000,50.0000,0.0650,,66.8850,0.0784
TP-0192,https://www.tglobaltechnology.com/wp-content/uploads/2023/08/TG-A3500_UK.pdf,TG-A3500-10-10-1.0,t-Global Technology,3.2500,"Pad, Sheet",,Thermal Pad,10.0000,10.0000,,,3.5000,Square,10.00mm x 10.00mm,"0.0394"" (1.000mm)",,,1.0000,100.0000,0.0325,,33.4425,0.2777
TP-0193,https://www.tglobaltechnology.com/wp-content/uploads/2023/08/TG-A3500_UK.pdf,TG-A3500-10-10-0.5,t-Global Technology,3.2500,"Pad, Sheet",,Thermal Pad,10.0000,10.0000,,,3.5000,Square,10.00mm x 10.00mm,"0.0197"" (0.500mm)",,,0.5000,100.0000,0.0325,,33.4425,0.1388
TP-0194,https://www.tglobaltechnology.com/wp-content/uploads/2023/08/TG-A6200_UK.pdf,TG-A6200-5-5-2.0,t-Global Technology,3.2500,"Pad, Sheet",,Thermal Pad,5.0000,5.0000,,,6.2000,Square,5.00mm x 5.00mm,"0.0790"" (2.000mm)",,,2.0000,25.0000,0.1300,,133.7700,0.3135
TP-0195,https://www.tglobaltechnology.com/wp-content/uploads/2023/08/TG-A3500_UK.pdf,TG-A3500-10-10-1.5,t-Global Technology,3.5800,"Pad, Sheet",,Thermal Pad,10.0000,10.0000,,,3.5000,Square,10.00mm x 10.00mm,"0.0591"" (1.500mm)",,,1.5000,100.0000,0.0358,,36.8382,0.4165
TP-0196,https://www.tglobaltechnology.com/wp-content/uploads/2023/08/TG-A6200_UK.pdf,TG-A6200-10-10-0.5,t-Global Technology,3.9000,"Pad, Sheet",,Thermal Pad,10.0000,10.0000,,,6.2000,Square,10.00mm x 10.00mm,"0.0197"" (0.500mm)",,,0.5000,100.0000,0.0390,,40.1310,0.0784
TP-0197,https://www.tglobaltechnology.com/wp-content/uploads/2023/08/TG-A6200_UK.pdf,TG-A6200-5-5-3.0,t-Global Technology,3.9000,"Pad, Sheet",,Thermal Pad,5.0000,5.0000,,,6.2000,Square,5.00mm x 5.00mm,"0.118"" (3.00mm)",,,3.0000,25.0000,0.1560,,160.5240,0.4702
TP-0198,https://www.tglobaltechnology.com/wp-content/uploads/2023/08/TG-A6200_UK.pdf,TG-A6200-30-30-0.5,t-Global Technology,30.2300,"Pad, Sheet",,Thermal Pad,30.0000,30.0000,,,6.2000,Square,30.00mm x 30.00mm,"0.0197"" (0.500mm)",,,0.5000,900.0000,0.0336,,34.5630,0.0784
TP-0199,https://www.tglobaltechnology.com/wp-content/uploads/2023/08/TG-A6200_UK.pdf,TG-A6200-15-15-3.0,t-Global Technology,30.2300,"Pad, Sheet",,Thermal Pad,15.0000,15.0000,,,6.2000,Square,15.00mm x 15.00mm,"0.118"" (3.00mm)",,,3.0000,225.0000,0.1344,,138.2519,0.4702
TP-0200,https://www.tglobaltechnology.com/wp-content/uploads/2023/08/TG-A6200_UK.pdf,TG-A6200-24-21.01-1.0,t-Global Technology,30.5500,"Pad, Sheet",,Thermal Pad,24.0000,21.0100,,,6.2000,Rectangular,24.00mm x 21.01mm,"0.0394"" (1.000mm)",,,1.0000,504.2400,0.0606,,62.3432,0.1567
TP-0201,https://www.sameskydevices.com/product/resource/digikeypdf/sf100.pdf,SF100-303005,Same Sky (Formerly CUI Devices),301.9300,"Pad, Sheet",,Thermal Pad,30.0000,30.0000,,,1.5000,Square,30.00mm x 30.00mm,"0.0197"" (0.500mm)",,,0.5000,900.0000,0.3355,,345.2066,0.3239
TP-0202,https://www.sameskydevices.com/product/resource/digikeypdf/sf100.pdf,SF100-101005,Same Sky (Formerly CUI Devices),303.2300,"Pad, Sheet",,Thermal Pad,10.0000,10.0000,,,1.5000,Square,10.00mm x 10.00mm,"0.0197"" (0.500mm)",,,0.5000,100.0000,3.0323,,3120.2367,0.3239
TP-0203,https://www.tglobaltechnology.com/wp-content/uploads/2023/08/TG-A38KX_UK.pdf,TG-A38KX-285-190-4.0-2A,t-Global Technology,3031.9300,"Pad, Sheet",,Thermal Pad,285.0000,190.0000,,,3.8000,Rectangular,285.00mm x 190.00mm,"0.157"" (4.00mm)",,,4.0000,54150.0000,0.0560,,57.6151,1.0230
TP-0204,https://www.tglobaltechnology.com/wp-content/uploads/2023/08/TG-A3500F_UK.pdf,TG-A3500F-100-100-1.5,t-Global Technology,304.2000,"Pad, Sheet",,Thermal Pad,100.0000,100.0000,,,3.0000,Square,100.00mm x 100.00mm,"0.0591"" (1.500mm)",,,1.5000,10000.0000,0.0304,,31.3022,0.4859
TP-0205,https://datasheets.tdx.henkel.com/BERGQUIST-GAP-PAD-TGP-2400-en_GL.pdf,GP2500S20-0.060-02-0816,Bergquist,3047.8500,"Pad, Sheet",,Thermal Pad,406.4000,203.2000,,,2.4000,Rectangular,406.40mm x 203.20mm,"0.0600"" (1.524mm)",,,1.5240,82580.4800,0.0369,,37.9780,0.6171
TP-0206,https://www.tglobaltechnology.com/wp-content/uploads/2023/08/TG-A38KX_UK.pdf,TG-A38KX-285-190-4.0-1A,t-Global Technology,3049.4800,"Pad, Sheet",,Thermal Pad,285.0000,190.0000,,,3.8000,Rectangular,285.00mm x 190.00mm,"0.157"" (4.00mm)",,,4.0000,54150.0000,0.0563,,57.9486,1.0230
TP-0207,https://www.tglobaltechnology.com/wp-content/uploads/2023/08/TG-A6200_UK.pdf,TG-A6200-100-100-0.8,t-Global Technology,310.3800,"Pad, Sheet",,Thermal Pad,100.0000,100.0000,,,6.2000,Square,100.00mm x 100.00mm,"0.0310"" (0.787mm)",,,0.7870,10000.0000,0.0310,,31.9381,0.1234
TP-0208,https://datasheets.tdx.henkel.com/BERGQUIST-GAP-PAD-TGP-5000-en_GL.pdf,GP5000S35-0.040-02-0816,Bergquist,3104.0800,"Pad, Sheet",,Thermal Pad,406.4000,203.2000,,,5.0000,Rectangular,406.40mm x 203.20mm,"0.0400"" (1.016mm)",,,1.0160,82580.4800,0.0376,,38.6786,0.1975
TP-0209,https://www.tglobaltechnology.com/wp-content/uploads/2023/08/TG-A38KX_UK.pdf,TG-A38KX-190-140-10.0,t-Global Technology,3120.9800,"Pad, Sheet",,Thermal Pad,190.0000,140.0000,,,3.8000,Rectangular,190.00mm x 140.00mm,"0.394"" (10.00mm)",,,10.0000,26600.0000,0.1173,,120.7326,2.5574
TP-0210,https://www.sameskydevices.com/product/resource/digikeypdf/sf100.pdf,SF100-151505,Same Sky (Formerly CUI Devices),313.3000,"Pad, Sheet",,Thermal Pad,15.0000,15.0000,,,1.5000,Square,15.00mm x 15.00mm,"0.0197"" (0.500mm)",,,0.5000,225.0000,1.3924,,1432.8253,0.3239
TP-0211,https://www.tglobaltechnology.com/wp-content/uploads/2023/08/TG-A3500_UK.pdf,TG-A3500-100-100-2.0,t-Global Technology,314.9300,"Pad, Sheet",,Thermal Pad,100.0000,100.0000,,,3.5000,Square,100.00mm x 100.00mm,"0.0790"" (2.000mm)",,,2.0000,10000.0000,0.0315,,32.4063,0.5553
TP-0212,https://www.tglobaltechnology.com/wp-content/uploads/2023/08/TG-A6200F_UK.pdf,TG-A6200F-150-150-5.0,t-Global Technology,3153.4800,"Pad, Sheet",,Thermal Pad,150.0000,150.0000,,,5.0000,Square,150.00mm x 150.00mm,"0.197"" (5.00mm)",,,5.0000,22500.0000,0.1402,,144.2192,0.9718
TP-0213,https://datasheets.tdx.henkel.com/BERGQUIST-SIL-PAD-TSP-3500-en_GL.pdf,SP2000-0.015-00-54,Bergquist,317.2000,"Pad, Sheet",,Thermal Pad,19.0500,12.7000,,,3.5000,Rectangular,19.05mm x 12.70mm,"0.0150"" (0.381mm)",,,0.3810,241.9350,1.3111,,1349.1177,0.1058
TP-0214,https://datasheets.tdx.henkel.com/BERGQUIST-GAP-PAD-TGP-2400-en_GL.pdf,GP2500S20-0.100-02-0816,Bergquist,3182.4000,"Pad, Sheet",,Thermal Pad,406.4000,203.2000,,,2.4000,Rectangular,406.40mm x 203.20mm,"0.100"" (2.54mm)",,,2.5400,82580.4800,0.0385,,39.6545,1.0285
TP-0215,https://www.laird.com/document/datasheet/coolzorb-ultra-datasheet,A18181-080,Laird Technologies EMI,31973.5000,"Pad, Sheet",,Thermal Pad,457.2000,457.2000,,,11.5000,Square,457.20mm x 457.20mm,"0.0800"" (2.032mm)",,,2.0320,209031.8400,0.1530,,157.3958,0.1717
TP-0216,https://datasheets.tdx.henkel.com/BERGQUIST-SIL-PAD-TSP-K1300-en_GL.pdf,SPK10-0.006-00-86,Bergquist,32.8300,"Pad, Sheet",,Thermal Pad,39.6200,26.6700,,,1.3000,Rhombus,39.62mm x 26.67mm,"0.0060"" (0.152mm)",,,0.1520,528.3327,0.0621,,63.9409,0.1136
TP-0217,https://www.tglobaltechnology.com/wp-content/uploads/2023/08/TG-A6200_UK.pdf,TG-A6200-40-40-5.0,t-Global Technology,329.8800,"Pad, Sheet",,Thermal Pad,40.0000,40.0000,,,6.2000,Square,40.00mm x 40.00mm,"0.197"" (5.00mm)",,,5.0000,1600.0000,0.2062,,212.1541,0.7837
TP-0218,https://www.tglobaltechnology.com/wp-content/uploads/2023/08/TG-A3500_UK.pdf,TG-A3500-25-25-3.0,t-Global Technology,33.4800,"Pad, Sheet",,Thermal Pad,25.0000,25.0000,,,3.5000,Square,25.00mm x 25.00mm,"0.118"" (3.00mm)",,,3.0000,625.0000,0.0536,,55.1215,0.8330
TP-0219,https://info.boydcorp.com/hubfs/Thermal/Conduction-Cooling/Boyd-Thermal-Interface-Materials-Catalog.pdf,53-77-9ACG,"Boyd Laconia, LLC",33.8000,"Pad, Sheet",,Thermal Pad,18.4200,13.2100,,,0.9000,Rectangular,18.42mm x 13.21mm,"0.0060"" (0.152mm)",,,0.1520,243.3282,0.1389,,142.9353,0.1641
TP-0220,https://www.tglobaltechnology.com/wp-content/uploads/2023/08/TG-A3500_UK.pdf,TG-A3500-20-20-5.0,t-Global Technology,33.8000,"Pad, Sheet",,Thermal Pad,20.0000,20.0000,,,3.5000,Square,20.00mm x 20.00mm,"0.197"" (5.00mm)",,,5.0000,400.0000,0.0845,,86.9505,1.3883
TP-0221,https://wakefieldthermal.com/content/data_sheets/Thermal%20Interface%20Materials.pdf,175-6-280P,Wakefield Thermal Solutions,33.8000,"Pad, Sheet",,Thermal Pad,21.7900,18.3900,,,0.5000,Rectangular,21.79mm x 18.39mm,"0.0060"" (0.152mm)",,,0.1520,400.7181,0.0843,,86.7947,0.2954
TP-0222,https://datasheets.tdx.henkel.com/BERGQUIST-GAP-PAD-TGP-1500-en_GL.pdf,GP1500-0.080-02-0404,Bergquist,338.6500,"Pad, Sheet",,Thermal Pad,101.6000,101.6000,,,1.5000,Square,101.60mm x 101.60mm,"0.0800"" (2.032mm)",,,2.0320,10322.5600,0.0328,,33.7582,1.3165
TP-0223,https://www.tglobaltechnology.com/wp-content/uploads/2023/08/TG-A38KX_UK.pdf,TG-A38KX-385-285-2.0-1A,t-Global Technology,3394.6300,"Pad, Sheet",,Thermal Pad,385.0000,285.0000,,,3.8000,Rectangular,385.00mm x 285.00mm,"0.0790"" (2.000mm)",,,2.0000,109725.0000,0.0309,,31.8348,0.5115
TP-0224,https://dm.henkel-dam.com/is/content/henkel/lt-8116-brochure-thermal-interface-materials-selection-guide-1,Q3-0.005-00-58,Bergquist,34.1300,"Pad, Sheet",,Thermal Pad,19.0500,12.7000,,,2.0000,Rectangular,19.05mm x 12.70mm,"0.0050"" (0.127mm)",,,0.1270,241.9350,0.1411,,145.1620,0.0617
TP-0225,https://www.tglobaltechnology.com/wp-content/uploads/2023/08/TG-A6200_UK.pdf,TG-A6200-20-20-1.5,t-Global Technology,34.1300,"Pad, Sheet",,Thermal Pad,20.0000,20.0000,,,6.2000,Square,20.00mm x 20.00mm,"0.0591"" (1.500mm)",,,1.5000,400.0000,0.0853,,87.7994,0.2351
TP-0226,https://www.tglobaltechnology.com/wp-content/uploads/2023/08/TG-A6200_UK.pdf,TG-A6200-25-25-1.0,t-Global Technology,34.7800,"Pad, Sheet",,Thermal Pad,25.0000,25.0000,,,6.2000,Square,25.00mm x 25.00mm,"0.0394"" (1.000mm)",,,1.0000,625.0000,0.0556,,57.2618,0.1567
TP-0227,https://www.tglobaltechnology.com/wp-content/uploads/2023/08/TG-A6200_UK.pdf,TG-A6200-24.2-24.2-1.0,t-Global Technology,34.7800,"Pad, Sheet",,Thermal Pad,24.2000,24.2000,,,6.2000,Square,24.20mm x 24.20mm,"0.0394"" (1.000mm)",,,1.0000,585.6400,0.0594,,61.1103,0.1567
TP-0228,https://www.tglobaltechnology.com/wp-content/uploads/2023/08/TG-A3500_UK.pdf,TG-A3500-30-30-2.0,t-Global Technology,34.7800,"Pad, Sheet",,Thermal Pad,30.0000,30.0000,,,3.5000,Square,30.00mm x 30.00mm,"0.0790"" (2.000mm)",,,2.0000,900.0000,0.0386,,39.7651,0.5553
TP-0229,https://www.tglobaltechnology.com/wp-content/uploads/2023/08/TG-A6200F_UK.pdf,TG-A6200F-100-100-0.8,t-Global Technology,342.2300,"Pad, Sheet",,Thermal Pad,100.0000,100.0000,,,5.0000,Square,100.00mm x 100.00mm,"0.0310"" (0.787mm)",,,0.7870,10000.0000,0.0342,,35.2155,0.1530
TP-0230,https://www.tglobaltechnology.com/wp-content/uploads/2023/08/TG-A38KX_UK.pdf,TG-A38KX-190-140-10.0-1A,t-Global Technology,3503.8300,"Pad, Sheet",,Thermal Pad,190.0000,140.0000,,,3.8000,Rectangular,190.00mm x 140.00mm,"0.394"" (10.00mm)",,,10.0000,26600.0000,0.1317,,135.5429,2.5574
TP-0231,https://www.tglobaltechnology.com/wp-content/uploads/2023/08/TG-A38KX_UK.pdf,TG-A38KX-385-285-2.0-2A,t-Global Technology,3530.1500,"Pad, Sheet",,Thermal Pad,385.0000,285.0000,,,3.8000,Rectangular,385.00mm x 285.00mm,"0.0790"" (2.000mm)",,,2.0000,109725.0000,0.0322,,33.1057,0.5115
TP-0232,https://www.tglobaltechnology.com/wp-content/uploads/2023/08/TG-A38KX_UK.pdf,TG-A38KX-190-140-10.0-2A,t-Global Technology,3537.9500,"Pad, Sheet",,Thermal Pad,190.0000,140.0000,,,3.8000,Rectangular,190.00mm x 140.00mm,"0.394"" (10.00mm)",,,10.0000,26600.0000,0.1330,,136.8628,2.5574
TP-0233,https://www.tglobaltechnology.com/wp-content/uploads/2023/08/TG-A3500F_UK.pdf,TG-A3500F-100-100-2.0,t-Global Technology,354.9000,"Pad, Sheet",,Thermal Pad,100.0000,100.0000,,,3.0000,Square,100.00mm x 100.00mm,"0.0790"" (2.000mm)",,,2.0000,10000.0000,0.0355,,36.5192,0.6479
TP-0234,https://www.tglobaltechnology.com/wp-content/uploads/2023/08/TG-A38KX_UK.pdf,TG-A38KX-190-140-0.3,t-Global Technology,357.8300,"Pad, Sheet",,Thermal Pad,190.0000,140.0000,,,3.8000,Rectangular,190.00mm x 140.00mm,"0.0118"" (0.300mm)",,,0.3000,26600.0000,0.0135,,13.8424,0.0767
TP-0235,https://wakefieldthermal.com/content/data_sheets/Double_Sided_Tape_WakefieldThermal.pdf,DST-38-1-254X254,Wakefield Thermal Solutions,360.1000,"Pad, Sheet",,Thermal Pad,254.0000,254.0000,,,1.0000,Square,254.00mm x 254.00mm,"0.0150"" (0.381mm)",,,0.3810,64516.0000,0.0056,,5.7434,0.3703
TP-0236,https://www.sameskydevices.com/product/resource/digikeypdf/af100.pdf,AF100-204005,Same Sky (Formerly CUI Devices),362.3800,"Pad, Sheet",,Thermal Pad,20.0000,40.0000,,,1.0000,Rectangular,20.00mm x 40.00mm,"0.0197"" (0.500mm)",,,0.5000,800.0000,0.4530,,466.1113,0.4859
TP-0237,https://www.tglobaltechnology.com/wp-content/uploads/2023/08/TG-A3500_UK.pdf,TG-A3500-100-100-2.5,t-Global Technology,363.6800,"Pad, Sheet",,Thermal Pad,100.0000,100.0000,,,3.5000,Square,100.00mm x 100.00mm,"0.0984"" (2.500mm)",,,2.5000,10000.0000,0.0364,,37.4227,0.6942
TP-0238,https://www.tglobaltechnology.com/wp-content/uploads/2023/08/TG-A20KX_UK.pdf,TG-A20KX-190-140-1.0-1A,t-Global Technology,366.9300,"Pad, Sheet",,Thermal Pad,190.0000,140.0000,,,2.0000,Rectangular,190.00mm x 140.00mm,"0.0394"" (1.000mm)",,,1.0000,26600.0000,0.0138,,14.1944,0.4859
TP-0239,https://www.tglobaltechnology.com/wp-content/uploads/2024/03/TG-A38KF_UK.pdf,TG-A38KF-385-285-2.0-1A,t-Global Technology,3669.9000,"Pad, Sheet",,Thermal Pad,385.0000,285.0000,,,1.8000,Rectangular,385.00mm x 285.00mm,"0.0790"" (2.000mm)",,,2.0000,109725.0000,0.0334,,34.4163,1.0798
TP-0240,https://www.tglobaltechnology.com/wp-content/uploads/2023/08/TG-A38KX_UK.pdf,TG-A38KX-285-190-5.0-1A,t-Global Technology,3676.4000,"Pad, Sheet",,Thermal Pad,285.0000,190.0000,,,3.8000,Rectangular,285.00mm x 190.00mm,"0.197"" (5.00mm)",,,5.0000,54150.0000,0.0679,,69.8618,1.2787
TP-0241,https://www.sensata.com/sites/default/files/media/documents/2018-04-04/ourproducts_thermal_pads_hsp.pdf,HSP-3,Sensata-Crydom,372.7800,"Pad, Sheet",,Thermal Pad,104.3900,73.6600,,,1.0000,Rectangular,104.39mm x 73.66mm,"0.0039"" (0.100mm)",,,0.1000,7689.3674,0.0485,,49.8858,0.0972
TP-0242,https://www.tglobaltechnology.com/wp-content/uploads/2023/08/TG-A6200_UK.pdf,TG-A6200-100-100-1.0,t-Global Technology,378.9500,"Pad, Sheet",,Thermal Pad,100.0000,100.0000,,,6.2000,Square,100.00mm x 100.00mm,"0.0394"" (1.000mm)",,,1.0000,10000.0000,0.0379,,38.9940,0.1567
TP-0243,https://www.tglobaltechnology.com/wp-content/uploads/2023/08/TG-A6200_UK.pdf,TG-A6200-15-15-4.0,t-Global Technology,39.3300,"Pad, Sheet",,Thermal Pad,15.0000,15.0000,,,6.2000,Square,15.00mm x 15.00mm,"0.157"" (4.00mm)",,,4.0000,225.0000,0.1748,,179.8692,0.6270
TP-0244,https://www.tglobaltechnology.com/wp-content/uploads/2023/08/TG-A6200_UK.pdf,TG-A6200-20-20-2.0,t-Global Technology,39.3300,"Pad, Sheet",,Thermal Pad,20.0000,20.0000,,,6.2000,Square,20.00mm x 20.00mm,"0.0790"" (2.000mm)",,,2.0000,400.0000,0.0983,,101.1764,0.3135
TP-0245,https://www.laird.com/document/datasheet/tpcm-900-datasheet,A11809-02,Laird Technologies - Thermal Materials,3941.2800,"Pad, Sheet",,Thermal Pad,457.2000,457.2000,,,0.7000,Square,457.20mm x 457.20mm,"0.0050"" (0.127mm)",,,0.1270,209031.8400,0.0189,,19.4017,0.1763
TP-0246,https://www.sensata.com/sites/default/files/media/documents/2018-04-04/ourproducts_thermal_pads_hsp2_hsp5_hsp6_datasheet.pdf,HSP-5,Sensata-Crydom,399.7500,"Pad, Sheet",,Thermal Pad,104.3900,73.6600,,,2.0000,Rectangular,104.39mm x 73.66mm,"0.0050"" (0.127mm)",,,0.1270,7689.3674,0.0520,,53.4950,0.0617
TP-0247,https://www.tglobaltechnology.com/wp-content/uploads/2023/08/TG-A3500_UK.pdf,TG-A3500-10-10-2.0,t-Global Technology,4.2300,"Pad, Sheet",,Thermal Pad,10.0000,10.0000,,,3.5000,Square,10.00mm x 10.00mm,"0.0790"" (2.000mm)",,,2.0000,100.0000,0.0423,,43.5267,0.5553
TP-0248,https://www.tglobaltechnology.com/wp-content/uploads/2023/08/TG-A3500_UK.pdf,TG-A3500-15-15-0.5,t-Global Technology,4.2300,"Pad, Sheet",,Thermal Pad,15.0000,15.0000,,,3.5000,Square,15.00mm x 15.00mm,"0.0197"" (0.500mm)",,,0.5000,225.0000,0.0188,,19.3452,0.1388
TP-0249,https://datasheets.tdx.henkel.com/BERGQUIST-SIL-PAD-TSP-K900-en_GL.pdf,SPK4-0.006-00-58,Bergquist,4.5500,"Pad, Sheet",,Thermal Pad,19.0500,12.7000,,,0.9000,Rectangular,19.05mm x 12.70mm,"0.0060"" (0.152mm)",,,0.1520,241.9350,0.0188,,19.3521,0.1641
TP-0250,https://www.tglobaltechnology.com/wp-content/uploads/2023/08/TG-A6200_UK.pdf,TG-A6200-5-5-4.0,t-Global Technology,4.8800,"Pad, Sheet",,Thermal Pad,5.0000,5.0000,,,6.2000,Square,5.00mm x 5.00mm,"0.157"" (4.00mm)",,,4.0000,25.0000,0.1952,,200.8608,0.6270
TP-0251,https://www.tglobaltechnology.com/wp-content/uploads/2023/08/TG-A3500_UK.pdf,TG-A3500-25-25-4.0,t-Global Technology,40.9500,"Pad, Sheet",,Thermal Pad,25.0000,25.0000,,,3.5000,Square,25.00mm x 25.00mm,"0.157"" (4.00mm)",,,4.0000,625.0000,0.0655,,67.4201,1.1106
TP-0252,https://wakefieldthermal.com/content/data_sheets/Double_Sided_Tape_WakefieldThermal.pdf,DST-50-1-254X254,Wakefield Thermal Solutions,400.0800,"Pad, Sheet",,Thermal Pad,254.0000,254.0000,,,1.0000,Square,254.00mm x 254.00mm,"0.0197"" (0.500mm)",,,0.5000,64516.0000,0.0062,,6.3811,0.4859
TP-0253,https://datasheets.tdx.henkel.com/BERGQUIST-GAP-PAD-TGP-1500-en_GL.pdf,GP1500-0.020-02-0404,Bergquist,403.0000,"Pad, Sheet",,Thermal Pad,101.6000,101.6000,,,1.5000,Square,101.60mm x 101.60mm,"0.0200"" (0.508mm)",,,0.5080,10322.5600,0.0390,,40.1729,0.3291
TP-0254,https://www.tglobaltechnology.com/wp-content/uploads/2023/08/TG-A3500F_UK.pdf,TG-A3500F-100-100-2.5,t-Global Technology,403.3300,"Pad, Sheet",,Thermal Pad,100.0000,100.0000,,,3.0000,Square,100.00mm x 100.00mm,"0.0984"" (2.500mm)",,,2.5000,10000.0000,0.0403,,41.5027,0.8098
TP-0255,https://www.tglobaltechnology.com/wp-content/uploads/2023/08/TG-A6200F_UK.pdf,TG-A6200F-100-100-1.0,t-Global Technology,410.8000,"Pad, Sheet",,Thermal Pad,100.0000,100.0000,,,5.0000,Square,100.00mm x 100.00mm,"0.0394"" (1.000mm)",,,1.0000,10000.0000,0.0411,,42.2713,0.1944
TP-0256,https://www.tglobaltechnology.com/wp-content/uploads/2023/08/TG-A3500_UK.pdf,TG-A3500-100-100-3.0,t-Global Technology,413.7300,"Pad, Sheet",,Thermal Pad,100.0000,100.0000,,,3.5000,Square,100.00mm x 100.00mm,"0.118"" (3.00mm)",,,3.0000,10000.0000,0.0414,,42.5728,0.8330
TP-0257,https://wakefieldthermal.com/content/data_sheets/Double_Sided_Tape_WakefieldThermal.pdf,DST-38-1-305X305,Wakefield Thermal Solutions,417.3000,"Pad, Sheet",,Thermal Pad,305.0000,305.0000,,,1.0000,Square,305.00mm x 305.00mm,"0.0150"" (0.381mm)",,,0.3810,93025.0000,0.0045,,4.6160,0.3703
TP-0258,//mm.digikey.com/Volume0/opasdata/d220001/medias/docus/2578/Sil-Pad%20600.pdf,SP600-104,Bergquist,42.2500,"Pad, Sheet",,Thermal Pad,25.4000,19.0500,,,1.0000,Rectangular,25.40mm x 19.05mm,"0.0090"" (0.229mm)",,,0.2290,483.8700,0.0873,,89.8490,0.2225
TP-0259,https://www.sensata.com/sites/default/files/media/documents/2018-04-04/ourproducts_Thermal-Pads_hsp-7-thermal-pad_datasheet.pdf,HSP-7,Sensata-Crydom,42.2500,"Pad, Sheet",,Thermal Pad,39.4000,17.0000,,,0.0700,Rectangular,39.40mm x 17.00mm,"0.0050"" (0.127mm)",,,0.1270,669.8000,0.0631,,64.9078,1.7632
TP-0260,https://www.tglobaltechnology.com/wp-content/uploads/2024/03/TG-A38KF_UK.pdf,TG-A38KF-385-285-2.5-1A,t-Global Technology,4284.4800,"Pad, Sheet",,Thermal Pad,385.0000,285.0000,,,1.8000,Rectangular,385.00mm x 285.00mm,"0.0984"" (2.500mm)",,,2.5000,109725.0000,0.0390,,40.1798,1.3497
TP-0261,https://info.boydcorp.com/hubfs/Thermal/Conduction-Cooling/Boyd-Thermal-Interface-Materials-Catalog.pdf,53-02-103G,"Boyd Laconia, LLC",43.2300,"Pad, Sheet",,Thermal Pad,23.8000,19.0500,,,0.9000,"Polygon, 5-sided",23.80mm x 19.05mm,"0.0060"" (0.152mm)",,,0.1520,,,,,0.1641
TP-0262,http://tds.loctite.com/tds5/Studio/ShowPDF/BERGQUIST%20SIL%20PAD%20TSP%201600S-EN?pid=BERGQUIST%20SIL%20PAD%20TSP%201600S&format=MTR&subformat=HYS&language=EN&plant=WERCS,SP900S-0.009-00-05,Bergquist,43.8800,"Pad, Sheet",,Thermal Pad,41.9100,28.9600,,,1.6000,Rhombus,41.91mm x 28.96mm,"0.0090"" (0.229mm)",,,0.2290,606.8568,0.0723,,74.4039,0.1391
TP-0263,https://www.tglobaltechnology.com/wp-content/uploads/2023/08/TG-A3500_UK.pdf,TG-A3500-24-21.01-5.0,t-Global Technology,43.8800,"Pad, Sheet",,Thermal Pad,24.0000,21.0100,,,3.5000,Rectangular,24.00mm x 21.01mm,"0.197"" (5.00mm)",,,5.0000,504.2400,0.0870,,89.5457,1.3883
TP-0264,https://www.tglobaltechnology.com/wp-content/uploads/2023/08/TG-A3500_UK.pdf,TG-A3500-40-40-1.0,t-Global Technology,43.8800,"Pad, Sheet",,Thermal Pad,40.0000,40.0000,,,3.5000,Square,40.00mm x 40.00mm,"0.0394"" (1.000mm)",,,1.0000,1600.0000,0.0274,,28.2203,0.2777
TP-0265,https://www.sameskydevices.com/product/resource/digikeypdf/af100.pdf,AF100-707005,Same Sky (Formerly CUI Devices),438.4300,"Pad, Sheet",,Thermal Pad,70.0000,70.0000,,,1.0000,Square,70.00mm x 70.00mm,"0.0197"" (0.500mm)",,,0.5000,4900.0000,0.0895,,92.0703,0.4859
TP-0266,https://wakefieldthermal.com/content/data_sheets/Double_Sided_Tape_WakefieldThermal.pdf,DST-64-1-254X254,Wakefield Thermal Solutions,440.0500,"Pad, Sheet",,Thermal Pad,254.0000,254.0000,,,1.0000,Square,254.00mm x 254.00mm,"0.0250"" (0.635mm)",,,0.6350,64516.0000,0.0068,,7.0186,0.6171
TP-0267,https://datasheets.tdx.henkel.com/BERGQUIST-GAP-PAD-TGP-2400-en_GL.pdf,GP2500S20-0.080-02-0816,Bergquist,4439.5000,"Pad, Sheet",,Thermal Pad,406.4000,203.2000,,,2.4000,Rectangular,406.40mm x 203.20mm,"0.0800"" (2.032mm)",,,2.0320,82580.4800,0.0538,,55.3187,0.8228
TP-0268,https://info.boydcorp.com/hubfs/Thermal/Conduction-Cooling/Boyd-Thermal-Interface-Materials-Catalog.pdf,53-77-2G,"Boyd Laconia, LLC",45.1800,"Pad, Sheet",,Thermal Pad,17.5000,14.2700,,,0.9000,Rectangular,17.50mm x 14.27mm,"0.0060"" (0.152mm)",,,0.1520,249.7250,0.1809,,186.1657,0.1641
TP-0269,https://datasheets.tdx.henkel.com/BERGQUIST-SIL-PAD-TSP-1600S-en_GL.pdf,SP900S-0.009-00-02,Bergquist,45.5000,"Pad, Sheet",,Thermal Pad,45.2100,31.7500,,,1.6000,Rhombus,45.21mm x 31.75mm,"0.0090"" (0.229mm)",,,0.2290,717.7088,0.0634,,65.2347,0.1391
TP-0270,https://www.tglobaltechnology.com/wp-content/uploads/2023/08/TG-A3500_UK.pdf,TG-A3500-30-30-3.0,t-Global Technology,45.8300,"Pad, Sheet",,Thermal Pad,30.0000,30.0000,,,3.5000,Square,30.00mm x 30.00mm,"0.118"" (3.00mm)",,,3.0000,900.0000,0.0509,,52.3990,0.8330
TP-0271,https://www.tglobaltechnology.com/wp-content/uploads/2023/08/TG-A38KX_UK.pdf,TG-A38KX-190-140-0.5-1A,t-Global Technology,455.6500,"Pad, Sheet",,Thermal Pad,190.0000,140.0000,,,3.8000,Rectangular,190.00mm x 140.00mm,"0.0197"" (0.500mm)",,,0.5000,26600.0000,0.0171,,17.6265,0.1279
TP-0272,//mm.digikey.com/Volume0/opasdata/d220001/medias/docus/520/Sil-Pad_Selection_Guide.pdf,SP400-0.009-00-11,Bergquist,46.1500,"Pad, Sheet",,Thermal Pad,33.3200,19.3500,,,0.9000,Rhombus,33.32mm x 19.35mm,"0.0090"" (0.229mm)",,,0.2290,322.3710,0.1432,,147.3096,0.2473
TP-0273,https://www.tglobaltechnology.com/wp-content/uploads/2023/08/TG-A20KX_UK.pdf,TG-A20KX-190-140-1.5-1A,t-Global Technology,466.3800,"Pad, Sheet",,Thermal Pad,190.0000,140.0000,,,2.0000,Rectangular,190.00mm x 140.00mm,"0.0591"" (1.500mm)",,,1.5000,26600.0000,0.0175,,18.0415,0.7289
TP-0274,https://www.tglobaltechnology.com/wp-content/uploads/2023/08/TG-A38KX_UK.pdf,TG-A38KX-385-285-4.0-1A,t-Global Technology,4692.3500,"Pad, Sheet",,Thermal Pad,385.0000,285.0000,,,3.8000,Rectangular,385.00mm x 285.00mm,"0.157"" (4.00mm)",,,4.0000,109725.0000,0.0428,,44.0048,1.0230
TP-0275,http://tds.loctite.com/tds5/Studio/ShowPDF/BERGQUIST%20SIL%20PAD%20TSP%203500-EN?pid=BERGQUIST%20SIL%20PAD%20TSP%203500&format=MTR&subformat=HYS&language=EN&plant=WERCS,SP2000-0.015-00-104,Bergquist,47.4500,"Pad, Sheet",,Thermal Pad,25.4000,19.0500,,,3.5000,Rectangular,25.40mm x 19.05mm,"0.0150"" (0.381mm)",,,0.3810,483.8700,0.0981,,100.9074,0.1058
TP-0276,https://www.tglobaltechnology.com/wp-content/uploads/2023/08/TG-A6200_UK.pdf,TG-A6200-30-30-1.0,t-Global Technology,47.7800,"Pad, Sheet",,Thermal Pad,30.0000,30.0000,,,6.2000,Square,30.00mm x 30.00mm,"0.0394"" (1.000mm)",,,1.0000,900.0000,0.0531,,54.6285,0.1567
TP-0277,https://www.tglobaltechnology.com/wp-content/uploads/2023/08/TG-A6200_UK.pdf,TG-A6200-28-28-1.0,t-Global Technology,47.7800,"Pad, Sheet",,Thermal Pad,28.0000,28.0000,,,6.2000,Square,28.00mm x 28.00mm,"0.0394"" (1.000mm)",,,1.0000,784.0000,0.0609,,62.7112,0.1567
TP-0278,https://www.tglobaltechnology.com/wp-content/uploads/2023/08/TG-A38KX_UK.pdf,TG-A38KX-385-285-3.0-2A,t-Global Technology,4772.9500,"Pad, Sheet",,Thermal Pad,385.0000,285.0000,,,3.8000,Rectangular,385.00mm x 285.00mm,"0.118"" (3.00mm)",,,3.0000,109725.0000,0.0435,,44.7607,0.7672
TP-0279,https://wakefieldthermal.com/content/data_sheets/Double_Sided_Tape_WakefieldThermal.pdf,DST-50-1-305X305,Wakefield Thermal Solutions,479.7000,"Pad, Sheet",,Thermal Pad,305.0000,305.0000,,,1.0000,Square,305.00mm x 305.00mm,"0.0197"" (0.500mm)",,,0.5000,93025.0000,0.0052,,5.3062,0.4859
TP-0280,//mm.digikey.com/Volume0/opasdata/d220001/medias/docus/2578/Sil-Pad%20600.pdf,SP600-05,Bergquist,49.0800,"Pad, Sheet",,Thermal Pad,41.9100,28.9600,,,1.0000,Rhombus,41.91mm x 28.96mm,"0.0090"" (0.229mm)",,,0.2290,606.8568,0.0809,,83.2211,0.2225
TP-0281,https://www.tglobaltechnology.com/wp-content/uploads/2023/08/TG-A6200_UK.pdf,TG-A6200-15-15-5.0,t-Global Technology,49.0800,"Pad, Sheet",,Thermal Pad,15.0000,15.0000,,,6.2000,Square,15.00mm x 15.00mm,"0.197"" (5.00mm)",,,5.0000,225.0000,0.2181,,224.4592,0.7837
TP-0282,https://dm.henkel-dam.com/is/content/henkel/lt-8116-brochure-thermal-interface-materials-selection-guide-1,Q3-0.005-00-104,Bergquist,5.2000,"Pad, Sheet",,Thermal Pad,25.4000,19.0500,,,2.0000,Rectangular,25.40mm x 19.05mm,"0.0050"" (0.127mm)",,,0.1270,483.8700,0.0107,,11.0583,0.0617
TP-0283,https://www.tglobaltechnology.com/wp-content/uploads/2023/08/TG-A6200_UK.pdf,TG-A6200-10-5-2.0,t-Global Technology,5.2000,"Pad, Sheet",,Thermal Pad,10.0000,5.0000,,,6.2000,Rectangular,10.00mm x 5.00mm,"0.0790"" (2.000mm)",,,2.0000,50.0000,0.1040,,107.0160,0.3135
TP-0284,https://dm.henkel-dam.com/is/content/henkel/lt-8116-brochure-thermal-interface-materials-selection-guide-1,Q3-0.005-00-51,Bergquist,5.5300,"Pad, Sheet",,Thermal Pad,17.4500,14.2700,,,2.0000,Rectangular,17.45mm x 14.27mm,"0.0050"" (0.127mm)",,,0.1270,249.0115,0.0222,,22.8518,0.0617
TP-0285,https://www.tglobaltechnology.com/wp-content/uploads/2023/08/TG-A3500_UK.pdf,TG-A3500-10-10-3.0,t-Global Technology,5.8500,"Pad, Sheet",,Thermal Pad,10.0000,10.0000,,,3.5000,Square,10.00mm x 10.00mm,"0.118"" (3.00mm)",,,3.0000,100.0000,0.0585,,60.1965,0.8330
TP-0286,https://www.tglobaltechnology.com/wp-content/uploads/2023/08/TG-A6200_UK.pdf,TG-A6200-10-10-1.0,t-Global Technology,5.8500,"Pad, Sheet",,Thermal Pad,10.0000,10.0000,,,6.2000,Square,10.00mm x 10.00mm,"0.0394"" (1.000mm)",,,1.0000,100.0000,0.0585,,60.1965,0.1567
TP-0287,https://www.tglobaltechnology.com/wp-content/uploads/2023/08/TG-A3500_UK.pdf,TG-A3500-25-25-5.0,t-Global Technology,50.0500,"Pad, Sheet",,Thermal Pad,25.0000,25.0000,,,3.5000,Square,25.00mm x 25.00mm,"0.197"" (5.00mm)",,,5.0000,625.0000,0.0801,,82.4023,1.3883
TP-0288,https://www.tglobaltechnology.com/wp-content/uploads/2023/08/TG-A6200_UK.pdf,TG-A6200-54-10-2.0,t-Global Technology,50.0500,"Pad, Sheet",,Thermal Pad,54.0000,10.0000,,,6.2000,Rectangular,54.00mm x 10.00mm,"0.0790"" (2.000mm)",,,2.0000,540.0000,0.0927,,95.3731,0.3135
TP-0289,https://www.tglobaltechnology.com/wp-content/uploads/2023/08/TG-A6200_UK.pdf,TG-A6200-25-25-1.5,t-Global Technology,50.3800,"Pad, Sheet",,Thermal Pad,25.0000,25.0000,,,6.2000,Square,25.00mm x 25.00mm,"0.0591"" (1.500mm)",,,1.5000,625.0000,0.0806,,82.9456,0.2351
TP-0290,https://www.tglobaltechnology.com/wp-content/uploads/2023/08/TG-A6200_UK.pdf,TG-A6200-24-21.01-2.0,t-Global Technology,51.0300,"Pad, Sheet",,Thermal Pad,24.0000,21.0100,,,6.2000,Rectangular,24.00mm x 21.01mm,"0.0790"" (2.000mm)",,,2.0000,504.2400,0.1012,,104.1367,0.3135
TP-0291,https://www.tglobaltechnology.com/wp-content/uploads/2023/08/TG-A3500_UK.pdf,TG-A3500-100-100-4.0,t-Global Technology,511.2300,"Pad, Sheet",,Thermal Pad,100.0000,100.0000,,,3.5000,Square,100.00mm x 100.00mm,"0.157"" (4.00mm)",,,4.0000,10000.0000,0.0511,,52.6056,1.1106
TP-0292,https://www.tglobaltechnology.com/wp-content/uploads/2023/08/TG-A20KX_UK.pdf,TG-A20KX-285-190-0.3-1A,t-Global Technology,511.2300,"Pad, Sheet",,Thermal Pad,285.0000,190.0000,,,2.0000,Rectangular,285.00mm x 190.00mm,"0.0118"" (0.300mm)",,,0.3000,54150.0000,0.0094,,9.7148,0.1458
TP-0293,//mm.digikey.com/Volume0/opasdata/d220001/medias/docus/520/Sil-Pad_Selection_Guide.pdf,SP400-0.009-00-03,Bergquist,52.3300,"Pad, Sheet",,Thermal Pad,39.7000,26.6700,,,0.9000,Rhombus,39.70mm x 26.67mm,"0.0090"" (0.229mm)",,,0.2290,529.3995,0.0988,,101.7144,0.2473
TP-0294,https://www.tglobaltechnology.com/wp-content/uploads/2023/08/TG-A3500_UK.pdf,TG-A3500-40-40-1.5,t-Global Technology,52.9800,"Pad, Sheet",,Thermal Pad,40.0000,40.0000,,,3.5000,Square,40.00mm x 40.00mm,"0.0591"" (1.500mm)",,,1.5000,1600.0000,0.0331,,34.0728,0.4165
TP-0295,https://datasheets.tdx.henkel.com/BERGQUIST-SIL-PAD-TSP-K1300-en_GL.pdf,SPK10-0.006-00-114,Bergquist,53.3000,"Pad, Sheet",,Thermal Pad,24.0000,21.0100,,,1.3000,Rectangular,24.00mm x 21.01mm,"0.0060"" (0.152mm)",,,0.1520,504.2400,0.1057,,108.7690,0.1136
TP-0296,https://wakefieldthermal.com/content/data_sheets/Double_Sided_Tape_WakefieldThermal.pdf,DST-64-1-305X305,Wakefield Thermal Solutions,536.2500,"Pad, Sheet",,Thermal Pad,305.0000,305.0000,,,1.0000,Square,305.00mm x 305.00mm,"0.0250"" (0.635mm)",,,0.6350,93025.0000,0.0058,,5.9318,0.6171
TP-0297,https://www.tglobaltechnology.com/wp-content/uploads/2024/03/TG-A20KF_UK.pdf,TG-A20KF-190-140-1.5-1A,t-Global Technology,546.0000,"Pad, Sheet",,Thermal Pad,190.0000,140.0000,,,1.8000,Rectangular,190.00mm x 140.00mm,"0.0591"" (1.500mm)",,,1.5000,26600.0000,0.0205,,21.1216,0.8098
TP-0298,https://www.tglobaltechnology.com/wp-content/uploads/2023/08/TG-A6200_UK.pdf,TG-A6200-100-100-1.5,t-Global Technology,547.6300,"Pad, Sheet",,Thermal Pad,100.0000,100.0000,,,6.2000,Square,100.00mm x 100.00mm,"0.0591"" (1.500mm)",,,1.5000,10000.0000,0.0548,,56.3511,0.2351
TP-0299,https://www.tglobaltechnology.com/wp-content/uploads/2023/08/TG-A6200_UK.pdf,TG-A6200-40-40-0.5,t-Global Technology,55.2500,"Pad, Sheet",,Thermal Pad,40.0000,40.0000,,,6.2000,Square,40.00mm x 40.00mm,"0.0197"" (0.500mm)",,,0.5000,1600.0000,0.0345,,35.5327,0.0784
TP-0300,https://www.tglobaltechnology.com/wp-content/uploads/2023/08/TG-A6200_UK.pdf,TG-A6200-20-20-3.0,t-Global Technology,55.2500,"Pad, Sheet",,Thermal Pad,20.0000,20.0000,,,6.2000,Square,20.00mm x 20.00mm,"0.118"" (3.00mm)",,,3.0000,400.0000,0.1381,,142.1306,0.4702
TP-0301,https://www.tglobaltechnology.com/wp-content/uploads/2023/08/TG-A3500F_UK.pdf,TG-A3500F-100-100-4.0,t-Global Technology,550.2300,"Pad, Sheet",,Thermal Pad,100.0000,100.0000,,,3.0000,Square,100.00mm x 100.00mm,"0.157"" (4.00mm)",,,4.0000,10000.0000,0.0550,,56.6187,1.2958
TP-0302,https://www.tglobaltechnology.com/wp-content/uploads/2023/08/TG-A3500_UK.pdf,TG-A3500-90-70-4.5,t-Global Technology,550.5500,"Pad, Sheet",,Thermal Pad,90.0000,70.0000,,,3.5000,Rectangular,90.00mm x 70.00mm,"0.177"" (4.50mm)",,,4.5000,6300.0000,0.0874,,89.9232,1.2495
TP-0303,https://www.tglobaltechnology.com/wp-content/uploads/2023/08/TG-A3500_UK.pdf,TG-A3500-30-30-4.0,t-Global Technology,56.2300,"Pad, Sheet",,Thermal Pad,30.0000,30.0000,,,3.5000,Square,30.00mm x 30.00mm,"0.157"" (4.00mm)",,,4.0000,900.0000,0.0625,,64.2896,1.1106
TP-0304,https://www.tglobaltechnology.com/wp-content/uploads/2023/08/TG-A38KX_UK.pdf,TG-A38KX-190-140-1.0-1A,t-Global Technology,572.6500,"Pad, Sheet",,Thermal Pad,190.0000,140.0000,,,3.8000,Rectangular,190.00mm x 140.00mm,"0.0394"" (1.000mm)",,,1.0000,26600.0000,0.0215,,22.1525,0.2557
TP-0305,https://datasheets.tdx.henkel.com/BERGQUIST-SIL-PAD-TSP-900-en_GL.pdf,SP400-0.007-AC-1212,Bergquist,578.5000,"Pad, Sheet",,Thermal Pad,304.8000,304.8000,,,0.9000,Square,304.80mm x 304.80mm,"0.0070"" (0.178mm)",,,0.1780,92903.0400,0.0062,,6.4075,0.1922
TP-0306,https://www.tglobaltechnology.com/wp-content/uploads/2023/08/TG-A6200F_UK.pdf,TG-A6200F-100-100-1.5,t-Global Technology,578.5000,"Pad, Sheet",,Thermal Pad,100.0000,100.0000,,,5.0000,Square,100.00mm x 100.00mm,"0.0591"" (1.500mm)",,,1.5000,10000.0000,0.0578,,59.5277,0.2915
TP-0307,https://www.tglobaltechnology.com/wp-content/uploads/2023/08/TG-A6200_UK.pdf,TG-A6200-25-25-2.0,t-Global Technology,58.5000,"Pad, Sheet",,Thermal Pad,25.0000,25.0000,,,6.2000,Square,25.00mm x 25.00mm,"0.0790"" (2.000mm)",,,2.0000,625.0000,0.0936,,96.3144,0.3135
TP-0308,https://www.tglobaltechnology.com/wp-content/uploads/2023/08/TG-A20KX_UK.pdf,TG-A20KX-285-190-0.3-2A,t-Global Technology,586.9500,"Pad, Sheet",,Thermal Pad,285.0000,190.0000,,,2.0000,Rectangular,285.00mm x 190.00mm,"0.0118"" (0.300mm)",,,0.3000,54150.0000,0.0108,,11.1537,0.1458
TP-0309,https://datasheets.tdx.henkel.com/BERGQUIST-GAP-PAD-TGP-3000-en_GL.pdf,GP3000S30-0.125-02-0816,Bergquist,5867.5500,"Pad, Sheet",,Thermal Pad,406.4000,203.2000,,,3.0000,Rectangular,406.40mm x 203.20mm,"0.125"" (3.18mm)",,,3.1800,82580.4800,0.0711,,73.1130,1.0301
TP-0310,https://www.tglobaltechnology.com/wp-content/uploads/2023/08/TG-A6200F_UK.pdf,TG-A6200F-150-150-0.5,t-Global Technology,588.9000,"Pad, Sheet",,Thermal Pad,150.0000,150.0000,,,5.0000,Square,150.00mm x 150.00mm,"0.0197"" (0.500mm)",,,0.5000,22500.0000,0.0262,,26.9324,0.0972
TP-0311,https://www.tglobaltechnology.com/wp-content/uploads/2023/08/TG-A6200_UK.pdf,TG-A6200-5-5-5.0,t-Global Technology,6.1800,"Pad, Sheet",,Thermal Pad,5.0000,5.0000,,,6.2000,Square,5.00mm x 5.00mm,"0.197"" (5.00mm)",,,5.0000,25.0000,0.2472,,254.3688,0.7837
TP-0312,//mm.digikey.com/Volume0/opasdata/d220001/medias/docus/2578/Sil-Pad%20600.pdf,SP600-90,Bergquist,6.5000,"Pad, Sheet",,Thermal Pad,21.8400,18.8000,,,1.0000,Rectangular,21.84mm x 18.80mm,"0.0090"" (0.229mm)",,,0.2290,410.5920,0.0158,,16.2899,0.2225
TP-0313,https://www.tglobaltechnology.com/wp-content/uploads/2023/08/TG-A3500_UK.pdf,TG-A3500-15-15-1.0,t-Global Technology,6.5000,"Pad, Sheet",,Thermal Pad,15.0000,15.0000,,,3.5000,Square,15.00mm x 15.00mm,"0.0394"" (1.000mm)",,,1.0000,225.0000,0.0289,,29.7267,0.2777
TP-0314,https://datasheets.tdx.henkel.com/BERGQUIST-SIL-PAD-TSP-900-en_GL.pdf,SP400-0.009-00-58,Bergquist,6.8300,"Pad, Sheet",,Thermal Pad,19.0500,12.7000,,,0.9000,Rectangular,19.05mm x 12.70mm,"0.0090"" (0.229mm)",,,0.2290,241.9350,0.0282,,29.0494,0.2473
TP-0315,//mm.digikey.com/Volume0/opasdata/d220001/medias/docus/520/Sil-Pad_Selection_Guide.pdf,SP400-0.009-00-54,Bergquist,6.8300,"Pad, Sheet",,Thermal Pad,19.0500,12.7000,,,0.9000,Rectangular,19.05mm x 12.70mm,"0.0090"" (0.229mm)",,,0.2290,241.9350,0.0282,,29.0494,0.2473
TP-0316,https://datasheets.tdx.henkel.com/BERGQUIST-GAP-PAD-TGP-3000-en_GL.pdf,GP3000S30-0.100-02-0816-NA,Bergquist,6011.5300,"Pad, Sheet",,Thermal Pad,406.4000,203.2000,,,3.0000,Rectangular,406.40mm x 203.20mm,"0.100"" (2.54mm)",,,2.5400,82580.4800,0.0728,,74.9071,0.8228
TP-0317,https://www.tglobaltechnology.com/wp-content/uploads/2023/08/TG-A38KX_UK.pdf,TG-A38KX-190-140-1.0-2A,t-Global Technology,610.6800,"Pad, Sheet",,Thermal Pad,190.0000,140.0000,,,3.8000,Rectangular,190.00mm x 140.00mm,"0.0394"" (1.000mm)",,,1.0000,26600.0000,0.0230,,23.6237,0.2557
TP-0318,https://www.tglobaltechnology.com/wp-content/uploads/2023/08/TG-A3500_UK.pdf,TG-A3500-100-100-5.0,t-Global Technology,622.0500,"Pad, Sheet",,Thermal Pad,100.0000,100.0000,,,3.5000,Square,100.00mm x 100.00mm,"0.197"" (5.00mm)",,,5.0000,10000.0000,0.0622,,64.0089,1.3883
TP-0319,https://info.boydcorp.com/hubfs/Thermal/Air-Cooling/Boyd-Board-Level-Heatsinks-Catalog.pdf,53-03-2G,"Boyd Laconia, LLC",63.3800,"Pad, Sheet",,Thermal Pad,42.0400,27.0000,,,0.9000,Rhombus,42.04mm x 27.00mm,"0.0060"" (0.152mm)",,,0.1520,567.5400,0.1117,,114.9135,0.1641
TP-0320,https://www.tglobaltechnology.com/wp-content/uploads/2023/08/TG-A3500_UK.pdf,TG-A3500-40-40-2.0,t-Global Technology,63.3800,"Pad, Sheet",,Thermal Pad,40.0000,40.0000,,,3.5000,Square,40.00mm x 40.00mm,"0.0790"" (2.000mm)",,,2.0000,1600.0000,0.0396,,40.7613,0.5553
TP-0321,https://www.tglobaltechnology.com/wp-content/uploads/2023/08/TG-A6200_UK.pdf,TG-A6200-100-100-2.0,t-Global Technology,635.3800,"Pad, Sheet",,Thermal Pad,100.0000,100.0000,,,6.2000,Square,100.00mm x 100.00mm,"0.0790"" (2.000mm)",,,2.0000,10000.0000,0.0635,,65.3806,0.3135
TP-0322,https://datasheets.tdx.henkel.com/BERGQUIST-SIL-PAD-TSP-900-en_GL.pdf,SP400-0.007-00-05,Bergquist,65.6500,"Pad, Sheet",,Thermal Pad,41.9100,28.9600,,,0.9000,Rhombus,41.91mm x 28.96mm,"0.0070"" (0.178mm)",,,0.1780,606.8568,0.1082,,111.3176,0.1922
TP-0323,https://www.sensata.com/sites/default/files/media/documents/2018-04-04/ourproducts_thermal_pads_hsp2_hsp5_hsp6_datasheet.pdf,HSP-2,Sensata-Crydom,65.9800,"Pad, Sheet",,Thermal Pad,57.1500,44.4500,,,2.0000,Rectangular,57.15mm x 44.45mm,"0.0050"" (0.127mm)",,,0.1270,2540.3175,0.0260,,26.7264,0.0617
TP-0324,https://www.tglobaltechnology.com/wp-content/uploads/2023/08/TG-A20KX_UK.pdf,TG-A20KX-190-140-3.0,t-Global Technology,654.8800,"Pad, Sheet",,Thermal Pad,190.0000,140.0000,,,2.0000,Rectangular,190.00mm x 140.00mm,"0.118"" (3.00mm)",,,3.0000,26600.0000,0.0246,,25.3335,1.4577
TP-0325,https://www.tglobaltechnology.com/wp-content/uploads/2023/08/TG-A3500F_UK.pdf,TG-A3500F-100-100-5.0,t-Global Technology,660.7300,"Pad, Sheet",,Thermal Pad,100.0000,100.0000,,,3.0000,Square,100.00mm x 100.00mm,"0.197"" (5.00mm)",,,5.0000,10000.0000,0.0661,,67.9891,1.6197
TP-0326,https://www.tglobaltechnology.com/wp-content/uploads/2023/08/TG-A20KX_UK.pdf,TG-A20KX-190-140-2.5-1A,t-Global Technology,662.6800,"Pad, Sheet",,Thermal Pad,190.0000,140.0000,,,2.0000,Rectangular,190.00mm x 140.00mm,"0.0984"" (2.500mm)",,,2.5000,26600.0000,0.0249,,25.6353,1.2148
TP-0327,https://datasheets.tdx.henkel.com/BERGQUIST-GAP-PAD-TGP-1500-en_GL.pdf,GP1500-0.040-02-0404,Bergquist,663.9800,"Pad, Sheet",,Thermal Pad,101.6000,101.6000,,,1.5000,Square,101.60mm x 101.60mm,"0.0400"" (1.016mm)",,,1.0160,10322.5600,0.0643,,66.1886,0.6582
TP-0328,https://www.tglobaltechnology.com/wp-content/uploads/2023/08/TG-A6200F_UK.pdf,TG-A6200F-100-100-2.0,t-Global Technology,665.9300,"Pad, Sheet",,Thermal Pad,100.0000,100.0000,,,5.0000,Square,100.00mm x 100.00mm,"0.0790"" (2.000mm)",,,2.0000,10000.0000,0.0666,,68.5242,0.3887
TP-0329,https://www.sameskydevices.com/product/resource/digikeypdf/sf400.pdf,SF400-303005,Same Sky (Formerly CUI Devices),666.9000,"Pad, Sheet",,Thermal Pad,30.0000,30.0000,,,2.5000,Square,30.00mm x 30.00mm,"0.0197"" (0.500mm)",,,0.5000,900.0000,0.7410,,762.4890,0.1944
TP-0330,https://www.tglobaltechnology.com/wp-content/uploads/2023/08/TG-A6200_UK.pdf,TG-A6200-107-53-3.0,t-Global Technology,677.3000,"Pad, Sheet",,Thermal Pad,107.0000,53.0000,,,6.2000,Rectangular,107.00mm x 53.00mm,"0.118"" (3.00mm)",,,3.0000,5671.0000,0.1194,,122.8957,0.4702
TP-0331,https://www.tglobaltechnology.com/wp-content/uploads/2023/08/TG-A3500_UK.pdf,TG-A3500-30-30-5.0,t-Global Technology,68.5800,"Pad, Sheet",,Thermal Pad,30.0000,30.0000,,,3.5000,Square,30.00mm x 30.00mm,"0.197"" (5.00mm)",,,5.0000,900.0000,0.0762,,78.4098,1.3883
TP-0332,https://www.tglobaltechnology.com/wp-content/uploads/2023/08/TG-A6200_UK.pdf,TG-A6200-30-30-1.5,t-Global Technology,68.9000,"Pad, Sheet",,Thermal Pad,30.0000,30.0000,,,6.2000,Square,30.00mm x 30.00mm,"0.0591"" (1.500mm)",,,1.5000,900.0000,0.0766,,78.7757,0.2351
TP-0333,https://www.sameskydevices.com/product/resource/digikeypdf/sf400.pdf,SF400-101005,Same Sky (Formerly CUI Devices),686.0800,"Pad, Sheet",,Thermal Pad,10.0000,10.0000,,,2.5000,Square,10.00mm x 10.00mm,"0.0197"" (0.500mm)",,,0.5000,100.0000,6.8608,,7059.7632,0.1944
TP-0334,https://www.tglobaltechnology.com/wp-content/uploads/2023/08/TG-A6200_UK.pdf,TG-A6200-33.9-33.9-1.0,t-Global Technology,69.5500,"Pad, Sheet",,Thermal Pad,33.9000,33.9000,,,6.2000,Square,33.90mm x 33.90mm,"0.0394"" (1.000mm)",,,1.0000,1149.2100,0.0605,,62.2749,0.1567
TP-0335,https://wakefieldthermal.com/content/data_sheets/Double_Sided_Tape_WakefieldThermal.pdf,DST-16-1.3-254X254,Wakefield Thermal Solutions,697.7800,"Pad, Sheet",,Thermal Pad,254.0000,254.0000,,,1.3000,Square,254.00mm x 254.00mm,"0.0063"" (0.160mm)",,,0.1600,64516.0000,0.0108,,11.1293,0.1196
TP-0336,https://datasheets.tdx.henkel.com/BERGQUIST-SIL-PAD-TSP-900-en_GL.pdf,SP400-0.007-00-54,Bergquist,7.1500,"Pad, Sheet",,Thermal Pad,19.0500,12.7000,,,0.9000,Rectangular,19.05mm x 12.70mm,"0.0070"" (0.178mm)",,,0.1780,241.9350,0.0296,,30.4104,0.1922
TP-0337,https://www.tglobaltechnology.com/wp-content/uploads/2023/08/TG-A6200_UK.pdf,TG-A6200-11-11-1.0,t-Global Technology,7.1500,"Pad, Sheet",,Thermal Pad,11.0000,11.0000,,,6.2000,Square,11.00mm x 11.00mm,"0.0394"" (1.000mm)",,,1.0000,121.0000,0.0591,,60.8045,0.1567
TP-0338,https://www.tglobaltechnology.com/wp-content/uploads/2023/08/TG-A3500_UK.pdf,TG-A3500-10-10-4.0,t-Global Technology,7.1500,"Pad, Sheet",,Thermal Pad,10.0000,10.0000,,,3.5000,Square,10.00mm x 10.00mm,"0.157"" (4.00mm)",,,4.0000,100.0000,0.0715,,73.5735,1.1106
TP-0339,https://dm.henkel-dam.com/is/content/henkel/lt-8116-brochure-thermal-interface-materials-selection-guide-1,SP400-0.007-AC-58,Bergquist,7.4800,"Pad, Sheet",,Thermal Pad,19.0500,12.7000,,,0.9000,Rectangular,19.05mm x 12.70mm,"0.0070"" (0.178mm)",,,0.1780,241.9350,0.0309,,31.8140,0.1922
TP-0340,//mm.digikey.com/Volume0/opasdata/d220001/medias/docus/6032/211_ERGQUIST_SIL_PAD_TSP_900_EN-1534579.pdf,SP400-0.007-AC-54,Bergquist,7.4800,"Pad, Sheet",,Thermal Pad,19.0500,12.7000,,,0.9000,Rectangular,19.05mm x 12.70mm,"0.0070"" (0.178mm)",,,0.1780,241.9350,0.0309,,31.8140,0.1922
TP-0341,https://www.tglobaltechnology.com/wp-content/uploads/2023/08/TG-A6200_UK.pdf,TG-A6200-20-10-0.5,t-Global Technology,7.4800,"Pad, Sheet",,Thermal Pad,20.0000,10.0000,,,6.2000,Rectangular,20.00mm x 10.00mm,"0.0197"" (0.500mm)",,,0.5000,200.0000,0.0374,,38.4846,0.0784
TP-0342,https://www.tglobaltechnology.com/wp-content/uploads/2023/08/TG-A3500_UK.pdf,TG-A3500-15-15-1.5,t-Global Technology,7.8000,"Pad, Sheet",,Thermal Pad,15.0000,15.0000,,,3.5000,Square,15.00mm x 15.00mm,"0.0591"" (1.500mm)",,,1.5000,225.0000,0.0347,,35.6720,0.4165
TP-0343,//mm.digikey.com/Volume0/opasdata/d220001/medias/docus/2578/Sil-Pad%20600.pdf,SP600-54,Bergquist,7.8000,"Pad, Sheet",,Thermal Pad,19.0500,12.7000,,,1.0000,Rectangular,19.05mm x 12.70mm,"0.0090"" (0.229mm)",,,0.2290,241.9350,0.0322,,33.1750,0.2225
TP-0344,https://www.tglobaltechnology.com/wp-content/uploads/2023/08/TG-A3500_UK.pdf,TG-A3500-20-20-0.5,t-Global Technology,7.8000,"Pad, Sheet",,Thermal Pad,20.0000,20.0000,,,3.5000,Square,20.00mm x 20.00mm,"0.0197"" (0.500mm)",,,0.5000,400.0000,0.0195,,20.0655,0.1388
TP-0345,https://www.sameskydevices.com/product/resource/digikeypdf/sf400.pdf,SF400-505005,Same Sky (Formerly CUI Devices),703.3000,"Pad, Sheet",,Thermal Pad,50.0000,50.0000,,,2.5000,Square,50.00mm x 50.00mm,"0.0197"" (0.500mm)",,,0.5000,2500.0000,0.2813,,289.4783,0.1944
TP-0346,https://www.sameskydevices.com/product/resource/digikeypdf/sf400.pdf,SF400-404005,Same Sky (Formerly CUI Devices),703.3000,"Pad, Sheet",,Thermal Pad,40.0000,40.0000,,,2.5000,Square,40.00mm x 40.00mm,"0.0197"" (0.500mm)",,,0.5000,1600.0000,0.4396,,452.3098,0.1944
TP-0347,https://wakefieldthermal.com/content/data_sheets/Double_Sided_Tape_WakefieldThermal.pdf,DST-16-1.3-305X305,Wakefield Thermal Solutions,705.5800,"Pad, Sheet",,Thermal Pad,305.0000,305.0000,,,1.3000,Square,305.00mm x 305.00mm,"0.0063"" (0.160mm)",,,0.1600,93025.0000,0.0076,,7.8048,0.1196
TP-0348,https://www.tglobaltechnology.com/wp-content/uploads/2023/08/TG-A20KX_UK.pdf,TG-A20KX-285-190-1.0-1A,t-Global Technology,706.5500,"Pad, Sheet",,Thermal Pad,285.0000,190.0000,,,2.0000,Rectangular,285.00mm x 190.00mm,"0.0394"" (1.000mm)",,,1.0000,54150.0000,0.0130,,13.4264,0.4859
TP-0349,https://www.tglobaltechnology.com/wp-content/uploads/2023/08/TG-A38KX_UK.pdf,TG-A38KX-385-285-5.0-1A,t-Global Technology,7070.3800,"Pad, Sheet",,Thermal Pad,385.0000,285.0000,,,3.8000,Rectangular,385.00mm x 285.00mm,"0.197"" (5.00mm)",,,5.0000,109725.0000,0.0644,,66.3060,1.2787
TP-0350,https://www.tglobaltechnology.com/wp-content/uploads/2023/08/TG-A6200_UK.pdf,TG-A6200-20-20-4.0,t-Global Technology,71.8300,"Pad, Sheet",,Thermal Pad,20.0000,20.0000,,,6.2000,Square,20.00mm x 20.00mm,"0.157"" (4.00mm)",,,4.0000,400.0000,0.1796,,184.7827,0.6270
TP-0351,https://datasheets.tdx.henkel.com/BERGQUIST-GAP-PAD-TGP-2400-en_GL.pdf,GP2500S20-0.125-02-0816,Bergquist,7137.6500,"Pad, Sheet",,Thermal Pad,406.4000,203.2000,,,2.4000,Rectangular,406.40mm x 203.20mm,"0.125"" (3.18mm)",,,3.1800,82580.4800,0.0864,,88.9392,1.2877
TP-0352,https://www.tglobaltechnology.com/wp-content/uploads/2023/08/TG-A38KX_UK.pdf,TG-A38KX-385-285-5.0-2A,t-Global Technology,7199.4000,"Pad, Sheet",,Thermal Pad,385.0000,285.0000,,,3.8000,Rectangular,385.00mm x 285.00mm,"0.197"" (5.00mm)",,,5.0000,109725.0000,0.0656,,67.5159,1.2787
TP-0353,https://datasheets.tdx.henkel.com/BERGQUIST-SIL-PAD-TSP-K900-en_GL.pdf,2191342,Bergquist,728.9800,"Pad, Sheet",,Thermal Pad,304.8000,292.1000,,,0.9000,Rectangular,304.80mm x 292.10mm,"0.0060"" (0.152mm)",,,0.1520,89032.0800,0.0082,,8.4253,0.1641
TP-0354,https://www.sameskydevices.com/product/resource/digikeypdf/sf400.pdf,SF400-414505,Same Sky (Formerly CUI Devices),731.5800,"Pad, Sheet",,Thermal Pad,41.0000,45.0000,,,2.5000,Rectangular,41.00mm x 45.00mm,"0.0197"" (0.500mm)",,,0.5000,1845.0000,0.3965,,408.0194,0.1944
TP-0355,https://www.tglobaltechnology.com/wp-content/uploads/2023/08/TG-A38KX_UK.pdf,TG-A38KX-285-190-0.5,t-Global Technology,732.8800,"Pad, Sheet",,Thermal Pad,285.0000,190.0000,,,3.8000,Rectangular,285.00mm x 190.00mm,"0.0197"" (0.500mm)",,,0.5000,54150.0000,0.0135,,13.9268,0.1279
TP-0356,https://www.tglobaltechnology.com/wp-content/uploads/2023/08/TG-A6200F_UK.pdf,TG-A6200F-150-150-0.8,t-Global Technology,736.1300,"Pad, Sheet",,Thermal Pad,150.0000,150.0000,,,5.0000,Square,150.00mm x 150.00mm,"0.0315"" (0.800mm)",,,0.8000,22500.0000,0.0327,,33.6657,0.1555
TP-0357,https://www.sameskydevices.com/product/resource/digikeypdf/sf400.pdf,SF400-265005,Same Sky (Formerly CUI Devices),737.1000,"Pad, Sheet",,Thermal Pad,26.0000,50.0000,,,2.5000,Rectangular,26.00mm x 50.00mm,"0.0197"" (0.500mm)",,,0.5000,1300.0000,0.5670,,583.4430,0.1944
TP-0358,https://www.tglobaltechnology.com/wp-content/uploads/2023/08/TG-A38KX_UK.pdf,TG-A38KX-190-140-1.5-1A,t-Global Technology,747.8300,"Pad, Sheet",,Thermal Pad,190.0000,140.0000,,,3.8000,Rectangular,190.00mm x 140.00mm,"0.0591"" (1.500mm)",,,1.5000,26600.0000,0.0281,,28.9292,0.3836
TP-0359,https://www.tglobaltechnology.com/wp-content/uploads/2023/08/TG-A20KX_UK.pdf,TG-A20KX-285-190-1.0-2A,t-Global Technology,759.5300,"Pad, Sheet",,Thermal Pad,285.0000,190.0000,,,2.0000,Rectangular,285.00mm x 190.00mm,"0.0394"" (1.000mm)",,,1.0000,54150.0000,0.0140,,14.4332,0.4859
TP-0360,https://www.tglobaltechnology.com/wp-content/uploads/2023/08/TG-A20KX_UK.pdf,TG-A20KX-190-140-3.0-1A,t-Global Technology,760.8300,"Pad, Sheet",,Thermal Pad,190.0000,140.0000,,,2.0000,Rectangular,190.00mm x 140.00mm,"0.118"" (3.00mm)",,,3.0000,26600.0000,0.0286,,29.4321,1.4577
TP-0361,https://www.tglobaltechnology.com/wp-content/uploads/2023/08/TG-A6200_UK.pdf,TG-A6200-100-100-2.5,t-Global Technology,764.4000,"Pad, Sheet",,Thermal Pad,100.0000,100.0000,,,6.2000,Square,100.00mm x 100.00mm,"0.0984"" (2.500mm)",,,2.5000,10000.0000,0.0764,,78.6568,0.3919
TP-0362,https://datasheets.tdx.henkel.com/BERGQUIST-GAP-PAD-TGP-2400-en_GL.pdf,GP2500S20-0.160-02-0816,Bergquist,7667.0800,"Pad, Sheet",,Thermal Pad,406.4000,203.2000,,,2.4000,Rectangular,406.40mm x 203.20mm,"0.160"" (4.06mm)",,,4.0600,82580.4800,0.0928,,95.5362,1.6440
TP-0363,https://www.sameskydevices.com/product/resource/digikeypdf/sf400.pdf,SF400-707005,Same Sky (Formerly CUI Devices),771.2300,"Pad, Sheet",,Thermal Pad,70.0000,70.0000,,,2.5000,Square,70.00mm x 70.00mm,"0.0197"" (0.500mm)",,,0.5000,4900.0000,0.1574,,161.9583,0.1944
TP-0364,https://www.sameskydevices.com/product/resource/digikeypdf/sf400.pdf,SF400-151505,Same Sky (Formerly CUI Devices),776.7500,"Pad, Sheet",,Thermal Pad,15.0000,15.0000,,,2.5000,Square,15.00mm x 15.00mm,"0.0197"" (0.500mm)",,,0.5000,225.0000,3.4522,,3552.3367,0.1944
TP-0365,https://www.tglobaltechnology.com/wp-content/uploads/2023/08/TG-A38KX_UK.pdf,TG-A38KX-190-140-1.5-2A,t-Global Technology,784.5500,"Pad, Sheet",,Thermal Pad,190.0000,140.0000,,,3.8000,Rectangular,190.00mm x 140.00mm,"0.0591"" (1.500mm)",,,1.5000,26600.0000,0.0295,,30.3497,0.3836
TP-0366,https://www.tglobaltechnology.com/wp-content/uploads/2023/08/TG-A6200_UK.pdf,TG-A6200-30-30-2.0,t-Global Technology,79.9500,"Pad, Sheet",,Thermal Pad,30.0000,30.0000,,,6.2000,Square,30.00mm x 30.00mm,"0.0790"" (2.000mm)",,,2.0000,900.0000,0.0888,,91.4095,0.3135
TP-0367,https://datasheets.tdx.henkel.com/BERGQUIST-GAP-PAD-TGP-1500-en_GL.pdf,GP1500-0.040-02-0816,Bergquist,790.0800,"Pad, Sheet",,Thermal Pad,406.4000,203.2000,,,1.5000,Rectangular,406.40mm x 203.20mm,"0.0400"" (1.016mm)",,,1.0160,82580.4800,0.0096,,9.8448,0.6582
TP-0368,https://www.tglobaltechnology.com/wp-content/uploads/2023/08/TG-A6200F_UK.pdf,TG-A6200F-100-100-2.5,t-Global Technology,794.6300,"Pad, Sheet",,Thermal Pad,100.0000,100.0000,,,5.0000,Square,100.00mm x 100.00mm,"0.0984"" (2.500mm)",,,2.5000,10000.0000,0.0795,,81.7674,0.4859
TP-0369,https://datasheets.tdx.henkel.com/BERGQUIST-SIL-PAD-TSP-900-en_GL.pdf,SP400-0.007-00-104,Bergquist,8.1300,"Pad, Sheet",,Thermal Pad,25.4000,19.0500,,,0.9000,Rectangular,25.40mm x 19.05mm,"0.0070"" (0.178mm)",,,0.1780,483.8700,0.0168,,17.2893,0.1922
TP-0370,https://www.tglobaltechnology.com/wp-content/uploads/2023/08/TG-A6200_UK.pdf,TG-A6200-15-15-0.5,t-Global Technology,8.1300,"Pad, Sheet",,Thermal Pad,15.0000,15.0000,,,6.2000,Square,15.00mm x 15.00mm,"0.0197"" (0.500mm)",,,0.5000,225.0000,0.0361,,37.1812,0.0784
TP-0371,https://www.tglobaltechnology.com/wp-content/uploads/2023/08/TG-A3500_UK.pdf,TG-A3500-10-10-5.0,t-Global Technology,8.4500,"Pad, Sheet",,Thermal Pad,10.0000,10.0000,,,3.5000,Square,10.00mm x 10.00mm,"0.197"" (5.00mm)",,,5.0000,100.0000,0.0845,,86.9505,1.3883
TP-0372,https://datasheets.tdx.henkel.com/BERGQUIST-SIL-PAD-TSP-K900-en_GL.pdf,SPK4-0.006-00-104,Bergquist,8.7800,"Pad, Sheet",,Thermal Pad,25.4000,19.0500,,,0.9000,Rectangular,25.40mm x 19.05mm,"0.0060"" (0.152mm)",,,0.1520,483.8700,0.0181,,18.6716,0.1641
TP-0373,https://datasheets.tdx.henkel.com/BERGQUIST-SIL-PAD-TSP-900-en_GL.pdf,SP400-0.009-00-90,Bergquist,8.7800,"Pad, Sheet",,Thermal Pad,21.8400,18.8000,,,0.9000,Rectangular,21.84mm x 18.80mm,"0.0090"" (0.229mm)",,,0.2290,410.5920,0.0214,,22.0039,0.2473
TP-0374,https://www.tglobaltechnology.com/wp-content/uploads/2023/08/TG-A6200_UK.pdf,TG-A6200-10-10-1.5,t-Global Technology,8.7800,"Pad, Sheet",,Thermal Pad,10.0000,10.0000,,,6.2000,Square,10.00mm x 10.00mm,"0.0591"" (1.500mm)",,,1.5000,100.0000,0.0878,,90.3462,0.2351
TP-0375,https://www.sameskydevices.com/product/resource/digikeypdf/af200.pdf,AF500-153005,Same Sky (Formerly CUI Devices),807.6300,"Pad, Sheet",,Thermal Pad,15.0000,30.0000,,,3.0000,Rectangular,15.00mm x 30.00mm,"0.0197"" (0.500mm)",,,0.5000,450.0000,1.7947,,1846.7806,0.1620
TP-0376,https://www.tglobaltechnology.com/wp-content/uploads/2023/08/TG-A6200_UK.pdf,TG-A6200-25-25-3.0,t-Global Technology,81.9000,"Pad, Sheet",,Thermal Pad,25.0000,25.0000,,,6.2000,Square,25.00mm x 25.00mm,"0.118"" (3.00mm)",,,3.0000,625.0000,0.1310,,134.8402,0.4702
TP-0377,https://www.tglobaltechnology.com/wp-content/uploads/2023/08/TG-A20KX_UK.pdf,TG-A20KX-190-140-4.0,t-Global Technology,827.1300,"Pad, Sheet",,Thermal Pad,190.0000,140.0000,,,2.0000,Rectangular,190.00mm x 140.00mm,"0.157"" (4.00mm)",,,4.0000,26600.0000,0.0311,,31.9969,1.9436
TP-0378,https://www.tglobaltechnology.com/wp-content/uploads/2023/08/TG-A3500_UK.pdf,TG-A3500-40-40-3.0,t-Global Technology,83.2000,"Pad, Sheet",,Thermal Pad,40.0000,40.0000,,,3.5000,Square,40.00mm x 40.00mm,"0.118"" (3.00mm)",,,3.0000,1600.0000,0.0520,,53.5080,0.8330
TP-0379,https://datasheets.tdx.henkel.com/BERGQUIST-GAP-PAD-TGP-1500-en_GL.pdf,GP1500-0.060-02-0404,Bergquist,830.7000,"Pad, Sheet",,Thermal Pad,101.6000,101.6000,,,1.5000,Square,101.60mm x 101.60mm,"0.0600"" (1.524mm)",,,1.5240,10322.5600,0.0805,,82.8080,0.9874
TP-0380,https://datasheets.tdx.henkel.com/BERGQUIST-HI-FLOW-THF-800AC-en_GL.pdf,HF115AC-0.0055-AC-05,Bergquist,84.1800,"Pad, Sheet",,Thermal Pad,41.9100,28.9600,,,0.8000,Rhombus,41.91mm x 28.96mm,"0.0055"" (0.140mm)",,,0.1400,606.8568,0.1387,,142.7375,0.1701
TP-0381,https://dm.henkel-dam.com/is/content/henkel/lt-8116-brochure-thermal-interface-materials-selection-guide-1,Q3-0.005-00-46,Bergquist,86.4500,"Pad, Sheet",,Thermal Pad,31.7500,31.7500,,,2.0000,Square,31.75mm x 31.75mm,"0.0050"" (0.127mm)",,,0.1270,1008.0625,0.0858,,88.2456,0.0617
TP-0382,https://datasheets.tdx.henkel.com/BERGQUIST-GAP-PAD-TGP-5000-en_GL.pdf,GP5000S35-0.100-02-0816,Bergquist,8661.9000,"Pad, Sheet",,Thermal Pad,406.4000,203.2000,,,5.0000,Rectangular,406.40mm x 203.20mm,"0.100"" (2.54mm)",,,2.5400,82580.4800,0.1049,,107.9322,0.4937
TP-0383,https://www.tglobaltechnology.com/wp-content/uploads/2024/03/TG-A38KF_UK.pdf,TG-A38KF-285-190-0.5,t-Global Technology,869.3800,"Pad, Sheet",,Thermal Pad,285.0000,190.0000,,,3.3000,Rectangular,285.00mm x 190.00mm,"0.0197"" (0.500mm)",,,0.5000,54150.0000,0.0161,,16.5206,0.1472
TP-0384,https://www.tglobaltechnology.com/wp-content/uploads/2023/08/TG-A6200_UK.pdf,TG-A6200-40-40-1.0,t-Global Technology,87.1000,"Pad, Sheet",,Thermal Pad,40.0000,40.0000,,,6.2000,Square,40.00mm x 40.00mm,"0.0394"" (1.000mm)",,,1.0000,1600.0000,0.0544,,56.0162,0.1567
TP-0385,https://www.tglobaltechnology.com/wp-content/uploads/2023/08/TG-A38KX_UK.pdf,TG-A38KX-285-190-0.5-1A,t-Global Technology,878.1500,"Pad, Sheet",,Thermal Pad,285.0000,190.0000,,,3.8000,Rectangular,285.00mm x 190.00mm,"0.0197"" (0.500mm)",,,0.5000,54150.0000,0.0162,,16.6873,0.1279
TP-0386,https://www.tglobaltechnology.com/wp-content/uploads/2023/08/TG-A6200F_UK.pdf,TG-A6200F-150-150-1.0,t-Global Technology,882.7000,"Pad, Sheet",,Thermal Pad,150.0000,150.0000,,,5.0000,Square,150.00mm x 150.00mm,"0.0394"" (1.000mm)",,,1.0000,22500.0000,0.0392,,40.3688,0.1944
TP-0387,https://www.tglobaltechnology.com/wp-content/uploads/2023/08/TG-A6200_UK.pdf,TG-A6200-20-20-5.0,t-Global Technology,89.0500,"Pad, Sheet",,Thermal Pad,20.0000,20.0000,,,6.2000,Square,20.00mm x 20.00mm,"0.197"" (5.00mm)",,,5.0000,400.0000,0.2226,,229.0811,0.7837
TP-0388,https://www.tglobaltechnology.com/wp-content/uploads/2023/08/TG-A6200_UK.pdf,TG-A6200-100-100-3.0,t-Global Technology,891.4800,"Pad, Sheet",,Thermal Pad,100.0000,100.0000,,,6.2000,Square,100.00mm x 100.00mm,"0.118"" (3.00mm)",,,3.0000,10000.0000,0.0891,,91.7333,0.4702
TP-0389,https://www.tglobaltechnology.com/wp-content/uploads/2024/03/TG-A20KF_UK.pdf,TG-A20KF-190-140-4.0,t-Global Technology,894.7300,"Pad, Sheet",,Thermal Pad,190.0000,140.0000,,,1.8000,Rectangular,190.00mm x 140.00mm,"0.157"" (4.00mm)",,,4.0000,26600.0000,0.0336,,34.6119,2.1596
TP-0390,https://www.tglobaltechnology.com/wp-content/uploads/2023/08/TG-A20KX_UK.pdf,TG-A20KX-285-190-1.5-1A,t-Global Technology,898.9500,"Pad, Sheet",,Thermal Pad,285.0000,190.0000,,,2.0000,Rectangular,285.00mm x 190.00mm,"0.0591"" (1.500mm)",,,1.5000,54150.0000,0.0166,,17.0825,0.7289
TP-0391,https://datasheets.tdx.henkel.com/BERGQUIST-SIL-PAD-TSP-1600S-en_GL.pdf,SP900S-0.009-00-54,Bergquist,9.4300,"Pad, Sheet",,Thermal Pad,19.0500,12.7000,,,1.6000,Rectangular,19.05mm x 12.70mm,"0.0090"" (0.229mm)",,,0.2290,241.9350,0.0390,,40.1078,0.1391
TP-0392,https://datasheets.tdx.henkel.com/BERGQUIST-SIL-PAD-TSP-1600S-en_GL.pdf,SP900S-0.009-AC-54,Bergquist,9.4300,"Pad, Sheet",,Thermal Pad,19.0500,12.7000,,,1.6000,Rectangular,19.05mm x 12.70mm,"0.0090"" (0.229mm)",,,0.2290,241.9350,0.0390,,40.1078,0.1391
TP-0393,https://datasheets.tdx.henkel.com/BERGQUIST-SIL-PAD-TSP-900-en_GL.pdf,SP400-0.007-00-51,Bergquist,9.4300,"Pad, Sheet",,Thermal Pad,17.4500,14.2700,,,0.9000,Rectangular,17.45mm x 14.27mm,"0.0070"" (0.178mm)",,,0.1780,249.0115,0.0379,,38.9680,0.1922
TP-0394,https://www.tglobaltechnology.com/wp-content/uploads/2023/08/TG-A3500_UK.pdf,TG-A3500-15-15-2.0,t-Global Technology,9.4300,"Pad, Sheet",,Thermal Pad,15.0000,15.0000,,,3.5000,Square,15.00mm x 15.00mm,"0.0790"" (2.000mm)",,,2.0000,225.0000,0.0419,,43.1265,0.5553
TP-0395,https://www.tglobaltechnology.com/wp-content/uploads/2023/08/TG-A6200_UK.pdf,TG-A6200-9.5-9.5-2.0,t-Global Technology,9.4300,"Pad, Sheet",,Thermal Pad,9.5000,9.5000,,,6.2000,Square,9.50mm x 9.50mm,"0.0790"" (2.000mm)",,,2.0000,90.2500,0.1045,,107.5177,0.3135
TP-0396,https://dm.henkel-dam.com/is/content/henkel/lt-8116-brochure-thermal-interface-materials-selection-guide-1,SP400-0.009-00-51,Bergquist,9.7500,"Pad, Sheet",,Thermal Pad,17.4500,14.2700,,,0.9000,Rectangular,17.45mm x 14.27mm,"0.0090"" (0.229mm)",,,0.2290,249.0115,0.0392,,40.2903,0.2473
TP-0397,https://www.tglobaltechnology.com/wp-content/uploads/2023/08/TG-A3500_UK.pdf,TG-A3500-25-25-0.5,t-Global Technology,9.7500,"Pad, Sheet",,Thermal Pad,25.0000,25.0000,,,3.5000,Square,25.00mm x 25.00mm,"0.0197"" (0.500mm)",,,0.5000,625.0000,0.0156,,16.0524,0.1388
TP-0398,http://tds.loctite.com/tds5/Studio/ShowPDF/BERGQUIST%20SIL%20PAD%20TSP%20Q2500-EN?pid=BERGQUIST%20SIL%20PAD%20TSP%20Q2500&format=MTR&subformat=HYS&language=EN&plant=WERCS,QII-0.006-00-54,Bergquist,9.7500,"Pad, Sheet",,Thermal Pad,19.0500,12.7000,,,2.5000,Rectangular,19.05mm x 12.70mm,"0.0060"" (0.152mm)",,,0.1520,241.9350,0.0403,,41.4688,0.0591
TP-0399,https://www.tglobaltechnology.com/wp-content/uploads/2023/08/TG-A6200_UK.pdf,TG-A6200-19.50-12.70-0.5,t-Global Technology,9.7500,"Pad, Sheet",,Thermal Pad,19.5000,12.7000,,,6.2000,Rectangular,19.50mm x 12.70mm,"0.0197"" (0.500mm)",,,0.5000,247.6500,0.0394,,40.5118,0.0784
TP-0400,https://datasheets.tdx.henkel.com/BERGQUIST-GAP-PAD-TGP-1500R-en_GL.pdf,GP1500R-0.010-02-0816,Bergquist,900.5800,"Pad, Sheet",,Thermal Pad,406.4000,203.2000,,,1.5000,Rectangular,406.40mm x 203.20mm,"0.0100"" (0.254mm)",,,0.2540,82580.4800,0.0109,,11.2217,0.1646
TP-0401,https://www.sensata.com/sites/default/files/media/documents/2018-04-04/ourproducts_thermal_pads_hsp.pdf,HSP-1,Sensata-Crydom,91.0000,"Pad, Sheet",,Thermal Pad,57.1500,44.4500,,,1.0000,Rectangular,57.15mm x 44.45mm,"0.0039"" (0.100mm)",,,0.1000,2540.3175,0.0358,,36.8611,0.0972
TP-0402,https://datasheets.tdx.henkel.com/BERGQUIST-GAP-PAD-TGP-2400-en_GL.pdf,GP2500S20-0.200-02-0816,Bergquist,9138.3500,"Pad, Sheet",,Thermal Pad,406.4000,203.2000,,,2.4000,Rectangular,406.40mm x 203.20mm,"0.200"" (5.08mm)",,,5.0800,82580.4800,0.1107,,113.8691,2.0570
TP-0403,https://www.tglobaltechnology.com/wp-content/uploads/2023/08/TG-A6200F_UK.pdf,TG-A6200F-100-100-3.0,t-Global Technology,921.3800,"Pad, Sheet",,Thermal Pad,100.0000,100.0000,,,5.0000,Square,100.00mm x 100.00mm,"0.118"" (3.00mm)",,,3.0000,10000.0000,0.0921,,94.8100,0.5831
TP-0404,//mm.digikey.com/Volume0/opasdata/d220001/medias/docus/2578/Sil-Pad%20600.pdf,SP600-02,Bergquist,96.2000,"Pad, Sheet",,Thermal Pad,45.2100,31.7500,,,1.0000,Rhombus,45.21mm x 31.75mm,"0.0090"" (0.229mm)",,,0.2290,717.7088,0.1340,,137.9248,0.2225
TP-0405,https://datasheets.tdx.henkel.com/BERGQUIST-GAP-PAD-TGP-1500R-en_GL.pdf,GP1500R-0.020-02-0816,Bergquist,966.8800,"Pad, Sheet",,Thermal Pad,406.4000,203.2000,,,1.5000,Rectangular,406.40mm x 203.20mm,"0.0200"" (0.508mm)",,,0.5080,82580.4800,0.0117,,12.0479,0.3291
TP-0406,https://www.tglobaltechnology.com/wp-content/uploads/2023/08/TG-A20KX_UK.pdf,TG-A20KX-385-285-0.3-1A,t-Global Technology,983.4500,"Pad, Sheet",,Thermal Pad,385.0000,285.0000,,,2.0000,Rectangular,385.00mm x 285.00mm,"0.0118"" (0.300mm)",,,0.3000,109725.0000,0.0090,,9.2228,0.1458
