tim_id,datasheet,mfr_part_number,mfr,price_thb,product_type,dimensions_mm,category,width_mm,length_mm,weight_g,useable_temp_range_c,thermal_conductivity_wmk,shape,outline_mm,thickness_mm,max_temp_c,min_temp_c
,http://www.chipquik.com/datasheets/TC3-1G.pdf,TC3-1G,Chip Quik Inc.,193.38,Silicone Compound,1 gram Syringe,,,,,-40°F ~ 302°F (-40°C ~ 150°C),8.50,,,,,
,http://www.chipquik.com/datasheets/TC1-10G.pdf,TC1-10G,Chip Quik Inc.,290.88,Silicone Compound,10 gram Syringe,,,,,-40°F ~ 302°F (-40°C ~ 150°C),0.67,,,,,
,https://info.boydcorp.com/hubfs/Thermal/Air-Cooling/Boyd-Board-Level-Heatsinks-Catalog.pdf,250G,"Boyd Laconia, LLC",451.1,Silicone Compound,2 oz Tube,,,,,-40°F ~ 399°F (-40°C ~ 204°C),0.76,,,,,
,https://www.tglobaltechnology.com/wp-content/uploads/2019/07/TG-N909_UK.pdf,TG-N909-30,t-Global Technology,481.65,Non-Silicone Grease,30 gram Container,,,,,-40°F ~ 392°F (-40°C ~ 200°C),9.00,,,,,
,https://www.chemtronics.com/content/msds/TDS_CW7270.pdf,CW7270,Chemtronics,520.33,Non-Silicone Grease,7 gram Syringe,,,,,-99.4°F ~ 392°F (-73°C ~ 200°C),0.71,,,,,
,https://www.chemtronics.com/content/msds/TDS_CW7250.pdf,CW7250,Chemtronics,729.95,Non-Silicone Grease,3.4 gram Syringe,,,,,-99.4°F ~ 392°F (-73°C ~ 200°C),1.85,,,,,
,https://www.mgchemicals.com/downloads/tds/tds-9460TC.pdf,9460TC-3ML,MG Chemicals,832.98,Epoxy Adhesive,3 ml Syringe,,,,,-85°F ~ 302°F (-65°C ~ 150°C),0.80,,,,,
,https://www.chemtronics.com/content/msds/TDS_CT40.pdf,CT40-5,Chemtronics,1118.33,Silicone Compound,5 oz Tube,,,,,5°F ~ 392°F (-15°C ~ 200°C),0.63,,,,,
,https://datasheets.tdx.henkel.com/BERGQUIST-GAP-FILLER-TGF-1500-en_GL.pdf,GF1500-00-60-50CC,Bergquist,1129.05,"Liquid Gap Filler, 2 Part",50cc Cartridge,,,,,-76°F ~ 392°F (-60°C ~ 200°C),1.80,,,,,
,https://www.mgchemicals.com/downloads/tds/tds-8329tcs-2parts.pdf,8329TCS-6ML,MG Chemicals,1144.65,"Epoxy, 2 Part",6 ml Syringe,,,,,-40°F ~ 302°F (-40°C ~ 150°C),1.40,,,,,
,http://www.chipquik.com/datasheets/TC3-10G.pdf,TC3-10G,Chip Quik Inc.,1233.38,Silicone Compound,5cc Syringe,,,,,-40°F ~ 302°F (-40°C ~ 150°C),8.50,,,,,
,https://www.mgchemicals.com/downloads/tds/tds-8329tfs-2parts.pdf,8329TFS-25ML,MG Chemicals,1625.98,"Epoxy, 2 Part",25 ml Syringe,,,,,-40°F ~ 302°F (-40°C ~ 150°C),1.20,,,,,
,https://datasheets.tdx.henkel.com/BERGQUIST-GAP-FILLER-TGF-3600-en_GL.pdf,GF3500S35-00-60-50CC,Bergquist,1753.7,"Liquid Gap Filler, 2 Part",50cc Cartridge,,,,,-76°F ~ 392°F (-60°C ~ 200°C),3.60,,,,,
,http://www.chipquik.com/datasheets/TC4-20G.pdf,TC4-20G,Chip Quik Inc.,1799.2,"Thermal Compound, Liquid Metal",20 gram Syringe,,,,,-40°F ~ 302°F (-40°C ~ 150°C),79.00,,,,,
,//mm.digikey.com/Volume0/opasdata/d220001/medias/docus/2589/Parker%20Chomerics%20THERM-A-GAP%20GEL%2075%20CHODS1025.pdf,65-00-GEL75-0010,Parker Chomerics,1982.83,Silicone Gel,10cc Syringe,,,,,-67°F ~ 392°F (-55°C ~ 200°C),7.50,,,,,
,https://www.chemtronics.com/content/msds/TDS_CW7100.pdf,CW7100,Chemtronics,2210.65,Silicone Grease,6.5 gram Syringe,,,,,-70°F ~ 485°F (-57°C ~ 252°C),5.60,,,,,
,https://www.mgchemicals.com/downloads/tds/tds-8329tfs-2parts.pdf,8329TFS-50ML,MG Chemicals,2318.88,"Epoxy, 2 Part",45 ml Cartridge,,,,,-40°F ~ 302°F (-40°C ~ 150°C),1.20,,,,,
,https://www.mgchemicals.com/downloads/tds/tds-8329tcs-2parts.pdf,8329TCS-50ML,MG Chemicals,2411.83,"Epoxy, 2 Part",50 ml Jar,,,,,-40°F ~ 302°F (-40°C ~ 150°C),1.40,,,,,
,//mm.digikey.com/Volume0/opasdata/d220001/medias/docus/2589/Parker%20Chomerics%20THERM-A-GAP%20GEL%2075%20CHODS1025.pdf,65-02-GEL75-0030,Parker Chomerics,2652.33,Silicone Gel,30cc Syringe,,,,,-67°F ~ 392°F (-55°C ~ 200°C),7.50,,,,,
,https://mgchemicals.com/downloads/tds/tds-8349TFM.pdf,8349TFM-45ML,MG Chemicals,2856.43,"Epoxy, 2 Part",45 ml Jar,,,,,-85°F ~ 248°F (-65°C ~ 120°C),0.90,,,,,
,https://wakefieldthermal.com/content/data_sheets/127-20_WakefieldThermal_rev2.pdf,127-20-10,Wakefield Thermal Solutions,4708.28,Non-Silicone Grease,1 gram Syringe,,,,,-58°F ~ 392°F (-50°C ~ 200°C),20.00,,,,,
,https://tds.henkel.com/tds5/Studio/ShowPDF/?pid=TGF%203600&format=MTR&subformat=HYS&language=EN&plant=WERCS&authorization=2,GF3500S35-00-60-400CC,Bergquist,8861.13,"Liquid Gap Filler, 2 Part",400cc Cartridge,,,,,-76°F ~ 392°F (-60°C ~ 200°C),3.60,,,,,
,http://www.chipquik.com/datasheets/TC1-20G.pdf,TC1-20G,Chip Quik Inc.,420.88,Silicone Compound,20 gram Syringe,,,,,-,0.67,,,,,
,https://www.parker.com/content/dam/Parker-com/Literature/Chomerics/datasheets/Parker-Chomerics-THERM-A-GAP-GEL-35VT-Datasheet-CHODS1061.pdf,65-00-GEL35VT-0010,Parker Chomerics,1045.85,Silicone Gel,10cc Syringe,,,,,-67°F ~ 392°F (-55°C ~ 200°C),3.50,,,,,
,https://www.tglobaltechnology.com/wp-content/uploads/2023/08/TG-N8000-Putty_UK.pdf,TG-N8000-30,t-Global Technology,1631.5,Non-Silicone Putty,30 gram Jar,,,,,-40°C ~ 125°C,8.00,,,,,
,https://www.parker.com/content/dam/Parker-com/Literature/Chomerics/datasheets/Parker-Chomerics-THERM-A-GAP-GEL-50TBL-Datasheet-CHODS1067.pdf,65-02-GEL50TBL-0030,Parker Chomerics,1759.88,Silicone Gel,30cc Syringe,,,,,-67°F ~ 392°F (-55°C ~ 200°C),5.00,,,,,
,https://www.laird.com/document/datasheet/tputty-403-datasheet,A16872-03,Laird Technologies - Thermal Materials,4261.4,Liquid Gap Filler,180cc Cartridge,,,,,-49°F ~ 302°F (-45°C ~ 150°C),2.30,,,,,
,https://wakefieldthermal.com/wakefield-thermal-10cc-nonsilicone-grease-syringe-127-12-10/,127-12-10,Wakefield Thermal Solutions,4517.18,Non-Silicone Grease,1 gram Syringe,,,,,-58°F ~ 392°F (-50°C ~ 200°C),12.00,,,,,
,https://www.parker.com/content/dam/Parker-com/Literature/Chomerics/datasheets/Parker-Chomerics-THERM-A-GREASE-15-Datasheet-CHODS1133.pdf,65-00-GREASE15-0010,Parker Chomerics,552.5,Silicone Grease,10cc Syringe,,,,,-58°F ~ 392°F (-50°C ~ 200°C),1.50,,,,,
,https://www.parker.com/content/dam/Parker-com/Literature/Chomerics/datasheets/Parker-Chomerics-THERM-A-GREASE-50-Datasheet-CHODS1126.pdf,65-00-GREASE50-0010,Parker Chomerics,610.03,Silicone Grease,10cc Syringe,,,,,-58°F ~ 392°F (-50°C ~ 200°C),5.00,,,,,
,https://www.fischerelektronik.de/web_fischer/en_GB/VA/WLPF0710/datasheet.xhtml,WLPF 07 10,Fischer Elektronik,169.326,Non-Silicone Compound,5 ml Syringe,,,,,-40°F ~ 302°F (-40°C ~ 150°C),0.70,,,,,
,https://www.fischerelektronik.de/web_fischer/en_GB/VA/WLPF0720/datasheet.xhtml,WLPF 07 20,Fischer Elektronik,263.25,Non-Silicone Compound,10 ml Syringe,,,,,-40°F ~ 302°F (-40°C ~ 150°C),0.70,,,,,
,https://www.fischerelektronik.de/web_fischer/en_GB/VA/WLP035/datasheet.xhtml,WLP 035,Fischer Elektronik,394.225,Silicone Compound,35 gram Container,,,,,-40°F ~ 482°F (-40°C ~ 250°C),0.61,,,,,
,https://www.fischerelektronik.de/web_fischer/en_GB/VA/WLPK5/datasheet.xhtml,WLPK 5,Fischer Elektronik,986.38,Non-Silicone Paste,-,,,,,-76°F ~ 302°F (-60°C ~ 150°C),10.00,,,,,
,https://www.fischerelektronik.de/web_fischer/en_GB/VA/WLPK10/datasheet.xhtml,WLPK 10,Fischer Elektronik,1049.43,Non-Silicone Paste,10 ml Syringe,,,,,-76°F ~ 302°F (-60°C ~ 150°C),10.00,,,,,
,https://lipoly.com/wp-content/uploads/Datasheet/Liquid%20Gap%20Filler/Thermal%20Putty/S-putty.pdf,S-PUTTY-100,"Shiu Li Technology Co., Ltd.",1218.43,Silicone Putty,100 gram Cartridge,,,,,-76°F ~ 356°F (-60°C ~ 180°C),3.50,,,,,
,https://lipoly.com/wp-content/uploads/Datasheet/Liquid%20Gap%20Filler/Thermal%20Putty/N-putty-s.pdf,N-PUTTY-100,"Shiu Li Technology Co., Ltd.",1222,Non-Silicone Putty,100 gram Cartridge,,,,,-76°F ~ 302°F (-60°C ~ 150°C),3.50,,,,,
,//mm.digikey.com/Volume0/opasdata/d220001/medias/docus/6534/G3380NANBNC.pdf,G3380NA-120,"Shiu Li Technology Co., Ltd.",1649.7,Non-Silicone Grease,120 gram Cartridge,,,,,-76°F ~ 302°F (-60°C ~ 150°C),1.30,,,,,
,https://lipoly.com/wp-content/uploads/Datasheet/Liquid%20Gap%20Filler/Thermal%20Putty/S-putty2-s.pdf,S-PUTTY2-100,"Shiu Li Technology Co., Ltd.",1741.35,Silicone Putty,100 gram Cartridge,,,,,-76°F ~ 356°F (-60°C ~ 180°C),6.00,,,,,
,Https://www.dycotecmaterials.com/wp-content/uploads/2024/10/Dycotec-DM-TIM-15055-TDS-v1-01.pdf ,DM-TIM-15055-SYP-10,Dycotec Materials Ltd,1754.68,Non-Silicone Compound,10cc Syringe,,,,,-40°F ~ 257°F (-40°C ~ 125°C),5.50,,,,,
,//mm.digikey.com/Volume0/opasdata/d220001/medias/docus/6398/3962-TH235-2-30G-2SYR-ND%20%3B%204SYR-ND%20%3B500G-JAR-ND%20%3B%2050G-2JAR-ND%20%3B%2050G-4JAR-ND.pdf,TH235-2-30G-2SYR,Penchem Technologies Sdn Bhd,1772.55,Non-Silicone Putty,30 gram Syringe,,,,,5°F ~ 248°F (-15°C ~ 200°C),3.00,,,,,
,https://lipoly.com/wp-content/uploads/Datasheet/Liquid%20Gap%20Filler/Thermal%20Putty/H-putty2.pdf,H-PUTTY2-100,"Shiu Li Technology Co., Ltd.",1833,Silicone Putty,100 gram Cartridge,,,,,-76°F ~ 356°F (-60°C ~ 180°C),6.00,,,,,
,Https://www.dycotecmaterials.com/wp-content/uploads/2024/10/Dycotec-DM-TIM-15055-TDS-v1-01.pdf ,DM-TIM-15055-SY-30,Dycotec Materials Ltd,1845.68,Non-Silicone Compound,30cc Syringe,,,,,-40°F ~ 257°F (-40°C ~ 125°C),5.50,,,,,
,Https://www.dycotecmaterials.com/wp-content/uploads/2024/10/Dycotec-DM-TIM-15065-TDS-1-01.pdf ,DM-TIM-15065-SY-30,Dycotec Materials Ltd,1869.73,Non-Silicone Compound,30cc Syringe,,,,,-40°F ~ 257°F (-40°C ~ 125°C),6.50,,,,,
,https://www.dycotecmaterials.com/wp-content/uploads/2023/05/Dycotec-DM-TIM-15075-TDS_1.01-1.pdf,DM-TIM-15075-SY-30,Dycotec Materials Ltd,2007.2,Non-Silicone Compound,30cc Syringe,,,,,-40°F ~ 257°F (-40°C ~ 125°C),7.50,,,,,
,//mm.digikey.com/Volume0/opasdata/d220001/medias/docus/5662/PT605.pdf,PT605_0.5_0.25,Penchem Technologies Sdn Bhd,2031.25,"Potting Compound, 2 Part","250 gram Jar, 500 gram Jar",,,,,-40°F ~ 392°F (-40°C ~ 200°C),1.10,,,,,
,https://www.fischerelektronik.de/web_fischer/en_GB/VA/WLP300S/datasheet.xhtml,WLP 300 S,Fischer Elektronik,2513.23,Silicone Compound,300 gram Container,,,,,-40°F ~ 482°F (-40°C ~ 250°C),0.61,,,,,
,//mm.digikey.com/Volume0/opasdata/d220001/medias/docus/6398/3962-TH930-500G-JAR-ND%20%3B%203962-TH930-50G-2JAR-ND%20%3B%203962-TH930-50G-4JAR-ND.pdf,TH930-50G-4JAR,Penchem Technologies Sdn Bhd,2531.75,Silicone Putty,50 gram Jar,,,,,-76°F ~ 392°F (-60°C ~ 200°C),5.00,,,,,
,//mm.digikey.com/Volume0/opasdata/d220001/medias/docus/6398/3962-TH855-5-30G-2SYR-ND%20%3B%2030G-4SYR-ND%20%3B%20500G-JAR-ND%20%3B%2050G-2JAR-ND%20%3B%204JAR-ND.pdf,TH855-5-50G-4JAR,Penchem Technologies Sdn Bhd,2766.4,Silicone Putty,50 gram Jar,,,,,-40°F ~ 392°F (-40°C ~ 200°C),5.00,,,,,
,https://www.fischerelektronik.de/web_fischer/en_GB/VA/WLP500/datasheet.xhtml,WLP 500,Fischer Elektronik,2792.4,Silicone Compound,500 gram Container,,,,,-40°F ~ 482°F (-40°C ~ 250°C),0.61,,,,,
,//mm.digikey.com/Volume0/opasdata/d220001/medias/docus/7152/EPDM30-135.pdf,EPDM30-135,"Shiu Li Technology Co., Ltd.",2993.9,"Liquid Gap Filler, 2 Part",50 ml Cartridges,,,,,-40°F ~ 248°F (-40°C ~ 120°C),3.00,,,,,
,//mm.digikey.com/Volume0/opasdata/d220001/medias/docus/6398/3962-TH930-500G-JAR-ND%20%3B%203962-TH930-50G-2JAR-ND%20%3B%203962-TH930-50G-4JAR-ND.pdf,TH930-500G-JAR,Penchem Technologies Sdn Bhd,3120,Silicone Putty,500 gram Container,,,,,-76°F ~ 392°F (-60°C ~ 200°C),5.00,,,,,
,//mm.digikey.com/Volume0/opasdata/d220001/medias/docus/6534/3153_D2000.pdf,D2000-140,"Shiu Li Technology Co., Ltd.",3635.45,"Silicone Grease, 2 Part",140 gram Cartridge,,,,,-67°F ~ 401°F (-55°C ~ 205°C),2.00,,,,,
,https://lipoly.com/wp-content/uploads/Datasheet/Liquid%20Gap%20Filler/Thermal%20Putty/SH-putty3.pdf,SH-PUTTY3-100-KIT,"Shiu Li Technology Co., Ltd.",3688.75,Silicone Putty,100 gram Cartridge,,,,,-76°F ~ 356°F (-60°C ~ 180°C),8.00,,,,,
,https://www.fischerelektronik.de/web_fischer/en_GB/VA/GELS30/datasheet.xhtml,GEL S 30,Fischer Elektronik,3866.2,"Liquid Gap Filler, 2 Part",50 ml Cartridge,,,,,-40°F ~ 392°F (-40°C ~ 200°C),3.00,,,,,
,//mm.digikey.com/Volume0/opasdata/d220001/medias/docus/7135/3153_EP770-s.pdf,EP770-1100,"Shiu Li Technology Co., Ltd.",3971.5,"Epoxy, 2 Part",1 kg Can,,,,,-76°F ~ 302°F (-60°C ~ 150°C),2.50,,,,,
,//mm.digikey.com/Volume0/opasdata/d220001/medias/docus/6398/3962-TH949-1-50G-2JAR-ND%20%3B%203962-TH949-1-50G-4JAR-ND.pdf,TH949-1-50G-2JAR,Penchem Technologies Sdn Bhd,4777.5,Silicone Putty,50 gram Jar,,,,,-40°F ~ 392°F (-40°C ~ 200°C),7.00,,,,,
,//mm.digikey.com/Volume0/opasdata/d220001/medias/docus/5344/X-putty.pdf,X-PUTTY-900,"Shiu Li Technology Co., Ltd.",6682.65,Silicone Putty,900 gram Container,,,,,-76°F ~ 356°F (-60°C ~ 180°C),3.00,,,,,
,https://www.dycotecmaterials.com/wp-content/uploads/2022/08/Dycotec-DM-TIM-15204_PCM_TDS-1.pdf,DM-TIM-15204-S-250,Dycotec Materials Ltd,8513.38,Phase Change Thermal Compound,250 gram Jar,,,,,302°F (150°C),3.30,,,,,
,//mm.digikey.com/Volume0/opasdata/d220001/medias/docus/6398/3962-TH949-1-50G-2JAR-ND%20%3B%203962-TH949-1-50G-4JAR-ND.pdf,TH949-1-50G-4JAR,Penchem Technologies Sdn Bhd,9077.25,Silicone Putty,50 gram Jar,,,,,-40°F ~ 392°F (-40°C ~ 200°C),7.00,,,,,
,https://www.fischerelektronik.de/web_fischer/en_GB/VA/WLK5/datasheet.xhtml,WLK 5,Fischer Elektronik,588.9,Epoxy Adhesive,5 gram Jar,,,,,-,0.84,,,,,
,https://datasheets.tdx.henkel.com/BERGQUIST-GAP-FILLER-TGF-1000-en_GL.pdf,GF1000-00-15-50CC,Bergquist,792.03,"Liquid Gap Filler, 2 Part",50cc Cartridge,,,,,-76°F ~ 347°F (-60°C ~ 175°C),1.00,,,,,
,http://www.chipquik.com/datasheets/TC2-20G.pdf,TC2-20G,Chip Quik Inc.,1330.88,Silicone Compound,20 gram Syringe,,,,,-40°F ~ 302°F (-40°C ~ 150°C),4.30,,,,,
,https://www.parker.com/content/dam/Parker-com/Literature/Chomerics/datasheets/Parker-Chomerics-THERM-A-GAP-GEL-35VT-Datasheet-CHODS1061.pdf,65-02-GEL35VT-0030,Parker Chomerics,1428.05,Silicone Gel,30cc Syringe,,,,,-67°F ~ 392°F (-55°C ~ 200°C),3.50,,,,,
,https://www.laird.com/sites/default/files/2024-06/THR-DS-TflexTM%20CR607.pdf,A17262-01,Laird Technologies - Thermal Materials,3810.3,Silicone Gap Filler,50cc Cartridge,,,,,-67°F ~ 392°F (-55°C ~ 200°C),6.40,,,,,
,https://www.laird.com/sites/default/files/2023-06/THR-DS-Tputty%20910%20RevA.pdf,A18560-09,Laird Technologies - Thermal Materials,4789.2,Liquid Gap Filler,30cc Cartridge,,,,,-40°F ~ 356°F (-40°C ~ 180°C),9.10,,,,,
,https://www.laird.com/sites/default/files/2023-06/THR-DS-Tputty%20910%20RevA.pdf,A18578-08,Laird Technologies - Thermal Materials,7582.25,Liquid Gap Filler,75cc Cartridge,,,,,-40°F ~ 356°F (-40°C ~ 180°C),9.10,,,,,
,https://www.laird.com/sites/default/files/2023-06/THR-DS-Tputty%20910%20RevA.pdf,A18578-02,Laird Technologies - Thermal Materials,16599.05,Liquid Gap Filler,180cc Cartridge,,,,,-40°F ~ 356°F (-40°C ~ 180°C),9.10,,,,,
,http://www.chipquik.com/datasheets/TC4-1G.pdf,TC4-1G,Chip Quik Inc.,391.95,"Thermal Compound, Liquid Metal",1 gram Syringe,,,,,-40°F ~ 302°F (-40°C ~ 150°C),79.00,,,,,
,http://www.chipquik.com/datasheets/TC3-3.5G.pdf,TC3-3.5G,Chip Quik Inc.,485.88,Silicone Compound,3.5 gram Syringe,,,,,-40°F ~ 302°F (-40°C ~ 150°C),8.50,,,,,
,http://www.chipquik.com/datasheets/TC4-2G.pdf,TC4-2G,Chip Quik Inc.,575.9,"Thermal Compound, Liquid Metal",2 gram Syringe,,,,,-40°F ~ 302°F (-40°C ~ 150°C),79.00,,,,,
,https://www.parker.com/content/dam/Parker-com/Literature/Chomerics/datasheets/Parker-Chomerics-THERM-A-GREASE-30-Datasheet-CHODS1125.pdf,65-00-GREASE30-0010,Parker Chomerics,581.1,Silicone Grease,10cc Syringe,,,,,-58°F ~ 392°F (-50°C ~ 200°C),3.00,,,,,
,https://www.parker.com/content/dam/Parker-com/Literature/Chomerics/datasheets/Parker-Chomerics-THERM-A-GREASE-70-Datasheet-CHODS1127.pdf,65-00-GREASE70-0010,Parker Chomerics,627.25,Silicone Grease,10cc Syringe,,,,,-58°F ~ 392°F (-50°C ~ 200°C),7.00,,,,,
,http://www.chipquik.com/datasheets/TC2-10G.pdf,TC2-10G,Chip Quik Inc.,713.38,Silicone Compound,10 gram Syringe,,,,,-40°F ~ 302°F (-40°C ~ 150°C),4.30,,,,,
,http://www.chipquik.com/datasheets/TC4-5G.pdf,TC4-5G,Chip Quik Inc.,756.28,"Thermal Compound, Liquid Metal",5 gram Syringe,,,,,-40°F ~ 302°F (-40°C ~ 150°C),79.00,,,,,
,https://www.parker.com/Literature/Chomerics/Catalogs/Parker%20Chomerics%20Thermal%20Interface%20Thermal%20Gels.pdf,65-00-GEL37-0010,Parker Chomerics,956.15,Silicone Gel,10cc Syringe,,,,,-67°F ~ 392°F (-55°C ~ 200°C),3.70,,,,,
,http://www.chipquik.com/datasheets/TC4-10G.pdf,TC4-10G,Chip Quik Inc.,1110.2,"Thermal Compound, Liquid Metal",10 gram Syringe,,,,,-40°F ~ 302°F (-40°C ~ 150°C),79.00,,,,,
,https://www.parker.com/content/dam/Parker-com/Literature/Chomerics/Parker-Chomerics-THERM-A-GAP-GEL-20-Datasheet-CHODS1005.pdf,65-00-GEL20-0010,Parker Chomerics,1274.33,Gel Gap Filler,10cc Syringe,,,,,-67°F ~ 392°F (-55°C ~ 200°C),2.4,,,,,
,https://www.parker.com/content/dam/Parker-com/Literature/Chomerics/datasheets/Parker-Chomerics-THERM-A-GAP-GEL-50TBL-Datasheet-CHODS1067.pdf,65-00-GEL50TBL-0010,Parker Chomerics,1436.5,Silicone Gel,10cc Syringe,,,,,-67°F ~ 392°F (-55°C ~ 200°C),5.00,,,,,
,https://www.parker.com/content/dam/Parker-com/Literature/Chomerics/datasheets/Parker-Chomerics-THERM-A-GREASE-70-Datasheet-CHODS1127.pdf,65-02-GREASE70-0030,Parker Chomerics,1595.43,Silicone Grease,30cc Cartridge,,,,,-58°F ~ 392°F (-50°C ~ 200°C),7.00,,,,,
,http://www.chipquik.com/datasheets/TC1-200G.pdf,TC1-200G,Chip Quik Inc.,1623.38,Silicone Compound,200 gram Jar,,,,,-,0.67,,,,,
,https://www.laird.com/sites/default/files/2025-05/THR-DS-Tflex%20CR550_202505.pdf,A18835-01,Laird Technologies - Thermal Materials,1783.93,Liquid Gap Filler,50cc Cartridge,,,,,-40°F ~ 392°F (-40°C ~ 200°C),5.40,,,,,
,https://www.parker.com/content/dam/Parker-com/Literature/Chomerics/datasheets/Parker-Chomerics-THERM-A-GAP-GEL-50VT-Datasheet-CHODS1004.pdf,65-02-GEL50VT-0030,Parker Chomerics,1807.65,Silicone Gel,30cc Syringe,,,,,-67°F ~ 392°F (-55°C ~ 200°C),5.20,,,,,
,https://www.laird.com/document/pmbu-doc-000005173,A17170-01,Laird Technologies - Thermal Materials,1939.93,Silicone Compound,75cc Cartridge,,,,,-40°F ~ 302°F (-40°C ~ 150°C),3.70,,,,,
,https://www.parker.com/content/dam/Parker-com/Literature/Chomerics/datasheets/Parker-Chomerics-THERM-A-GAP-GEL-75VT-Datasheet-CHODS1112.pdf,65-02-GEL75VT-0030,Parker Chomerics,2346.83,Silicone Gel,30cc Cartridge,,,,,-58°F ~ 392°F (-50°C ~ 200°C),7.50,,,,,
,https://www.tglobaltechnology.com/wp-content/uploads/2023/08/TG-A7000-Putty_UK.pdf,TG-A7000-55CC,t-Global Technology,3062.8,Silicone Putty,50cc Syringe,,,,,-58°F ~ 356°F (-50°C ~ 180°C),7.00,,,,,
,https://www.tglobaltechnology.com/wp-content/uploads/2023/08/TG-N8000-Putty_UK.pdf,TG-N8000-30CC,t-Global Technology,3084.9,Non-Silicone Putty,30cc Syringe,,,,,-40°C ~ 125°C,8.00,,,,,
,https://datasheets.tdx.henkel.com/LOCTITE-STYCAST-2762FT-CAT-17-en_GL.pdf,1188099,LOCTITE,5036.53,"Epoxy, 2 Part (Order Catalyst Separately)",3 lb Container,,,,,-4°F ~ 446°F (-20°C ~ 230°C),1.34,,,,,
,https://www.laird.com/sites/default/files/2018-11/Tputty%20502%20Data%20Sheet%2012-6-17.pdf,A10548-5,Laird Technologies - Thermal Materials,5112.25,Silicone Putty,100cc Jar,,,,,-49°F ~ 392°F (-45°C ~ 200°C),3.00,,,,,
,https://www.parker.com/Literature/Chomerics/Catalogs/Parker%20Chomerics%20Thermal%20Interface%20Thermal%20Gels.pdf,65-01-GEL37-0180,Parker Chomerics,5235.43,Silicone Gel,180cc Syringe,,,,,-67°F ~ 392°F (-55°C ~ 200°C),3.70,,,,,
,https://datasheets.tdx.henkel.com/BERGQUIST-LIQUI-FORM-TLF-6000HG-en_GL.pdf,2624519,Bergquist,5516.23,Silicone Gel,150cc Cartridge,,,,,-76°F ~ 392°F (-60°C ~ 200°C),6.00,,,,,
,https://www.laird.com/document/datasheet/tputty-403-datasheet,A16872-04,Laird Technologies - Thermal Materials,6831.83,Liquid Gap Filler,360cc Cartridge,,,,,-49°F ~ 302°F (-45°C ~ 150°C),2.30,,,,,
,https://www.parker.com/content/dam/Parker-com/Literature/Chomerics/datasheets/Parker-Chomerics-THERM-A-GAP-GEL-50VT-Datasheet-CHODS1004.pdf,65-02-GEL50VT-0180,Parker Chomerics,7108.73,Silicone Gel,180cc Syringe,,,,,-67°F ~ 392°F (-55°C ~ 200°C),5.20,,,,,
,https://datasheets.tdx.henkel.com/LOCTITE-STYCAST-2850KT-CAT-24LV-en_GL.pdf,1188134,LOCTITE,7377.83,"Epoxy, 2 Part (Order Catalyst Separately)",3 lb Container,,,,,-67°F ~ 311°F (-55°C ~ 155°C),2.78,,,,,
,https://www.parker.com/content/dam/Parker-com/Literature/Chomerics/datasheets/Parker-Chomerics-THERM-A-GAP-GEL-50VT-Datasheet-CHODS1004.pdf,65-00-GEL50VT-0300,Parker Chomerics,11792.3,Silicone Gel,300cc Syringe,,,,,-67°F ~ 392°F (-55°C ~ 200°C),5.20,,,,,
,//mm.digikey.com/Volume0/opasdata/d220001/medias/docus/5880/2850KT.PDF,1188135,LOCTITE,14655.55,"Epoxy, 2 Part (Order Catalyst Separately)",20 lb Container,,,,,-67°F ~ 311°F (-55°C ~ 155°C),2.78,,,,,
,https://datasheets.tdx.henkel.com/BERGQUIST-GAP-FILLER-TGF-3000SF-en_GL.pdf,2761872,Bergquist,10337.6,"Liquid Gap Filler, 2 Part",400cc Cartridge,,,,,-40°F ~ 212°F (-40°C ~ 100°C),3.00,,,,,
,https://www.tglobaltechnology.com/wp-content/uploads/2023/08/TG-N8000-Putty_UK.pdf,TG-N8000-330CC,t-Global Technology,15291.9,Non-Silicone Putty,330cc Syringe,,,,,-40°C ~ 125°C,8.00,,,,,
,https://www.parker.com/content/dam/Parker-com/Literature/Chomerics/datasheets/Parker-Chomerics-THERM-A-GREASE-15-Datasheet-CHODS1133.pdf,65-02-GREASE15-0030,Parker Chomerics,1404.98,Silicone Grease,30cc Cartridge,,,,,-58°F ~ 392°F (-50°C ~ 200°C),1.50,,,,,
,https://www.parker.com/content/dam/Parker-com/Literature/Chomerics/datasheets/Parker-Chomerics-THERM-A-GREASE-30-Datasheet-CHODS1125.pdf,65-02-GREASE30-0030,Parker Chomerics,1478.43,Silicone Grease,30cc Cartridge,,,,,-58°F ~ 392°F (-50°C ~ 200°C),3.00,,,,,
,https://www.parker.com/content/dam/Parker-com/Literature/Chomerics/datasheets/Parker-Chomerics-THERM-A-GAP-GEL-75VT-Datasheet-CHODS1112.pdf,65-00-GEL75VT-0010,Parker Chomerics,1754.68,Silicone Gel,10cc Syringe,,,,,-58°F ~ 392°F (-50°C ~ 200°C),7.50,,,,,
,https://www.parker.com/content/dam/Parker-com/Literature/Chomerics/datasheets/Parker-Chomerics-THERM-A-GREASE-15-Datasheet-CHODS1133.pdf,65-00-GREASE15-0160,Parker Chomerics,4322.5,Silicone Grease,160cc Container,,,,,-58°F ~ 392°F (-50°C ~ 200°C),1.50,,,,,
,https://www.parker.com/content/dam/Parker-com/Literature/Chomerics/datasheets/Parker-Chomerics-THERM-A-GREASE-30-Datasheet-CHODS1125.pdf,65-00-GREASE30-0160,Parker Chomerics,4549.03,Silicone Grease,160cc Container,,,,,-58°F ~ 392°F (-50°C ~ 200°C),3.00,,,,,
,https://www.parker.com/content/dam/Parker-com/Literature/Chomerics/datasheets/Parker-Chomerics-THERM-A-GREASE-50-Datasheet-CHODS1126.pdf,65-00-GREASE50-0160,Parker Chomerics,4774.25,Silicone Grease,160cc Container,,,,,-58°F ~ 392°F (-50°C ~ 200°C),5.00,,,,,
,https://www.laird.com/sites/default/files/2025-05/THR-DS-Tflex%20CR550_202505.pdf,A18835-02,Laird Technologies - Thermal Materials,4816.83,Liquid Gap Filler,200cc Cartridge,,,,,-40°F ~ 392°F (-40°C ~ 200°C),5.40,,,,,
,https://www.parker.com/content/dam/Parker-com/Literature/Chomerics/datasheets/Parker-Chomerics-THERM-A-GREASE-70-Datasheet-CHODS1127.pdf,65-00-GREASE70-0160,Parker Chomerics,4909.45,Silicone Grease,160cc Container,,,,,-58°F ~ 392°F (-50°C ~ 200°C),7.00,,,,,
,https://www.parker.com/content/dam/Parker-com/Literature/Chomerics/datasheets/Parker-Chomerics-THERM-A-GAP-GEL-75VT-Datasheet-CHODS1112.pdf,65-02-GEL75VT-0180,Parker Chomerics,7977.13,Silicone Gel,180cc Cartridge,,,,,-58°F ~ 392°F (-50°C ~ 200°C),7.50,,,,,
,https://www.laird.com/sites/default/files/2025-05/THR-DS-Tflex%20CR550_202505.pdf,A18835-03,Laird Technologies - Thermal Materials,8384.68,Liquid Gap Filler,400cc Cartridge,,,,,-40°F ~ 392°F (-40°C ~ 200°C),5.40,,,,,
,https://media.startech.com/cms/pdfs/silvgrease1_datasheet.pdf,SILVGREASE1,StarTech.com,264.55,Silicone Compound,1.5 gram Syringe,,,,,-30°C ~ 180°C,1.93,,,,,
,https://media.startech.com/cms/pdfs/heatgrease20_datasheet.pdf,HEATGREASE20,StarTech.com,301.93,Silicone Compound,20 gram Tube,,,,,-4°F ~ 212°F (-20°C ~ 100°C),1.07,,,,,
,https://www.fischerelektronik.de/web_fischer/en_GB/VA/WLPF0750/datasheet.xhtml,WLPF 07 50,Fischer Elektronik,363.35,Non-Silicone Compound,20 ml Syringe,,,,,-40°F ~ 302°F (-40°C ~ 150°C),0.70,,,,,
,//mm.digikey.com/Volume0/opasdata/d220001/medias/docus/6555/TP-2002-50g-Jar_Silicone%20Thermal%20Putty.pdf,TP2002-50g-Jar,Penchem Technologies Sdn Bhd,520,Silicone Putty,50 gram Jar,,,,,-40°F ~ 302°F (-40°C ~ 150°C),2.0,,,,,
,https://www.fischerelektronik.de/web_fischer/en_GB/VA/WLK10/datasheet.xhtml,WLK 10,Fischer Elektronik,871.65,Epoxy Adhesive,10 gram,,,,,-,0.84,,,,,
,https://www.fischerelektronik.de/web_fischer/en_GB/VA/WLKDK4/datasheet.xhtml,WLK DK 4,Fischer Elektronik,875.55,Epoxy Adhesive,4 ml Syringe,,,,,-58°F ~ 293°F (-50°C ~ 145°C),1.00,,,,,
,//mm.digikey.com/Volume0/opasdata/d220001/medias/docus/5344/X-putty.pdf,X-PUTTY-100,"Shiu Li Technology Co., Ltd.",912.93,Silicone Putty,100 gram Cartridge,,,,,-76°F ~ 356°F (-60°C ~ 180°C),3.00,,,,,
,https://www.fischerelektronik.de/web_fischer/en_GB/VA/WLKDK10/datasheet.xhtml,WLK DK 10,Fischer Elektronik,914.88,Epoxy Adhesive,10 ml Syringe,,,,,-58°F ~ 293°F (-50°C ~ 145°C),1.00,,,,,
,//mm.digikey.com/Volume0/opasdata/d220001/medias/docus/6398/3962-TH833-3_0.1_0.1-ND%20%3B%203962-TH833-3_0.5_0.5-ND.pdf,TH833-3_0.1_0.1,Penchem Technologies Sdn Bhd,975,"Silicone Compound, 2 Part",100 gram Jar,,,,,-40°F ~ 392°F (-40°C ~ 200°C),2.0,,,,,
,//mm.digikey.com/Volume0/opasdata/d220001/medias/docus/6534/3153_PK223DM.pdf,PK223DM-110,"Shiu Li Technology Co., Ltd.",1008.15,"Liquid Gap Filler, 2 Part",110 gram Cartridge,,,,,-76°F ~ 392°F (-60°C ~ 200°C),2.00,,,,,
,https://media.startech.com/cms/pdfs/silv5-thermal-paste_datasheet.pdf,SILV5-THERMAL-PASTE,StarTech.com,1050.4,Silicone Compound,1.5 gram Syringe,,,,,-22°F ~ 365°F (-30°C ~ 180°C),3.20,,,,,
,//mm.digikey.com/Volume0/opasdata/d220001/medias/docus/6398/3962-TH235-2-30G-2SYR-ND%20%3B%204SYR-ND%20%3B500G-JAR-ND%20%3B%2050G-2JAR-ND%20%3B%2050G-4JAR-ND.pdf,TH235-2-50G-2JAR,Penchem Technologies Sdn Bhd,1170,Non-Silicone Putty,50 gram Jar,,,,,5°F ~ 248°F (-15°C ~ 200°C),3.00,,,,,
,https://www.dycotecmaterials.com/wp-content/uploads/2024/10/Dycotec-DM-TIM-15025-Datasheet-March-2023-v103.pdf,DM-TIM-15025-SYP-10,Dycotec Materials Ltd,1243.45,Non-Silicone Compound,10cc Syringe,,,,,-40°F ~ 257°F (-40°C ~ 125°C),2.50,,,,,
,https://lipoly.com/wp-content/uploads/Datasheet/Liquid%20Gap%20Filler/Thermal%20Putty/H-putty.pdf,H-PUTTY-100,"Shiu Li Technology Co., Ltd.",1283.1,Silicone Putty,100 gram Cartridge,,,,,-76°F ~ 356°F (-60°C ~ 180°C),3.50,,,,,
,//mm.digikey.com/Volume0/opasdata/d220001/medias/docus/6398/3962-TH930-500G-JAR-ND%20%3B%203962-TH930-50G-2JAR-ND%20%3B%203962-TH930-50G-4JAR-ND.pdf,TH930-50G-2JAR,Penchem Technologies Sdn Bhd,1332.5,Silicone Putty,50 gram Jar,,,,,-76°F ~ 392°F (-60°C ~ 200°C),5.00,,,,,
,//mm.digikey.com/Volume0/opasdata/d220001/medias/docus/6398/3962-TH855-5-30G-2SYR-ND%20%3B%2030G-4SYR-ND%20%3B%20500G-JAR-ND%20%3B%2050G-2JAR-ND%20%3B%204JAR-ND.pdf,TH855-5-50G-2JAR,Penchem Technologies Sdn Bhd,1456,Silicone Putty,50 gram Jar,,,,,-40°F ~ 392°F (-40°C ~ 200°C),5.00,,,,,
,https://www.dycotecmaterials.com/wp-content/uploads/2024/10/Dycotec-DM-TIM-15025-Datasheet-March-2023-v103.pdf,DM-TIM-15025-SY-30,Dycotec Materials Ltd,1467.7,Non-Silicone Compound,30cc Syringe,,,,,-40°F ~ 257°F (-40°C ~ 125°C),2.50,,,,,
,Https://www.dycotecmaterials.com/wp-content/uploads/2024/10/Dycotec-DM-TIM-15045-Datasheet-v1-01.pdf ,DM-TIM-15045-SYP-10,Dycotec Materials Ltd,1491.43,Non-Silicone Compound,10cc Syringe,,,,,-40°F ~ 257°F (-40°C ~ 125°C),4.50,,,,,
,https://www.dycotecmaterials.com/wp-content/uploads/2023/05/Dycotec-DM-TIM-15075-TDS_1.01-1.pdf,DM-TIM-15075-SYP-10,Dycotec Materials Ltd,1494.68,Non-Silicone Compound,10cc Syringe,,,,,-40°F ~ 257°F (-40°C ~ 125°C),7.50,,,,,
,Https://www.dycotecmaterials.com/wp-content/uploads/2024/10/Dycotec-DM-TIM-15065-TDS-1-01.pdf ,DM-TIM-15065-SYP-10,Dycotec Materials Ltd,1499.55,Non-Silicone Compound,10cc Syringe,,,,,-40°F ~ 257°F (-40°C ~ 125°C),6.50,,,,,
,https://www.dycotecmaterials.com/wp-content/uploads/2023/11/Dycotec-DM-TIM-15340_EPOXY_TDS_v1.00.pdf,DM-TIM-15340-SYP,Dycotec Materials Ltd,1757.28,Epoxy Adhesive,10cc Syringe,,,,,-40°F ~ 257°F (-40°C ~ 125°C),3.70,,,,,
,Https://www.dycotecmaterials.com/wp-content/uploads/2024/10/Dycotec-DM-TIM-15045-Datasheet-v1-01.pdf ,DM-TIM-15045-SY-30,Dycotec Materials Ltd,1811.23,Non-Silicone Compound,30cc Syringe,,,,,-40°F ~ 257°F (-40°C ~ 125°C),4.50,,,,,
,https://www.parker.com/content/dam/Parker-com/Literature/Chomerics/Parker-Chomerics-THERM-A-GAP-GEL-20-Datasheet-CHODS1005.pdf,65-02-GEL20-0030,Parker Chomerics,1851.53,Gel Gap Filler,30cc Cartridge,,,,,-67°F ~ 392°F (-55°C ~ 200°C),2.4,,,,,
,https://www.dycotecmaterials.com/wp-content/uploads/2023/08/Dycotec-DM-TIM-15085-TDS_v1.00-1.pdf,DM-TIM-15085-SYP-10,Dycotec Materials Ltd,1852.5,Non-Silicone Compound,10cc Syringe,,,,,-40°F ~ 257°F (-40°C ~ 125°C),8.50,,,,,
,//mm.digikey.com/Volume0/opasdata/d220001/medias/docus/5344/X-putty.pdf,X-PUTTY-100-KIT,"Shiu Li Technology Co., Ltd.",1936.35,Silicone Putty,100 gram Cartridge,,,,,-76°F ~ 356°F (-60°C ~ 180°C),3.00,,,,,
,https://www.dycotecmaterials.com/wp-content/uploads/2023/06/Dycotec-DM-TIM-15323_EPOXY_TDS_v1.01.pdf,DM-TIM-15323-SYP,Dycotec Materials Ltd,1937.33,Epoxy Adhesive,10cc Syringe,,,,,-67°F ~ 392°F (-55°C ~ 200°C),2.30,,,,,
,//mm.digikey.com/Volume0/opasdata/d220001/medias/docus/6534/NEP220.pdf,EPDM20-135,"Shiu Li Technology Co., Ltd.",2077.4,"Liquid Gap Filler, 2 Part",50 ml Cartridges,,,,,-40°F ~ 248°F (-40°C ~ 120°C),2.2,,,,,
,https://lipoly.com/wp-content/uploads/Datasheet/Liquid%20Gap%20Filler/Thermal%20Putty/N-putty2-s.pdf,N-PUTTY2-100,"Shiu Li Technology Co., Ltd.",2138.5,Non-Silicone Putty,100 gram Cartridge,,,,,-76°F ~ 302°F (-60°C ~ 150°C),5.00,,,,,
,//mm.digikey.com/Volume0/opasdata/d220001/medias/docus/3944/GCS-018-GS-WE.pdf,GCS-018-GS-WE-1KG,European Thermodynamics Ltd,2227.23,Silicone Grease,1 kg Container,,,,,-40°F ~ 392°F (-40°C ~ 200°C),1.80,,,,,
,https://lipoly.com/wp-content/uploads/Datasheet/Liquid%20Gap%20Filler/Thermal%20Putty/S-putty.pdf,S-PUTTY-100-KIT,"Shiu Li Technology Co., Ltd.",2241.85,Silicone Putty,100 gram Cartridge,,,,,-76°F ~ 356°F (-60°C ~ 180°C),3.50,,,,,
,https://lipoly.com/wp-content/uploads/Datasheet/Liquid%20Gap%20Filler/Thermal%20Putty/N-putty-s.pdf,N-PUTTY-100-KIT,"Shiu Li Technology Co., Ltd.",2245.43,Non-Silicone Putty,100 gram Cartridge,,,,,-76°F ~ 302°F (-60°C ~ 150°C),3.50,,,,,
,https://lipoly.com/wp-content/uploads/Datasheet/Liquid%20Gap%20Filler/Thermal%20Putty/H-putty.pdf,H-PUTTY-100-KIT,"Shiu Li Technology Co., Ltd.",2306.85,Silicone Putty,100 gram Cartridge,,,,,-76°F ~ 356°F (-60°C ~ 180°C),3.50,,,,,
,//mm.digikey.com/Volume0/opasdata/d220001/medias/docus/6398/3962-TH855-5-30G-2SYR-ND%20%3B%2030G-4SYR-ND%20%3B%20500G-JAR-ND%20%3B%2050G-2JAR-ND%20%3B%204JAR-ND.pdf,TH855-5-30G-2SYR,Penchem Technologies Sdn Bhd,2314,Silicone Putty,30 gram Syringe,,,,,-40°F ~ 392°F (-40°C ~ 200°C),5.00,,,,,
,//mm.digikey.com/Volume0/opasdata/d220001/medias/docus/6534/G3380NANBNC.pdf,G3380NC-100,"Shiu Li Technology Co., Ltd.",2352.35,Non-Silicone Grease,100 gram Cartridge,,,,,-76°F ~ 302°F (-60°C ~ 150°C),4.50,,,,,
,https://www.dycotecmaterials.com/wp-content/uploads/2022/04/Dycotec-DM-TIM-15203_PCM_TDS-1.pdf,DM-TIM-15203-S-250,Dycotec Materials Ltd,2651.35,Phase Change Thermal Compound,250 gram Jar,,,,,302°F (150°C),1.75,,,,,
,//mm.digikey.com/Volume0/opasdata/d220001/medias/docus/5342/TH235-2.pdf,TH235-2-500G-JAR,Penchem Technologies Sdn Bhd,2729.03,Non-Silicone Putty,500 gram Container,,,,,5°F ~ 248°F (-15°C ~ 200°C),3.00,,,,,
,https://lipoly.com/wp-content/uploads/Datasheet/Liquid%20Gap%20Filler/Thermal%20Putty/S-putty2-s.pdf,S-PUTTY2-100-KIT,"Shiu Li Technology Co., Ltd.",2765.1,Silicone Putty,100 gram Cartridge,,,,,-76°F ~ 356°F (-60°C ~ 180°C),6.00,,,,,
,https://lipoly.com/wp-content/uploads/Datasheet/Liquid%20Gap%20Filler/Thermal%20Putty/H-putty2.pdf,H-PUTTY2-100-KIT,"Shiu Li Technology Co., Ltd.",2856.43,Silicone Putty,100 gram Cartridge,,,,,-76°F ~ 356°F (-60°C ~ 180°C),6.00,,,,,
,//mm.digikey.com/Volume0/opasdata/d220001/medias/docus/6534/G3380NANBNC.pdf,G3380NA-120-KIT,"Shiu Li Technology Co., Ltd.",2859.68,Non-Silicone Grease,120 gram Cartridge,,,,,-76°F ~ 302°F (-60°C ~ 150°C),1.30,,,,,
,//mm.digikey.com/Volume0/opasdata/d220001/medias/images/7071/GCS-NSP30.png,GCS-NSP30-100ML,European Thermodynamics Ltd,3065.73,Non-Silicone Putty,100 ml Syringe,,,,,-,3.00,,,,,
,https://lipoly.com/wp-content/uploads/Datasheet/Liquid%20Gap%20Filler/Thermal%20Putty/N-putty2-s.pdf,N-PUTTY2-100-KIT,"Shiu Li Technology Co., Ltd.",3161.93,Non-Silicone Putty,100 gram Cartridge,,,,,-76°F ~ 302°F (-60°C ~ 150°C),5.00,,,,,
,//mm.digikey.com/Volume0/opasdata/d220001/medias/docus/6534/NEP220.pdf,EPDM20-135-KIT,"Shiu Li Technology Co., Ltd.",3287.38,"Liquid Gap Filler, 2 Part",50 ml Cartridges,,,,,-40°F ~ 248°F (-40°C ~ 120°C),2.2,,,,,
,//mm.digikey.com/Volume0/opasdata/d220001/medias/docus/3938/GCS-NSP75.pdf,GCS-NSP75 - 50ML,European Thermodynamics Ltd,3313.7,Non-Silicone Putty,50 ml Syringe,,,,,-40°F ~ 257°F (-40°C ~ 125°C),7.50,,,,,
,//mm.digikey.com/Volume0/opasdata/d220001/medias/docus/6534/G3380ABKT.pdf,G3380D-100-KIT,"Shiu Li Technology Co., Ltd.",3348.15,Silicone Grease,100 gram Cartridge,,,,,-76°F ~ 356°F (-60°C ~ 180°C),6.00,,,,,
,//mm.digikey.com/Volume0/opasdata/d220001/medias/docus/6534/3153_PK404DM.pdf,PK404DM-150-KIT,"Shiu Li Technology Co., Ltd.",3500.9,"Liquid Gap Filler, 2 Part",150 gram Cartridge,,,,,-67°F ~ 401°F (-55°C ~ 205°C),3.60,,,,,
,https://lipoly.com/wp-content/uploads/Datasheet/Liquid%20Gap%20Filler/Thermal%20Putty/S-putty5-s.pdf,S-PUTTY5-100,"Shiu Li Technology Co., Ltd.",3534.38,Silicone Putty,30cc Tube,,,,,-,10.00,,,,,
,//mm.digikey.com/Volume0/opasdata/d220001/medias/docus/6398/3962-TH855-5-30G-2SYR-ND%20%3B%2030G-4SYR-ND%20%3B%20500G-JAR-ND%20%3B%2050G-2JAR-ND%20%3B%204JAR-ND.pdf,TH855-5-500G-JAR,Penchem Technologies Sdn Bhd,3926,Silicone Putty,500 gram Container,,,,,-40°F ~ 392°F (-40°C ~ 200°C),5.00,,,,,
,https://www.fischerelektronik.de/web_fischer/en_GB/VA/WLKDK50/datasheet.xhtml,WLK DK 50,Fischer Elektronik,4104.75,Epoxy Adhesive,50 ml Cartridge,,,,,-58°F ~ 293°F (-50°C ~ 145°C),1.00,,,,,
,//mm.digikey.com/Volume0/opasdata/d220001/medias/docus/6534/3153_PK605DM.pdf,PK605DM-160,"Shiu Li Technology Co., Ltd.",4154.8,"Liquid Gap Filler, 2 Part",160 gram Cartridge,,,,,-67°F ~ 392°F (-55°C ~ 200°C),5.00,,,,,
,//mm.digikey.com/Volume0/opasdata/d220001/medias/docus/7158/EPDM30%20SDS%20%28EC%29.pdf,EPDM30-135-KIT,"Shiu Li Technology Co., Ltd.",4203.88,"Liquid Gap Filler, 2 Part",50 ml Cartridges,,,,,-40°F ~ 248°F (-40°C ~ 120°C),3.00,,,,,
,https://lipoly.com/wp-content/uploads/Datasheet/Liquid%20Gap%20Filler/Thermal%20Putty/S-putty5-s.pdf,S-PUTTY5-100-KIT,"Shiu Li Technology Co., Ltd.",4216.88,Silicone Putty,30cc Tube,,,,,-,10.00,,,,,
,//mm.digikey.com/Volume0/opasdata/d220001/medias/docus/6534/3153_TT3000.pdf,TT3000-150,"Shiu Li Technology Co., Ltd.",4353.38,Silicone Grease,150 gram Cartridge,,,,,-76°F ~ 257°F (-60°C ~ 125°C),6.00,,,,,
,https://www.fischerelektronik.de/web_fischer/en_GB/VA/WLK120/datasheet.xhtml,WLK 120,Fischer Elektronik,4683.25,Epoxy Adhesive,"120 gram Jar, 12 gram Jar",,,,,-,0.84,,,,,
,//mm.digikey.com/Volume0/opasdata/d220001/medias/docus/6534/3153_D2000.pdf,D2000-140-KIT,"Shiu Li Technology Co., Ltd.",4845.43,"Silicone Grease, 2 Part",140 gram Cartridge,,,,,-67°F ~ 401°F (-55°C ~ 205°C),2.00,,,,,
,//mm.digikey.com/Volume0/opasdata/d220001/medias/docus/6398/3962-TH833-3_0.1_0.1-ND%20%3B%203962-TH833-3_0.5_0.5-ND.pdf,TH833-3_0.5_0.5,Penchem Technologies Sdn Bhd,4875,"Silicone Compound, 2 Part",500 gram Jar,,,,,-40°F ~ 392°F (-40°C ~ 200°C),2.0,,,,,
,//mm.digikey.com/Volume0/opasdata/d220001/medias/docus/6534/3153_PK605DM.pdf,PK605DM-160-KIT,"Shiu Li Technology Co., Ltd.",5364.45,"Liquid Gap Filler, 2 Part",160 gram Cartridge,,,,,-67°F ~ 392°F (-55°C ~ 200°C),5.00,,,,,
,https://www.parker.com/content/dam/Parker-com/Literature/Chomerics/Parker-Chomerics-THERM-A-GAP-GEL-20-Datasheet-CHODS1005.pdf,65-02-GEL20-0180,Parker Chomerics,6594.9,Gel Gap Filler,180cc Cartridge,,,,,-67°F ~ 392°F (-55°C ~ 200°C),2.4,,,,,
,//mm.digikey.com/Volume0/opasdata/d220001/medias/docus/6534/PK700DM.pdf,PK700DM-140,"Shiu Li Technology Co., Ltd.",7484.75,"Liquid Gap Filler, 2 Part","50 ml, 400 ml Cartridges",,,,,-76°F ~ 392°F (-60°C ~ 200°C),7.00,,,,,
,//mm.digikey.com/Volume0/opasdata/d220001/medias/docus/6534/PK700DM.pdf,PK700DM-140-KIT,"Shiu Li Technology Co., Ltd.",8694.4,"Liquid Gap Filler, 2 Part","50 ml, 400 ml Cartridges",,,,,-76°F ~ 392°F (-60°C ~ 200°C),7.00,,,,,
,https://www.gcsthermal.com/wp-content/uploads/2023/12/GCS-040-GNS.pdf,GCS-040-GNS-1KG,European Thermodynamics Ltd,8798.08,Non-Silicone Grease,1 kg Container,,,,,-,4.00,,,,,
,https://lipoly.com/wp-content/uploads/Datasheet/Liquid%20Gap%20Filler/Thermal%20Putty/S-putty.pdf,S-PUTTY-950,"Shiu Li Technology Co., Ltd.",9737.65,Silicone Putty,950 gram Container,,,,,-76°F ~ 356°F (-60°C ~ 180°C),3.50,,,,,
,https://www.laird.com/document/pmbu-doc-000011791,A16001-01,Laird Technologies - Thermal Materials,9959.63,Non-Silicone Grease,1/2 kg Can,,,,,-40°F ~ 257°F (-40°C ~ 125°C),5.40,,,,,
,https://lipoly.com/wp-content/uploads/Datasheet/Liquid%20Gap%20Filler/Thermal%20Putty/H-putty.pdf,H-PUTTY-950,"Shiu Li Technology Co., Ltd.",10272.6,Silicone Putty,950 gram Container,,,,,-76°F ~ 356°F (-60°C ~ 180°C),3.50,,,,,
,https://www.parker.com/content/dam/Parker-com/Literature/Chomerics/Parker-Chomerics-THERM-A-GAP-GEL-20-Datasheet-CHODS1005.pdf,65-00-GEL20-0300,Parker Chomerics,10526.1,Gel Gap Filler,300cc Cartridge,,,,,-67°F ~ 392°F (-55°C ~ 200°C),2.4,,,,,
,https://lipoly.com/wp-content/uploads/Datasheet/Liquid%20Gap%20Filler/Thermal%20Putty/S-putty2-s.pdf,S-PUTTY2-985,"Shiu Li Technology Co., Ltd.",13938.6,Silicone Putty,985 gram Container,,,,,-76°F ~ 356°F (-60°C ~ 180°C),6.00,,,,,
,https://lipoly.com/wp-content/uploads/Datasheet/Liquid%20Gap%20Filler/Thermal%20Putty/H-putty2.pdf,H-PUTTY2-1000,"Shiu Li Technology Co., Ltd.",14664,Silicone Putty,1 kg Container,,,,,-76°F ~ 356°F (-60°C ~ 180°C),6.00,,,,,
,https://www.dycotecmaterials.com/wp-content/uploads/2022/08/Dycotec-DM-TIM-15204_PCM_TDS-1.pdf,DM-TIM-15204-S-1000,Dycotec Materials Ltd,17933.5,Phase Change Thermal Compound,1 kg Container,,,,,302°F (150°C),3.30,,,,,
,//mm.digikey.com/Volume0/opasdata/d220001/medias/docus/6555/TP-2004-50g-Jar_Silicone%20Thermal%20Putty.pdf,TP2004-50g-Jar,Penchem Technologies Sdn Bhd,812.5,Silicone Putty,50 gram Jar,,,,,-40°F ~ 302°F (-40°C ~ 150°C),4.0,,,,,
,-,TH934-9_0.1_0.1-ND,Penchem Technologies Sdn Bhd,942.5,"Silicone Compound, 2 Part",100 gram Jar,,,,,-40°F ~ 302°F (-40°C ~ 150°C),1.00,,,,,
,//mm.digikey.com/Volume0/opasdata/d220001/medias/docus/6555/TP-2002-100g-Jar_Silicone%20Thermal%20Putty.pdf,TP2002-100g-Jar,Penchem Technologies Sdn Bhd,975,Silicone Putty,100 gram Jar,,,,,-40°F ~ 302°F (-40°C ~ 150°C),2.0,,,,,
,https://www.fischerelektronik.de/web_fischer/en_GB/VA/WLK30/datasheet.xhtml,WLK 30,Fischer Elektronik,1700.73,Epoxy Adhesive,"30 gram Jar, 3 gram Jar",,,,,-,0.84,,,,,
,//mm.digikey.com/Volume0/opasdata/d220001/medias/docus/6398/3962-TH235-2-30G-2SYR-ND%20%3B%204SYR-ND%20%3B500G-JAR-ND%20%3B%2050G-2JAR-ND%20%3B%2050G-4JAR-ND.pdf,TH235-2-50G-4JAR,Penchem Technologies Sdn Bhd,2223,Non-Silicone Putty,50 gram Jar,,,,,5°F ~ 248°F (-15°C ~ 200°C),3.00,,,,,
,https://www.fischerelektronik.de/web_fischer/en_GB/VA/GELS20/datasheet.xhtml,GEL S 20,Fischer Elektronik,3132.35,"Liquid Gap Filler, 2 Part",50 ml Cartridge,,,,,-40°F ~ 392°F (-40°C ~ 200°C),1.80,,,,,
,//mm.digikey.com/Volume0/opasdata/d220001/medias/docus/6398/3962-TH235-2-30G-2SYR-ND%20%3B%204SYR-ND%20%3B500G-JAR-ND%20%3B%2050G-2JAR-ND%20%3B%2050G-4JAR-ND.pdf,TH235-2-30G-4SYR,Penchem Technologies Sdn Bhd,3367.98,Non-Silicone Putty,30 gram Syringe,,,,,5°F ~ 248°F (-15°C ~ 200°C),3.00,,,,,
,https://www.fischerelektronik.de/web_fischer/en_GB/VA/WLP500S/datasheet.xhtml,WLP 500 S,Fischer Elektronik,3552.9,Silicone Compound,500 gram Container,,,,,-40°F ~ 482°F (-40°C ~ 250°C),0.61,,,,,
,//mm.digikey.com/Volume0/opasdata/d220001/medias/docus/6398/3962-TH855-5-30G-2SYR-ND%20%3B%2030G-4SYR-ND%20%3B%20500G-JAR-ND%20%3B%2050G-2JAR-ND%20%3B%204JAR-ND.pdf,TH855-5-30G-4SYR,Penchem Technologies Sdn Bhd,4396.6,Silicone Putty,30 gram Syringe,,,,,-40°F ~ 392°F (-40°C ~ 200°C),5.00,,,,,
,https://www.fischerelektronik.de/web_fischer/en_GB/VA/GELS40/datasheet.xhtml,GEL S 40,Fischer Elektronik,4399.53,"Liquid Gap Filler, 2 Part",50 ml Cartridge,,,,,-40°F ~ 392°F (-40°C ~ 200°C),4.30,,,,,
,https://www.dycotecmaterials.com/wp-content/uploads/2022/04/Dycotec-DM-TIM-15203_PCM_TDS-1.pdf,DM-TIM-15203-S-1000,Dycotec Materials Ltd,5990.08,Phase Change Thermal Compound,1 kg Container,,,,,302°F (150°C),1.75,,,,,
,https://www.fischerelektronik.de/web_fischer/en_GB/VA/WLKSK50/datasheet.xhtml,WLK SK 50,Fischer Elektronik,12145.9,"Silicone Compound, 2 Part",50 ml Cartridge,,,,,-76°F ~ 356°F (-60°C ~ 180°C),2.00,,,,,
,https://datasheets.tdx.henkel.com/BERGQUIST-GAP-FILLER-TGF-3600-en_GL.pdf,GF3500S35-07-60-50CC,Bergquist,1674.4,"Liquid Gap Filler, 2 Part",50cc Cartridge,,,,,-76°F ~ 392°F (-60°C ~ 200°C),3.60,,,,,
,https://www.laird.com/document/pmbu-doc-000005173,A17170-02,Laird Technologies - Thermal Materials,3057.28,Silicone Compound,180cc Cartridge,,,,,-40°F ~ 302°F (-40°C ~ 150°C),3.70,,,,,
,https://www.tglobaltechnology.com/wp-content/uploads/2019/07/TG-N909_UK.pdf,TG-N909-1000,t-Global Technology,13106.28,Non-Silicone Grease,1 kg Container,,,,,-40°F ~ 392°F (-40°C ~ 200°C),9.00,,,,,
,https://www.parker.com/content/dam/Parker-com/Literature/Chomerics/datasheets/Parker-Chomerics-THERM-A-FORM-CIP-60-Datasheet-CHODS1072.pdf,65-00-CIP60-0045,Parker Chomerics,673.4,"Silicone Compound, 2 Part",50cc Cartridge,,,,,-58°F ~ 392°F (-50°C ~ 200°C),6.00,,,,,
,https://wakefieldthermal.com/wakefield-thermal-10cc-nonsilicone-grease-syringe-127-6-10/,127-6-10,Wakefield Thermal Solutions,1299.68,Non-Silicone Grease,10cc Syringe,,,,,-67°F ~ 392°F (-55°C ~ 200°C),6.00,,,,,
,https://www.tglobaltechnology.com/wp-content/uploads/2024/03/TG4040_UK.pdf,TG4040-D-30CC,t-Global Technology,1722.83,Silicone Putty,30cc Syringe,,,,,-58°F ~ 356°F (-50°C ~ 180°C),3.00,,,,,
,http://www.chipquik.com/datasheets/TC2-50G.pdf,TC2-50G,Chip Quik Inc.,3248.38,Silicone Compound,50 gram Jar,,,,,-40°F ~ 302°F (-40°C ~ 150°C),4.30,,,,,
,https://www.laird.com/document/datasheet/tputty-403-datasheet,A16872-02,Laird Technologies - Thermal Materials,2723.18,Liquid Gap Filler,75cc Cartridge,,,,,-49°F ~ 302°F (-45°C ~ 150°C),2.30,,,,,
,https://www.tglobaltechnology.com/wp-content/uploads/2023/08/TG-N8000-Putty_UK.pdf,TG-N8000-55CC,t-Global Technology,3978,Non-Silicone Putty,55cc Syringe,,,,,-40°C ~ 125°C,8.00,,,,,
,https://www.tglobaltechnology.com/wp-content/uploads/2024/03/TG4040_UK.pdf,TG4040-D-1000,t-Global Technology,9373.33,Silicone Putty,1 kg Container,,,,,-58°F ~ 356°F (-50°C ~ 180°C),3.00,,,,,
,https://www.tglobaltechnology.com/wp-content/uploads/2023/08/TG-Putty-Series_UK.pdf,TG6060-D-1000,t-Global Technology,13010.08,Silicone Putty,1 kg Container,,,,,-58°F ~ 356°F (-50°C ~ 180°C),6.30,,,,,
,https://www.tglobaltechnology.com/wp-content/uploads/2023/08/TG-A7000-Putty_UK.pdf,TG-A7000-1000,t-Global Technology,13479.7,Silicone Putty,1 kg Container,,,,,-58°F ~ 356°F (-50°C ~ 180°C),7.00,,,,,
,https://www.tglobaltechnology.com/wp-content/uploads/2023/08/TG-A7000-Putty_UK.pdf,TG-A7000-330CC,t-Global Technology,13480.03,Silicone Putty,330cc Syringe,,,,,-58°F ~ 356°F (-50°C ~ 180°C),7.00,,,,,
,https://www.tglobaltechnology.com/wp-content/uploads/2023/08/TG-N8000-Putty_UK.pdf,TG-N8000-1000,t-Global Technology,15291.9,Non-Silicone Putty,1 kg Jar,,,,,-40°C ~ 125°C,8.00,,,,,
,https://www.parker.com/content/dam/Parker-com/Literature/Chomerics/datasheets/Parker-Chomerics-THERM-A-GREASE-50-Datasheet-CHODS1126.pdf,65-02-GREASE50-0030,Parker Chomerics,1551.88,Silicone Grease,30cc Cartridge,,,,,-58°F ~ 392°F (-50°C ~ 200°C),5.00,,,,,
,https://www.tglobaltechnology.com/wp-content/uploads/2024/05/TG-N4000_UK.pdf,TG-N4000-30CC,t-Global Technology,1779.05,Non-Silicone Putty,30cc Syringe,,,,,-40°F ~ 257°F (-40°C ~ 125°C),4.0,,,,,
,https://www.parker.com/content/dam/Parker-com/Literature/Chomerics/datasheets/Parker-Chomerics-THERM-A-FORM-CIP-60-Datasheet-CHODS1072.pdf,65-00-CIP60-0200,Parker Chomerics,2445.3,"Silicone Compound, 2 Part",200cc Cartridge,,,,,-58°F ~ 392°F (-50°C ~ 200°C),6.00,,,,,
,https://www.tglobaltechnology.com/wp-content/uploads/2024/05/TG-N4000_UK.pdf,TG-N4000-55CC,t-Global Technology,3043.95,Non-Silicone Putty,55cc Syringe,,,,,-40°F ~ 257°F (-40°C ~ 125°C),4.0,,,,,
,https://www.tglobaltechnology.com/wp-content/uploads/2024/05/TG-N4000_UK.pdf,TG-N4000-330CC,t-Global Technology,12160.85,Non-Silicone Putty,330cc Syringe,,,,,-40°F ~ 257°F (-40°C ~ 125°C),4.0,,,,,
,https://www.tglobaltechnology.com/wp-content/uploads/2024/05/TG-N4000_UK.pdf,TG-N4000-1000,t-Global Technology,12160.85,Non-Silicone Putty,1 kg Jar,,,,,-40°F ~ 257°F (-40°C ~ 125°C),4.0,,,,,
,https://www.fischerelektronik.de/web_fischer/en_GB/VA/WLP004/datasheet.xhtml,WLP 004,Fischer Elektronik,76.7,Silicone Compound,4 gram Container,,,,,-40°F ~ 482°F (-40°C ~ 250°C),0.61,,,,,
,-,09599,SparkFun Electronics,102.7,Silicone Compound,5 gram Syringe,,,,,-22°F ~ 482°F (-30°C ~ 250°C),1.17,,,,,
,https://www.fischerelektronik.de/web_fischer/en_GB/VA/WLPF0705/datasheet.xhtml,WLPF 07 05,Fischer Elektronik,104.326,Non-Silicone Compound,2 ml Syringe,,,,,-40°F ~ 302°F (-40°C ~ 150°C),0.70,,,,,
,https://www.mgchemicals.com/downloads/pdf/specsheets/8615.pdf,8615,MG Chemicals,212.55,Non-Silicone Grease,3.5 gram Syringe,,,,,302°F (150°C),3.00,,,,,
,//mm.digikey.com/Volume0/opasdata/d220001/medias/docus/4847/DS_473_8610.pdf,8610-60G,MG Chemicals,371.93,Non-Silicone Compound,2 oz Tube,,,,,-40°F ~ 392°F (-40°C ~ 200°C),0.77,,,,,
,https://info.boydcorp.com/hubfs/Thermal/Air-Cooling/Boyd-Board-Level-Heatsinks-Catalog.pdf,100000F00000G,"Boyd Laconia, LLC",452.62753,Silicone Compound,1 gram Ampule,,,,,-40°F ~ 392°F (-40°C ~ 200°C),0.73,,,,,
,https://wakefieldthermal.com/content/data_sheets/Thermal%20Interface%20Materials.pdf,152-1A-NC,Wakefield Thermal Solutions,794.22571,Acrylic Adhesive,1 oz Packet,,,,,-,0.83,,,,,
,https://www.mgchemicals.com/downloads/tds/tds-8617.pdf,8617-85ML,MG Chemicals,819.86667,Non-Silicone Grease,85 ml Tube,,,,,-90°F ~ 329°F (-68°C ~ 165°C),1.00,,,,,
,https://info.boydcorp.com/hubfs/Thermal/Air-Cooling/Boyd-Board-Level-Heatsinks-Catalog.pdf,100100F00000G,"Boyd Laconia, LLC",904.3364,Silicone Compound,1.25 oz Syringe,,,,,-40°F ~ 392°F (-40°C ~ 200°C),0.73,,,,,
,-,GF1000-07-15-50CC,Bergquist,939.10375,"Liquid Gap Filler, 2 Part",50cc Cartridge,,,,,-76°F ~ 347°F (-60°C ~ 175°C),1.00,,,,,
,https://www.mgchemicals.com/downloads/tds/tds-8327gf25.pdf,8327GF25-50CC,MG Chemicals,949.10833,Silicone Gap Filler,50 ml Cartridges,,,,,-,2.50,,,,,
,https://www.parker.com/content/dam/Parker-com/Literature/Chomerics/Parker%20Chomerics%20THERM-A-GAP%20GEL%2040NS%20Datasheet%20CHODS1008.pdf,65-00-GEL40NS-0010,Parker Chomerics,1008.553,Non-Silicone Gel,10cc Syringe,,,,,-58°F ~ 257°F (-50°C ~ 125°C),4.0,,,,,
,https://mgchemicals.com/downloads/tds/tds-9460TC.pdf,9460TC-10ML,MG Chemicals,1018.687,Epoxy Adhesive,10 ml Syringe,,,,,-85°F ~ 302°F (-65°C ~ 150°C),0.80,,,,,
,https://www.laird.com/sites/default/files/TgreaseTM-1500-datasheet.pdf,A15423-02,Laird Technologies - Thermal Materials,1042.87083,Silicone Compound,10cc Syringe,,,,,257°F (125°C),1.20,,,,,
,-,2189228,Bergquist,1126.87864,"Liquid Gap Filler, 2 Part",50cc Cartridge,,,,,-76°F ~ 392°F (-60°C ~ 200°C),2.00,,,,,
,//mm.digikey.com/Volume0/opasdata/d220001/medias/docus/6555/TP-2004-100g-Jar_Silicone%20Thermal%20Putty.pdf,TP2004-100g-Jar,Penchem Technologies Sdn Bhd,1170,Silicone Putty,100 gram Jar,,,,,-40°F ~ 302°F (-40°C ~ 150°C),4.0,,,,,
,//mm.digikey.com/Volume0/opasdata/d220001/medias/docus/7317/345_thermal-management-accessories-wakefield.pdf,152-1B-NC,Wakefield Thermal Solutions,1171.326,Acrylic Adhesive,1 oz Packet,,,,,302°F (150°C),0.90,,,,,
,https://datasheets.tdx.henkel.com/BERGQUIST-GAP-FILLER-TGF-2000-en_GL.pdf,GF2000-00-15-50CC,Bergquist,1190.68625,"Liquid Gap Filler, 2 Part",50cc Cartridge,,,,,-76°F ~ 392°F (-60°C ~ 200°C),2.0,,,,,
,https://www.parker.com/content/dam/Parker-com/Literature/Chomerics/datasheets/Parker-Chomerics-THERM-A-GAP-GEL-50VT-Datasheet-CHODS1004.pdf,65-00-GEL50VT-0010,Parker Chomerics,1198.2036,Silicone Gel,10cc Syringe,,,,,-67°F ~ 392°F (-55°C ~ 200°C),5.20,,,,,
,https://www.laird.com/sites/default/files/TgreaseTM-1500-datasheet.pdf,A15423-03,Laird Technologies - Thermal Materials,1223.15125,Silicone Compound,30cc Syringe,,,,,257°F (125°C),1.20,,,,,
,-,2168332,Bergquist,1229.2965,"Liquid Gap Filler, 2 Part",50cc Cartridge,,,,,-76°F ~ 392°F (-60°C ~ 200°C),1.50,,,,,
,-,2167111,Bergquist,1234.269,"Liquid Gap Filler, 2 Part",50cc Cartridge,,,,,-76°F ~ 347°F (-60°C ~ 175°C),1.00,,,,,
,-,2191489,Bergquist,1273.04211,"Liquid Gap Filler, 2 Part",50cc Cartridge,,,,,-76°F ~ 392°F (-60°C ~ 200°C),1.50,,,,,
,-,2167235,Bergquist,1296.1,"Liquid Gap Filler, 2 Part",50cc Cartridge,,,,,-76°F ~ 392°F (-60°C ~ 200°C),1.50,,,,,
,https://www.parker.com/content/dam/Parker-com/Literature/Chomerics/Parker%20Chomerics%20THERM-A-GAP%20GEL%2060HF%20Datasheet%20CHODS1051.pdf,65-00-GEL60HF-0010,Parker Chomerics,1322.815,Silicone Gel,10cc Syringe,,,,,-67°F ~ 392°F (-55°C ~ 200°C),6.2,,,,,
,-,2166655,Bergquist,1360.61278,"Liquid Gap Filler, 2 Part",50cc Cartridge,,,,,-76°F ~ 392°F (-60°C ~ 200°C),2.00,,,,,
,-,2179533,Bergquist,1360.61278,"Non-Silicone Gap Filler, 2 Part",50cc Cartridge,,,,,-76°F ~ 347°F (-60°C ~ 175°C),1.10,,,,,
,-,2189227,Bergquist,1434.77941,"Liquid Gap Filler, 2 Part",50cc Cartridge,,,,,-76°F ~ 392°F (-60°C ~ 200°C),2.00,,,,,
,-,2179526,Bergquist,1434.77941,"Liquid Gap Filler, 2 Part",50cc Cartridge,,,,,-76°F ~ 392°F (-60°C ~ 200°C),2.00,,,,,
,-,2166309,Bergquist,1450.91471,"Liquid Gap Filler, 2 Part",50cc Cartridge,,,,,-76°F ~ 257°F (-60°C ~ 125°C),1.10,,,,,
,https://www.mgchemicals.com/downloads/tds/tds-8327gf41.pdf,8327GF41-50CC,MG Chemicals,1451.23333,Silicone Gap Filler,50 ml Cartridges,,,,,-,4.10,,,,,
,https://www.mgchemicals.com/downloads/tds/tds-8463.pdf,8463-7G,MG Chemicals,1519.05,Silicone Grease,7 gram Syringe,,,,,-58°F ~ 392°F (-50°C ~ 200°C),0.46,,,,,
,//mm.digikey.com/Volume0/opasdata/d220001/medias/images/7071/GCS-NSP15.png,GCS-NSP15-100ML,European Thermodynamics Ltd,1533.35,Non-Silicone Putty,100 ml Syringe,,,,,-,1.50,,,,,
,-,2167352,Bergquist,1562.4375,"Liquid Gap Filler, 2 Part",50cc Cartridge,,,,,-76°F ~ 392°F (-60°C ~ 200°C),1.50,,,,,
,https://www.mgchemicals.com/downloads/tds/tds-8349TFM.pdf,8349TFM-25ML,MG Chemicals,1604.53,"Epoxy, 2 Part",25 ml Syringe,,,,,-67°F ~ 329°F (-50°C ~ 165°C),0.90,,,,,
,-,2190034,Bergquist,1634.68533,"Liquid Gap Filler, 2 Part",50cc Cartridge,,,,,-76°F ~ 347°F (-60°C ~ 175°C),1.00,,,,,
,https://www.parker.com/content/dam/Parker-com/Literature/Chomerics/Parker%20Chomerics%20THERM-A-GAP%20GEL%2060HF%20Datasheet%20CHODS1051.pdf,65-02-GEL60HF-0030,Parker Chomerics,1769.09417,Silicone Gel,30cc Cartridge,,,,,-67°F ~ 392°F (-55°C ~ 200°C),6.2,,,,,
,//mm.digikey.com/Volume0/opasdata/d220001/medias/docus/7317/345_thermal-management-accessories-wakefield.pdf,155,Wakefield Thermal Solutions,1778.205,"Epoxy, 2 Part",3 oz Tube (2),,,,,149°F (65°C),0.84,,,,,
,https://mgchemicals.com/downloads/tds/tds-8327GL6.pdf,8327GL6-30ML,MG Chemicals,1827.48,Non-Silicone Gel,30 ml Cartridge,,,,,-40°F ~ 248°F (-40°C ~ 120°C),6.00,,,,,
,//mm.digikey.com/Volume0/opasdata/d220001/medias/docus/6534/G3380ABKT.pdf,G3380D-100,"Shiu Li Technology Co., Ltd.",2138.5,Silicone Grease,100 gram Cartridge,,,,,-76°F ~ 356°F (-60°C ~ 180°C),6.00,,,,,
,//mm.digikey.com/Volume0/opasdata/d220001/medias/docus/6534/3153_PK223DM.pdf,PK223DM-110-KIT,"Shiu Li Technology Co., Ltd.",2218.13,"Liquid Gap Filler, 2 Part",110 gram Cartridge,,,,,-76°F ~ 392°F (-60°C ~ 200°C),2.00,,,,,
,//mm.digikey.com/Volume0/opasdata/d220001/medias/docus/6534/3153_PK404DM.pdf,PK404DM-150,"Shiu Li Technology Co., Ltd.",2291.25,"Liquid Gap Filler, 2 Part",150 gram Cartridge,,,,,-67°F ~ 401°F (-55°C ~ 205°C),3.60,,,,,
,https://www.mgchemicals.com/downloads/tds/tds-8349TFM.pdf,8349TFM-50ML,MG Chemicals,2301.98,"Epoxy, 2 Part",50 ml Cartridges,,,,,-67°F ~ 329°F (-50°C ~ 165°C),0.90,,,,,
,https://www.mgchemicals.com/downloads/tds/tds-8617.pdf,8617-1P,MG Chemicals,2477.8,Non-Silicone Grease,473 ml Jar,,,,,-90°F ~ 329°F (-68°C ~ 165°C),1.00,,,,,
,-,2456616,Bergquist,2515.078,"Liquid Gap Filler, 2 Part",50cc Cartridge,,,,,-76°F ~ 392°F (-60°C ~ 200°C),3.50,,,,,
,https://www.parker.com/content/dam/Parker-com/Literature/Chomerics/Parker%20Chomerics%20THERM-A-GAP%20GEL%2040NS%20Datasheet%20CHODS1008.pdf,65-05-GEL40NS-0030,Parker Chomerics,2557.8475,Non-Silicone Gel,30cc Cartridge,,,,,-58°F ~ 257°F (-50°C ~ 125°C),4.0,,,,,
,https://lipoly.com/wp-content/uploads/Datasheet/Liquid%20Gap%20Filler/Thermal%20Putty/SH-putty3.pdf,SH-PUTTY3-100,"Shiu Li Technology Co., Ltd.",2600,Silicone Putty,100 gram Cartridge,,,,,-76°F ~ 356°F (-60°C ~ 180°C),8.00,,,,,
,https://info.boydcorp.com/hubfs/Thermal/Air-Cooling/Boyd-Board-Level-Heatsinks-Catalog.pdf,100500F00000G,"Boyd Laconia, LLC",2703.3632,Silicone Compound,5 oz Tube,,,,,-40°F ~ 392°F (-40°C ~ 200°C),0.73,,,,,
,https://mgchemicals.com/downloads/tds/tds-8327GL3.pdf,8327GL3-180ML,MG Chemicals,2755.68,Non-Silicone Gel,180 ml Cartridge,,,,,-40°F ~ 248°F (-40°C ~ 120°C),3.50,,,,,
,https://www.laird.com/sites/default/files/2025-07/MKT-DOC-1592%20Tgrease%202500%20Data%20Sheet%2006272025.pdf,A14399-03,Laird Technologies - Thermal Materials,2803.17917,Non-Silicone Grease,50cc Syringe,,,,,-67°F ~ 302°F (-50°C ~ 150°C),3.80,,,,,
,https://www.laird.com/sites/default/files/TgreaseTM-1500-datasheet.pdf,A14855-03,Laird Technologies - Thermal Materials,2901.81667,Silicone Compound,500 gram Container,,,,,257°F (125°C),1.20,,,,,
,https://mgchemicals.com/downloads/tds/tds-8618.pdf,8618-85ML,MG Chemicals,3260.4,Non-Silicone Grease,85 ml Syringe,,,,,-,6.00,,,,,
,-,2292097,Bergquist,3455.95714,"Silicone Compound, 2 Part",50cc Cartridge,,,,,-76°F ~ 392°F (-60°C ~ 200°C),3.50,,,,,
,//mm.digikey.com/Volume0/opasdata/d220001/medias/docus/6534/G3380NANBNC.pdf,G3380NC-100-KIT,"Shiu Li Technology Co., Ltd.",3562,Non-Silicone Grease,100 gram Cartridge,,,,,-76°F ~ 302°F (-60°C ~ 150°C),4.50,,,,,
,-,A16412-01,Laird Technologies - Thermal Materials,3671.70273,Silicone Putty,75cc Cartridge,,,,,-49°F ~ 392°F (-45°C ~ 200°C),3.50,,,,,
,-,2167388,Bergquist,3805.19286,"Silicone Compound, 2 Part",50cc Cartridge,,,,,-76°F ~ 392°F (-60°C ~ 200°C),3.50,,,,,
,-,2193454,Bergquist,3893.87143,"Epoxy, 2 Part",50cc Cartridge,,,,,-40°F ~ 257°F (-40°C ~ 125°C),1.80,,,,,
,https://www.parker.com/content/dam/Parker-com/Literature/Chomerics/datasheets/Parker-Chomerics-THERM-A-FORM-CIP-60-Datasheet-CHODS1072.pdf,65-00-CIP60-0400,Parker Chomerics,3979.06786,"Silicone Compound, 2 Part",400cc Cartridge,,,,,-58°F ~ 392°F (-50°C ~ 200°C),6.00,,,,,
,https://www.parker.com/content/dam/Parker-com/Literature/Chomerics/Parker%20Chomerics%20THERM-A-GAP%20GEL%2040NS%20Datasheet%20CHODS1008.pdf,65-02-GEL40NS-0180,Parker Chomerics,4028.67867,Non-Silicone Gel,180cc Cartridge,,,,,-58°F ~ 257°F (-50°C ~ 125°C),4.0,,,,,
,-,2179547,Bergquist,4180.53,"Silicone Compound, 2 Part",50cc Cartridge,,,,,-76°F ~ 392°F (-60°C ~ 200°C),3.50,,,,,
,https://www.mgchemicals.com/downloads/tds/tds-8329tcm-2parts.pdf,8329TCM-200ML,MG Chemicals,4215.09,"Epoxy, 2 Part",200 ml Jar,,,,,-40°F ~ 302°F (-40°C ~ 150°C),1.40,,,,,
,https://www.mgchemicals.com/downloads/tds/tds-8329tcs-2parts.pdf,8329TCS-200ML,MG Chemicals,4215.09,"Epoxy, 2 Part",200 ml Jar,,,,,-40°F ~ 302°F (-40°C ~ 150°C),1.40,,,,,
,-,2194122,Bergquist,4322.60833,"Epoxy, 2 Part",50cc Cartridge,,,,,-40°F ~ 257°F (-40°C ~ 125°C),1.80,,,,,
,-,2193197,Bergquist,4709.84667,"Epoxy, 2 Part",50cc Cartridge,,,,,-40°F ~ 257°F (-40°C ~ 125°C),1.80,,,,,
,https://www.tglobaltechnology.com/uploads/files/tds/TG-LH-FBPE-80.pdf,TG-LH-FBPE-80-3,t-Global Technology,4745.358,"Potting Compound, 2 Part",3 kg Container,,,,,-,1.10,,,,,
,https://www.parker.com/content/dam/Parker-com/Literature/Chomerics/datasheets/Parker-Chomerics-THERM-A-GAP-GEL-35VT-Datasheet-CHODS1061.pdf,65-02-GEL35VT-0180,Parker Chomerics,5018.94833,Silicone Gel,180cc Syringe,,,,,-67°F ~ 392°F (-55°C ~ 200°C),3.50,,,,,
,https://www.dycotecmaterials.com/wp-content/uploads/2023/06/Dycotec-DM-TIM-15323_EPOXY_TDS_v1.01.pdf,DM-TIM-15323-P,Dycotec Materials Ltd,5045.63,Epoxy Adhesive,250 gram Jar,,,,,-40°F ~ 257°F (-40°C ~ 125°C),2.30,,,,,
,https://www.laird.com/document/pmbu-doc-000010743,A16849-13,Laird Technologies - Thermal Materials,5349.46389,Silicone Grease,-,,,,,-,3.00,,,,,
,//mm.digikey.com/Volume0/opasdata/d220001/medias/docus/6534/3153_TT3000.pdf,TT3000-150-KIT,"Shiu Li Technology Co., Ltd.",5563.35,Silicone Grease,150 gram Cartridge,,,,,-76°F ~ 257°F (-60°C ~ 125°C),6.00,,,,,
,https://www.laird.com/sites/default/files/2025-07/MKT-DOC-1592%20Tgrease%202500%20Data%20Sheet%2006272025.pdf,A14259-05,Laird Technologies - Thermal Materials,5791.5,Non-Silicone Grease,500 gram Container,,,,,-67°F ~ 302°F (-55°C ~ 150°C),3.80,,,,,
,https://www.parker.com/content/dam/Parker-com/Literature/Chomerics/datasheets/Parker-Chomerics-THERM-A-GREASE-15-Datasheet-CHODS1133.pdf,65-00-GREASE15-0300,Parker Chomerics,6012.89,Silicone Grease,300cc Cartridge,,,,,-58°F ~ 392°F (-50°C ~ 200°C),1.50,,,,,
,https://www.parker.com/content/dam/Parker-com/Literature/Chomerics/datasheets/Parker-Chomerics-THERM-A-GREASE-30-Datasheet-CHODS1125.pdf,65-00-GREASE30-0300,Parker Chomerics,6327.36,Silicone Grease,300cc Cartridge,,,,,-58°F ~ 392°F (-50°C ~ 200°C),3.00,,,,,
,https://www.parker.com/content/dam/Parker-com/Literature/Chomerics/Parker%20Chomerics%20THERM-A-GAP%20GEL%2040NS%20Datasheet%20CHODS1008.pdf,65-00-GEL40NS-0300,Parker Chomerics,6421.48,Non-Silicone Gel,300cc Cartridge,,,,,-58°F ~ 257°F (-50°C ~ 125°C),4.0,,,,,
,-,2166455,Bergquist,6607.82,"Liquid Gap Filler, 2 Part",400cc Cartridge,,,,,-76°F ~ 257°F (-60°C ~ 125°C),1.10,,,,,
,-,2167126,Bergquist,6607.82,"Liquid Gap Filler, 2 Part",400cc Cartridge,,,,,-76°F ~ 257°F (-60°C ~ 125°C),1.10,,,,,
,https://www.parker.com/content/dam/Parker-com/Literature/Chomerics/Parker%20Chomerics%20THERM-A-GAP%20GEL%2060HF%20Datasheet%20CHODS1051.pdf,65-02-GEL60HF-0180,Parker Chomerics,6610.5325,Silicone Gel,180cc Cartridge,,,,,-67°F ~ 392°F (-55°C ~ 200°C),6.2,,,,,
,https://www.parker.com/content/dam/Parker-com/Literature/Chomerics/datasheets/Parker-Chomerics-THERM-A-GREASE-50-Datasheet-CHODS1126.pdf,65-00-GREASE50-0300,Parker Chomerics,6641.343,Silicone Grease,300cc Cartridge,,,,,-58°F ~ 392°F (-50°C ~ 200°C),5.00,,,,,
,//mm.digikey.com/Volume0/opasdata/d220001/medias/docus/2582/TG%20100-EN.pdf,1333493,Bergquist,6723.824,Silicone Grease,-,,,,,-,3.40,,,,,
,https://www.laird.com/document/pmbu-doc-000005173,A17170-03,Laird Technologies - Thermal Materials,6801.31111,Liquid Gap Filler,360cc Cartridge,,,,,-40°F ~ 302°F (-40°C ~ 150°C),3.70,,,,,
,https://www.parker.com/content/dam/Parker-com/Literature/Chomerics/datasheets/Parker-Chomerics-THERM-A-GREASE-70-Datasheet-CHODS1127.pdf,65-00-GREASE70-0300,Parker Chomerics,6828.965,Silicone Grease,300cc Cartridge,,,,,-58°F ~ 392°F (-50°C ~ 200°C),7.00,,,,,
,https://www.laird.com/document/datasheet/tflex-cr350-datasheet,A18000-04,Laird Technologies - Thermal Materials,7369.91667,Silicone Gap Filler,400cc Cartridge,,,,,-67°F ~ 392°F (-55°C ~ 200°C),3.60,,,,,
,https://www.parker.com/content/dam/Parker-com/Literature/Chomerics/datasheets/Parker-Chomerics-THERM-A-GAP-GEL-35VT-Datasheet-CHODS1061.pdf,65-00-GEL35VT-0300,Parker Chomerics,7483.97875,Silicone Gel,300cc Syringe,,,,,-67°F ~ 392°F (-55°C ~ 200°C),3.50,,,,,
,https://info.boydcorp.com/hubfs/Thermal/Air-Cooling/Boyd-Board-Level-Heatsinks-Catalog.pdf,101600F00000G,"Boyd Laconia, LLC",7846.435,Silicone Compound,16 oz Jar,,,,,-40°F ~ 392°F (-40°C ~ 200°C),0.73,,,,,
,https://info.boydcorp.com/hubfs/Thermal/Air-Cooling/Boyd-Board-Level-Heatsinks-Catalog.pdf,100800F00000G,"Boyd Laconia, LLC",8025.875,Silicone Compound,8 oz Can,,,,,-40°F ~ 392°F (-40°C ~ 200°C),0.73,,,,,
,https://www.laird.com/document/datasheet/tpcm-200sp-datasheet,A17064-00,Laird Technologies - Thermal Materials,8310.82,Phase Change Thermal Compound,1 kg Can,,,,,-40°F ~ 257°F (-40°C ~ 125°C),1.50,,,,,
,-,2167855,Bergquist,8877.48333,"Liquid Gap Filler, 2 Part",400cc Cartridge,,,,,-76°F ~ 392°F (-60°C ~ 200°C),1.80,,,,,
,-,2166091,Bergquist,9295.97667,"Liquid Gap Filler, 2 Part",400cc Cartridge,,,,,-76°F ~ 392°F (-60°C ~ 200°C),2.00,,,,,
,https://www.laird.com/document/datasheet/tputty-403-datasheet,A16872-05,Laird Technologies - Thermal Materials,9649.86,Liquid Gap Filler,600cc Cartridge,,,,,-49°F ~ 302°F (-45°C ~ 150°C),2.30,,,,,
,-,2190571,Bergquist,9673.08333,"Liquid Gap Filler, 2 Part",400cc Cartridge,,,,,-76°F ~ 392°F (-60°C ~ 200°C),2.00,,,,,
,-,2167563,Bergquist,9673.08333,"Liquid Gap Filler, 2 Part",400cc Cartridge,,,,,-76°F ~ 392°F (-60°C ~ 200°C),1.80,,,,,
,-,2167394,Bergquist,9987.68333,"Liquid Gap Filler, 2 Part",400cc Cartridge,,,,,-76°F ~ 392°F (-60°C ~ 200°C),1.50,,,,,
,-,2166694,Bergquist,10170.55,"Liquid Gap Filler, 2 Part",400cc Cartridge,,,,,-76°F ~ 392°F (-60°C ~ 200°C),1.50,,,,,
,-,2167256,Bergquist,10170.55,"Liquid Gap Filler, 2 Part",400cc Cartridge,,,,,-76°F ~ 347°F (-60°C ~ 175°C),1.00,,,,,
,https://www.laird.com/document/pmbu-doc-000005173,A17170-04,Laird Technologies - Thermal Materials,10594.10625,Silicone Compound,-,,,,,-40°F ~ 302°F (-40°C ~ 150°C),3.70,,,,,
,-,2166234,Bergquist,10649.49333,"Liquid Gap Filler, 2 Part",400cc Cartridge,,,,,-76°F ~ 392°F (-60°C ~ 200°C),2.00,,,,,
,-,2165996,Bergquist,10649.49333,"Liquid Gap Filler, 2 Part",400cc Cartridge,,,,,-76°F ~ 347°F (-60°C ~ 175°C),1.00,,,,,
,-,2213720,Bergquist,10649.49333,"Liquid Gap Filler, 2 Part",400cc Cartridge,,,,,-76°F ~ 392°F (-60°C ~ 200°C),2.00,,,,,
,https://datasheets.tdx.henkel.com/LOCTITE-STYCAST-2850FT-FR-CAT-24LV-en_GL.pdf,1188128,LOCTITE,10938.0375,"Epoxy, 2 Part",-,,,,,-,1.23,,,,,
,https://www.parker.com/content/dam/Parker-com/Literature/Chomerics/Parker%20Chomerics%20THERM-A-GAP%20GEL%2060HF%20Datasheet%20CHODS1051.pdf,65-00-GEL60HF-0300,Parker Chomerics,11202.1815,Silicone Gel,300cc Cartridge,,,,,-67°F ~ 392°F (-55°C ~ 200°C),6.2,,,,,
,https://www.tglobaltechnology.com/wp-content/uploads/2023/08/TG-AS606-Series_UK.pdf,S606-1000,t-Global Technology,12227.15,Silicone Grease,1 kg Container,,,,,-40°F ~ 356°F (-40°C ~ 180°C),3.60,,,,,
,-,2190652,Bergquist,12415.975,"Liquid Gap Filler, 2 Part",400cc Cartridge,,,,,-76°F ~ 392°F (-60°C ~ 200°C),1.80,,,,,
,https://www.parker.com/content/dam/Parker-com/Literature/Chomerics/datasheets/Parker-Chomerics-THERM-A-GAP-GEL-75VT-Datasheet-CHODS1112.pdf,65-00-GEL75VT-0300,Parker Chomerics,12553.2875,Silicone Gel,300cc Cartridge,,,,,-58°F ~ 392°F (-50°C ~ 200°C),7.50,,,,,
,https://mgchemicals.com/downloads/tds/tds-860.pdf,860-3.78L,MG Chemicals,12881.246,Silicone Compound,3.78 L Pail,,,,,-40°F ~ 392°F (-40°C ~ 200°C),0.70,,,,,
,https://www.laird.com/sites/default/files/2024-06/THR-DS-TflexTM%20CR607.pdf,A17262-03,Laird Technologies - Thermal Materials,13588.52083,Silicone Gap Filler,400cc Cartridge,,,,,-67°F ~ 392°F (-55°C ~ 200°C),6.40,,,,,
,https://www.mgchemicals.com/downloads/tds/tds-8617.pdf,8617-1G,MG Chemicals,13650.976,Non-Silicone Grease,1 gal Pail,,,,,-90°F ~ 329°F (-68°C ~ 165°C),1.00,,,,,
,-,2190466,Bergquist,13852.315,"Liquid Gap Filler, 2 Part",200cc Cartridge,,,,,-76°F ~ 392°F (-60°C ~ 200°C),3.60,,,,,
,https://datasheets.tdx.henkel.com/LOCTITE-STYCAST-2850-MT-CAT-24LV-en_GL.pdf,1188137,LOCTITE,13923.325,"Epoxy, 2 Part",18 lb Container,,,,,-85°F ~ 221°F (-65°C ~ 105°C),1.60,,,,,
,https://www.laird.com/document/datasheet/tputty-607-datasheet,A17251-04,Laird Technologies - Thermal Materials,16476.24125,Liquid Gap Filler,600cc Cartridge,,,,,-40°F ~ 392°F (-40°C ~ 200°C),6.40,,,,,
,https://datasheets.tdx.henkel.com/LOCTITE-ABLESTIK-285-CAT-9-en_GL.pdf,1188112,LOCTITE,16589.1375,"Epoxy, 2 Part",-,,,,,-67°F ~ 311°F (-55°C ~ 155°C),1.44,,,,,
,-,2197935,Bergquist,16618.065,"Liquid Gap Filler, 2 Part",400cc Cartridge,,,,,-76°F ~ 392°F (-60°C ~ 200°C),3.50,,,,,
,https://www.laird.com/sites/default/files/2018-11/Tputty%20502%20Data%20Sheet%2012-6-17.pdf,A10548-6,Laird Technologies - Thermal Materials,16978,Silicone Putty,500cc Jar,,,,,-49°F ~ 392°F (-45°C ~ 200°C),3.00,,,,,
,https://datasheets.tdx.henkel.com/LOCTITE-STYCAST-2762FT-CAT-14-en_GL.pdf,1188100,LOCTITE,17175.195,"Epoxy, 2 Part (Order Catalyst Separately)",18 lb Container,,,,,-4°F ~ 446°F (-20°C ~ 230°C),1.34,,,,,
,https://www.laird.com/document/pmbu-doc-000011791,A16001-00,Laird Technologies - Thermal Materials,17410.305,Non-Silicone Grease,1 kg Can,,,,,-40°F ~ 257°F (-40°C ~ 125°C),5.40,,,,,
,https://www.tglobaltechnology.com/uploads/files/tds/TG-LH-FBPE-80.pdf,TG-LH-FBPE-80-15,t-Global Technology,19074.9,"Potting Compound, 2 Part",15 kg Container,,,,,-,1.10,,,,,
,https://www.laird.com/sites/default/files/2025-07/MKT-DOC-1592%20Tgrease%202500%20Data%20Sheet%2006272025.pdf,A14259-02,Laird Technologies - Thermal Materials,19162.92167,Non-Silicone Grease,3 kg Container,,,,,-67°F ~ 302°F (-50°C ~ 150°C),3.80,,,,,
,https://www.laird.com/sites/default/files/2025-05/THR-DS-Tflex%20CR550_202505.pdf,A18835-04,Laird Technologies - Thermal Materials,19224.83333,Liquid Gap Filler,1200cc Cartridge,,,,,-40°F ~ 392°F (-40°C ~ 200°C),5.40,,,,,
,http://tds.loctite.com/tds5/Studio/ShowPDF/GAP%20FILLER%20TGF%203000SF-EN?pid=GAP%20FILLER%20TGF%203000SF&format=MTR&subformat=HYS&language=EN&plant=WERCS,2750519,Bergquist,19717.915,"Liquid Gap Filler, 2 Part",1200cc Cartridge,,,,,-40°F ~ 212°F (-40°C ~ 100°C),3.00,,,,,
,-,2198652,Bergquist,20813.65,"Epoxy, 2 Part",400cc Cartridge,,,,,-40°F ~ 257°F (-40°C ~ 125°C),1.80,,,,,
,https://www.mgchemicals.com/downloads/tds/tds-8616.pdf,8616-1G,MG Chemicals,20846.346,Non-Silicone Grease,1 gal Pail,,,,,-90°F ~ 329°F (-68°C ~ 165°C),1.78,,,,,
,https://www.laird.com/sites/default/files/TgreaseTM-1500-datasheet.pdf,A14855-01,Laird Technologies - Thermal Materials,21990.475,Silicone Compound,7 kg Container,,,,,257°F (125°C),1.20,,,,,
,https://datasheets.tdx.henkel.com/BERGQUIST-GAP-FILLER-TGF-4500CVO-en_GL.pdf,2711509,Bergquist,26893.1,"Liquid Gap Filler, 2 Part",1200cc Cartridge,,,,,-76°F ~ 392°F (-60°C ~ 200°C),4.50,,,,,
,-,2297932,Bergquist,28278.58,"Liquid Gap Filler, 2 Part",1200cc Cartridge,,,,,-76°F ~ 392°F (-60°C ~ 200°C),1.40,,,,,
,-,UVLED82-3.78L,MG Chemicals,29283.475,UV LED Adhesive,3.78 L Can,,,,,-112°F ~ 275°F (-80°C ~ 135°C),0.20,,,,,
,-,2056395,LOCTITE,32767.8,"Epoxy, 2 Part (Order Catalyst Separately)",5 gal Container,,,,,-67°F ~ 311°F (-55°C ~ 155°C),2.78,,,,,
,-,2197596,Bergquist,40378.98,"Liquid Gap Filler, 2 Part",1200cc Cartridge,,,,,-76°F ~ 392°F (-60°C ~ 200°C),3.50,,,,,
,//mm.digikey.com/Volume0/opasdata/d220001/medias/docus/6319/MG%20Industry%20Solutions.pdf,8617A-300ML,MG Chemicals,Obsolete,Non-Silicone Grease,300 ml Tube,,,,,-,3.00,,,,,
,https://mgchemicals.com/downloads/tds/tds-8618.pdf,8618-300ML,MG Chemicals,Obsolete,Non-Silicone Grease,300 ml Syringe,,,,,-,6.00,,,,,
,https://mgchemicals.com/downloads/tds/tds-8618.pdf,8618-10ML,MG Chemicals,Obsolete,Non-Silicone Grease,10 ml Syringe,,,,,-,6.00,,,,,
,//mm.digikey.com/Volume0/opasdata/d220001/medias/docus/6319/MG%20Industry%20Solutions.pdf,8617A-10ML,MG Chemicals,Obsolete,Non-Silicone Grease,10 ml Tube,,,,,-,3.00,,,,,
,//mm.digikey.com/Volume0/opasdata/d220001/medias/docus/6319/MG%20Industry%20Solutions.pdf,8617A-3ML,MG Chemicals,Obsolete,Non-Silicone Grease,3 ml Tube,,,,,-58°F ~ 257°F (-50°C ~ 125°C),3.00,,,,,
,//mm.digikey.com/Volume0/opasdata/d220001/medias/docus/6319/MG%20Industry%20Solutions.pdf,8617A-85ML,MG Chemicals,Obsolete,Non-Silicone Grease,85 ml Tube,,,,,-,3.00,,,,,
,https://mgchemicals.com/downloads/tds/tds-8327GL5.pdf,8327GL5-180ML,MG Chemicals,Obsolete,Non-Silicone Gel,180 ml Cartridge,,,,,-67°F ~ 302°F (-55°C ~ 150°C),5.10,,,,,
,https://mgchemicals.com/downloads/tds/tds-8327GL6.pdf,8327GL6-180ML,MG Chemicals,Obsolete,Non-Silicone Gel,180 ml Cartridge,,,,,-40°F ~ 248°F (-40°C ~ 120°C),6.00,,,,,
,https://mgchemicals.com/downloads/tds/tds-8327GL5.pdf,8327GL5-30ML,MG Chemicals,Obsolete,Non-Silicone Gel,30 ml Cartridge,,,,,-67°F ~ 302°F (-55°C ~ 150°C),5.10,,,,,
,https://mgchemicals.com/downloads/tds/tds-8327GL3.pdf,8327GL3-30ML,MG Chemicals,Obsolete,Non-Silicone Gel,30 ml Cartridge,,,,,-40°F ~ 248°F (-40°C ~ 120°C),3.50,,,,,
,-,V6515,Assmann WSW Components,Obsolete,"Thermal Compound, Thermal Grease",500 gram Container,,,,,-40°F ~ 302°F (-40°C ~ 150°C),0.50,,,,,
,https://mgchemicals.com/downloads/tds/tds-8327GL3.pdf,8327GL3-25ML,MG Chemicals,Obsolete,Non-Silicone Gel,25 ml Jar,,,,,-40°F ~ 248°F (-40°C ~ 120°C),3.50,,,,,
,https://mgchemicals.com/downloads/tds/tds-8327GL5.pdf,8327GL5-25ML,MG Chemicals,Obsolete,Non-Silicone Gel,25 ml Jar,,,,,-67°F ~ 302°F (-55°C ~ 150°C),5.10,,,,,
,https://mgchemicals.com/downloads/tds/tds-8327GL6.pdf,8327GL6-25ML,MG Chemicals,Obsolete,Non-Silicone Gel,25 ml Jar,,,,,-40°F ~ 248°F (-40°C ~ 120°C),6.00,,,,,
,https://datasheets.tdx.henkel.com/BERGQUIST-SIL-PAD-TSP-K900-en_GL.pdf,SPK4-0.006-00-58,Bergquist,4.55,"Pad, Sheet",,,,,,,0.9,Rectangular,19.05mm x 12.70mm,"0.0060"" (0.152mm)",,
,https://datasheets.tdx.henkel.com/BERGQUIST-SIL-PAD-TSP-900-en_GL.pdf,SP400-0.009-00-58,Bergquist,6.83,"Pad, Sheet",,,,,,,0.9,Rectangular,19.05mm x 12.70mm,"0.0090"" (0.229mm)",,
,//mm.digikey.com/Volume0/opasdata/d220001/medias/docus/520/Sil-Pad_Selection_Guide.pdf,SP400-0.009-00-54,Bergquist,6.83,"Pad, Sheet",,,,,,,0.9,Rectangular,19.05mm x 12.70mm,"0.0090"" (0.229mm)",,
,https://datasheets.tdx.henkel.com/BERGQUIST-SIL-PAD-TSP-900-en_GL.pdf,SP400-0.007-00-54,Bergquist,7.15,"Pad, Sheet",,,,,,,0.9,Rectangular,19.05mm x 12.70mm,"0.0070"" (0.178mm)",,
,https://dm.henkel-dam.com/is/content/henkel/lt-8116-brochure-thermal-interface-materials-selection-guide-1,SP400-0.007-AC-58,Bergquist,7.48,"Pad, Sheet",,,,,,,0.9,Rectangular,19.05mm x 12.70mm,"0.0070"" (0.178mm)",,
,https://datasheets.tdx.henkel.com/BERGQUIST-SIL-PAD-TSP-900-en_GL.pdf,SP400-0.007-00-104,Bergquist,8.13,"Pad, Sheet",,,,,,,0.9,Rectangular,25.40mm x 19.05mm,"0.0070"" (0.178mm)",,
,https://datasheets.tdx.henkel.com/BERGQUIST-SIL-PAD-TSP-K900-en_GL.pdf,SPK4-0.006-00-104,Bergquist,8.78,"Pad, Sheet",,,,,,,0.9,Rectangular,25.40mm x 19.05mm,"0.0060"" (0.152mm)",,
,https://datasheets.tdx.henkel.com/BERGQUIST-SIL-PAD-TSP-1600S-en_GL.pdf,SP900S-0.009-00-54,Bergquist,9.43,"Pad, Sheet",,,,,,,1.6,Rectangular,19.05mm x 12.70mm,"0.0090"" (0.229mm)",,
,https://datasheets.tdx.henkel.com/BERGQUIST-SIL-PAD-TSP-1600S-en_GL.pdf,SP900S-0.009-AC-54,Bergquist,9.43,"Pad, Sheet",,,,,,,1.6,Rectangular,19.05mm x 12.70mm,"0.0090"" (0.229mm)",,
,https://dm.henkel-dam.com/is/content/henkel/lt-8116-brochure-thermal-interface-materials-selection-guide-1,SP400-0.009-00-51,Bergquist,9.75,"Pad, Sheet",,,,,,,0.9,Rectangular,17.45mm x 14.27mm,"0.0090"" (0.229mm)",,
,https://datasheets.tdx.henkel.com/BERGQUIST-HI-FLOW-THF-800AC-en_GL.pdf,HF115AC-0.0055-AC-54,Bergquist,10.73,"Pad, Sheet",,,,,,,0.8,Rectangular,19.05mm x 12.70mm,"0.0055"" (0.140mm)",,
,https://datasheets.tdx.henkel.com/BERGQUIST-SIL-PAD-TSP-1200-en_GL.pdf,1009-54,Bergquist,10.73,"Pad, Sheet",,,,,,,1.2,Rectangular,19.05mm x 12.70mm,"0.0090"" (0.229mm)",,
,https://datasheets.tdx.henkel.com/BERGQUIST-SIL-PAD-TSP-K1300-en_GL.pdf,SPK10-0.006-00-54,Bergquist,11.38,"Pad, Sheet",,,,,,,1.3,Rectangular,19.05mm x 12.70mm,"0.0060"" (0.152mm)",,
,https://datasheets.tdx.henkel.com/BERGQUIST-SIL-PAD-TSP-1600S-en_GL.pdf,SP900S-0.009-00-104,Bergquist,11.7,"Pad, Sheet",,,,,,,1.6,Rectangular,25.40mm x 19.05mm,"0.0090"" (0.229mm)",,
,http://tds.loctite.com/tds5/Studio/ShowPDF/BERGQUIST%20SIL%20PAD%20TSP%201600S-EN?pid=BERGQUIST%20SIL%20PAD%20TSP%201600S&format=MTR&subformat=HYS&language=EN&plant=WERCS,SP900S-0.009-AC-58,Bergquist,12.35,"Pad, Sheet",,,,,,,1.6,Rectangular,19.05mm x 12.70mm,"0.0090"" (0.229mm)",,
,https://info.boydcorp.com/hubfs/Thermal/Air-Cooling/Boyd-Board-Level-Heatsinks-Catalog.pdf,53-77-9G,"Boyd Laconia, LLC",18.85,"Pad, Sheet",,,,,,,0.9,Rectangular,18.42mm x 13.21mm,"0.0060"" (0.152mm)",,
,https://datasheets.tdx.henkel.com/BERGQUIST-SIL-PAD-TSP-K1300-en_GL.pdf,SPK10-0.006-00-58,Bergquist,21.78,"Pad, Sheet",,,,,,,1.3,Rectangular,19.05mm x 12.70mm,"0.0060"" (0.152mm)",,
,https://dm.henkel-dam.com/is/content/henkel/lt-8116-brochure-thermal-interface-materials-selection-guide-1,Q3-0.005-00-54,Bergquist,22.1,"Pad, Sheet",,,,,,,2.0,Rectangular,19.05mm x 12.70mm,"0.0050"" (0.127mm)",,
,https://datasheets.tdx.henkel.com/BERGQUIST-SIL-PAD-TSP-K1300-en_GL.pdf,SPK10-0.006-00-90,Bergquist,23.4,"Pad, Sheet",,,,,,,1.3,Rectangular,21.84mm x 18.80mm,"0.0060"" (0.152mm)",,
,https://wakefieldthermal.com/content/data_sheets/Thermal%20Interface%20Materials.pdf,175-6-220P,Wakefield Thermal Solutions,23.73,"Pad, Sheet",,,,,,,0.5,Rectangular,18.00mm x 12.70mm,"0.0060"" (0.152mm)",,
,https://datasheets.tdx.henkel.com/BERGQUIST-SIL-PAD-TSP-K1300-en_GL.pdf,SPK10-0.006-00-104,Bergquist,24.38,"Pad, Sheet",,,,,,,1.3,Rectangular,25.40mm x 19.05mm,"0.0060"" (0.152mm)",,
,https://info.boydcorp.com/hubfs/Thermal/Conduction-Cooling/Boyd-Thermal-Interface-Materials-Catalog.pdf,53-77-4G,"Boyd Laconia, LLC",25.35,"Pad, Sheet",,,,,,,0.9,Rectangular,19.05mm x 12.70mm,"0.0060"" (0.152mm)",,
,https://datasheets.tdx.henkel.com/BERGQUIST-HI-FLOW-THF-800AC-en_GL.pdf,HF115AC-0.0055-AC-90,Bergquist,26.33,"Pad, Sheet",,,,,,,0.8,Rectangular,21.84mm x 18.79mm,"0.0055"" (0.140mm)",,
,https://info.boydcorp.com/hubfs/Thermal/Conduction-Cooling/Boyd-Thermal-Interface-Materials-Catalog.pdf,53-77-4ACG,"Boyd Laconia, LLC",27.3,"Pad, Sheet",,,,,,,0.9,Rectangular,19.05mm x 12.70mm,"0.0060"" (0.152mm)",,
,https://wakefieldthermal.com/content/data_sheets/Thermal%20Interface%20Materials.pdf,173-7-240A,Wakefield Thermal Solutions,29.58,"Pad, Sheet",,,,,,,1.2,Rectangular,19.10mm x 12.70mm,"0.0070"" (0.178mm)",,
,//mm.digikey.com/Volume0/opasdata/d220001/medias/docus/520/Sil-Pad_Selection_Guide.pdf,SP400-0.009-00-09,Bergquist,29.58,"Pad, Sheet",,,,,,,0.9,Round,9.14mm Dia,"0.0090"" (0.229mm)",,
,https://www.tglobaltechnology.com/wp-content/uploads/2023/08/TG-A3500_UK.pdf,TG-A3500-25-25-3.0,t-Global Technology,33.48,"Pad, Sheet",,,,,,,3.5,Square,25.00mm x 25.00mm,"0.118"" (3.00mm)",,
,https://info.boydcorp.com/hubfs/Thermal/Conduction-Cooling/Boyd-Thermal-Interface-Materials-Catalog.pdf,53-77-9ACG,"Boyd Laconia, LLC",33.8,"Pad, Sheet",,,,,,,0.9,Rectangular,18.42mm x 13.21mm,"0.0060"" (0.152mm)",,
,//mm.digikey.com/Volume0/opasdata/d220001/medias/docus/2578/Sil-Pad%20600.pdf,SP600-104,Bergquist,42.25,"Pad, Sheet",,,,,,,1.0,Rectangular,25.40mm x 19.05mm,"0.0090"" (0.229mm)",,
,http://tds.loctite.com/tds5/Studio/ShowPDF/BERGQUIST%20SIL%20PAD%20TSP%203500-EN?pid=BERGQUIST%20SIL%20PAD%20TSP%203500&format=MTR&subformat=HYS&language=EN&plant=WERCS,SP2000-0.015-00-104,Bergquist,47.45,"Pad, Sheet",,,,,,,3.5,Rectangular,25.40mm x 19.05mm,"0.0150"" (0.381mm)",,
,https://www.sensata.com/sites/default/files/media/documents/2018-04-04/ourproducts_thermal_pads_hsp2_hsp5_hsp6_datasheet.pdf,HSP-2,Sensata-Crydom,65.98,"Pad, Sheet",,,,,,,2.0,Rectangular,57.15mm x 44.45mm,"0.0050"" (0.127mm)",,
,https://datasheets.tdx.henkel.com/BERGQUIST-SIL-PAD-TSP-3500-en_GL.pdf,SP2000-0.015-00-58,Bergquist,124.48,"Pad, Sheet",,,,,,,3.5,Rectangular,19.05mm x 12.70mm,"0.0150"" (0.381mm)",,
,https://www.tglobaltechnology.com/wp-content/uploads/2023/08/TG-A3500_UK.pdf,TG-A3500-40-40-5.0,t-Global Technology,125.13,"Pad, Sheet",,,,,,,3.5,Square,40.00mm x 40.00mm,"0.197"" (5.00mm)",,
,https://www.tglobaltechnology.com/wp-content/uploads/2023/08/TG-A6200F_UK.pdf,TG-A6200F-100-100-0.5,t-Global Technology,273.98,"Pad, Sheet",,,,,,,5.0,Square,100.00mm x 100.00mm,"0.0197"" (0.500mm)",,
,https://datasheets.tdx.henkel.com/BERGQUIST-SIL-PAD-TSP-3500-en_GL.pdf,SP2000-0.015-00-54,Bergquist,317.2,"Pad, Sheet",,,,,,,3.5,Rectangular,19.05mm x 12.70mm,"0.0150"" (0.381mm)",,
,https://www.tglobaltechnology.com/wp-content/uploads/2023/08/TG-A6200_UK.pdf,TG-A6200-100-100-1.0,t-Global Technology,378.95,"Pad, Sheet",,,,,,,6.2,Square,100.00mm x 100.00mm,"0.0394"" (1.000mm)",,
,https://datasheets.tdx.henkel.com/BERGQUIST-GAP-PAD-TGP-1500-en_GL.pdf,GP1500-0.020-02-0404,Bergquist,403,"Pad, Sheet",,,,,,,1.5,Square,101.60mm x 101.60mm,"0.0200"" (0.508mm)",,
,https://datasheets.tdx.henkel.com/BERGQUIST-SIL-PAD-TSP-900-en_GL.pdf,SP400-0.007-AC-1212,Bergquist,578.5,"Pad, Sheet",,,,,,,0.9,Square,304.80mm x 304.80mm,"0.0070"" (0.178mm)",,
,https://datasheets.tdx.henkel.com/BERGQUIST-GAP-PAD-TGP-1500-en_GL.pdf,GP1500-0.040-02-0404,Bergquist,663.98,"Pad, Sheet",,,,,,,1.5,Square,101.60mm x 101.60mm,"0.0400"" (1.016mm)",,
,https://datasheets.tdx.henkel.com/BERGQUIST-SIL-PAD-TSP-K900-en_GL.pdf,2191342,Bergquist,728.98,"Pad, Sheet",,,,,,,0.9,Rectangular,304.80mm x 292.10mm,"0.0060"" (0.152mm)",,
,https://www.tglobaltechnology.com/wp-content/uploads/2023/08/TG-A6200_UK.pdf,TG-A6200-100-100-2.5,t-Global Technology,764.4,"Pad, Sheet",,,,,,,6.2,Square,100.00mm x 100.00mm,"0.0984"" (2.500mm)",,
,https://datasheets.tdx.henkel.com/BERGQUIST-GAP-PAD-TGP-1500-en_GL.pdf,GP1500-0.040-02-0816,Bergquist,790.08,"Pad, Sheet",,,,,,,1.5,Rectangular,406.40mm x 203.20mm,"0.0400"" (1.016mm)",,
,https://datasheets.tdx.henkel.com/BERGQUIST-GAP-PAD-TGP-1500R-en_GL.pdf,GP1500R-0.020-02-0816,Bergquist,966.88,"Pad, Sheet",,,,,,,1.5,Rectangular,406.40mm x 203.20mm,"0.0200"" (0.508mm)",,
,https://datasheets.tdx.henkel.com/BERGQUIST-SIL-PAD-TSP-K1300-en_GL.pdf,SPK10-0.006-00-11.512,Bergquist,1079.65,"Pad, Sheet",,,,,,,1.3,Rectangular,304.80mm x 292.10mm,"0.0060"" (0.152mm)",,
,https://datasheets.tdx.henkel.com/BERGQUIST-GAP-PAD-TGP-1500-en_GL.pdf,GP1500-0.080-02-0816,Bergquist,1178.45,"Pad, Sheet",,,,,,,1.5,Rectangular,406.40mm x 203.20mm,"0.0800"" (2.032mm)",,
,https://datasheets.tdx.henkel.com/BERGQUIST-SIL-PAD-TSP-1600S-en_GL.pdf,SP900S-0.009-AC-1212,Bergquist,1232.4,"Pad, Sheet",,,,,,,1.6,Square,304.80mm x 304.80mm,"0.0090"" (0.229mm)",,
,https://datasheets.tdx.henkel.com/BERGQUIST-SIL-PAD-TSP-K1300-en_GL.pdf,2165804,Bergquist,1439.1,"Pad, Sheet",,,,,,,1.3,Rectangular,304.80mm x 292.10mm,"0.0060"" (0.152mm)",,
,https://datasheets.tdx.henkel.com/BERGQUIST-GAP-PAD-TGP-1500-en_GL.pdf,GP1500-0.125-02-0816,Bergquist,1638,"Pad, Sheet",,,,,,,1.5,Rectangular,406.40mm x 203.20mm,"0.125"" (3.18mm)",,
,https://datasheets.tdx.henkel.com/BERGQUIST-GAP-PAD-TGP-1100SF-en_GL.pdf,GP1000SF-0.020-02-0816,Bergquist,1800.5,"Pad, Sheet",,,,,,,0.9,Rectangular,406.40mm x 203.20mm,"0.0200"" (0.508mm)",,
,https://datasheets.tdx.henkel.com/BERGQUIST-GAP-PAD-TGP-5000-en_GL.pdf,GP5000S35-0.020-02-0816,Bergquist,2067.65,"Pad, Sheet",,,,,,,5.0,Rectangular,406.40mm x 203.20mm,"0.0200"" (0.508mm)",,
,https://www.tglobaltechnology.com/wp-content/uploads/2023/08/TG-A6200_UK.pdf,TG-A6200-310-310-0.5,t-Global Technology,2190.83,"Pad, Sheet",,,,,,,6.2,Square,310.00mm x 310.00mm,"0.0197"" (0.500mm)",,
,https://datasheets.tdx.henkel.com/BERGQUIST-GAP-PAD-TGP-3000-en_GL.pdf,GP3000S30-0.125-02-0816,Bergquist,5867.55,"Pad, Sheet",,,,,,,3.0,Rectangular,406.40mm x 203.20mm,"0.125"" (3.18mm)",,
,https://www.tglobaltechnology.com/wp-content/uploads/2023/08/TG-A6200_UK.pdf,TG-A6200-7.2-6.3-1.0,t-Global Technology,3.25,"Pad, Sheet",,,,,,,6.2,Rectangular,7.20mm x 6.30mm,"0.0394"" (1.000mm)",,
,https://www.tglobaltechnology.com/wp-content/uploads/2023/08/TG-A6200_UK.pdf,TG-A6200-5-5-1.0,t-Global Technology,3.25,"Pad, Sheet",,,,,,,6.2,Square,5.00mm x 5.00mm,"0.0394"" (1.000mm)",,
,https://www.tglobaltechnology.com/wp-content/uploads/2023/08/TG-A6200_UK.pdf,TG-A6200-10-10-0.5,t-Global Technology,3.9,"Pad, Sheet",,,,,,,6.2,Square,10.00mm x 10.00mm,"0.0197"" (0.500mm)",,
,https://www.tglobaltechnology.com/wp-content/uploads/2023/08/TG-A3500_UK.pdf,TG-A3500-10-10-2.0,t-Global Technology,4.23,"Pad, Sheet",,,,,,,3.5,Square,10.00mm x 10.00mm,"0.0790"" (2.000mm)",,
,https://dm.henkel-dam.com/is/content/henkel/lt-8116-brochure-thermal-interface-materials-selection-guide-1,Q3-0.005-00-104,Bergquist,5.2,"Pad, Sheet",,,,,,,2.0,Rectangular,25.40mm x 19.05mm,"0.0050"" (0.127mm)",,
,https://dm.henkel-dam.com/is/content/henkel/lt-8116-brochure-thermal-interface-materials-selection-guide-1,Q3-0.005-00-51,Bergquist,5.53,"Pad, Sheet",,,,,,,2.0,Rectangular,17.45mm x 14.27mm,"0.0050"" (0.127mm)",,
,https://www.tglobaltechnology.com/wp-content/uploads/2023/08/TG-A3500_UK.pdf,TG-A3500-10-10-3.0,t-Global Technology,5.85,"Pad, Sheet",,,,,,,3.5,Square,10.00mm x 10.00mm,"0.118"" (3.00mm)",,
,https://www.tglobaltechnology.com/wp-content/uploads/2023/08/TG-A6200_UK.pdf,TG-A6200-10-10-1.0,t-Global Technology,5.85,"Pad, Sheet",,,,,,,6.2,Square,10.00mm x 10.00mm,"0.0394"" (1.000mm)",,
,//mm.digikey.com/Volume0/opasdata/d220001/medias/docus/2578/Sil-Pad%20600.pdf,SP600-90,Bergquist,6.5,"Pad, Sheet",,,,,,,1.0,Rectangular,21.84mm x 18.80mm,"0.0090"" (0.229mm)",,
,https://www.tglobaltechnology.com/wp-content/uploads/2023/08/TG-A6200_UK.pdf,TG-A6200-11-11-1.0,t-Global Technology,7.15,"Pad, Sheet",,,,,,,6.2,Square,11.00mm x 11.00mm,"0.0394"" (1.000mm)",,
,//mm.digikey.com/Volume0/opasdata/d220001/medias/docus/6032/211_ERGQUIST_SIL_PAD_TSP_900_EN-1534579.pdf,SP400-0.007-AC-54,Bergquist,7.48,"Pad, Sheet",,,,,,,0.9,Rectangular,19.05mm x 12.70mm,"0.0070"" (0.178mm)",,
,https://www.tglobaltechnology.com/wp-content/uploads/2023/08/TG-A3500_UK.pdf,TG-A3500-15-15-1.5,t-Global Technology,7.8,"Pad, Sheet",,,,,,,3.5,Square,15.00mm x 15.00mm,"0.0591"" (1.500mm)",,
,https://www.tglobaltechnology.com/wp-content/uploads/2023/08/TG-A6200_UK.pdf,TG-A6200-15-15-0.5,t-Global Technology,8.13,"Pad, Sheet",,,,,,,6.2,Square,15.00mm x 15.00mm,"0.0197"" (0.500mm)",,
,https://datasheets.tdx.henkel.com/BERGQUIST-SIL-PAD-TSP-900-en_GL.pdf,SP400-0.009-00-90,Bergquist,8.78,"Pad, Sheet",,,,,,,0.9,Rectangular,21.84mm x 18.80mm,"0.0090"" (0.229mm)",,
,https://www.tglobaltechnology.com/wp-content/uploads/2023/08/TG-A6200_UK.pdf,TG-A6200-10-10-1.5,t-Global Technology,8.78,"Pad, Sheet",,,,,,,6.2,Square,10.00mm x 10.00mm,"0.0591"" (1.500mm)",,
,https://datasheets.tdx.henkel.com/BERGQUIST-SIL-PAD-TSP-900-en_GL.pdf,SP400-0.007-00-51,Bergquist,9.43,"Pad, Sheet",,,,,,,0.9,Rectangular,17.45mm x 14.27mm,"0.0070"" (0.178mm)",,
,https://www.tglobaltechnology.com/wp-content/uploads/2023/08/TG-A3500_UK.pdf,TG-A3500-15-15-2.0,t-Global Technology,9.43,"Pad, Sheet",,,,,,,3.5,Square,15.00mm x 15.00mm,"0.0790"" (2.000mm)",,
,https://www.tglobaltechnology.com/wp-content/uploads/2023/08/TG-A3500_UK.pdf,TG-A3500-25-25-0.5,t-Global Technology,9.75,"Pad, Sheet",,,,,,,3.5,Square,25.00mm x 25.00mm,"0.0197"" (0.500mm)",,
,https://www.tglobaltechnology.com/wp-content/uploads/2023/08/TG-A6200_UK.pdf,TG-A6200-10-10-2.0,t-Global Technology,10.08,"Pad, Sheet",,,,,,,6.2,Square,10.00mm x 10.00mm,"0.0790"" (2.000mm)",,
,https://datasheets.tdx.henkel.com/BERGQUIST-SIL-PAD-TSP-1600S-en_GL.pdf,SP900S-0.009-00-58,Bergquist,10.4,"Pad, Sheet",,,,,,,1.6,Rectangular,19.05mm x 12.70mm,"0.0090"" (0.229mm)",,
,https://datasheets.tdx.henkel.com/BERGQUIST-SIL-PAD-TSP-900-en_GL.pdf,SP400-0.007-00-90,Bergquist,10.4,"Pad, Sheet",,,,,,,0.9,Rectangular,21.84mm x 18.80mm,"0.0070"" (0.178mm)",,
,//mm.digikey.com/Volume0/opasdata/d220001/medias/docus/520/Sil-Pad_Selection_Guide.pdf,Q3-0.005-00-48,Bergquist,10.4,"Pad, Sheet",,,,,,,2.0,Square,25.40mm x 25.40mm,"0.0050"" (0.127mm)",,
,//mm.digikey.com/Volume0/opasdata/d220001/medias/docus/2578/Sil-Pad%20600.pdf,SP600-114,Bergquist,11.38,"Pad, Sheet",,,,,,,1.0,Rectangular,24.00mm x 21.01mm,"0.0090"" (0.229mm)",,
,https://www.tglobaltechnology.com/wp-content/uploads/2023/08/TG-A6200_UK.pdf,TG-A6200-20-10-1.0,t-Global Technology,12.03,"Pad, Sheet",,,,,,,6.2,Rectangular,20.00mm x 10.00mm,"0.0394"" (1.000mm)",,
,https://www.tglobaltechnology.com/wp-content/uploads/2023/08/TG-A3500_UK.pdf,TG-A3500-15-15-3.0,t-Global Technology,12.35,"Pad, Sheet",,,,,,,3.5,Square,15.00mm x 15.00mm,"0.118"" (3.00mm)",,
,https://www.tglobaltechnology.com/wp-content/uploads/2023/08/TG-A6200_UK.pdf,TG-A6200-15-15-1.0,t-Global Technology,13,"Pad, Sheet",,,,,,,6.2,Square,15.00mm x 15.00mm,"0.0394"" (1.000mm)",,
,https://www.tglobaltechnology.com/wp-content/uploads/2023/08/TG-A6200_UK.pdf,TG-A6200-20-20-0.5,t-Global Technology,14.95,"Pad, Sheet",,,,,,,6.2,Square,20.00mm x 20.00mm,"0.0197"" (0.500mm)",,
,//mm.digikey.com/Volume0/opasdata/d220001/medias/docus/520/Sil-Pad_Selection_Guide.pdf,SP400-0.007-00-58,Bergquist,15.93,"Pad, Sheet",,,,,,,0.9,Rectangular,19.05mm x 12.70mm,"0.0070"" (0.178mm)",,
,//mm.digikey.com/Volume0/opasdata/d220001/medias/docus/644/ThermalCladSelectionGuide.pdf,SP400-0.009-00-05,Bergquist,16.25,"Pad, Sheet",,,,,,,0.9,Rhombus,41.91mm x 28.96mm,"0.0090"" (0.229mm)",,
,https://dm.henkel-dam.com/is/content/henkel/lt-8116-brochure-thermal-interface-materials-selection-guide-1,Q3-0.005-00-90,Bergquist,16.9,"Pad, Sheet",,,,,,,2.0,Rectangular,21.84mm x 18.79mm,"0.0050"" (0.127mm)",,
,https://www.tglobaltechnology.com/wp-content/uploads/2023/08/TG-A6200_UK.pdf,TG-A6200-15-15-1.5,t-Global Technology,18.53,"Pad, Sheet",,,,,,,6.2,Square,15.00mm x 15.00mm,"0.0591"" (1.500mm)",,
,https://wakefieldthermal.com/content/data_sheets/Thermal%20Interface%20Materials.pdf,173-7-220P,Wakefield Thermal Solutions,18.85,"Pad, Sheet",,,,,,,1.2,Rectangular,17.81mm x 12.70mm,"0.0070"" (0.178mm)",,
,https://datasheets.tdx.henkel.com/BERGQUIST-SIL-PAD-TSP-1600S-en_GL.pdf,SP900S-0.009-00-114,Bergquist,19.5,"Pad, Sheet",,,,,,,1.6,Rectangular,24.00mm x 21.01mm,"0.0090"" (0.229mm)",,
,https://www.tglobaltechnology.com/wp-content/uploads/2023/08/TG-A6200_UK.pdf,TG-A6200-15-15-2.0,t-Global Technology,21.45,"Pad, Sheet",,,,,,,6.2,Square,15.00mm x 15.00mm,"0.0790"" (2.000mm)",,
,https://www.tglobaltechnology.com/wp-content/uploads/2023/08/TG-A3500_UK.pdf,TG-A3500-20-20-3.0,t-Global Technology,22.43,"Pad, Sheet",,,,,,,3.5,Square,20.00mm x 20.00mm,"0.118"" (3.00mm)",,
,https://www.tglobaltechnology.com/wp-content/uploads/2023/08/TG-A6200_UK.pdf,TG-A6200-10-10-5.0,t-Global Technology,22.75,"Pad, Sheet",,,,,,,6.2,Square,10.00mm x 10.00mm,"0.197"" (5.00mm)",,
,https://datasheets.tdx.henkel.com/BERGQUIST-SIL-PAD-TSP-K1300-en_GL.pdf,SPK10-0.006-00-51,Bergquist,23.4,"Pad, Sheet",,,,,,,1.3,Rectangular,17.45mm x 14.27mm,"0.0060"" (0.152mm)",,
,https://wakefieldthermal.com/content/data_sheets/Thermal%20Interface%20Materials.pdf,175-6-240P,Wakefield Thermal Solutions,23.73,"Pad, Sheet",,,,,,,0.5,Rectangular,19.10mm x 12.70mm,"0.0060"" (0.152mm)",,
,https://www.tglobaltechnology.com/wp-content/uploads/2023/08/TG-A3500_UK.pdf,TG-A3500-30-30-1.0,t-Global Technology,24.05,"Pad, Sheet",,,,,,,3.5,Square,30.00mm x 30.00mm,"0.0394"" (1.000mm)",,
,https://wakefieldthermal.com/content/data_sheets/Thermal%20Interface%20Materials.pdf,173-9-230P,Wakefield Thermal Solutions,26.98,"Pad, Sheet",,,,,,,1.2,Rectangular,19.10mm x 12.70mm,"0.0090"" (0.229mm)",,
,https://datasheets.tdx.henkel.com/BERGQUIST-SIL-PAD-TSP-K1300-en_GL.pdf,SPK10-0.006-00-43,Bergquist,27.63,"Pad, Sheet",,,,,,,1.3,Rectangular,19.05mm x 12.70mm,"0.0060"" (0.152mm)",,
,https://wakefieldthermal.com/content/data_sheets/Thermal%20Interface%20Materials.pdf,173-9-240P,Wakefield Thermal Solutions,28.28,"Pad, Sheet",,,,,,,1.2,Rectangular,19.10mm x 12.70mm,"0.0090"" (0.229mm)",,
,https://www.tglobaltechnology.com/wp-content/uploads/2023/08/TG-A6200_UK.pdf,TG-A6200-30-30-0.5,t-Global Technology,30.23,"Pad, Sheet",,,,,,,6.2,Square,30.00mm x 30.00mm,"0.0197"" (0.500mm)",,
,https://www.tglobaltechnology.com/wp-content/uploads/2023/08/TG-A3500_UK.pdf,TG-A3500-20-20-5.0,t-Global Technology,33.8,"Pad, Sheet",,,,,,,3.5,Square,20.00mm x 20.00mm,"0.197"" (5.00mm)",,
,https://dm.henkel-dam.com/is/content/henkel/lt-8116-brochure-thermal-interface-materials-selection-guide-1,Q3-0.005-00-58,Bergquist,34.13,"Pad, Sheet",,,,,,,2.0,Rectangular,19.05mm x 12.70mm,"0.0050"" (0.127mm)",,
,https://www.tglobaltechnology.com/wp-content/uploads/2023/08/TG-A6200_UK.pdf,TG-A6200-20-20-1.5,t-Global Technology,34.13,"Pad, Sheet",,,,,,,6.2,Square,20.00mm x 20.00mm,"0.0591"" (1.500mm)",,
,https://www.tglobaltechnology.com/wp-content/uploads/2023/08/TG-A6200_UK.pdf,TG-A6200-25-25-1.0,t-Global Technology,34.78,"Pad, Sheet",,,,,,,6.2,Square,25.00mm x 25.00mm,"0.0394"" (1.000mm)",,
,https://www.tglobaltechnology.com/wp-content/uploads/2023/08/TG-A6200_UK.pdf,TG-A6200-24.2-24.2-1.0,t-Global Technology,34.78,"Pad, Sheet",,,,,,,6.2,Square,24.20mm x 24.20mm,"0.0394"" (1.000mm)",,
,https://www.tglobaltechnology.com/wp-content/uploads/2023/08/TG-A6200_UK.pdf,TG-A6200-15-15-4.0,t-Global Technology,39.33,"Pad, Sheet",,,,,,,6.2,Square,15.00mm x 15.00mm,"0.157"" (4.00mm)",,
,https://info.boydcorp.com/hubfs/Thermal/Conduction-Cooling/Boyd-Thermal-Interface-Materials-Catalog.pdf,53-02-103G,"Boyd Laconia, LLC",43.23,"Pad, Sheet",,,,,,,0.9,"Polygon, 5-sided",23.80mm x 19.05mm,"0.0060"" (0.152mm)",,
,http://tds.loctite.com/tds5/Studio/ShowPDF/BERGQUIST%20SIL%20PAD%20TSP%201600S-EN?pid=BERGQUIST%20SIL%20PAD%20TSP%201600S&format=MTR&subformat=HYS&language=EN&plant=WERCS,SP900S-0.009-00-05,Bergquist,43.88,"Pad, Sheet",,,,,,,1.6,Rhombus,41.91mm x 28.96mm,"0.0090"" (0.229mm)",,
,https://www.tglobaltechnology.com/wp-content/uploads/2023/08/TG-A6200_UK.pdf,TG-A6200-30-30-1.0,t-Global Technology,47.78,"Pad, Sheet",,,,,,,6.2,Square,30.00mm x 30.00mm,"0.0394"" (1.000mm)",,
,//mm.digikey.com/Volume0/opasdata/d220001/medias/docus/2578/Sil-Pad%20600.pdf,SP600-05,Bergquist,49.08,"Pad, Sheet",,,,,,,1.0,Rhombus,41.91mm x 28.96mm,"0.0090"" (0.229mm)",,
,https://www.tglobaltechnology.com/wp-content/uploads/2023/08/TG-A3500_UK.pdf,TG-A3500-25-25-5.0,t-Global Technology,50.05,"Pad, Sheet",,,,,,,3.5,Square,25.00mm x 25.00mm,"0.197"" (5.00mm)",,
,//mm.digikey.com/Volume0/opasdata/d220001/medias/docus/520/Sil-Pad_Selection_Guide.pdf,SP400-0.009-00-03,Bergquist,52.33,"Pad, Sheet",,,,,,,0.9,Rhombus,39.70mm x 26.67mm,"0.0090"" (0.229mm)",,
,https://datasheets.tdx.henkel.com/BERGQUIST-SIL-PAD-TSP-K1300-en_GL.pdf,SPK10-0.006-00-114,Bergquist,53.3,"Pad, Sheet",,,,,,,1.3,Rectangular,24.00mm x 21.01mm,"0.0060"" (0.152mm)",,
,https://www.tglobaltechnology.com/wp-content/uploads/2023/08/TG-A6200_UK.pdf,TG-A6200-40-40-0.5,t-Global Technology,55.25,"Pad, Sheet",,,,,,,6.2,Square,40.00mm x 40.00mm,"0.0197"" (0.500mm)",,
,https://www.tglobaltechnology.com/wp-content/uploads/2023/08/TG-A3500_UK.pdf,TG-A3500-30-30-4.0,t-Global Technology,56.23,"Pad, Sheet",,,,,,,3.5,Square,30.00mm x 30.00mm,"0.157"" (4.00mm)",,
,https://datasheets.tdx.henkel.com/BERGQUIST-SIL-PAD-TSP-900-en_GL.pdf,SP400-0.007-00-05,Bergquist,65.65,"Pad, Sheet",,,,,,,0.9,Rhombus,41.91mm x 28.96mm,"0.0070"" (0.178mm)",,
,https://www.tglobaltechnology.com/wp-content/uploads/2023/08/TG-A3500_UK.pdf,TG-A3500-30-30-5.0,t-Global Technology,68.58,"Pad, Sheet",,,,,,,3.5,Square,30.00mm x 30.00mm,"0.197"" (5.00mm)",,
,https://www.tglobaltechnology.com/wp-content/uploads/2023/08/TG-A6200_UK.pdf,TG-A6200-30-30-1.5,t-Global Technology,68.9,"Pad, Sheet",,,,,,,6.2,Square,30.00mm x 30.00mm,"0.0591"" (1.500mm)",,
,https://www.tglobaltechnology.com/wp-content/uploads/2023/08/TG-A6200_UK.pdf,TG-A6200-25-25-3.0,t-Global Technology,81.9,"Pad, Sheet",,,,,,,6.2,Square,25.00mm x 25.00mm,"0.118"" (3.00mm)",,
,https://www.tglobaltechnology.com/wp-content/uploads/2023/08/TG-A6200_UK.pdf,TG-A6200-40-40-1.0,t-Global Technology,87.1,"Pad, Sheet",,,,,,,6.2,Square,40.00mm x 40.00mm,"0.0394"" (1.000mm)",,
,https://www.sensata.com/sites/default/files/media/documents/2018-04-04/ourproducts_thermal_pads_hsp.pdf,HSP-1,Sensata-Crydom,91,"Pad, Sheet",,,,,,,1.0,Rectangular,57.15mm x 44.45mm,"0.0039"" (0.100mm)",,
,https://www.tglobaltechnology.com/wp-content/uploads/2023/08/TG-A6200_UK.pdf,TG-A6200-25-20-5.0,t-Global Technology,108.55,"Pad, Sheet",,,,,,,6.2,Rectangular,25.00mm x 20.00mm,"0.197"" (5.00mm)",,
,https://www.tglobaltechnology.com/wp-content/uploads/2023/08/TG-A6200_UK.pdf,TG-A6200-30-30-3.0,t-Global Technology,112.13,"Pad, Sheet",,,,,,,6.2,Square,30.00mm x 30.00mm,"0.118"" (3.00mm)",,
,https://www.tglobaltechnology.com/wp-content/uploads/2023/08/TG-A6200_UK.pdf,TG-A6200-40-40-1.5,t-Global Technology,125.78,"Pad, Sheet",,,,,,,6.2,Square,40.00mm x 40.00mm,"0.0591"" (1.500mm)",,
,https://www.tglobaltechnology.com/wp-content/uploads/2023/08/TG-A6200_UK.pdf,TG-A6200-25-25-5.0,t-Global Technology,131.95,"Pad, Sheet",,,,,,,6.2,Square,25.00mm x 25.00mm,"0.197"" (5.00mm)",,
,https://wakefieldthermal.com/content/data_sheets/Double_Sided_Tape_WakefieldThermal.pdf,DST-50-1-76X127,Wakefield Thermal Solutions,142.03,"Pad, Sheet",,,,,,,1.0,Rectangular,127.00mm x 76.00mm,"0.0197"" (0.500mm)",,
,https://www.tglobaltechnology.com/wp-content/uploads/2023/08/TG-A3500_UK.pdf,TG-A3500-100-100-0.5,t-Global Technology,143.33,"Pad, Sheet",,,,,,,3.5,Square,100.00mm x 100.00mm,"0.0197"" (0.500mm)",,
,https://www.tglobaltechnology.com/wp-content/uploads/2023/08/TG-A6200_UK.pdf,TG-A6200-40-40-2.0,t-Global Technology,145.93,"Pad, Sheet",,,,,,,6.2,Square,40.00mm x 40.00mm,"0.0790"" (2.000mm)",,
,https://wakefieldthermal.com/content/data_sheets/Double_Sided_Tape_WakefieldThermal.pdf,DST-64-1-76X127,Wakefield Thermal Solutions,154.05,"Pad, Sheet",,,,,,,1.0,Rectangular,127.00mm x 76.00mm,"0.0250"" (0.635mm)",,
,https://wakefieldthermal.com/content/data_sheets/Double_Sided_Tape_WakefieldThermal.pdf,DST-16-1.3-76X127,Wakefield Thermal Solutions,172.25,"Pad, Sheet",,,,,,,1.3,Rectangular,127.00mm x 76.00mm,"0.0063"" (0.160mm)",,
,https://www.tglobaltechnology.com/wp-content/uploads/2023/08/TG-A3500_UK.pdf,TG-A3500-100-100-1.0,t-Global Technology,217.1,"Pad, Sheet",,,,,,,3.5,Square,100.00mm x 100.00mm,"0.0394"" (1.000mm)",,
,https://www.sameskydevices.com/product/resource/digikeypdf/sf100.pdf,SF100-404005,Same Sky (Formerly CUI Devices),296.4,"Pad, Sheet",,,,,,,1.5,Square,40.00mm x 40.00mm,"0.0197"" (0.500mm)",,
,https://www.tglobaltechnology.com/wp-content/uploads/2023/08/TG-A3500F_UK.pdf,TG-A3500F-100-100-2.0,t-Global Technology,354.9,"Pad, Sheet",,,,,,,3.0,Square,100.00mm x 100.00mm,"0.0790"" (2.000mm)",,
,https://www.tglobaltechnology.com/wp-content/uploads/2023/08/TG-A38KX_UK.pdf,TG-A38KX-190-140-0.3,t-Global Technology,357.83,"Pad, Sheet",,,,,,,3.8,Rectangular,190.00mm x 140.00mm,"0.0118"" (0.300mm)",,
,https://wakefieldthermal.com/content/data_sheets/Double_Sided_Tape_WakefieldThermal.pdf,DST-38-1-254X254,Wakefield Thermal Solutions,360.1,"Pad, Sheet",,,,,,,1.0,Square,254.00mm x 254.00mm,"0.0150"" (0.381mm)",,
,https://wakefieldthermal.com/content/data_sheets/Double_Sided_Tape_WakefieldThermal.pdf,DST-50-1-254X254,Wakefield Thermal Solutions,400.08,"Pad, Sheet",,,,,,,1.0,Square,254.00mm x 254.00mm,"0.0197"" (0.500mm)",,
,https://wakefieldthermal.com/content/data_sheets/Double_Sided_Tape_WakefieldThermal.pdf,DST-64-1-254X254,Wakefield Thermal Solutions,440.05,"Pad, Sheet",,,,,,,1.0,Square,254.00mm x 254.00mm,"0.0250"" (0.635mm)",,
,https://www.tglobaltechnology.com/wp-content/uploads/2023/08/TG-A3500_UK.pdf,TG-A3500-100-100-4.0,t-Global Technology,511.23,"Pad, Sheet",,,,,,,3.5,Square,100.00mm x 100.00mm,"0.157"" (4.00mm)",,
,https://www.tglobaltechnology.com/wp-content/uploads/2023/08/TG-A3500_UK.pdf,TG-A3500-100-100-5.0,t-Global Technology,622.05,"Pad, Sheet",,,,,,,3.5,Square,100.00mm x 100.00mm,"0.197"" (5.00mm)",,
,https://datasheets.tdx.henkel.com/BERGQUIST-GAP-PAD-TGP-1500-en_GL.pdf,GP1500-0.060-02-0404,Bergquist,830.7,"Pad, Sheet",,,,,,,1.5,Square,101.60mm x 101.60mm,"0.0600"" (1.524mm)",,
,https://datasheets.tdx.henkel.com/BERGQUIST-GAP-PAD-TGP-2400-en_GL.pdf,GP2500S20-0.020-02-0816,Bergquist,1904.5,"Pad, Sheet",,,,,,,2.4,Rectangular,406.40mm x 203.20mm,"0.0200"" (0.508mm)",,
,https://datasheets.tdx.henkel.com/BERGQUIST-GAP-PAD-TGP-2400-en_GL.pdf,GP2500S20-0.040-02-0816,Bergquist,2006.23,"Pad, Sheet",,,,,,,2.4,Rectangular,406.40mm x 203.20mm,"0.0400"" (1.016mm)",,
,https://www.tglobaltechnology.com/wp-content/uploads/2023/08/TG-A6200_UK.pdf,TG-A6200-10-5-1.0,t-Global Technology,3.25,"Pad, Sheet",,,,,,,6.2,Rectangular,10.00mm x 5.00mm,"0.0394"" (1.000mm)",,
,https://www.tglobaltechnology.com/wp-content/uploads/2023/08/TG-A3500_UK.pdf,TG-A3500-5-5-2.0,t-Global Technology,3.25,"Pad, Sheet",,,,,,,3.5,Square,5.00mm x 5.00mm,"0.0790"" (2.000mm)",,
,https://www.tglobaltechnology.com/wp-content/uploads/2023/08/TG-A3500_UK.pdf,TG-A3500-5-5-5.0,t-Global Technology,3.25,"Pad, Sheet",,,,,,,3.5,Square,5.00mm x 5.00mm,"0.197"" (5.00mm)",,
,https://www.tglobaltechnology.com/wp-content/uploads/2023/08/TG-A6200_UK.pdf,TG-A6200-5-5-1.5,t-Global Technology,3.25,"Pad, Sheet",,,,,,,6.2,Square,5.00mm x 5.00mm,"0.0591"" (1.500mm)",,
,https://www.tglobaltechnology.com/wp-content/uploads/2023/08/TG-A3500_UK.pdf,TG-A3500-5-5-3.0,t-Global Technology,3.25,"Pad, Sheet",,,,,,,3.5,Square,5.00mm x 5.00mm,"0.118"" (3.00mm)",,
,https://www.tglobaltechnology.com/wp-content/uploads/2023/08/TG-A6200_UK.pdf,TG-A6200-5-5-0.5,t-Global Technology,3.25,"Pad, Sheet",,,,,,,6.2,Square,5.00mm x 5.00mm,"0.0197"" (0.500mm)",,
,https://www.tglobaltechnology.com/wp-content/uploads/2023/08/TG-A3500_UK.pdf,TG-A3500-10-10-1.5,t-Global Technology,3.58,"Pad, Sheet",,,,,,,3.5,Square,10.00mm x 10.00mm,"0.0591"" (1.500mm)",,
,https://www.tglobaltechnology.com/wp-content/uploads/2023/08/TG-A6200_UK.pdf,TG-A6200-5-5-5.0,t-Global Technology,6.18,"Pad, Sheet",,,,,,,6.2,Square,5.00mm x 5.00mm,"0.197"" (5.00mm)",,
,https://www.tglobaltechnology.com/wp-content/uploads/2023/08/TG-A6200_UK.pdf,TG-A6200-20-10-0.5,t-Global Technology,7.48,"Pad, Sheet",,,,,,,6.2,Rectangular,20.00mm x 10.00mm,"0.0197"" (0.500mm)",,
,https://datasheets.tdx.henkel.com/BERGQUIST-SIL-PAD-TSP-1200-en_GL.pdf,2192612,Bergquist,16.9,"Pad, Sheet",,,,,,,1.2,Rectangular,19.05mm x 12.70mm,"0.0090"" (0.229mm)",,
,https://dm.henkel-dam.com/is/content/henkel/lt-8116-brochure-thermal-interface-materials-selection-guide-1,Q3-0.005-00-67,Bergquist,26.33,"Pad, Sheet",,,,,,,2.0,Rectangular,38.10mm x 22.86mm,"0.0050"" (0.127mm)",,
,https://wakefieldthermal.com/content/data_sheets/Thermal%20Interface%20Materials.pdf,175-6-230P,Wakefield Thermal Solutions,26.98,"Pad, Sheet",,,,,,,0.5,Rectangular,19.10mm x 12.70mm,"0.0060"" (0.152mm)",,
,https://datasheets.tdx.henkel.com/BERGQUIST-SIL-PAD-TSP-K1300-en_GL.pdf,SPK10-0.006-00-86,Bergquist,32.83,"Pad, Sheet",,,,,,,1.3,Rhombus,39.62mm x 26.67mm,"0.0060"" (0.152mm)",,
,https://wakefieldthermal.com/content/data_sheets/Thermal%20Interface%20Materials.pdf,175-6-280P,Wakefield Thermal Solutions,33.8,"Pad, Sheet",,,,,,,0.5,Rectangular,21.79mm x 18.39mm,"0.0060"" (0.152mm)",,
,https://www.tglobaltechnology.com/wp-content/uploads/2023/08/TG-A3500_UK.pdf,TG-A3500-25-25-4.0,t-Global Technology,40.95,"Pad, Sheet",,,,,,,3.5,Square,25.00mm x 25.00mm,"0.157"" (4.00mm)",,
,https://info.boydcorp.com/hubfs/Thermal/Conduction-Cooling/Boyd-Thermal-Interface-Materials-Catalog.pdf,53-77-2G,"Boyd Laconia, LLC",45.18,"Pad, Sheet",,,,,,,0.9,Rectangular,17.50mm x 14.27mm,"0.0060"" (0.152mm)",,
,https://datasheets.tdx.henkel.com/BERGQUIST-SIL-PAD-TSP-1600S-en_GL.pdf,SP900S-0.009-00-02,Bergquist,45.5,"Pad, Sheet",,,,,,,1.6,Rhombus,45.21mm x 31.75mm,"0.0090"" (0.229mm)",,
,//mm.digikey.com/Volume0/opasdata/d220001/medias/docus/520/Sil-Pad_Selection_Guide.pdf,SP400-0.009-00-11,Bergquist,46.15,"Pad, Sheet",,,,,,,0.9,Rhombus,33.32mm x 19.35mm,"0.0090"" (0.229mm)",,
,https://www.tglobaltechnology.com/wp-content/uploads/2023/08/TG-A6200_UK.pdf,TG-A6200-15-15-5.0,t-Global Technology,49.08,"Pad, Sheet",,,,,,,6.2,Square,15.00mm x 15.00mm,"0.197"" (5.00mm)",,
,https://www.tglobaltechnology.com/wp-content/uploads/2023/08/TG-A6200_UK.pdf,TG-A6200-54-10-2.0,t-Global Technology,50.05,"Pad, Sheet",,,,,,,6.2,Rectangular,54.00mm x 10.00mm,"0.0790"" (2.000mm)",,
,https://www.tglobaltechnology.com/wp-content/uploads/2023/08/TG-A6200_UK.pdf,TG-A6200-20-20-3.0,t-Global Technology,55.25,"Pad, Sheet",,,,,,,6.2,Square,20.00mm x 20.00mm,"0.118"" (3.00mm)",,
,https://info.boydcorp.com/hubfs/Thermal/Air-Cooling/Boyd-Board-Level-Heatsinks-Catalog.pdf,53-03-2G,"Boyd Laconia, LLC",63.38,"Pad, Sheet",,,,,,,0.9,Rhombus,42.04mm x 27.00mm,"0.0060"" (0.152mm)",,
,https://datasheets.tdx.henkel.com/BERGQUIST-HI-FLOW-THF-800AC-en_GL.pdf,HF115AC-0.0055-AC-05,Bergquist,84.18,"Pad, Sheet",,,,,,,0.8,Rhombus,41.91mm x 28.96mm,"0.0055"" (0.140mm)",,
,https://dm.henkel-dam.com/is/content/henkel/lt-8116-brochure-thermal-interface-materials-selection-guide-1,Q3-0.005-00-46,Bergquist,86.45,"Pad, Sheet",,,,,,,2.0,Square,31.75mm x 31.75mm,"0.0050"" (0.127mm)",,
,//mm.digikey.com/Volume0/opasdata/d220001/medias/docus/2578/Sil-Pad%20600.pdf,SP600-02,Bergquist,96.2,"Pad, Sheet",,,,,,,1.0,Rhombus,45.21mm x 31.75mm,"0.0090"" (0.229mm)",,
,https://www.tglobaltechnology.com/wp-content/uploads/2023/08/TG-A3500_UK.pdf,TG-A3500-40-40-4.0,t-Global Technology,103.03,"Pad, Sheet",,,,,,,3.5,Square,40.00mm x 40.00mm,"0.157"" (4.00mm)",,
,https://datasheets.tdx.henkel.com/BERGQUIST-SIL-PAD-TSP-K1300-en_GL.pdf,2192506,Bergquist,105.95,"Pad, Sheet",,,,,,,1.3,Square,31.75mm x 31.75mm,"0.0060"" (0.152mm)",,
,https://www.tglobaltechnology.com/wp-content/uploads/2023/08/TG-A6200_UK.pdf,TG-A6200-25-25-4.0,t-Global Technology,106.28,"Pad, Sheet",,,,,,,6.2,Square,25.00mm x 25.00mm,"0.157"" (4.00mm)",,
,https://www.tglobaltechnology.com/wp-content/uploads/2023/08/TG-A6200_UK.pdf,TG-A6200-30-30-4.0,t-Global Technology,145.93,"Pad, Sheet",,,,,,,6.2,Square,30.00mm x 30.00mm,"0.157"" (4.00mm)",,
,https://www.sameskydevices.com/product/resource/digikeypdf/sf100.pdf,SF100-303005,Same Sky (Formerly CUI Devices),301.93,"Pad, Sheet",,,,,,,1.5,Square,30.00mm x 30.00mm,"0.0197"" (0.500mm)",,
,https://www.tglobaltechnology.com/wp-content/uploads/2023/08/TG-A6200_UK.pdf,TG-A6200-40-40-5.0,t-Global Technology,329.88,"Pad, Sheet",,,,,,,6.2,Square,40.00mm x 40.00mm,"0.197"" (5.00mm)",,
,https://www.sameskydevices.com/product/resource/digikeypdf/sf400.pdf,SF400-303005,Same Sky (Formerly CUI Devices),666.9,"Pad, Sheet",,,,,,,2.5,Square,30.00mm x 30.00mm,"0.0197"" (0.500mm)",,
,https://www.sameskydevices.com/product/resource/digikeypdf/af200.pdf,AF500-151505,Same Sky (Formerly CUI Devices),1583.4,"Pad, Sheet",,,,,,,3.0,Square,15.00mm x 15.00mm,"0.0197"" (0.500mm)",,
,https://wakefieldthermal.com/content/data_sheets/Double_Sided_Tape_WakefieldThermal.pdf,DST-38-1-76X127,Wakefield Thermal Solutions,119.93,"Pad, Sheet",,,,,,,1.0,Rectangular,127.00mm x 76.00mm,"0.0150"" (0.381mm)",,
,https://wakefieldthermal.com/content/data_sheets/Double_Sided_Tape_WakefieldThermal.pdf,DST-38-1-305X305,Wakefield Thermal Solutions,417.3,"Pad, Sheet",,,,,,,1.0,Square,305.00mm x 305.00mm,"0.0150"" (0.381mm)",,
,https://wakefieldthermal.com/content/data_sheets/Double_Sided_Tape_WakefieldThermal.pdf,DST-64-1-305X305,Wakefield Thermal Solutions,536.25,"Pad, Sheet",,,,,,,1.0,Square,305.00mm x 305.00mm,"0.0250"" (0.635mm)",,
,https://wakefieldthermal.com/content/data_sheets/Double_Sided_Tape_WakefieldThermal.pdf,DST-16-1.3-254X254,Wakefield Thermal Solutions,697.78,"Pad, Sheet",,,,,,,1.3,Square,254.00mm x 254.00mm,"0.0063"" (0.160mm)",,
,https://wakefieldthermal.com/content/data_sheets/Double_Sided_Tape_WakefieldThermal.pdf,DST-16-1.3-305X305,Wakefield Thermal Solutions,705.58,"Pad, Sheet",,,,,,,1.3,Square,305.00mm x 305.00mm,"0.0063"" (0.160mm)",,
,https://datasheets.tdx.henkel.com/BERGQUIST-SIL-PAD-TSP-1600S-en_GL.pdf,SP900S-0.009-00-90,Bergquist,17.55,"Pad, Sheet",,,,,,,1.6,Rectangular,21.84mm x 18.80mm,"0.0090"" (0.229mm)",,
,https://datasheets.tdx.henkel.com/BERGQUIST-GAP-PAD-TGP-1500-en_GL.pdf,GP1500-0.080-02-0404,Bergquist,338.65,"Pad, Sheet",,,,,,,1.5,Square,101.60mm x 101.60mm,"0.0800"" (2.032mm)",,
,https://www.sameskydevices.com/product/resource/digikeypdf/sf400.pdf,SF400-505005,Same Sky (Formerly CUI Devices),703.3,"Pad, Sheet",,,,,,,2.5,Square,50.00mm x 50.00mm,"0.0197"" (0.500mm)",,
,https://www.tglobaltechnology.com/wp-content/uploads/2023/08/TG-A6200_UK.pdf,TG-A6200-100-100-3.0,t-Global Technology,891.48,"Pad, Sheet",,,,,,,6.2,Square,100.00mm x 100.00mm,"0.118"" (3.00mm)",,
,https://datasheets.tdx.henkel.com/BERGQUIST-GAP-PAD-TGP-1500-en_GL.pdf,GP1500-0.060-02-0816,Bergquist,1000.35,"Pad, Sheet",,,,,,,1.5,Rectangular,406.40mm x 203.20mm,"0.0600"" (1.524mm)",,
,https://datasheets.tdx.henkel.com/BERGQUIST-GAP-PAD-TGP-2400-en_GL.pdf,GP2500S20-0.060-02-0816,Bergquist,3047.85,"Pad, Sheet",,,,,,,2.4,Rectangular,406.40mm x 203.20mm,"0.0600"" (1.524mm)",,
,https://datasheets.tdx.henkel.com/BERGQUIST-GAP-PAD-TGP-5000-en_GL.pdf,GP5000S35-0.040-02-0816,Bergquist,3104.08,"Pad, Sheet",,,,,,,5.0,Rectangular,406.40mm x 203.20mm,"0.0400"" (1.016mm)",,
,https://www.tglobaltechnology.com/wp-content/uploads/2023/08/TG-A6200_UK.pdf,TG-A6200-10-5-0.5,t-Global Technology,3.25,"Pad, Sheet",,,,,,,6.2,Rectangular,10.00mm x 5.00mm,"0.0197"" (0.500mm)",,
,https://www.tglobaltechnology.com/wp-content/uploads/2023/08/TG-A3500_UK.pdf,TG-A3500-15-15-0.5,t-Global Technology,4.23,"Pad, Sheet",,,,,,,3.5,Square,15.00mm x 15.00mm,"0.0197"" (0.500mm)",,
,https://www.tglobaltechnology.com/wp-content/uploads/2023/08/TG-A6200_UK.pdf,TG-A6200-10-5-2.0,t-Global Technology,5.2,"Pad, Sheet",,,,,,,6.2,Rectangular,10.00mm x 5.00mm,"0.0790"" (2.000mm)",,
,//mm.digikey.com/Volume0/opasdata/d220001/medias/docus/2578/Sil-Pad%20600.pdf,SP600-54,Bergquist,7.8,"Pad, Sheet",,,,,,,1.0,Rectangular,19.05mm x 12.70mm,"0.0090"" (0.229mm)",,
,https://www.tglobaltechnology.com/wp-content/uploads/2023/08/TG-A3500_UK.pdf,TG-A3500-20-20-1.0,t-Global Technology,11.7,"Pad, Sheet",,,,,,,3.5,Square,20.00mm x 20.00mm,"0.0394"" (1.000mm)",,
,https://www.tglobaltechnology.com/wp-content/uploads/2023/08/TG-A6200_UK.pdf,TG-A6200-16-16-1.0,t-Global Technology,15.6,"Pad, Sheet",,,,,,,6.2,Square,16.00mm x 16.00mm,"0.0394"" (1.000mm)",,
,https://www.tglobaltechnology.com/wp-content/uploads/2023/08/TG-A6200_UK.pdf,TG-A6200-10-10-4.0,t-Global Technology,18.2,"Pad, Sheet",,,,,,,6.2,Square,10.00mm x 10.00mm,"0.157"" (4.00mm)",,
,https://www.tglobaltechnology.com/wp-content/uploads/2023/08/TG-A6200_UK.pdf,TG-A6200-25-25-0.5,t-Global Technology,22.1,"Pad, Sheet",,,,,,,6.2,Square,25.00mm x 25.00mm,"0.0197"" (0.500mm)",,
,https://www.tglobaltechnology.com/wp-content/uploads/2023/08/TG-A3500_UK.pdf,TG-A3500-20-20-4.0,t-Global Technology,27.63,"Pad, Sheet",,,,,,,3.5,Square,20.00mm x 20.00mm,"0.157"" (4.00mm)",,
,https://www.tglobaltechnology.com/wp-content/uploads/2023/08/TG-A6200_UK.pdf,TG-A6200-15-15-3.0,t-Global Technology,30.23,"Pad, Sheet",,,,,,,6.2,Square,15.00mm x 15.00mm,"0.118"" (3.00mm)",,
,https://www.sensata.com/sites/default/files/media/documents/2018-04-04/ourproducts_Thermal-Pads_hsp-7-thermal-pad_datasheet.pdf,HSP-7,Sensata-Crydom,42.25,"Pad, Sheet",,,,,,,0.07,Rectangular,39.40mm x 17.00mm,"0.0050"" (0.127mm)",,
,https://www.sameskydevices.com/product/resource/digikeypdf/sf100.pdf,SF100-204005,Same Sky (Formerly CUI Devices),228.48,"Pad, Sheet",,,,,,,1.5,Rectangular,20.00mm x 40.00mm,"0.0197"" (0.500mm)",,
,https://www.tglobaltechnology.com/wp-content/uploads/2023/08/TG-A6200_UK.pdf,TG-A6200-100-100-0.5,t-Global Technology,241.48,"Pad, Sheet",,,,,,,6.2,Square,100.00mm x 100.00mm,"0.0197"" (0.500mm)",,
,https://www.tglobaltechnology.com/wp-content/uploads/2023/08/TG-A3500_UK.pdf,TG-A3500-100-100-1.5,t-Global Technology,263.9,"Pad, Sheet",,,,,,,3.5,Square,100.00mm x 100.00mm,"0.0591"" (1.500mm)",,
,https://www.tglobaltechnology.com/wp-content/uploads/2023/08/TG-A6200_UK.pdf,TG-A6200-100-100-0.8,t-Global Technology,310.38,"Pad, Sheet",,,,,,,6.2,Square,100.00mm x 100.00mm,"0.0310"" (0.787mm)",,
,https://www.tglobaltechnology.com/wp-content/uploads/2023/08/TG-A3500_UK.pdf,TG-A3500-100-100-2.0,t-Global Technology,314.93,"Pad, Sheet",,,,,,,3.5,Square,100.00mm x 100.00mm,"0.0790"" (2.000mm)",,
,https://www.tglobaltechnology.com/wp-content/uploads/2023/08/TG-A6200F_UK.pdf,TG-A6200F-100-100-1.0,t-Global Technology,410.8,"Pad, Sheet",,,,,,,5.0,Square,100.00mm x 100.00mm,"0.0394"" (1.000mm)",,
,https://www.tglobaltechnology.com/wp-content/uploads/2023/08/TG-A3500_UK.pdf,TG-A3500-100-100-3.0,t-Global Technology,413.73,"Pad, Sheet",,,,,,,3.5,Square,100.00mm x 100.00mm,"0.118"" (3.00mm)",,
,https://wakefieldthermal.com/content/data_sheets/Double_Sided_Tape_WakefieldThermal.pdf,DST-50-1-305X305,Wakefield Thermal Solutions,479.7,"Pad, Sheet",,,,,,,1.0,Square,305.00mm x 305.00mm,"0.0197"" (0.500mm)",,
,https://www.tglobaltechnology.com/wp-content/uploads/2023/08/TG-A6200_UK.pdf,TG-A6200-100-100-1.5,t-Global Technology,547.63,"Pad, Sheet",,,,,,,6.2,Square,100.00mm x 100.00mm,"0.0591"" (1.500mm)",,
,https://www.tglobaltechnology.com/wp-content/uploads/2023/08/TG-A38KX_UK.pdf,TG-A38KX-190-140-1.0-1A,t-Global Technology,572.65,"Pad, Sheet",,,,,,,3.8,Rectangular,190.00mm x 140.00mm,"0.0394"" (1.000mm)",,
,https://www.tglobaltechnology.com/wp-content/uploads/2023/08/TG-A6200F_UK.pdf,TG-A6200F-100-100-1.5,t-Global Technology,578.5,"Pad, Sheet",,,,,,,5.0,Square,100.00mm x 100.00mm,"0.0591"" (1.500mm)",,
,https://www.tglobaltechnology.com/wp-content/uploads/2023/08/TG-A6200F_UK.pdf,TG-A6200F-100-100-3.0,t-Global Technology,921.38,"Pad, Sheet",,,,,,,5.0,Square,100.00mm x 100.00mm,"0.118"" (3.00mm)",,
,https://datasheets.tdx.henkel.com/BERGQUIST-GAP-PAD-TGP-1500R-en_GL.pdf,GP1500R-0.015-02-0816,Bergquist,1219.08,"Pad, Sheet",,,,,,,1.5,Rectangular,406.40mm x 203.20mm,"0.0150"" (0.381mm)",,
,https://www.tglobaltechnology.com/wp-content/uploads/2023/08/TG-A6200_UK.pdf,TG-A6200-100-100-5.0,t-Global Technology,1437.8,"Pad, Sheet",,,,,,,6.2,Square,100.00mm x 100.00mm,"0.197"" (5.00mm)",,
,https://www.tglobaltechnology.com/wp-content/uploads/2023/08/TG-A6200F_UK.pdf,TG-A6200F-150-150-2.5,t-Global Technology,1708.2,"Pad, Sheet",,,,,,,5.0,Square,150.00mm x 150.00mm,"0.0984"" (2.500mm)",,
,https://datasheets.tdx.henkel.com/BERGQUIST-GAP-PAD-TGP-2400-en_GL.pdf,GP2500S20-0.015-02-0816,Bergquist,2169.38,"Pad, Sheet",,,,,,,2.4,Rectangular,406.40mm x 203.20mm,"0.0150"" (0.381mm)",,
,https://www.laird.com/document/datasheet/tpcm-900-datasheet,A11809-02,Laird Technologies - Thermal Materials,3941.28,"Pad, Sheet",,,,,,,0.7,Square,457.20mm x 457.20mm,"0.0050"" (0.127mm)",,
,https://datasheets.tdx.henkel.com/BERGQUIST-GAP-PAD-TGP-2400-en_GL.pdf,GP2500S20-0.125-02-0816,Bergquist,7137.65,"Pad, Sheet",,,,,,,2.4,Rectangular,406.40mm x 203.20mm,"0.125"" (3.18mm)",,
,https://datasheets.tdx.henkel.com/BERGQUIST-GAP-PAD-TGP-2400-en_GL.pdf,GP2500S20-0.160-02-0816,Bergquist,7667.08,"Pad, Sheet",,,,,,,2.4,Rectangular,406.40mm x 203.20mm,"0.160"" (4.06mm)",,
,https://www.tglobaltechnology.com/wp-content/uploads/2023/08/TG-A3500_UK.pdf,TG-A3500-10-10-1.0,t-Global Technology,3.25,"Pad, Sheet",,,,,,,3.5,Square,10.00mm x 10.00mm,"0.0394"" (1.000mm)",,
,https://www.tglobaltechnology.com/wp-content/uploads/2023/08/TG-A3500_UK.pdf,TG-A3500-10-10-0.5,t-Global Technology,3.25,"Pad, Sheet",,,,,,,3.5,Square,10.00mm x 10.00mm,"0.0197"" (0.500mm)",,
,https://www.tglobaltechnology.com/wp-content/uploads/2023/08/TG-A3500_UK.pdf,TG-A3500-20-20-0.5,t-Global Technology,7.8,"Pad, Sheet",,,,,,,3.5,Square,20.00mm x 20.00mm,"0.0197"" (0.500mm)",,
,https://www.tglobaltechnology.com/wp-content/uploads/2023/08/TG-A3500_UK.pdf,TG-A3500-20-10-3.0,t-Global Technology,11.38,"Pad, Sheet",,,,,,,3.5,Rectangular,20.00mm x 10.00mm,"0.118"" (3.00mm)",,
,https://www.tglobaltechnology.com/wp-content/uploads/2023/08/TG-A3500_UK.pdf,TG-A3500-20-20-2.0,t-Global Technology,17.23,"Pad, Sheet",,,,,,,3.5,Square,20.00mm x 20.00mm,"0.0790"" (2.000mm)",,
,https://www.tglobaltechnology.com/wp-content/uploads/2023/08/TG-A3500_UK.pdf,TG-A3500-25-25-1.0,t-Global Technology,17.55,"Pad, Sheet",,,,,,,3.5,Square,25.00mm x 25.00mm,"0.0394"" (1.000mm)",,
,https://www.tglobaltechnology.com/wp-content/uploads/2023/08/TG-A3500_UK.pdf,TG-A3500-15-15-5.0,t-Global Technology,18.53,"Pad, Sheet",,,,,,,3.5,Square,15.00mm x 15.00mm,"0.197"" (5.00mm)",,
,https://www.tglobaltechnology.com/wp-content/uploads/2023/08/TG-A6200_UK.pdf,TG-A6200-24-21.01-0.5,t-Global Technology,19.5,"Pad, Sheet",,,,,,,6.2,Rectangular,24.00mm x 21.01mm,"0.0197"" (0.500mm)",,
,https://www.tglobaltechnology.com/wp-content/uploads/2023/08/TG-A6200_UK.pdf,TG-A6200-20-10-2.0,t-Global Technology,19.83,"Pad, Sheet",,,,,,,6.2,Rectangular,20.00mm x 10.00mm,"0.0790"" (2.000mm)",,
,//mm.digikey.com/Volume0/opasdata/d220001/medias/docus/520/Sil-Pad_Selection_Guide.pdf,Q3-0.005-00-101,Bergquist,20.15,"Pad, Sheet",,,,,,,2.0,Rectangular,63.50mm x 50.80mm,"0.0050"" (0.127mm)",,
,https://www.tglobaltechnology.com/wp-content/uploads/2023/08/TG-A6200_UK.pdf,TG-A6200-20-20-1.0,t-Global Technology,23.4,"Pad, Sheet",,,,,,,6.2,Square,20.00mm x 20.00mm,"0.0394"" (1.000mm)",,
,http://tds.loctite.com/tds5/Studio/ShowPDF/BERGQUIST%20SIL%20PAD%20TSP%201600S-EN?pid=BERGQUIST%20SIL%20PAD%20TSP%201600S&format=MTR&subformat=HYS&language=EN&plant=WERCS,SP900S-0.009-00-105,Bergquist,24.38,"Pad, Sheet",,,,,,,1.6,Rectangular,36.83mm x 21.29mm,"0.0090"" (0.229mm)",,
,https://www.tglobaltechnology.com/wp-content/uploads/2023/08/TG-A3500_UK.pdf,TG-A3500-25-25-2.0,t-Global Technology,25.35,"Pad, Sheet",,,,,,,3.5,Square,25.00mm x 25.00mm,"0.0790"" (2.000mm)",,
,https://www.tglobaltechnology.com/wp-content/uploads/2023/08/TG-A3500_UK.pdf,TG-A3500-30-30-2.0,t-Global Technology,34.78,"Pad, Sheet",,,,,,,3.5,Square,30.00mm x 30.00mm,"0.0790"" (2.000mm)",,
,https://www.tglobaltechnology.com/wp-content/uploads/2023/08/TG-A3500_UK.pdf,TG-A3500-24-21.01-5.0,t-Global Technology,43.88,"Pad, Sheet",,,,,,,3.5,Rectangular,24.00mm x 21.01mm,"0.197"" (5.00mm)",,
,https://www.tglobaltechnology.com/wp-content/uploads/2023/08/TG-A6200_UK.pdf,TG-A6200-33.9-33.9-1.0,t-Global Technology,69.55,"Pad, Sheet",,,,,,,6.2,Square,33.90mm x 33.90mm,"0.0394"" (1.000mm)",,
,https://www.tglobaltechnology.com/wp-content/uploads/2023/08/TG-A6200_UK.pdf,TG-A6200-20-20-5.0,t-Global Technology,89.05,"Pad, Sheet",,,,,,,6.2,Square,20.00mm x 20.00mm,"0.197"" (5.00mm)",,
,https://datasheets.tdx.henkel.com/BERGQUIST-SIL-PAD-TSP-K1300-en_GL.pdf,SPK10-0.006-00-05,Bergquist,132.93,"Pad, Sheet",,,,,,,1.3,Rhombus,41.91mm x 28.96mm,"0.0060"" (0.152mm)",,
,https://www.tglobaltechnology.com/wp-content/uploads/2023/08/TG-A3500_UK.pdf,TG-A3500-100-100-0.8,t-Global Technology,180.38,"Pad, Sheet",,,,,,,3.5,Square,100.00mm x 100.00mm,"0.0310"" (0.787mm)",,
,https://www.tglobaltechnology.com/wp-content/uploads/2023/08/TG-A6200_UK.pdf,TG-A6200-30-30-5.0,t-Global Technology,181.03,"Pad, Sheet",,,,,,,6.2,Square,30.00mm x 30.00mm,"0.197"" (5.00mm)",,
,https://www.sameskydevices.com/product/resource/digikeypdf/sf100.pdf,SF100-202005,Same Sky (Formerly CUI Devices),245.38,"Pad, Sheet",,,,,,,1.5,Square,20.00mm x 20.00mm,"0.0197"" (0.500mm)",,
,https://www.tglobaltechnology.com/wp-content/uploads/2023/08/TG-A3500F_UK.pdf,TG-A3500F-100-100-1.0,t-Global Technology,257.73,"Pad, Sheet",,,,,,,3.0,Square,100.00mm x 100.00mm,"0.0394"" (1.000mm)",,
,https://www.sameskydevices.com/product/resource/digikeypdf/sf100.pdf,SF100-505005,Same Sky (Formerly CUI Devices),279.5,"Pad, Sheet",,,,,,,1.5,Square,50.00mm x 50.00mm,"0.0197"" (0.500mm)",,
,https://www.tglobaltechnology.com/wp-content/uploads/2023/08/TG-A3500_UK.pdf,TG-A3500-100-100-2.5,t-Global Technology,363.68,"Pad, Sheet",,,,,,,3.5,Square,100.00mm x 100.00mm,"0.0984"" (2.500mm)",,
,https://www.tglobaltechnology.com/wp-content/uploads/2023/08/TG-A20KX_UK.pdf,TG-A20KX-190-140-1.0-1A,t-Global Technology,366.93,"Pad, Sheet",,,,,,,2.0,Rectangular,190.00mm x 140.00mm,"0.0394"" (1.000mm)",,
,https://www.sensata.com/sites/default/files/media/documents/2018-04-04/ourproducts_thermal_pads_hsp.pdf,HSP-3,Sensata-Crydom,372.78,"Pad, Sheet",,,,,,,1.0,Rectangular,104.39mm x 73.66mm,"0.0039"" (0.100mm)",,
,https://www.sensata.com/sites/default/files/media/documents/2018-04-04/ourproducts_thermal_pads_hsp2_hsp5_hsp6_datasheet.pdf,HSP-5,Sensata-Crydom,399.75,"Pad, Sheet",,,,,,,2.0,Rectangular,104.39mm x 73.66mm,"0.0050"" (0.127mm)",,
,https://www.tglobaltechnology.com/wp-content/uploads/2023/08/TG-A38KX_UK.pdf,TG-A38KX-190-140-0.5-1A,t-Global Technology,455.65,"Pad, Sheet",,,,,,,3.8,Rectangular,190.00mm x 140.00mm,"0.0197"" (0.500mm)",,
,https://www.tglobaltechnology.com/wp-content/uploads/2023/08/TG-A3500F_UK.pdf,TG-A3500F-100-100-5.0,t-Global Technology,660.73,"Pad, Sheet",,,,,,,3.0,Square,100.00mm x 100.00mm,"0.197"" (5.00mm)",,
,https://www.sameskydevices.com/product/resource/digikeypdf/sf400.pdf,SF400-404005,Same Sky (Formerly CUI Devices),703.3,"Pad, Sheet",,,,,,,2.5,Square,40.00mm x 40.00mm,"0.0197"" (0.500mm)",,
,https://www.tglobaltechnology.com/wp-content/uploads/2023/08/TG-A20KX_UK.pdf,TG-A20KX-285-190-1.0-1A,t-Global Technology,706.55,"Pad, Sheet",,,,,,,2.0,Rectangular,285.00mm x 190.00mm,"0.0394"" (1.000mm)",,
,https://www.tglobaltechnology.com/wp-content/uploads/2023/08/TG-A20KX_UK.pdf,TG-A20KX-285-190-1.0-2A,t-Global Technology,759.53,"Pad, Sheet",,,,,,,2.0,Rectangular,285.00mm x 190.00mm,"0.0394"" (1.000mm)",,
,https://www.tglobaltechnology.com/wp-content/uploads/2023/08/TG-A6200F_UK.pdf,TG-A6200F-100-100-2.5,t-Global Technology,794.63,"Pad, Sheet",,,,,,,5.0,Square,100.00mm x 100.00mm,"0.0984"" (2.500mm)",,
,https://www.sameskydevices.com/product/resource/digikeypdf/af200.pdf,AF500-153005,Same Sky (Formerly CUI Devices),807.63,"Pad, Sheet",,,,,,,3.0,Rectangular,15.00mm x 30.00mm,"0.0197"" (0.500mm)",,
,https://www.tglobaltechnology.com/wp-content/uploads/2024/03/TG-A38KF_UK.pdf,TG-A38KF-285-190-0.5-1A,t-Global Technology,1029.6,"Pad, Sheet",,,,,,,1.8,Rectangular,285.00mm x 190.00mm,"0.0197"" (0.500mm)",,
,https://www.tglobaltechnology.com/wp-content/uploads/2023/08/TG-A20KX_UK.pdf,TG-A20KX-385-285-0.3-2A,t-Global Technology,1128.08,"Pad, Sheet",,,,,,,2.0,Rectangular,385.00mm x 285.00mm,"0.0118"" (0.300mm)",,
,https://www.tglobaltechnology.com/wp-content/uploads/2024/03/TG-A20KF_UK.pdf,TG-A20KF-285-190-4.0-1A,t-Global Technology,1580.48,"Pad, Sheet",,,,,,,1.8,Rectangular,285.00mm x 190.00mm,"0.157"" (4.00mm)",,
,https://www.tglobaltechnology.com/wp-content/uploads/2023/08/TG-A20KX_UK.pdf,TG-A20KX-385-285-1.5,t-Global Technology,1602.9,"Pad, Sheet",,,,,,,2.0,Rectangular,385.00mm x 285.00mm,"0.0591"" (1.500mm)",,
,https://www.laird.com/document/datasheet/tpcm-900-datasheet,A10832-02,Laird Technologies - Thermal Materials,1617.53,"Pad, Sheet",,,,,,,2.2,Square,228.60mm x 228.60mm,"0.0100"" (0.254mm)",,
,https://www.tglobaltechnology.com/wp-content/uploads/2024/03/TG-A38KF_UK.pdf,TG-A38KF-385-285-0.5-1A,t-Global Technology,1980.55,"Pad, Sheet",,,,,,,1.8,Rectangular,385.00mm x 285.00mm,"0.0197"" (0.500mm)",,
,https://www.tglobaltechnology.com/wp-content/uploads/2023/08/TG-A6200F_UK.pdf,TG-A6200F-150-150-3.0,t-Global Technology,1980.88,"Pad, Sheet",,,,,,,5.0,Square,150.00mm x 150.00mm,"0.118"" (3.00mm)",,
,https://www.tglobaltechnology.com/wp-content/uploads/2023/08/TG-A20KX_UK.pdf,TG-A20KX-385-285-2.0-1A,t-Global Technology,2098.2,"Pad, Sheet",,,,,,,2.0,Rectangular,385.00mm x 285.00mm,"0.0790"" (2.000mm)",,
,https://www.tglobaltechnology.com/wp-content/uploads/2023/08/TG-A38KX_UK.pdf,TG-A38KX-385-285-1.0-1A,t-Global Technology,2120.3,"Pad, Sheet",,,,,,,3.8,Rectangular,385.00mm x 285.00mm,"0.0394"" (1.000mm)",,
,https://www.tglobaltechnology.com/wp-content/uploads/2023/08/TG-A38KX_UK.pdf,TG-A38KX-285-190-3.0-2A,t-Global Technology,2481.38,"Pad, Sheet",,,,,,,3.8,Rectangular,285.00mm x 190.00mm,"0.118"" (3.00mm)",,
,https://www.tglobaltechnology.com/wp-content/uploads/2023/08/TG-A20KX_UK.pdf,TG-A20KX-385-285-3.0-1A,t-Global Technology,2816.78,"Pad, Sheet",,,,,,,2.0,Rectangular,385.00mm x 285.00mm,"0.118"" (3.00mm)",,
,https://www.tglobaltechnology.com/wp-content/uploads/2023/08/TG-A38KX_UK.pdf,TG-A38KX-285-190-4.0-2A,t-Global Technology,3031.93,"Pad, Sheet",,,,,,,3.8,Rectangular,285.00mm x 190.00mm,"0.157"" (4.00mm)",,
,https://www.tglobaltechnology.com/wp-content/uploads/2023/08/TG-A38KX_UK.pdf,TG-A38KX-285-190-4.0-1A,t-Global Technology,3049.48,"Pad, Sheet",,,,,,,3.8,Rectangular,285.00mm x 190.00mm,"0.157"" (4.00mm)",,
,https://www.tglobaltechnology.com/wp-content/uploads/2023/08/TG-A6200F_UK.pdf,TG-A6200F-150-150-5.0,t-Global Technology,3153.48,"Pad, Sheet",,,,,,,5.0,Square,150.00mm x 150.00mm,"0.197"" (5.00mm)",,
,https://www.tglobaltechnology.com/wp-content/uploads/2023/08/TG-A38KX_UK.pdf,TG-A38KX-285-190-5.0-1A,t-Global Technology,3676.4,"Pad, Sheet",,,,,,,3.8,Rectangular,285.00mm x 190.00mm,"0.197"" (5.00mm)",,
,https://www.sameskydevices.com/product/resource/digikeypdf/sf100.pdf,SF100-265005,Same Sky (Formerly CUI Devices),257.73,"Pad, Sheet",,,,,,,1.5,Rectangular,26.00mm x 50.00mm,"0.0197"" (0.500mm)",,
,https://www.sameskydevices.com/product/resource/digikeypdf/sf400.pdf,SF400-101005,Same Sky (Formerly CUI Devices),686.08,"Pad, Sheet",,,,,,,2.5,Square,10.00mm x 10.00mm,"0.0197"" (0.500mm)",,
,https://www.sameskydevices.com/product/resource/digikeypdf/sf400.pdf,SF400-414505,Same Sky (Formerly CUI Devices),731.58,"Pad, Sheet",,,,,,,2.5,Rectangular,41.00mm x 45.00mm,"0.0197"" (0.500mm)",,
,https://www.sameskydevices.com/product/resource/digikeypdf/sf400.pdf,SF400-265005,Same Sky (Formerly CUI Devices),737.1,"Pad, Sheet",,,,,,,2.5,Rectangular,26.00mm x 50.00mm,"0.0197"" (0.500mm)",,
,https://www.sameskydevices.com/product/resource/digikeypdf/sf400.pdf,SF400-707005,Same Sky (Formerly CUI Devices),771.23,"Pad, Sheet",,,,,,,2.5,Square,70.00mm x 70.00mm,"0.0197"" (0.500mm)",,
,https://www.sameskydevices.com/product/resource/digikeypdf/sf400.pdf,SF400-151505,Same Sky (Formerly CUI Devices),776.75,"Pad, Sheet",,,,,,,2.5,Square,15.00mm x 15.00mm,"0.0197"" (0.500mm)",,
,https://www.sameskydevices.com/product/resource/digikeypdf/af200.pdf,AF500-202005,Same Sky (Formerly CUI Devices),1430.65,"Pad, Sheet",,,,,,,3.0,Square,20.00mm x 20.00mm,"0.0197"" (0.500mm)",,
,https://www.sameskydevices.com/product/resource/digikeypdf/af200.pdf,AF500-404005,Same Sky (Formerly CUI Devices),1501.5,"Pad, Sheet",,,,,,,3.0,Square,40.00mm x 40.00mm,"0.0197"" (0.500mm)",,
,https://www.tglobaltechnology.com/wp-content/uploads/2024/03/TG-A38KF_UK.pdf,TG-A38KF-385-285-2.0-1A,t-Global Technology,3669.9,"Pad, Sheet",,,,,,,1.8,Rectangular,385.00mm x 285.00mm,"0.0790"" (2.000mm)",,
,https://www.sameskydevices.com/product/resource/digikeypdf/sf100s.pdf,SF100S-301205,Same Sky (Formerly CUI Devices),228.8,"Pad, Sheet",,,,,,,1.5,Rectangular,30.00mm x 12.00mm,"0.0197"" (0.500mm)",,
,https://www.tglobaltechnology.com/wp-content/uploads/2024/03/TG-A38KF_UK.pdf,TG-A38KF-385-285-1.0-1A,t-Global Technology,2574.98,"Pad, Sheet",,,,,,,1.8,Rectangular,385.00mm x 285.00mm,"0.0394"" (1.000mm)",,
,https://www.tglobaltechnology.com/wp-content/uploads/2024/03/TG-A38KF_UK.pdf,TG-A38KF-385-285-2.5-1A,t-Global Technology,4284.48,"Pad, Sheet",,,,,,,1.8,Rectangular,385.00mm x 285.00mm,"0.0984"" (2.500mm)",,
,https://www.tglobaltechnology.com/wp-content/uploads/2023/08/TG-A6200_UK.pdf,TG-A6200-20-20-2.0,t-Global Technology,39.33,"Pad, Sheet",,,,,,,6.2,Square,20.00mm x 20.00mm,"0.0790"" (2.000mm)",,
,https://www.tglobaltechnology.com/wp-content/uploads/2023/08/TG-A6200_UK.pdf,TG-A6200-100-100-2.0,t-Global Technology,635.38,"Pad, Sheet",,,,,,,6.2,Square,100.00mm x 100.00mm,"0.0790"" (2.000mm)",,
,https://datasheets.tdx.henkel.com/BERGQUIST-GAP-PAD-TGP-1500R-en_GL.pdf,GP1500R-0.010-02-0816,Bergquist,900.58,"Pad, Sheet",,,,,,,1.5,Rectangular,406.40mm x 203.20mm,"0.0100"" (0.254mm)",,
,https://www.tglobaltechnology.com/wp-content/uploads/2023/08/TG-A6200_UK.pdf,TG-A6200-100-100-4.0,t-Global Technology,1158.95,"Pad, Sheet",,,,,,,6.2,Square,100.00mm x 100.00mm,"0.157"" (4.00mm)",,
,https://datasheets.tdx.henkel.com/BERGQUIST-GAP-PAD-TGP-2400-en_GL.pdf,GP2500S20-0.100-02-0816,Bergquist,3182.4,"Pad, Sheet",,,,,,,2.4,Rectangular,406.40mm x 203.20mm,"0.100"" (2.54mm)",,
,https://datasheets.tdx.henkel.com/BERGQUIST-GAP-PAD-TGP-5000-en_GL.pdf,GP5000S35-0.100-02-0816,Bergquist,8661.9,"Pad, Sheet",,,,,,,5.0,Rectangular,406.40mm x 203.20mm,"0.100"" (2.54mm)",,
,https://www.tglobaltechnology.com/wp-content/uploads/2023/08/TG-A3500_UK.pdf,TG-A3500-10-10-4.0,t-Global Technology,7.15,"Pad, Sheet",,,,,,,3.5,Square,10.00mm x 10.00mm,"0.157"" (4.00mm)",,
,https://www.tglobaltechnology.com/wp-content/uploads/2023/08/TG-A3500_UK.pdf,TG-A3500-10-10-5.0,t-Global Technology,8.45,"Pad, Sheet",,,,,,,3.5,Square,10.00mm x 10.00mm,"0.197"" (5.00mm)",,
,http://tds.loctite.com/tds5/Studio/ShowPDF/BERGQUIST%20SIL%20PAD%20TSP%20Q2500-EN?pid=BERGQUIST%20SIL%20PAD%20TSP%20Q2500&format=MTR&subformat=HYS&language=EN&plant=WERCS,QII-0.006-00-54,Bergquist,9.75,"Pad, Sheet",,,,,,,2.5,Rectangular,19.05mm x 12.70mm,"0.0060"" (0.152mm)",,
,https://datasheets.tdx.henkel.com/BERGQUIST-SIL-PAD-TSP-1600S-en_GL.pdf,SP900S-0.009-00-43,Bergquist,12.35,"Pad, Sheet",,,,,,,1.6,Rectangular,19.05mm x 12.70mm,"0.0090"" (0.229mm)",,
,https://datasheets.tdx.henkel.com/BERGQUIST-HI-FLOW-THF-800AC-en_GL.pdf,HF115AC-0.0055-AC-58,Bergquist,14.3,"Pad, Sheet",,,,,,,0.8,Rectangular,19.05mm x 12.70mm,"0.0055"" (0.140mm)",,
,http://tds.loctite.com/tds5/Studio/ShowPDF/BERGQUIST%20SIL%20PAD%20TSP%20K900-EN?pid=BERGQUIST%20SIL%20PAD%20TSP%20K900&format=MTR&subformat=HYS&language=EN&plant=WERCS,SPK4-0.006-00-54,Bergquist,17.88,"Pad, Sheet",,,,,,,0.9,Rectangular,19.05mm x 12.70mm,"0.0060"" (0.152mm)",,
,//mm.digikey.com/Volume0/opasdata/d220001/medias/docus/2578/Sil-Pad%20600.pdf,SP600-58,Bergquist,23.73,"Pad, Sheet",,,,,,,1.0,Rectangular,19.05mm x 12.70mm,"0.0090"" (0.229mm)",,
,https://www.tglobaltechnology.com/wp-content/uploads/2023/08/TG-A6200_UK.pdf,TG-A6200-28-28-1.0,t-Global Technology,47.78,"Pad, Sheet",,,,,,,6.2,Square,28.00mm x 28.00mm,"0.0394"" (1.000mm)",,
,https://www.tglobaltechnology.com/wp-content/uploads/2023/08/TG-A6200_UK.pdf,TG-A6200-25-25-1.5,t-Global Technology,50.38,"Pad, Sheet",,,,,,,6.2,Square,25.00mm x 25.00mm,"0.0591"" (1.500mm)",,
,https://www.tglobaltechnology.com/wp-content/uploads/2023/08/TG-A6200_UK.pdf,TG-A6200-24-21.01-2.0,t-Global Technology,51.03,"Pad, Sheet",,,,,,,6.2,Rectangular,24.00mm x 21.01mm,"0.0790"" (2.000mm)",,
,https://www.tglobaltechnology.com/wp-content/uploads/2023/08/TG-A6200_UK.pdf,TG-A6200-25-25-2.0,t-Global Technology,58.5,"Pad, Sheet",,,,,,,6.2,Square,25.00mm x 25.00mm,"0.0790"" (2.000mm)",,
,https://www.sameskydevices.com/product/resource/digikeypdf/sf100.pdf,SF100-707005,Same Sky (Formerly CUI Devices),175.83,"Pad, Sheet",,,,,,,1.5,Square,70.00mm x 70.00mm,"0.0197"" (0.500mm)",,
,https://www.tglobaltechnology.com/wp-content/uploads/2023/08/TG-A3500_UK.pdf,TG-A3500-90-70-4.5,t-Global Technology,550.55,"Pad, Sheet",,,,,,,3.5,Rectangular,90.00mm x 70.00mm,"0.177"" (4.50mm)",,
,https://www.tglobaltechnology.com/wp-content/uploads/2023/08/TG-A6200F_UK.pdf,TG-A6200F-150-150-0.5,t-Global Technology,588.9,"Pad, Sheet",,,,,,,5.0,Square,150.00mm x 150.00mm,"0.0197"" (0.500mm)",,
,https://www.tglobaltechnology.com/wp-content/uploads/2023/08/TG-A38KX_UK.pdf,TG-A38KX-190-140-1.5-2A,t-Global Technology,784.55,"Pad, Sheet",,,,,,,3.8,Rectangular,190.00mm x 140.00mm,"0.0591"" (1.500mm)",,
,https://www.tglobaltechnology.com/wp-content/uploads/2023/08/TG-A6200F_UK.pdf,TG-A6200F-150-150-1.0,t-Global Technology,882.7,"Pad, Sheet",,,,,,,5.0,Square,150.00mm x 150.00mm,"0.0394"" (1.000mm)",,
,https://datasheets.tdx.henkel.com/BERGQUIST-GAP-PAD-TGP-1500-en_GL.pdf,GP1500-0.125-02-0404,Bergquist,1202.18,"Pad, Sheet",,,,,,,1.5,Square,101.60mm x 101.60mm,"0.125"" (3.18mm)",,
,https://datasheets.tdx.henkel.com/BERGQUIST-GAP-PAD-TGP-2400-en_GL.pdf,GP2500S20-0.010-02-0816,Bergquist,1405.95,"Pad, Sheet",,,,,,,2.4,Rectangular,406.40mm x 203.20mm,"0.0100"" (0.254mm)",,
,https://www.tglobaltechnology.com/wp-content/uploads/2023/08/TG-A6200F_UK.pdf,TG-A6200F-150-150-2.0,t-Global Technology,1431.63,"Pad, Sheet",,,,,,,5.0,Square,150.00mm x 150.00mm,"0.0790"" (2.000mm)",,
,https://www.tglobaltechnology.com/wp-content/uploads/2024/03/TG-A38KF_UK.pdf,TG-A38KF-385-285-1.0,t-Global Technology,2348.78,"Pad, Sheet",,,,,,,3.3,Rectangular,385.00mm x 285.00mm,"0.0394"" (1.000mm)",,
,https://www.tglobaltechnology.com/wp-content/uploads/2023/08/TG-A38KX_UK.pdf,TG-A38KX-190-140-10.0,t-Global Technology,3120.98,"Pad, Sheet",,,,,,,3.8,Rectangular,190.00mm x 140.00mm,"0.394"" (10.00mm)",,
,https://www.tglobaltechnology.com/wp-content/uploads/2023/08/TG-A38KX_UK.pdf,TG-A38KX-190-140-10.0-1A,t-Global Technology,3503.83,"Pad, Sheet",,,,,,,3.8,Rectangular,190.00mm x 140.00mm,"0.394"" (10.00mm)",,
,https://datasheets.tdx.henkel.com/BERGQUIST-GAP-PAD-TGP-2400-en_GL.pdf,GP2500S20-0.080-02-0816,Bergquist,4439.5,"Pad, Sheet",,,,,,,2.4,Rectangular,406.40mm x 203.20mm,"0.0800"" (2.032mm)",,
,https://datasheets.tdx.henkel.com/BERGQUIST-GAP-PAD-TGP-3000-en_GL.pdf,GP3000S30-0.100-02-0816-NA,Bergquist,6011.53,"Pad, Sheet",,,,,,,3.0,Rectangular,406.40mm x 203.20mm,"0.100"" (2.54mm)",,
,https://datasheets.tdx.henkel.com/BERGQUIST-GAP-PAD-TGP-2400-en_GL.pdf,GP2500S20-0.250-02-0816,Bergquist,11596.98,"Pad, Sheet",,,,,,,2.4,Rectangular,406.40mm x 203.20mm,"0.250"" (6.35mm)",,
,https://www.tglobaltechnology.com/wp-content/uploads/2023/08/TG-A6200_UK.pdf,TG-A6200-5-5-2.0,t-Global Technology,3.25,"Pad, Sheet",,,,,,,6.2,Square,5.00mm x 5.00mm,"0.0790"" (2.000mm)",,
,https://www.tglobaltechnology.com/wp-content/uploads/2023/08/TG-A6200_UK.pdf,TG-A6200-5-5-3.0,t-Global Technology,3.9,"Pad, Sheet",,,,,,,6.2,Square,5.00mm x 5.00mm,"0.118"" (3.00mm)",,
,https://www.tglobaltechnology.com/wp-content/uploads/2023/08/TG-A6200_UK.pdf,TG-A6200-5-5-4.0,t-Global Technology,4.88,"Pad, Sheet",,,,,,,6.2,Square,5.00mm x 5.00mm,"0.157"" (4.00mm)",,
,https://www.tglobaltechnology.com/wp-content/uploads/2023/08/TG-A3500_UK.pdf,TG-A3500-15-15-1.0,t-Global Technology,6.5,"Pad, Sheet",,,,,,,3.5,Square,15.00mm x 15.00mm,"0.0394"" (1.000mm)",,
,https://www.tglobaltechnology.com/wp-content/uploads/2023/08/TG-A6200_UK.pdf,TG-A6200-9.5-9.5-2.0,t-Global Technology,9.43,"Pad, Sheet",,,,,,,6.2,Square,9.50mm x 9.50mm,"0.0790"" (2.000mm)",,
,https://www.tglobaltechnology.com/wp-content/uploads/2023/08/TG-A6200_UK.pdf,TG-A6200-19.50-12.70-0.5,t-Global Technology,9.75,"Pad, Sheet",,,,,,,6.2,Rectangular,19.50mm x 12.70mm,"0.0197"" (0.500mm)",,
,//mm.digikey.com/Volume0/opasdata/d220001/medias/docus/2578/Sil-Pad%20600.pdf,SP600-43,Bergquist,11.05,"Pad, Sheet",,,,,,,1.0,Rectangular,19.05mm x 12.70mm,"0.0090"" (0.229mm)",,
,https://www.tglobaltechnology.com/wp-content/uploads/2023/08/TG-A6200_UK.pdf,TG-A6200-10-10-3.0,t-Global Technology,13.98,"Pad, Sheet",,,,,,,6.2,Square,10.00mm x 10.00mm,"0.118"" (3.00mm)",,
,https://www.tglobaltechnology.com/wp-content/uploads/2023/08/TG-A3500_UK.pdf,TG-A3500-20-20-1.5,t-Global Technology,14.3,"Pad, Sheet",,,,,,,3.5,Square,20.00mm x 20.00mm,"0.0591"" (1.500mm)",,
,https://www.tglobaltechnology.com/wp-content/uploads/2023/08/TG-A3500_UK.pdf,TG-A3500-19.50-12.70-3.0,t-Global Technology,14.95,"Pad, Sheet",,,,,,,3.5,Rectangular,19.50mm x 12.70mm,"0.118"" (3.00mm)",,
,https://www.tglobaltechnology.com/wp-content/uploads/2023/08/TG-A3500_UK.pdf,TG-A3500-15-15-4.0,t-Global Technology,15.28,"Pad, Sheet",,,,,,,3.5,Square,15.00mm x 15.00mm,"0.157"" (4.00mm)",,
,https://www.tglobaltechnology.com/wp-content/uploads/2023/08/TG-A6200_UK.pdf,TG-A6200-19.50-12.70-1.0,t-Global Technology,15.6,"Pad, Sheet",,,,,,,6.2,Rectangular,19.50mm x 12.70mm,"0.0394"" (1.000mm)",,
,https://www.tglobaltechnology.com/wp-content/uploads/2023/08/TG-A3500_UK.pdf,TG-A3500-30-30-0.5,t-Global Technology,15.93,"Pad, Sheet",,,,,,,3.5,Square,30.00mm x 30.00mm,"0.0197"" (0.500mm)",,
,https://www.tglobaltechnology.com/wp-content/uploads/2023/08/TG-A3500_UK.pdf,TG-A3500-20-10-5.0,t-Global Technology,16.9,"Pad, Sheet",,,,,,,3.5,Rectangular,20.00mm x 10.00mm,"0.197"" (5.00mm)",,
,https://www.tglobaltechnology.com/wp-content/uploads/2023/08/TG-A3500_UK.pdf,TG-A3500-25-25-1.5,t-Global Technology,21.13,"Pad, Sheet",,,,,,,3.5,Square,25.00mm x 25.00mm,"0.0591"" (1.500mm)",,
,https://www.tglobaltechnology.com/wp-content/uploads/2023/08/TG-A3500_UK.pdf,TG-A3500-19.50-12.70-5.0,t-Global Technology,22.1,"Pad, Sheet",,,,,,,3.5,Rectangular,19.50mm x 12.70mm,"0.197"" (5.00mm)",,
,https://www.tglobaltechnology.com/wp-content/uploads/2023/08/TG-A6200_UK.pdf,TG-A6200-19.50-12.70-2.0,t-Global Technology,26,"Pad, Sheet",,,,,,,6.2,Rectangular,19.50mm x 12.70mm,"0.0790"" (2.000mm)",,
,https://www.tglobaltechnology.com/wp-content/uploads/2023/08/TG-A3500_UK.pdf,TG-A3500-40-40-0.5,t-Global Technology,28.93,"Pad, Sheet",,,,,,,3.5,Square,40.00mm x 40.00mm,"0.0197"" (0.500mm)",,
,https://www.tglobaltechnology.com/wp-content/uploads/2023/08/TG-A3500_UK.pdf,TG-A3500-24-21.01-3.0,t-Global Technology,29.25,"Pad, Sheet",,,,,,,3.5,Rectangular,24.00mm x 21.01mm,"0.118"" (3.00mm)",,
,https://www.tglobaltechnology.com/wp-content/uploads/2023/08/TG-A3500_UK.pdf,TG-A3500-30-30-1.5,t-Global Technology,29.25,"Pad, Sheet",,,,,,,3.5,Square,30.00mm x 30.00mm,"0.0591"" (1.500mm)",,
,https://www.tglobaltechnology.com/wp-content/uploads/2023/08/TG-A6200_UK.pdf,TG-A6200-24-21.01-1.0,t-Global Technology,30.55,"Pad, Sheet",,,,,,,6.2,Rectangular,24.00mm x 21.01mm,"0.0394"" (1.000mm)",,
,https://www.tglobaltechnology.com/wp-content/uploads/2023/08/TG-A3500_UK.pdf,TG-A3500-40-40-1.0,t-Global Technology,43.88,"Pad, Sheet",,,,,,,3.5,Square,40.00mm x 40.00mm,"0.0394"" (1.000mm)",,
,https://www.tglobaltechnology.com/wp-content/uploads/2023/08/TG-A3500_UK.pdf,TG-A3500-30-30-3.0,t-Global Technology,45.83,"Pad, Sheet",,,,,,,3.5,Square,30.00mm x 30.00mm,"0.118"" (3.00mm)",,
,https://www.tglobaltechnology.com/wp-content/uploads/2023/08/TG-A3500_UK.pdf,TG-A3500-40-40-1.5,t-Global Technology,52.98,"Pad, Sheet",,,,,,,3.5,Square,40.00mm x 40.00mm,"0.0591"" (1.500mm)",,
,https://www.tglobaltechnology.com/wp-content/uploads/2023/08/TG-A3500_UK.pdf,TG-A3500-40-40-2.0,t-Global Technology,63.38,"Pad, Sheet",,,,,,,3.5,Square,40.00mm x 40.00mm,"0.0790"" (2.000mm)",,
,https://www.tglobaltechnology.com/wp-content/uploads/2023/08/TG-A6200_UK.pdf,TG-A6200-20-20-4.0,t-Global Technology,71.83,"Pad, Sheet",,,,,,,6.2,Square,20.00mm x 20.00mm,"0.157"" (4.00mm)",,
,https://www.tglobaltechnology.com/wp-content/uploads/2023/08/TG-A6200_UK.pdf,TG-A6200-30-30-2.0,t-Global Technology,79.95,"Pad, Sheet",,,,,,,6.2,Square,30.00mm x 30.00mm,"0.0790"" (2.000mm)",,
,https://www.tglobaltechnology.com/wp-content/uploads/2023/08/TG-A3500_UK.pdf,TG-A3500-40-40-3.0,t-Global Technology,83.2,"Pad, Sheet",,,,,,,3.5,Square,40.00mm x 40.00mm,"0.118"" (3.00mm)",,
,https://www.tglobaltechnology.com/wp-content/uploads/2023/08/TG-A3500_UK.pdf,TG-A3500-90-20-4.5,t-Global Technology,148.85,"Pad, Sheet",,,,,,,3.5,Rectangular,90.00mm x 20.00mm,"0.177"" (4.50mm)",,
,https://www.tglobaltechnology.com/wp-content/uploads/2023/08/TG-A6200_UK.pdf,TG-A6200-40-40-3.0,t-Global Technology,204.43,"Pad, Sheet",,,,,,,6.2,Square,40.00mm x 40.00mm,"0.118"" (3.00mm)",,
,https://www.sensata.com/sites/default/files/a/sensata-hsp-8-thermal-pad-datasheet.pdf,HSP-8,Sensata-Crydom,217.1,"Pad, Sheet",,,,,,,0.07,Rectangular,-,"0.0050"" (0.127mm)",,
,https://www.tglobaltechnology.com/wp-content/uploads/2023/08/TG-A3500F_UK.pdf,TG-A3500F-100-100-0.8,t-Global Technology,221.65,"Pad, Sheet",,,,,,,3.0,Square,100.00mm x 100.00mm,"0.0310"" (0.787mm)",,
,https://www.tglobaltechnology.com/wp-content/uploads/2023/08/TG-A20KX_UK.pdf,TG-A20KX-190-140-0.5,t-Global Technology,237.9,"Pad, Sheet",,,,,,,2.0,Rectangular,190.00mm x 140.00mm,"0.0197"" (0.500mm)",,
,https://www.tglobaltechnology.com/wp-content/uploads/2023/08/TG-A6200_UK.pdf,TG-A6200-40-40-4.0,t-Global Technology,265.85,"Pad, Sheet",,,,,,,6.2,Square,40.00mm x 40.00mm,"0.157"" (4.00mm)",,
,https://www.tglobaltechnology.com/wp-content/uploads/2023/08/TG-A20KX_UK.pdf,TG-A20KX-190-140-0.3-1A,t-Global Technology,265.85,"Pad, Sheet",,,,,,,2.0,Rectangular,190.00mm x 140.00mm,"0.0118"" (0.300mm)",,
,https://www.tglobaltechnology.com/wp-content/uploads/2023/08/TG-A3500F_UK.pdf,TG-A3500F-100-100-1.5,t-Global Technology,304.2,"Pad, Sheet",,,,,,,3.0,Square,100.00mm x 100.00mm,"0.0591"" (1.500mm)",,
,https://www.tglobaltechnology.com/wp-content/uploads/2023/08/TG-A6200F_UK.pdf,TG-A6200F-100-100-0.8,t-Global Technology,342.23,"Pad, Sheet",,,,,,,5.0,Square,100.00mm x 100.00mm,"0.0310"" (0.787mm)",,
,https://www.tglobaltechnology.com/wp-content/uploads/2023/08/TG-A3500F_UK.pdf,TG-A3500F-100-100-2.5,t-Global Technology,403.33,"Pad, Sheet",,,,,,,3.0,Square,100.00mm x 100.00mm,"0.0984"" (2.500mm)",,
,https://www.sameskydevices.com/product/resource/digikeypdf/af100.pdf,AF100-707005,Same Sky (Formerly CUI Devices),438.43,"Pad, Sheet",,,,,,,1.0,Square,70.00mm x 70.00mm,"0.0197"" (0.500mm)",,
,https://www.tglobaltechnology.com/wp-content/uploads/2023/08/TG-A20KX_UK.pdf,TG-A20KX-285-190-0.3-1A,t-Global Technology,511.23,"Pad, Sheet",,,,,,,2.0,Rectangular,285.00mm x 190.00mm,"0.0118"" (0.300mm)",,
,https://www.tglobaltechnology.com/wp-content/uploads/2024/03/TG-A20KF_UK.pdf,TG-A20KF-190-140-1.5-1A,t-Global Technology,546,"Pad, Sheet",,,,,,,1.8,Rectangular,190.00mm x 140.00mm,"0.0591"" (1.500mm)",,
,https://www.tglobaltechnology.com/wp-content/uploads/2023/08/TG-A3500F_UK.pdf,TG-A3500F-100-100-4.0,t-Global Technology,550.23,"Pad, Sheet",,,,,,,3.0,Square,100.00mm x 100.00mm,"0.157"" (4.00mm)",,
,https://www.tglobaltechnology.com/wp-content/uploads/2023/08/TG-A20KX_UK.pdf,TG-A20KX-285-190-0.3-2A,t-Global Technology,586.95,"Pad, Sheet",,,,,,,2.0,Rectangular,285.00mm x 190.00mm,"0.0118"" (0.300mm)",,
,https://www.tglobaltechnology.com/wp-content/uploads/2023/08/TG-A38KX_UK.pdf,TG-A38KX-190-140-1.0-2A,t-Global Technology,610.68,"Pad, Sheet",,,,,,,3.8,Rectangular,190.00mm x 140.00mm,"0.0394"" (1.000mm)",,
,https://www.tglobaltechnology.com/wp-content/uploads/2023/08/TG-A20KX_UK.pdf,TG-A20KX-190-140-2.5-1A,t-Global Technology,662.68,"Pad, Sheet",,,,,,,2.0,Rectangular,190.00mm x 140.00mm,"0.0984"" (2.500mm)",,
,https://www.tglobaltechnology.com/wp-content/uploads/2023/08/TG-A6200F_UK.pdf,TG-A6200F-100-100-2.0,t-Global Technology,665.93,"Pad, Sheet",,,,,,,5.0,Square,100.00mm x 100.00mm,"0.0790"" (2.000mm)",,
,https://www.tglobaltechnology.com/wp-content/uploads/2023/08/TG-A6200_UK.pdf,TG-A6200-107-53-3.0,t-Global Technology,677.3,"Pad, Sheet",,,,,,,6.2,Rectangular,107.00mm x 53.00mm,"0.118"" (3.00mm)",,
,https://www.tglobaltechnology.com/wp-content/uploads/2023/08/TG-A6200F_UK.pdf,TG-A6200F-150-150-0.8,t-Global Technology,736.13,"Pad, Sheet",,,,,,,5.0,Square,150.00mm x 150.00mm,"0.0315"" (0.800mm)",,
,https://www.tglobaltechnology.com/wp-content/uploads/2023/08/TG-A38KX_UK.pdf,TG-A38KX-190-140-1.5-1A,t-Global Technology,747.83,"Pad, Sheet",,,,,,,3.8,Rectangular,190.00mm x 140.00mm,"0.0591"" (1.500mm)",,
,https://www.tglobaltechnology.com/wp-content/uploads/2023/08/TG-A20KX_UK.pdf,TG-A20KX-190-140-3.0-1A,t-Global Technology,760.83,"Pad, Sheet",,,,,,,2.0,Rectangular,190.00mm x 140.00mm,"0.118"" (3.00mm)",,
,https://www.tglobaltechnology.com/wp-content/uploads/2024/03/TG-A38KF_UK.pdf,TG-A38KF-285-190-0.5,t-Global Technology,869.38,"Pad, Sheet",,,,,,,3.3,Rectangular,285.00mm x 190.00mm,"0.0197"" (0.500mm)",,
,https://www.tglobaltechnology.com/wp-content/uploads/2023/08/TG-A38KX_UK.pdf,TG-A38KX-285-190-0.5-1A,t-Global Technology,878.15,"Pad, Sheet",,,,,,,3.8,Rectangular,285.00mm x 190.00mm,"0.0197"" (0.500mm)",,
,https://www.tglobaltechnology.com/wp-content/uploads/2023/08/TG-A20KX_UK.pdf,TG-A20KX-285-190-1.5-1A,t-Global Technology,898.95,"Pad, Sheet",,,,,,,2.0,Rectangular,285.00mm x 190.00mm,"0.0591"" (1.500mm)",,
,https://www.tglobaltechnology.com/wp-content/uploads/2023/08/TG-A20KX_UK.pdf,TG-A20KX-385-285-0.3-1A,t-Global Technology,983.45,"Pad, Sheet",,,,,,,2.0,Rectangular,385.00mm x 285.00mm,"0.0118"" (0.300mm)",,
,https://www.tglobaltechnology.com/wp-content/uploads/2023/08/TG-A38KX_UK.pdf,TG-A38KX-190-140-3.0,t-Global Technology,1098.18,"Pad, Sheet",,,,,,,3.8,Rectangular,190.00mm x 140.00mm,"0.118"" (3.00mm)",,
,https://www.tglobaltechnology.com/wp-content/uploads/2023/08/TG-A38KX_UK.pdf,TG-A38KX-285-190-1.0-1A,t-Global Technology,1102.4,"Pad, Sheet",,,,,,,3.8,Rectangular,285.00mm x 190.00mm,"0.0394"" (1.000mm)",,
,https://www.tglobaltechnology.com/wp-content/uploads/2023/08/TG-A20KX_UK.pdf,TG-A20KX-385-285-0.5-1A,t-Global Technology,1105,"Pad, Sheet",,,,,,,2.0,Rectangular,385.00mm x 285.00mm,"0.0197"" (0.500mm)",,
,https://www.tglobaltechnology.com/wp-content/uploads/2023/08/TG-A20KX_UK.pdf,TG-A20KX-190-140-5.0-1A,t-Global Technology,1142.38,"Pad, Sheet",,,,,,,2.0,Rectangular,190.00mm x 140.00mm,"0.197"" (5.00mm)",,
,https://www.tglobaltechnology.com/wp-content/uploads/2023/08/TG-A38KX_UK.pdf,TG-A38KX-285-190-1.0-2A,t-Global Technology,1174.88,"Pad, Sheet",,,,,,,3.8,Rectangular,285.00mm x 190.00mm,"0.0394"" (1.000mm)",,
,https://www.tglobaltechnology.com/wp-content/uploads/2023/08/TG-A6200F_UK.pdf,TG-A6200F-100-100-4.0,t-Global Technology,1188.53,"Pad, Sheet",,,,,,,5.0,Square,100.00mm x 100.00mm,"0.157"" (4.00mm)",,
,https://www.tglobaltechnology.com/wp-content/uploads/2024/03/TG-A20KF_UK.pdf,TG-A20KF-190-140-5.0-1A,t-Global Technology,1218.1,"Pad, Sheet",,,,,,,1.8,Rectangular,190.00mm x 140.00mm,"0.197"" (5.00mm)",,
,https://www.tglobaltechnology.com/wp-content/uploads/2023/08/TG-A6200F_UK.pdf,TG-A6200F-150-150-1.5,t-Global Technology,1243.45,"Pad, Sheet",,,,,,,5.0,Square,150.00mm x 150.00mm,"0.0591"" (1.500mm)",,
,https://www.tglobaltechnology.com/wp-content/uploads/2023/08/TG-A38KX_UK.pdf,TG-A38KX-190-140-3.0-1A,t-Global Technology,1253.85,"Pad, Sheet",,,,,,,3.8,Rectangular,190.00mm x 140.00mm,"0.118"" (3.00mm)",,
,https://www.tglobaltechnology.com/wp-content/uploads/2023/08/TG-A38KX_UK.pdf,TG-A38KX-190-140-3.0-2A,t-Global Technology,1289.93,"Pad, Sheet",,,,,,,3.8,Rectangular,190.00mm x 140.00mm,"0.118"" (3.00mm)",,
,https://www.tglobaltechnology.com/wp-content/uploads/2023/08/TG-A38KX_UK.pdf,TG-A38KX-385-285-0.3,t-Global Technology,1324.7,"Pad, Sheet",,,,,,,3.8,Rectangular,385.00mm x 285.00mm,"0.0118"" (0.300mm)",,
,https://www.tglobaltechnology.com/wp-content/uploads/2023/08/TG-A20KX_UK.pdf,TG-A20KX-385-285-1.0-1A,t-Global Technology,1358.5,"Pad, Sheet",,,,,,,2.0,Rectangular,385.00mm x 285.00mm,"0.0394"" (1.000mm)",,
,https://www.tglobaltechnology.com/wp-content/uploads/2024/03/TG-A20KF_UK.pdf,TG-A20KF-385-285-0.5-1A,t-Global Technology,1404,"Pad, Sheet",,,,,,,1.8,Rectangular,385.00mm x 285.00mm,"0.0197"" (0.500mm)",,
,https://www.tglobaltechnology.com/wp-content/uploads/2023/08/TG-A20KX_UK.pdf,TG-A20KX-285-190-3.0-1A,t-Global Technology,1464.45,"Pad, Sheet",,,,,,,2.0,Rectangular,285.00mm x 190.00mm,"0.118"" (3.00mm)",,
,https://www.tglobaltechnology.com/wp-content/uploads/2023/08/TG-A6200F_UK.pdf,TG-A6200F-100-100-5.0,t-Global Technology,1467.05,"Pad, Sheet",,,,,,,5.0,Square,100.00mm x 100.00mm,"0.197"" (5.00mm)",,
,https://www.tglobaltechnology.com/wp-content/uploads/2023/08/TG-A20KX_UK.pdf,TG-A20KX-385-285-1.0-2A,t-Global Technology,1501.5,"Pad, Sheet",,,,,,,2.0,Rectangular,385.00mm x 285.00mm,"0.0394"" (1.000mm)",,
,https://www.tglobaltechnology.com/wp-content/uploads/2023/08/TG-A38KX_UK.pdf,TG-A38KX-285-190-2.0,t-Global Technology,1529.78,"Pad, Sheet",,,,,,,3.8,Rectangular,285.00mm x 190.00mm,"0.0790"" (2.000mm)",,
,https://www.tglobaltechnology.com/wp-content/uploads/2023/08/TG-A20KX_UK.pdf,TG-A20KX-285-190-3.0-2A,t-Global Technology,1535.63,"Pad, Sheet",,,,,,,2.0,Rectangular,285.00mm x 190.00mm,"0.118"" (3.00mm)",,
,https://www.tglobaltechnology.com/wp-content/uploads/2023/08/TG-A38KX_UK.pdf,TG-A38KX-190-140-4.0-1A,t-Global Technology,1585.03,"Pad, Sheet",,,,,,,3.8,Rectangular,190.00mm x 140.00mm,"0.157"" (4.00mm)",,
,https://www.tglobaltechnology.com/wp-content/uploads/2023/08/TG-A38KX_UK.pdf,TG-A38KX-385-285-0.5-1A,t-Global Technology,1688.38,"Pad, Sheet",,,,,,,3.8,Rectangular,385.00mm x 285.00mm,"0.0197"" (0.500mm)",,
,https://www.tglobaltechnology.com/wp-content/uploads/2023/08/TG-A38KX_UK.pdf,TG-A38KX-285-190-2.5-2A,t-Global Technology,1728.03,"Pad, Sheet",,,,,,,3.8,Rectangular,285.00mm x 190.00mm,"0.0984"" (2.500mm)",,
,https://www.tglobaltechnology.com/wp-content/uploads/2023/08/TG-A38KX_UK.pdf,TG-A38KX-190-140-5.0-1A,t-Global Technology,1910.35,"Pad, Sheet",,,,,,,3.8,Rectangular,190.00mm x 140.00mm,"0.197"" (5.00mm)",,
,https://www.tglobaltechnology.com/wp-content/uploads/2023/08/TG-A38KX_UK.pdf,TG-A38KX-385-285-1.0-2A,t-Global Technology,2259.73,"Pad, Sheet",,,,,,,3.8,Rectangular,385.00mm x 285.00mm,"0.0394"" (1.000mm)",,
,https://www.tglobaltechnology.com/wp-content/uploads/2023/08/TG-A20KX_UK.pdf,TG-A20KX-285-190-5.0-2A,t-Global Technology,2267.85,"Pad, Sheet",,,,,,,2.0,Rectangular,285.00mm x 190.00mm,"0.197"" (5.00mm)",,
,https://www.tglobaltechnology.com/wp-content/uploads/2023/08/TG-A6200F_UK.pdf,TG-A6200F-150-150-4.0,t-Global Technology,2554.83,"Pad, Sheet",,,,,,,5.0,Square,150.00mm x 150.00mm,"0.157"" (4.00mm)",,
,https://www.tglobaltechnology.com/wp-content/uploads/2023/08/TG-A38KX_UK.pdf,TG-A38KX-385-285-2.0-1A,t-Global Technology,3394.63,"Pad, Sheet",,,,,,,3.8,Rectangular,385.00mm x 285.00mm,"0.0790"" (2.000mm)",,
,https://www.tglobaltechnology.com/wp-content/uploads/2023/08/TG-A38KX_UK.pdf,TG-A38KX-385-285-2.0-2A,t-Global Technology,3530.15,"Pad, Sheet",,,,,,,3.8,Rectangular,385.00mm x 285.00mm,"0.0790"" (2.000mm)",,
,https://www.tglobaltechnology.com/wp-content/uploads/2023/08/TG-A38KX_UK.pdf,TG-A38KX-190-140-10.0-2A,t-Global Technology,3537.95,"Pad, Sheet",,,,,,,3.8,Rectangular,190.00mm x 140.00mm,"0.394"" (10.00mm)",,
,https://www.tglobaltechnology.com/wp-content/uploads/2023/08/TG-A38KX_UK.pdf,TG-A38KX-385-285-3.0-2A,t-Global Technology,4772.95,"Pad, Sheet",,,,,,,3.8,Rectangular,385.00mm x 285.00mm,"0.118"" (3.00mm)",,
,https://www.tglobaltechnology.com/wp-content/uploads/2023/08/TG-A38KX_UK.pdf,TG-A38KX-385-285-5.0-1A,t-Global Technology,7070.38,"Pad, Sheet",,,,,,,3.8,Rectangular,385.00mm x 285.00mm,"0.197"" (5.00mm)",,
,https://www.tglobaltechnology.com/wp-content/uploads/2023/08/TG-A38KX_UK.pdf,TG-A38KX-385-285-5.0-2A,t-Global Technology,7199.4,"Pad, Sheet",,,,,,,3.8,Rectangular,385.00mm x 285.00mm,"0.197"" (5.00mm)",,
,https://datasheets.tdx.henkel.com/BERGQUIST-GAP-PAD-TGP-2400-en_GL.pdf,GP2500S20-0.200-02-0816,Bergquist,9138.35,"Pad, Sheet",,,,,,,2.4,Rectangular,406.40mm x 203.20mm,"0.200"" (5.08mm)",,
,https://www.tglobaltechnology.com/wp-content/uploads/2023/08/TG-A38KX_UK.pdf,TG-A38KX-385-285-10.0-2A,t-Global Technology,13089.38,"Pad, Sheet",,,,,,,3.8,Rectangular,385.00mm x 285.00mm,"0.394"" (10.00mm)",,
,https://www.laird.com/document/datasheet/coolzorb-ultra-datasheet,A18181-080,Laird Technologies EMI,31973.5,"Pad, Sheet",,,,,,,11.5,Square,457.20mm x 457.20mm,"0.0800"" (2.032mm)",,
,https://www.sameskydevices.com/product/resource/digikeypdf/sf100.pdf,SF100-101005,Same Sky (Formerly CUI Devices),303.23,"Pad, Sheet",,,,,,,1.5,Square,10.00mm x 10.00mm,"0.0197"" (0.500mm)",,
,https://www.sameskydevices.com/product/resource/digikeypdf/sf100.pdf,SF100-151505,Same Sky (Formerly CUI Devices),313.3,"Pad, Sheet",,,,,,,1.5,Square,15.00mm x 15.00mm,"0.0197"" (0.500mm)",,
,https://www.sameskydevices.com/product/resource/digikeypdf/af100.pdf,AF100-204005,Same Sky (Formerly CUI Devices),362.38,"Pad, Sheet",,,,,,,1.0,Rectangular,20.00mm x 40.00mm,"0.0197"" (0.500mm)",,
,https://www.tglobaltechnology.com/wp-content/uploads/2023/08/TG-A38KX_UK.pdf,TG-A38KX-285-190-0.5,t-Global Technology,732.88,"Pad, Sheet",,,,,,,3.8,Rectangular,285.00mm x 190.00mm,"0.0197"" (0.500mm)",,
,https://www.tglobaltechnology.com/wp-content/uploads/2023/08/TG-A20KX_UK.pdf,TG-A20KX-190-140-4.0,t-Global Technology,827.13,"Pad, Sheet",,,,,,,2.0,Rectangular,190.00mm x 140.00mm,"0.157"" (4.00mm)",,
,https://www.tglobaltechnology.com/wp-content/uploads/2024/03/TG-A20KF_UK.pdf,TG-A20KF-190-140-4.0,t-Global Technology,894.73,"Pad, Sheet",,,,,,,1.8,Rectangular,190.00mm x 140.00mm,"0.157"" (4.00mm)",,
,https://www.sameskydevices.com/product/resource/digikeypdf/af200.pdf,AF500-707005,Same Sky (Formerly CUI Devices),1384.83,"Pad, Sheet",,,,,,,3.0,Square,70.00mm x 70.00mm,"0.0197"" (0.500mm)",,
,https://www.tglobaltechnology.com/wp-content/uploads/2024/03/TG-A38KF_UK.pdf,TG-A38KF-190-140-4.0,t-Global Technology,1462.83,"Pad, Sheet",,,,,,,3.3,Rectangular,190.00mm x 140.00mm,"0.157"" (4.00mm)",,
,https://www.sameskydevices.com/product/resource/digikeypdf/af200.pdf,AF500-505005,Same Sky (Formerly CUI Devices),1500.85,"Pad, Sheet",,,,,,,3.0,Square,50.00mm x 50.00mm,"0.0197"" (0.500mm)",,
,https://www.sameskydevices.com/product/resource/digikeypdf/af200.pdf,AF500-204005,Same Sky (Formerly CUI Devices),1501.5,"Pad, Sheet",,,,,,,3.0,Rectangular,20.00mm x 40.00mm,"0.0197"" (0.500mm)",,
,https://www.tglobaltechnology.com/wp-content/uploads/2023/08/TG-A38KX_UK.pdf,TG-A38KX-385-285-4.0-1A,t-Global Technology,4692.35,"Pad, Sheet",,,,,,,3.8,Rectangular,385.00mm x 285.00mm,"0.157"" (4.00mm)",,
,https://www.tglobaltechnology.com/wp-content/uploads/2023/08/TG-A20KX_UK.pdf,TG-A20KX-190-140-1.5-1A,t-Global Technology,466.38,"Pad, Sheet",,,,,,,2.0,Rectangular,190.00mm x 140.00mm,"0.0591"" (1.500mm)",,
,https://www.tglobaltechnology.com/wp-content/uploads/2023/08/TG-A20KX_UK.pdf,TG-A20KX-190-140-3.0,t-Global Technology,654.88,"Pad, Sheet",,,,,,,2.0,Rectangular,190.00mm x 140.00mm,"0.118"" (3.00mm)",,
,https://www.sameskydevices.com/product/resource/digikeypdf/af200.pdf,AF500-101005,Same Sky (Formerly CUI Devices),1480.38,"Pad, Sheet",,,,,,,3.0,Square,10.00mm x 10.00mm,"0.0197"" (0.500mm)",,
