tim_id,mpn,type,cost_per_app,k_wmk,heatsink_model,threshold_limit_cw,calculated_tim_r_cw,reliability_status,pass_probability_pct,avg_margin_cw,max_t_case_99,manufacturer,description,thickness_mm,log_cost,cluster_id,recommendation_group
GR-0033,09599,Grease,5.95,1.17,ModuleLED_Micro_8680,1.1252,0.094,PASS,100.0,1.0312,70.82,SparkFun Electronics,Thermal Silicone Compound 5 gram Syringe,,1.9387416595767009,0.0,🏆 Best Value
GR-0038,TC3-1G,Grease,55.98,8.5,ModuleLED_Micro_8680,1.1252,0.0129,PASS,100.0,1.1123,66.91,Chip Quik Inc.,Thermal Silicone Compound 1 gram Syringe,,4.0427003290697625,1.0,✅ Standard
GR-0040,8615,Grease,17.58,3.0,ModuleLED_Micro_8680,1.1252,0.0365,PASS,100.0,1.0886,68.06,MG Chemicals,Thermal Non-Silicone Grease 3.5 gram Syringe,,2.922085733385692,0.0,🏆 Best Value
GR-0043,SILVGREASE1,Grease,51.05,1.93,ModuleLED_Micro_8680,1.1252,0.0569,PASS,100.0,1.0683,69.03,StarTech.com,Thermal Silicone Compound 1.5 gram Syringe,,3.952204795060978,1.0,✅ Standard
GR-0044,TC1-10G,Grease,8.42,0.67,ModuleLED_Micro_8680,1.1252,0.1631,PASS,100.0,0.962,74.22,Chip Quik Inc.,Thermal Silicone Compound 10 gram Syringe,,2.2428350885882717,0.0,🏆 Best Value
GR-0046,HEATGREASE20,Grease,4.37,1.07,ModuleLED_Micro_8680,1.1252,0.1024,PASS,100.0,1.0227,71.25,StarTech.com,Thermal Silicone Compound 20 gram Tube,,1.6808279085207734,0.0,🏆 Best Value
GR-0047,8610-60G,Grease,1.9,0.77,ModuleLED_Micro_8680,1.1252,0.1426,PASS,100.0,0.9826,73.18,MG Chemicals,Thermal Non-Silicone Compound 2 oz Tube,,1.0647107369924282,0.0,🏆 Best Value
GR-0048,TC4-1G,Grease,109.41,79.0,ModuleLED_Micro_8680,1.1252,0.0014,PASS,100.0,1.1238,66.35,Chip Quik,Thermal Interface Products Heat Sink Thermal Compound - Deep-Space Liquid Metal 79 W/mK 1g/1cc Syringe,,4.704200709451046,1.0,✅ Standard
GR-0049,TC4-1G,Grease,113.46,79.0,ModuleLED_Micro_8680,1.1252,0.0014,PASS,100.0,1.1238,66.35,Chip Quik Inc.,"Thermal Thermal Compound, Liquid Metal 1 gram Syringe",,4.740225416980956,1.0,✅ Standard
GR-0050,TC1-20G,Grease,6.09,0.67,ModuleLED_Micro_8680,1.1252,0.164,PASS,100.0,0.9612,74.24,Chip Quik Inc.,Thermal Silicone Compound 20 gram Syringe,,1.958685340544036,0.0,🏆 Best Value
GR-0052,250G,Grease,2.25,0.76,ModuleLED_Micro_8680,1.1252,0.1441,PASS,100.0,0.9811,73.29,"Boyd Laconia, LLC",Thermal Silicone Compound 2 oz Tube,,1.1786549963416462,0.0,🏆 Best Value
GR-0056,TG-N909-30,Grease,4.65,9.0,ModuleLED_Micro_8680,1.1252,0.0122,PASS,100.0,1.1129,66.88,t-Global Technology,Thermal Non-Silicone Grease 30 gram Container,,1.7316555451583497,0.0,🏆 Best Value
GR-0057,TC3-3.5G,Grease,40.18,8.5,ModuleLED_Micro_8680,1.1252,0.0129,PASS,100.0,1.1122,66.92,Chip Quik Inc.,Thermal Silicone Compound 3.5 gram Syringe,,3.717952701599643,1.0,✅ Standard
GR-0061,CW7270,Grease,20.85,0.71,ModuleLED_Micro_8680,1.1252,0.1552,PASS,100.0,0.97,73.76,Chemtronics,Thermal Non-Silicone Grease 7 gram Syringe,,3.084200921541599,0.0,🏆 Best Value
GR-0067,65-00-GREASE15-0010,Grease,6.4,1.5,ModuleLED_Micro_8680,1.1252,0.0734,PASS,100.0,1.0517,69.83,Parker Chomerics,Thermal Silicone Grease 10cc Syringe,,2.0014800002101243,0.0,🏆 Best Value
GR-0068,TC4-2G,Grease,82.22,79.0,ModuleLED_Micro_8680,1.1252,0.0014,PASS,100.0,1.1238,66.35,Chip Quik,Thermal Interface Products Heat Sink Thermal Compound - Deep-Space Liquid Metal 79 W/mK 2g/1cc Syringe,,4.421487703554795,1.0,✅ Standard
GR-0069,TC4-2G,Grease,83.35,79.0,ModuleLED_Micro_8680,1.1252,0.0014,PASS,100.0,1.1238,66.35,Chip Quik Inc.,"Thermal Thermal Compound, Liquid Metal 2 gram Syringe",,4.434974808991977,1.0,✅ Standard
GR-0070,65-00-GREASE30-0010,Grease,6.73,3.0,ModuleLED_Micro_8680,1.1252,0.0365,PASS,100.0,1.0887,68.06,Parker Chomerics,Thermal Silicone Grease 10cc Syringe,,2.0451088625993306,0.0,🏆 Best Value
GR-0074,65-00-GREASE50-0010,Grease,7.06,5.0,ModuleLED_Micro_8680,1.1252,0.022,PASS,100.0,1.1031,67.35,Parker Chomerics,Thermal Silicone Grease 10cc Jar,,2.086913556518537,0.0,🏆 Best Value
GR-0075,65-00-GREASE70-0010,Grease,7.26,7.0,ModuleLED_Micro_8680,1.1252,0.0156,PASS,100.0,1.1095,67.05,Parker Chomerics,Thermal Silicone Grease 10cc Syringe,,2.1114245875328868,0.0,🏆 Best Value
GR-0078,65-00-CIP60-0045,Grease,1.56,6.0,ModuleLED_Micro_8680,1.1252,0.0184,PASS,100.0,1.1068,67.18,Parker Chomerics,"Thermal Silicone Compound, 2 Part 50cc Cartridge",,0.9400072584914712,0.0,🏆 Best Value
GR-0080,TC2-10G,Grease,20.65,4.3,ModuleLED_Micro_8680,1.1252,0.0254,PASS,100.0,1.0997,67.52,Chip Quik Inc.,Thermal Silicone Compound 10 gram Syringe,,3.075005454448499,0.0,🏆 Best Value
GR-0086,CW7250,Grease,62.15,1.85,ModuleLED_Micro_8680,1.1252,0.0593,PASS,100.0,1.0658,69.16,Chemtronics,Thermal Non-Silicone Grease 3.4 gram Syringe,,4.1455128487965,1.0,✅ Standard
GR-0087,TC4-5G,Grease,43.78,79.0,ModuleLED_Micro_8680,1.1252,0.0014,PASS,100.0,1.1238,66.35,Chip Quik Inc.,"Thermal Thermal Compound, Liquid Metal 5 gram Syringe",,3.8017616111706087,1.0,✅ Standard
GR-0088,TC4-5G,Grease,43.9,79.0,ModuleLED_Micro_8680,1.1252,0.0014,PASS,100.0,1.1238,66.35,Chip Quik,Thermal Interface Products Heat Sink Thermal Compound - Deep-Space Liquid Metal 79 W/mK 5g/1cc Syringe,,3.8044377947482086,1.0,✅ Standard
GR-0091,8617-85ML,Grease,1.12,1.0,ModuleLED_Micro_8680,1.1252,0.1096,PASS,100.0,1.0156,71.6,MG Chemicals,Thermal Non-Silicone Grease 85 ml Tube,,0.7514160886839212,0.0,🏆 Best Value
GR-0092,GF1000-00-15-50CC,Grease,1.91,1.0,ModuleLED_Micro_8680,1.1252,0.1095,PASS,100.0,1.0156,71.59,Bergquist,"Thermal Liquid Gap Filler, 2 Part 50cc Cartridge",,1.068153081183401,0.0,🏆 Best Value
GR-0096,X-PUTTY-100,Grease,2.64,3.0,ModuleLED_Micro_8680,1.1252,0.0365,PASS,100.0,1.0886,68.06,"Shiu Li Technology Co., Ltd.",Thermal Silicone Putty 100 gram Cartridge,,1.2919836816486494,0.0,🏆 Best Value
GR-0099,8327GF25-50CC,Grease,2.2,2.5,ModuleLED_Micro_8680,1.1252,0.0439,PASS,100.0,1.0812,68.41,MG Chemicals,Thermal Silicone Gap Filler 50 ml Cartridges,,1.1631508098056809,0.0,🏆 Best Value
GR-0100,65-00-GEL37-0010,Grease,11.07,3.7,ModuleLED_Micro_8680,1.1252,0.0295,PASS,100.0,1.0957,67.72,Parker Chomerics,Thermal Silicone Gel 10cc Syringe,,2.4907230351094403,0.0,🏆 Best Value
GR-0102,PK223DM-110,Grease,2.65,2.0,ModuleLED_Micro_8680,1.1252,0.0549,PASS,100.0,1.0703,68.93,"Shiu Li Technology Co., Ltd.","Thermal Liquid Gap Filler, 2 Part 110 gram Cartridge",,1.2947271675944,0.0,🏆 Best Value
GR-0103,SILV5-THERMAL-PASTE,Grease,196.47,3.2,ModuleLED_Micro_8680,1.1252,0.0343,PASS,100.0,1.0909,67.94,StarTech.com,Thermal Silicone Compound 1.5 gram Syringe,,5.285586674069219,1.0,✅ Standard
GR-0106,65-00-GEL35VT-0010,Grease,12.11,3.5,ModuleLED_Micro_8680,1.1252,0.0313,PASS,100.0,1.0938,67.82,Parker Chomerics,Thermal Silicone Gel 10cc Syringe,,2.5733752977756086,0.0,🏆 Best Value
GR-0109,TC4-10G,Grease,31.12,79.0,ModuleLED_Micro_8680,1.1252,0.0014,PASS,100.0,1.1238,66.35,Chip Quik,Thermal Interface Products Heat Sink Thermal Compound - Deep-Space Liquid Metal 79 W/mK 10g/3cc Syringe,,3.469478889078561,0.0,🏆 Best Value
GR-0110,TC4-10G,Grease,32.14,79.0,ModuleLED_Micro_8680,1.1252,0.0014,PASS,100.0,1.1238,66.35,Chip Quik Inc.,"Thermal Thermal Compound, Liquid Metal 10 gram Syringe",,3.500741011998417,0.0,🏆 Best Value
GR-0111,CT40-5,Grease,2.28,0.63,ModuleLED_Micro_8680,1.1252,0.1733,PASS,100.0,0.9518,74.71,Chemtronics,Thermal Silicone Compound 5 oz Tube,,1.1878434223960523,0.0,🏆 Best Value
GR-0113,GF4500CVO-00-240-50CC,Grease,2.6,4.5,ModuleLED_Micro_8680,1.1252,0.0243,PASS,100.0,1.1008,67.47,Bergquist Company,"Thermal Interface Products Liquid Gap-Filling Material, 2-Part, 4.5W/m-K, 50ml Cartridge, TGF4500CVO",,1.2809338454620642,0.0,🏆 Best Value
GR-0115,GF1500-00-60-50CC,Grease,2.61,1.8,ModuleLED_Micro_8680,1.1252,0.0611,PASS,100.0,1.064,69.26,Bergquist,"Thermal Liquid Gap Filler, 2 Part 50cc Cartridge",,1.2837077723447896,0.0,🏆 Best Value
GR-0121,S-PUTTY-100,Grease,3.53,3.5,ModuleLED_Micro_8680,1.1252,0.0313,PASS,100.0,1.0939,67.81,"Shiu Li Technology Co., Ltd.",Thermal Silicone Putty 100 gram Cartridge,,1.5107219394949427,0.0,🏆 Best Value
GR-0122,N-PUTTY-100,Grease,3.54,3.5,ModuleLED_Micro_8680,1.1252,0.0314,PASS,100.0,1.0937,67.81,"Shiu Li Technology Co., Ltd.",Thermal Non-Silicone Putty 100 gram Cartridge,,1.5129270120532565,0.0,🏆 Best Value
GR-0124,TC3-10G,Grease,28.56,8.5,ModuleLED_Micro_8680,1.1252,0.0129,PASS,100.0,1.1123,66.91,Chip Quik Inc.,Thermal Silicone Compound 5cc Syringe,,3.386422096080001,0.0,🏆 Best Value
GR-0130,65-00-GEL20-0010,Grease,14.76,2.4,ModuleLED_Micro_8680,1.1252,0.0458,PASS,100.0,1.0794,68.51,Parker Chomerics,Thermal Gel Gap Filler 10cc Syringe,,2.757475084429733,0.0,🏆 Best Value
GR-0131,H-PUTTY-100,Grease,3.71,3.5,ModuleLED_Micro_8680,1.1252,0.0313,PASS,100.0,1.0939,67.81,"Shiu Li Technology Co., Ltd.",Thermal Silicone Putty 100 gram Cartridge,,1.5496879080283263,0.0,🏆 Best Value
GR-0132,127-6-10,Grease,15.05,6.0,ModuleLED_Micro_8680,1.1252,0.0183,PASS,100.0,1.1069,67.17,Wakefield Thermal Solutions,Thermal Non-Silicone Grease 10cc Syringe,,2.775708849576025,0.0,🏆 Best Value
GR-0133,127-6-10,Grease,15.35,6.0,ModuleLED_Micro_8680,1.1252,0.0184,PASS,100.0,1.1068,67.17,Wakefield Thermal,"Thermal Interface Products Thermal Grease, High Performance, Non-Silicone, 6 W/m-K, 10cc Syringe",,2.794227897343262,0.0,🏆 Best Value
GR-0134,TC2-20G,Grease,19.26,4.3,ModuleLED_Micro_8680,1.1252,0.0255,PASS,100.0,1.0997,67.52,Chip Quik Inc.,Thermal Silicone Compound 20 gram Syringe,,3.0086484988205373,0.0,🏆 Best Value
GR-0140,65-02-GREASE15-0030,Grease,5.42,1.5,ModuleLED_Micro_8680,1.1252,0.0729,PASS,100.0,1.0522,69.83,Parker Chomerics,Thermal Silicone Grease 30cc Cartridge,,1.8594181177018698,0.0,🏆 Best Value
GR-0142,65-02-GEL35VT-0030,Grease,5.51,3.5,ModuleLED_Micro_8680,1.1252,0.0314,PASS,100.0,1.0938,67.8,Parker Chomerics,Thermal Silicone Gel 30cc Syringe,,1.873339456220478,0.0,🏆 Best Value
GR-0143,65-00-GEL50TBL-0010,Grease,16.63,5.0,ModuleLED_Micro_8680,1.1252,0.022,PASS,100.0,1.1032,67.35,Parker Chomerics,Thermal Silicone Gel 10cc Syringe,,2.869601996409779,0.0,🏆 Best Value
GR-0144,8327GF41-50CC,Grease,3.36,4.1,ModuleLED_Micro_8680,1.1252,0.0267,PASS,100.0,1.0984,67.58,MG Chemicals,Thermal Silicone Gap Filler 50 ml Cartridges,,1.4724720573609429,0.0,🏆 Best Value
GR-0148,65-02-GREASE30-0030,Grease,5.71,3.0,ModuleLED_Micro_8680,1.1252,0.0366,PASS,100.0,1.0886,68.06,Parker Chomerics,Thermal Silicone Grease 30cc Cartridge,,1.9035989509835904,0.0,🏆 Best Value
GR-0149,8463-7G,Grease,62.82,0.46,ModuleLED_Micro_8680,1.1252,0.2379,PASS,100.0,0.8873,77.89,MG Chemicals,Thermal Silicone Grease 7 gram Syringe,,4.156066620850098,1.0,✅ Standard
GR-0151,GCS-NSP15-100ML,Grease,1.78,1.5,ModuleLED_Micro_8680,1.1252,0.0732,PASS,100.0,1.0519,69.84,European Thermodynamics Ltd,Thermal Non-Silicone Putty 100 ml Syringe,,1.0224509277025458,0.0,🏆 Best Value
GR-0152,65-02-GREASE50-0030,Grease,5.99,5.0,ModuleLED_Micro_8680,1.1252,0.0219,PASS,100.0,1.1032,67.35,Parker Chomerics,Thermal Silicone Grease 30cc Cartridge,,1.944480556245719,0.0,🏆 Best Value
GR-0155,TGF3000SF-00-1500-50CC,Grease,3.67,3.0,ModuleLED_Micro_8680,1.1252,0.0366,PASS,100.0,1.0886,68.06,Bergquist Company,"Thermal Interface Products Gap Filler, 2-Part, Sil-Free, Room Temp Cure, 3W/mK, 50ml Cartridge, TGF3000SF",,1.541159071680806,0.0,🏆 Best Value
GR-0157,65-02-GREASE70-0030,Grease,6.16,7.0,ModuleLED_Micro_8680,1.1252,0.0157,PASS,100.0,1.1095,67.05,Parker Chomerics,Thermal Silicone Grease 30cc Cartridge,,1.9685099809725544,0.0,🏆 Best Value
GR-0160,TC1-200G,Grease,2.35,0.67,ModuleLED_Micro_8680,1.1252,0.1636,PASS,100.0,0.9615,74.23,Chip Quik Inc.,Thermal Silicone Compound 200 gram Jar,,1.208960345836975,0.0,🏆 Best Value
GR-0163,TG-N8000-30,Grease,15.74,8.0,ModuleLED_Micro_8680,1.1252,0.0137,PASS,100.0,1.1115,66.95,t-Global Technology,Thermal Non-Silicone Putty 30 gram Jar,,2.8178010650613294,0.0,🏆 Best Value
GR-0164,G3380NA-120,Grease,3.98,1.3,ModuleLED_Micro_8680,1.1252,0.0845,PASS,100.0,1.0407,70.37,"Shiu Li Technology Co., Ltd.",Thermal Non-Silicone Grease 120 gram Cartridge,,1.6054298910365616,0.0,🏆 Best Value
GR-0165,GF3500S35-07-60-50CC,Grease,3.88,3.6,ModuleLED_Micro_8680,1.1252,0.0305,PASS,100.0,1.0947,67.76,Bergquist,"Thermal Liquid Gap Filler, 2 Part 50cc Cartridge",,1.5851452198650557,0.0,🏆 Best Value
GR-0167,TG4040-D-30CC,Grease,6.65,3.0,ModuleLED_Micro_8680,1.1252,0.0365,PASS,100.0,1.0887,68.06,t-Global Technology,Thermal Silicone Putty 30cc Syringe,,2.0347056478384444,0.0,🏆 Best Value
GR-0168,S-PUTTY2-100,Grease,5.04,6.0,ModuleLED_Micro_8680,1.1252,0.0183,PASS,100.0,1.1069,67.17,"Shiu Li Technology Co., Ltd.",Thermal Silicone Putty 100 gram Cartridge,,1.7984040119467235,0.0,🏆 Best Value
GR-0169,GF3500S35-00-60-50CC,Grease,4.06,3.6,ModuleLED_Micro_8680,1.1252,0.0304,PASS,100.0,1.0947,67.76,Bergquist,"Thermal Liquid Gap Filler, 2 Part 50cc Cartridge",,1.6213664832993742,0.0,🏆 Best Value
GR-0170,65-00-GEL75VT-0010,Grease,20.32,7.5,ModuleLED_Micro_8680,1.1252,0.0146,PASS,100.0,1.1105,67.0,Parker Chomerics,Thermal Silicone Gel 10cc Syringe,,3.0596455992976437,0.0,🏆 Best Value
GR-0171,65-02-GEL50TBL-0030,Grease,6.79,5.0,ModuleLED_Micro_8680,1.1252,0.0218,PASS,100.0,1.1033,67.35,Parker Chomerics,Thermal Silicone Gel 30cc Syringe,,2.052840859882657,0.0,🏆 Best Value
GR-0172,GL-20-10,Grease,20.5,3.5,ModuleLED_Micro_8680,1.1252,0.0314,PASS,100.0,1.0938,67.81,Wakefield Thermal,"Thermal Interface Products ulTIMiFlux Gel, 10cc Syringe, Pink, 20g/m Flow Rate, 0.004"", 3.5w/mK",,3.068052935133617,0.0,🏆 Best Value
GR-0173,TG-N4000-30CC,Grease,6.87,4.0,ModuleLED_Micro_8680,1.1252,0.0274,PASS,100.0,1.0978,67.61,t-Global Technology,Thermal Non-Silicone Putty 30cc Syringe,,2.063058062429312,0.0,🏆 Best Value
GR-0174,A18835-01,Grease,4.13,5.4,ModuleLED_Micro_8680,1.1252,0.0203,PASS,100.0,1.1049,67.27,Laird Technologies - Thermal Materials,Thermal Liquid Gap Filler 50cc Cartridge,,1.6351056591826783,0.0,🏆 Best Value
GR-0176,TC4-20G,Grease,26.04,79.0,ModuleLED_Micro_8680,1.1252,0.0014,PASS,100.0,1.1238,66.35,Chip Quik Inc.,"Thermal Thermal Compound, Liquid Metal 20 gram Syringe",,3.2973172511747633,0.0,🏆 Best Value
GR-0177,65-02-GEL50VT-0030,Grease,6.98,5.2,ModuleLED_Micro_8680,1.1252,0.0211,PASS,100.0,1.1041,67.31,Parker Chomerics,Thermal Silicone Gel 30cc Syringe,,2.0769384114617173,0.0,🏆 Best Value
GR-0178,8327GL6-30ML,Grease,7.05,6.0,ModuleLED_Micro_8680,1.1252,0.0182,PASS,100.0,1.1069,67.17,MG Chemicals,Thermal Non-Silicone Gel 30 ml Cartridge,,2.085672091430472,0.0,🏆 Best Value
GR-0179,H-PUTTY2-100,Grease,5.31,6.0,ModuleLED_Micro_8680,1.1252,0.0183,PASS,100.0,1.1068,67.17,"Shiu Li Technology Co., Ltd.",Thermal Silicone Putty 100 gram Cartridge,,1.8421356765531218,0.0,🏆 Best Value
GR-0180,TC4-20G,Grease,26.74,79.0,ModuleLED_Micro_8680,1.1252,0.0014,PASS,100.0,1.1238,66.35,Chip Quik,Thermal Interface Products Heat Sink Thermal Compound - Deep-Space Liquid Metal 79 W/mK 20g/3cc Syringe,,3.3228754148866853,0.0,🏆 Best Value
GR-0181,65-02-GEL20-0030,Grease,7.15,2.4,ModuleLED_Micro_8680,1.1252,0.0458,PASS,100.0,1.0794,68.5,Parker Chomerics,Thermal Gel Gap Filler 30cc Cartridge,,2.0980179272527715,0.0,🏆 Best Value
GR-0183,X-PUTTY-100-KIT,Grease,5.61,3.0,ModuleLED_Micro_8680,1.1252,0.0366,PASS,100.0,1.0886,68.06,"Shiu Li Technology Co., Ltd.",Thermal Silicone Putty 100 gram Cartridge,,1.888583653863595,0.0,🏆 Best Value
GR-0184,A17170-01,Grease,2.99,3.7,ModuleLED_Micro_8680,1.1252,0.0296,PASS,100.0,1.0956,67.72,Laird Technologies - Thermal Materials,Thermal Silicone Compound 75cc Cartridge,,1.3837912309017721,0.0,🏆 Best Value
GR-0187,65-00-GEL75-0010,Grease,22.96,7.5,ModuleLED_Micro_8680,1.1252,0.0146,PASS,100.0,1.1105,67.0,Parker Chomerics,Thermal Silicone Gel 10cc Syringe,,3.1763857732472487,0.0,🏆 Best Value
GR-0191,G3380D-100,Grease,6.0,6.0,ModuleLED_Micro_8680,1.1252,0.0183,PASS,100.0,1.1069,67.17,"Shiu Li Technology Co., Ltd.",Thermal Silicone Grease 100 gram Cartridge,,1.9459101490553132,0.0,🏆 Best Value
GR-0192,EPDM20-135,Grease,4.81,2.2,ModuleLED_Micro_8680,1.1252,0.0498,PASS,100.0,1.0754,68.69,"Shiu Li Technology Co., Ltd.","Thermal Liquid Gap Filler, 2 Part 50 ml Cartridges",,1.7595805708638197,0.0,🏆 Best Value
GR-0194,N-PUTTY2-100,Grease,6.19,5.0,ModuleLED_Micro_8680,1.1252,0.0219,PASS,100.0,1.1032,67.35,"Shiu Li Technology Co., Ltd.",Thermal Non-Silicone Putty 100 gram Cartridge,,1.9726911717329554,0.0,🏆 Best Value
GR-0196,CW7100,Grease,98.45,5.6,ModuleLED_Micro_8680,1.1252,0.0196,PASS,100.0,1.1056,67.24,Chemtronics,Thermal Silicone Grease 6.5 gram Syringe,,4.599655005299981,1.0,✅ Standard
GR-0197,PK223DM-110-KIT,Grease,5.84,2.0,ModuleLED_Micro_8680,1.1252,0.0548,PASS,100.0,1.0703,68.94,"Shiu Li Technology Co., Ltd.","Thermal Liquid Gap Filler, 2 Part 110 gram Cartridge",,1.922787731634459,0.0,🏆 Best Value
GR-0198,GCS-018-GS-WE-1KG,Grease,0.64,1.8,ModuleLED_Micro_8680,1.1252,0.0611,PASS,100.0,1.064,69.24,European Thermodynamics Ltd,Thermal Silicone Grease 1 kg Container,,0.49469624183610705,0.0,🏆 Best Value
GR-0199,GL-08-10,Grease,25.84,2.4,ModuleLED_Micro_8680,1.1252,0.0458,PASS,100.0,1.0794,68.49,Wakefield Thermal,"Thermal Interface Products ulTIMiFlux Gel, 10cc Syringe, Yellow, 8g/m Flow Rate, 0.015"", 2.4w/mK",,3.289893312103481,0.0,🏆 Best Value
GR-0200,S-PUTTY-100-KIT,Grease,6.49,3.5,ModuleLED_Micro_8680,1.1252,0.0314,PASS,100.0,1.0938,67.8,"Shiu Li Technology Co., Ltd.",Thermal Silicone Putty 100 gram Cartridge,,2.0135687975291283,0.0,🏆 Best Value
GR-0201,N-PUTTY-100-KIT,Grease,6.5,3.5,ModuleLED_Micro_8680,1.1252,0.0314,PASS,100.0,1.0937,67.81,"Shiu Li Technology Co., Ltd.",Thermal Non-Silicone Putty 100 gram Cartridge,,2.0149030205422647,0.0,🏆 Best Value
GR-0204,PK404DM-150,Grease,4.42,3.6,ModuleLED_Micro_8680,1.1252,0.0305,PASS,100.0,1.0946,67.76,"Shiu Li Technology Co., Ltd.","Thermal Liquid Gap Filler, 2 Part 150 gram Cartridge",,1.6900958154515549,0.0,🏆 Best Value
GR-0205,H-PUTTY-100-KIT,Grease,6.68,3.5,ModuleLED_Micro_8680,1.1252,0.0313,PASS,100.0,1.0938,67.81,"Shiu Li Technology Co., Ltd.",Thermal Silicone Putty 100 gram Cartridge,,2.038619547159581,0.0,🏆 Best Value
GR-0206,65-02-GEL75VT-0030,Grease,9.06,7.5,ModuleLED_Micro_8680,1.1252,0.0146,PASS,100.0,1.1105,67.0,Parker Chomerics,Thermal Silicone Gel 30cc Cartridge,,2.3085671646715933,0.0,🏆 Best Value
GR-0207,G3380NC-100,Grease,6.81,4.5,ModuleLED_Micro_8680,1.1252,0.0244,PASS,100.0,1.1008,67.47,"Shiu Li Technology Co., Ltd.",Thermal Non-Silicone Grease 100 gram Cartridge,,2.0554049638515948,0.0,🏆 Best Value
GR-0213,65-00-CIP60-0200,Grease,1.42,6.0,ModuleLED_Micro_8680,1.1252,0.0182,PASS,100.0,1.1069,67.17,Parker Chomerics,"Thermal Silicone Compound, 2 Part 200cc Cartridge",,0.883767540168595,0.0,🏆 Best Value
GR-0215,8617-1P,Grease,0.61,1.0,ModuleLED_Micro_8680,1.1252,0.1099,PASS,100.0,1.0153,71.61,MG Chemicals,Thermal Non-Silicone Grease 473 ml Jar,,0.4762341789963716,0.0,🏆 Best Value
GR-0218,2456616,Grease,5.82,3.5,ModuleLED_Micro_8680,1.1252,0.0313,PASS,100.0,1.0939,67.81,Bergquist,"Thermal Liquid Gap Filler, 2 Part 50cc Cartridge",,1.9198594718553708,0.0,🏆 Best Value
GR-0225,SH-PUTTY3-100,Grease,7.53,8.0,ModuleLED_Micro_8680,1.1252,0.0137,PASS,100.0,1.1115,66.95,"Shiu Li Technology Co., Ltd.",Thermal Silicone Putty 100 gram Cartridge,,2.143589361503588,0.0,🏆 Best Value
GR-0227,65-02-GEL75-0030,Grease,10.24,7.5,ModuleLED_Micro_8680,1.1252,0.0146,PASS,100.0,1.1105,67.0,Parker Chomerics,Thermal Silicone Gel 30cc Syringe,,2.419478844465545,0.0,🏆 Best Value
GR-0230,A16872-02,Grease,4.2,2.3,ModuleLED_Micro_8680,1.1252,0.0478,PASS,100.0,1.0774,68.6,Laird Technologies - Thermal Materials,Thermal Liquid Gap Filler 75cc Cartridge,,1.6486586255873816,0.0,🏆 Best Value
GR-0231,8327GL3-180ML,Grease,1.77,3.5,ModuleLED_Micro_8680,1.1252,0.0314,PASS,100.0,1.0937,67.81,MG Chemicals,Thermal Non-Silicone Gel 180 ml Cartridge,,1.0188473201992472,0.0,🏆 Best Value
GR-0234,S-PUTTY2-100-KIT,Grease,8.0,6.0,ModuleLED_Micro_8680,1.1252,0.0183,PASS,100.0,1.1069,67.18,"Shiu Li Technology Co., Ltd.",Thermal Silicone Putty 100 gram Cartridge,,2.1972245773362196,0.0,🏆 Best Value
GR-0236,H-PUTTY2-100-KIT,Grease,8.27,6.0,ModuleLED_Micro_8680,1.1252,0.0183,PASS,100.0,1.1069,67.17,"Shiu Li Technology Co., Ltd.",Thermal Silicone Putty 100 gram Cartridge,,2.2267833795777636,0.0,🏆 Best Value
GR-0237,G3380NA-120-KIT,Grease,6.9,1.3,ModuleLED_Micro_8680,1.1252,0.0847,PASS,100.0,1.0405,70.37,"Shiu Li Technology Co., Ltd.",Thermal Non-Silicone Grease 120 gram Cartridge,,2.066862759472976,0.0,🏆 Best Value
GR-0247,EPDM30-135,Grease,6.93,3.0,ModuleLED_Micro_8680,1.1252,0.0366,PASS,100.0,1.0885,68.06,"Shiu Li Technology Co., Ltd.","Thermal Liquid Gap Filler, 2 Part 50 ml Cartridges",,2.0706530356467567,0.0,🏆 Best Value
GR-0250,LF2000-00-00-30CC,Grease,11.74,2.0,ModuleLED_Micro_8680,1.1252,0.0548,PASS,100.0,1.0704,68.95,Bergquist Company,"Thermal Interface Products 1-Part, Liquid Formable Material, 30CC Cartridge, 2 W/m-K, Liqui-Form",,2.5447466501440172,0.0,🏆 Best Value
GR-0251,TG-N4000-55CC,Grease,6.41,4.0,ModuleLED_Micro_8680,1.1252,0.0273,PASS,100.0,1.0978,67.61,t-Global Technology,Thermal Non-Silicone Putty 55cc Syringe,,2.0028304393079956,0.0,🏆 Best Value
GR-0252,A17170-02,Grease,1.97,3.7,ModuleLED_Micro_8680,1.1252,0.0297,PASS,100.0,1.0955,67.73,Laird Technologies - Thermal Materials,Thermal Silicone Compound 180cc Cartridge,,1.0885619528146082,0.0,🏆 Best Value
GR-0253,TG-A7000-55CC,Grease,7.09,7.0,ModuleLED_Micro_8680,1.1252,0.0157,PASS,100.0,1.1095,67.05,t-Global Technology,Thermal Silicone Putty 50cc Syringe,,2.0906287310704004,0.0,🏆 Best Value
GR-0254,GCS-NSP30-100ML,Grease,3.55,3.0,ModuleLED_Micro_8680,1.1252,0.0366,PASS,100.0,1.0885,68.06,European Thermodynamics Ltd,Thermal Non-Silicone Putty 100 ml Syringe,,1.5151272329628591,0.0,🏆 Best Value
GR-0255,TG-N8000-30CC,Grease,11.91,8.0,ModuleLED_Micro_8680,1.1252,0.0137,PASS,100.0,1.1115,66.95,t-Global Technology,Thermal Non-Silicone Putty 30cc Syringe,,2.558002204858551,0.0,🏆 Best Value
GR-0258,N-PUTTY2-100-KIT,Grease,9.15,5.0,ModuleLED_Micro_8680,1.1252,0.0219,PASS,100.0,1.1032,67.35,"Shiu Li Technology Co., Ltd.",Thermal Non-Silicone Putty 100 gram Cartridge,,2.3174737054877963,0.0,🏆 Best Value
GR-0261,TC2-50G,Grease,18.81,4.3,ModuleLED_Micro_8680,1.1252,0.0255,PASS,100.0,1.0996,67.52,Chip Quik Inc.,Thermal Silicone Compound 50 gram Jar,,2.9861868607104594,0.0,🏆 Best Value
GR-0263,8618-85ML,Grease,4.44,6.0,ModuleLED_Micro_8680,1.1252,0.0183,PASS,100.0,1.1069,67.17,MG Chemicals,Thermal Non-Silicone Grease 85 ml Syringe,,1.6937790608678513,0.0,🏆 Best Value
GR-0265,EPDM20-135-KIT,Grease,7.61,2.2,ModuleLED_Micro_8680,1.1252,0.0498,PASS,100.0,1.0753,68.71,"Shiu Li Technology Co., Ltd.","Thermal Liquid Gap Filler, 2 Part 50 ml Cartridges",,2.1529243184396396,0.0,🏆 Best Value
GR-0266,GCS-NSP75 - 50ML,Grease,7.67,7.5,ModuleLED_Micro_8680,1.1252,0.0146,PASS,100.0,1.1106,67.0,European Thermodynamics Ltd,Thermal Non-Silicone Putty 50 ml Syringe,,2.1598687907924505,0.0,🏆 Best Value
GR-0270,G3380D-100-KIT,Grease,9.69,6.0,ModuleLED_Micro_8680,1.1252,0.0183,PASS,100.0,1.1069,67.17,"Shiu Li Technology Co., Ltd.",Thermal Silicone Grease 100 gram Cartridge,,2.3693087250369538,0.0,🏆 Best Value
GR-0271,2292097,Grease,8.0,3.5,ModuleLED_Micro_8680,1.1252,0.0313,PASS,100.0,1.0938,67.8,Bergquist,"Thermal Silicone Compound, 2 Part 50cc Cartridge",,2.1972245773362196,0.0,🏆 Best Value
GR-0275,PK404DM-150-KIT,Grease,6.76,3.6,ModuleLED_Micro_8680,1.1252,0.0305,PASS,100.0,1.0947,67.77,"Shiu Li Technology Co., Ltd.","Thermal Liquid Gap Filler, 2 Part 150 gram Cartridge",,2.048982334195127,0.0,🏆 Best Value
GR-0276,S-PUTTY5-100,Grease,13.64,10.0,ModuleLED_Micro_8680,1.1252,0.0109,PASS,100.0,1.1142,66.82,"Shiu Li Technology Co., Ltd.",Thermal Silicone Putty 30cc Tube,,2.6837575085331657,0.0,🏆 Best Value
GR-0277,G3380NC-100-KIT,Grease,10.31,4.5,ModuleLED_Micro_8680,1.1252,0.0243,PASS,100.0,1.1008,67.47,"Shiu Li Technology Co., Ltd.",Thermal Non-Silicone Grease 100 gram Cartridge,,2.425687290128029,0.0,🏆 Best Value
GR-0280,D2000-140,Grease,7.52,2.0,ModuleLED_Micro_8680,1.1252,0.0549,PASS,100.0,1.0703,68.95,"Shiu Li Technology Co., Ltd.","Thermal Silicone Grease, 2 Part 140 gram Cartridge",,2.1424163408412245,0.0,🏆 Best Value
GR-0281,SH-PUTTY3-100-KIT,Grease,10.68,8.0,ModuleLED_Micro_8680,1.1252,0.0137,PASS,100.0,1.1115,66.95,"Shiu Li Technology Co., Ltd.",Thermal Silicone Putty 100 gram Cartridge,,2.457877977400081,0.0,🏆 Best Value
GR-0285,2167388,Grease,8.81,3.5,ModuleLED_Micro_8680,1.1252,0.0314,PASS,100.0,1.0938,67.81,Bergquist,"Thermal Silicone Compound, 2 Part 50cc Cartridge",,2.2834022735772717,0.0,🏆 Best Value
GR-0286,A17262-01,Grease,8.82,6.4,ModuleLED_Micro_8680,1.1252,0.0171,PASS,100.0,1.1081,67.12,Laird Technologies - Thermal Materials,Thermal Silicone Gap Filler 50cc Cartridge,,2.2844211223663744,0.0,🏆 Best Value
GR-0292,TG-N8000-55CC,Grease,8.37,8.0,ModuleLED_Micro_8680,1.1252,0.0137,PASS,100.0,1.1115,66.95,t-Global Technology,Thermal Non-Silicone Putty 55cc Syringe,,2.2375130962503307,0.0,🏆 Best Value
GR-0294,PK605DM-160,Grease,7.52,5.0,ModuleLED_Micro_8680,1.1252,0.0219,PASS,100.0,1.1032,67.35,"Shiu Li Technology Co., Ltd.","Thermal Liquid Gap Filler, 2 Part 160 gram Cartridge",,2.1424163408412245,0.0,🏆 Best Value
GR-0295,2179547,Grease,9.68,3.5,ModuleLED_Micro_8680,1.1252,0.0313,PASS,100.0,1.0938,67.81,Bergquist,"Thermal Silicone Compound, 2 Part 50cc Cartridge",,2.3683728335320486,0.0,🏆 Best Value
GR-0296,EPDM30-135-KIT,Grease,9.74,3.0,ModuleLED_Micro_8680,1.1252,0.0366,PASS,100.0,1.0886,68.06,"Shiu Li Technology Co., Ltd.","Thermal Liquid Gap Filler, 2 Part 50 ml Cartridges",,2.3739750890807185,0.0,🏆 Best Value
GR-0298,S-PUTTY5-100-KIT,Grease,16.28,10.0,ModuleLED_Micro_8680,1.1252,0.011,PASS,100.0,1.1142,66.82,"Shiu Li Technology Co., Ltd.",Thermal Silicone Putty 30cc Tube,,2.8495497633759097,0.0,🏆 Best Value
GR-0299,A16872-03,Grease,2.74,2.3,ModuleLED_Micro_8680,1.1252,0.0476,PASS,100.0,1.0776,68.6,Laird Technologies - Thermal Materials,Thermal Liquid Gap Filler 180cc Cartridge,,1.3190856114264407,0.0,🏆 Best Value
GR-0302,65-00-GREASE15-0160,Grease,3.13,1.5,ModuleLED_Micro_8680,1.1252,0.073,PASS,100.0,1.0522,69.82,Parker Chomerics,Thermal Silicone Grease 160cc Container,,1.4182774069729414,0.0,🏆 Best Value
GR-0311,TT3000-150,Grease,8.4,6.0,ModuleLED_Micro_8680,1.1252,0.0183,PASS,100.0,1.1069,67.17,"Shiu Li Technology Co., Ltd.",Thermal Silicone Grease 150 gram Cartridge,,2.2407096892759584,0.0,🏆 Best Value
GR-0312,DP-100,Grease,17.06,6.5,ModuleLED_Micro_8680,1.1252,0.0169,PASS,100.0,1.1083,67.1,Taica,"Thermal Interface Products Thermal Conductive GEL, 6.5W/mK, 5.0kV/mm, 30ml Syringe, Lamda Gel DP",,2.8936995479888394,0.0,🏆 Best Value
GR-0313,LF3500-00-00-30CC,Grease,17.26,3.5,ModuleLED_Micro_8680,1.1252,0.0313,PASS,100.0,1.0938,67.8,Bergquist Company,"Thermal Interface Products 1-Part, Liquid Formable Material, 30CC Cartridge, 3.5 W/m-K, Liqui-Form",,2.9047128751668225,0.0,🏆 Best Value
GR-0315,127-12-10,Grease,1307.58,12.0,ModuleLED_Micro_8680,1.1252,0.0091,PASS,100.0,1.116,66.73,Wakefield Thermal Solutions,Thermal Non-Silicone Grease 1 gram Syringe,,7.17669785880975,1.0,✅ Standard
GR-0316,127-12-10,Grease,52.3,12.0,ModuleLED_Micro_8680,1.1252,0.0092,PASS,100.0,1.116,66.73,Wakefield Thermal,"Thermal Interface Products Thermal Grease, Extreme Performance, Non-Silicone, 12 W/m-K, 10cc Syringe",,3.975936331171799,1.0,✅ Standard
GR-0317,65-00-GREASE30-0160,Grease,3.29,3.0,ModuleLED_Micro_8680,1.1252,0.0366,PASS,100.0,1.0886,68.05,Parker Chomerics,Thermal Silicone Grease 160cc Container,,1.4562867329399256,0.0,🏆 Best Value
GR-0318,127-20-10,Grease,1362.89,20.0,ModuleLED_Micro_8680,1.1252,0.0055,PASS,100.0,1.1197,66.55,Wakefield Thermal Solutions,Thermal Non-Silicone Grease 1 gram Syringe,,7.2180961899901215,1.0,✅ Standard
GR-0319,127-20-10,Grease,54.52,20.0,ModuleLED_Micro_8680,1.1252,0.0055,PASS,100.0,1.1197,66.55,Wakefield Thermal,"Thermal Interface Products Thermal Grease, Extreme Performance, Non-Silicone, 20 W/m-K, 10cc Syringe",,4.016743316198549,1.0,✅ Standard
GR-0321,65-00-GREASE50-0160,Grease,3.45,5.0,ModuleLED_Micro_8680,1.1252,0.0219,PASS,100.0,1.1032,67.35,Parker Chomerics,Thermal Silicone Grease 160cc Container,,1.4929040961781488,0.0,🏆 Best Value
GR-0322,A14855-02,Grease,1.38,1.2,ModuleLED_Micro_8680,1.1252,0.0911,PASS,100.0,1.034,70.72,Laird Technologies,Thermal Interface Products Tgrease 1500 1kg 1.2 W/mK,,0.8671004876833833,0.0,🏆 Best Value
GR-0324,A18560-09,Grease,18.48,9.1,ModuleLED_Micro_8680,1.1252,0.0121,PASS,100.0,1.1131,66.87,Laird Technologies - Thermal Materials,Thermal Liquid Gap Filler 30cc Cartridge,,2.969388298214389,0.0,🏆 Best Value
GR-0325,A18835-02,Grease,2.79,5.4,ModuleLED_Micro_8680,1.1252,0.0204,PASS,100.0,1.1048,67.27,Laird Technologies - Thermal Materials,Thermal Liquid Gap Filler 200cc Cartridge,,1.332366019094335,0.0,🏆 Best Value
GR-0326,D2000-140-KIT,Grease,10.02,2.0,ModuleLED_Micro_8680,1.1252,0.0551,PASS,100.0,1.0701,68.95,"Shiu Li Technology Co., Ltd.","Thermal Silicone Grease, 2 Part 140 gram Cartridge",,2.3997118037247684,0.0,🏆 Best Value
GR-0331,65-00-GREASE70-0160,Grease,3.55,7.0,ModuleLED_Micro_8680,1.1252,0.0156,PASS,100.0,1.1095,67.05,Parker Chomerics,Thermal Silicone Grease 160cc Container,,1.5151272329628591,0.0,🏆 Best Value
GR-0334,A10548-5,Grease,5.92,3.0,ModuleLED_Micro_8680,1.1252,0.0366,PASS,100.0,1.0886,68.06,Laird Technologies - Thermal Materials,Thermal Silicone Putty 100cc Jar,,1.9344157696295783,0.0,🏆 Best Value
GR-0336,TLF6000HG-00-00-150CC,Grease,3.35,6.0,ModuleLED_Micro_8680,1.1252,0.0183,PASS,100.0,1.1069,67.17,Bergquist Company,"Thermal Interface Products Conductive, 1-Part, Liquid Formable, 180ml Cartridge, 6 W/m-K, Liqui-Form",,1.4701758451005928,0.0,🏆 Best Value
GR-0337,65-01-GEL37-0180,Grease,3.37,3.7,ModuleLED_Micro_8680,1.1252,0.0297,PASS,100.0,1.0955,67.72,Parker Chomerics,Thermal Silicone Gel 180cc Syringe,,1.4747630091074988,0.0,🏆 Best Value
GR-0338,TGF3000SF-00-1500-200CC,Grease,3.03,3.0,ModuleLED_Micro_8680,1.1252,0.0365,PASS,100.0,1.0886,68.05,Bergquist Company,"Thermal Interface Products Gap Filler, 2-Part, Sil-Free, Room Temp Cure, 3W/mK, 200ml Cartridge, TGF3000SF",,1.3937663759585917,0.0,🏆 Best Value
GR-0339,PK605DM-160-KIT,Grease,9.71,5.0,ModuleLED_Micro_8680,1.1252,0.022,PASS,100.0,1.1032,67.35,"Shiu Li Technology Co., Ltd.","Thermal Liquid Gap Filler, 2 Part 160 gram Cartridge",,2.3711778844596574,0.0,🏆 Best Value
GR-0340,GF4500CVO-00-240-200CC,Grease,3.14,4.5,ModuleLED_Micro_8680,1.1252,0.0243,PASS,100.0,1.1009,67.46,Bergquist Company,"Thermal Interface Products Liquid Gap-Filling Material, 2-Part, 4.5W/m-K, 200ml Cartridge, TGF4500CVO",,1.420695787837223,0.0,🏆 Best Value
GR-0341,2624519,Grease,4.26,6.0,ModuleLED_Micro_8680,1.1252,0.0183,PASS,100.0,1.1069,67.17,Bergquist,Thermal Silicone Gel 150cc Cartridge,,1.6601310267496185,0.0,🏆 Best Value
GR-0343,GF4500CVO-00-240-400CC,Grease,1.72,4.5,ModuleLED_Micro_8680,1.1252,0.0245,PASS,100.0,1.1007,67.47,Bergquist Company,"Thermal Interface Products Liquid Gap-Filling Material, 2-Part, 4.5W/m-K, 400ml Cartridge, TGF4500CVO",,1.000631880307906,0.0,🏆 Best Value
GR-0345,65-02-GEL20-0180,Grease,4.24,2.4,ModuleLED_Micro_8680,1.1252,0.0457,PASS,100.0,1.0795,68.5,Parker Chomerics,Thermal Gel Gap Filler 180cc Cartridge,,1.6563214983329508,0.0,🏆 Best Value
GR-0346,X-PUTTY-900,Grease,2.15,3.0,ModuleLED_Micro_8680,1.1252,0.0365,PASS,100.0,1.0886,68.07,"Shiu Li Technology Co., Ltd.",Thermal Silicone Putty 900 gram Container,,1.1474024528375417,0.0,🏆 Best Value
GR-0350,A16872-04,Grease,2.2,2.3,ModuleLED_Micro_8680,1.1252,0.0477,PASS,100.0,1.0775,68.61,Laird Technologies - Thermal Materials,Thermal Liquid Gap Filler 360cc Cartridge,,1.1631508098056809,0.0,🏆 Best Value
GR-0353,65-02-GEL50VT-0180,Grease,4.57,5.2,ModuleLED_Micro_8680,1.1252,0.0212,PASS,100.0,1.104,67.31,Parker Chomerics,Thermal Silicone Gel 180cc Syringe,,1.7173950539391927,0.0,🏆 Best Value
GR-0358,PK700DM-140,Grease,17.33,7.0,ModuleLED_Micro_8680,1.1252,0.0157,PASS,100.0,1.1095,67.05,"Shiu Li Technology Co., Ltd.","Thermal Liquid Gap Filler, 2 Part 50 ml, 400 ml Cartridges",,2.9085390618516134,0.0,🏆 Best Value
GR-0360,A18578-08,Grease,11.71,9.1,ModuleLED_Micro_8680,1.1252,0.0121,PASS,100.0,1.1131,66.87,Laird Technologies - Thermal Materials,Thermal Liquid Gap Filler 75cc Cartridge,,2.542389085201363,0.0,🏆 Best Value
GR-0363,65-02-GEL75VT-0180,Grease,5.13,7.5,ModuleLED_Micro_8680,1.1252,0.0147,PASS,100.0,1.1105,67.0,Parker Chomerics,Thermal Silicone Gel 180cc Cartridge,,1.81319474994812,0.0,🏆 Best Value
GR-0366,A17064-00,Grease,2.41,1.5,ModuleLED_Micro_8680,1.1252,0.073,PASS,100.0,1.0521,69.83,Laird Technologies - Thermal Materials,Thermal Phase Change Thermal Compound 1 kg Can,,1.2267122912954254,0.0,🏆 Best Value
GR-0367,A18835-03,Grease,2.43,5.4,ModuleLED_Micro_8680,1.1252,0.0203,PASS,100.0,1.1049,67.27,Laird Technologies - Thermal Materials,Thermal Liquid Gap Filler 400cc Cartridge,,1.2325602611778486,0.0,🏆 Best Value
GR-0369,PK700DM-140-KIT,Grease,20.13,7.0,ModuleLED_Micro_8680,1.1252,0.0157,PASS,100.0,1.1095,67.05,"Shiu Li Technology Co., Ltd.","Thermal Liquid Gap Filler, 2 Part 50 ml, 400 ml Cartridges",,3.0506938316279655,0.0,🏆 Best Value
GR-0370,GCS-040-GNS-1KG,Grease,2.55,4.0,ModuleLED_Micro_8680,1.1252,0.0274,PASS,100.0,1.0978,67.62,European Thermodynamics Ltd,Thermal Non-Silicone Grease 1 kg Container,,1.2669476034873244,0.0,🏆 Best Value
GR-0371,GF3500S35-00-60-400CC,Grease,2.57,3.6,ModuleLED_Micro_8680,1.1252,0.0304,PASS,100.0,1.0948,67.76,Bergquist,"Thermal Liquid Gap Filler, 2 Part 400cc Cartridge",,1.2725655957915476,0.0,🏆 Best Value
GR-0374,TG4040-D-1000,Grease,2.71,3.0,ModuleLED_Micro_8680,1.1252,0.0366,PASS,100.0,1.0886,68.06,t-Global Technology,Thermal Silicone Putty 1 kg Container,,1.3110318766193438,0.0,🏆 Best Value
GR-0376,S-PUTTY-950,Grease,2.97,3.5,ModuleLED_Micro_8680,1.1252,0.0314,PASS,100.0,1.0937,67.81,"Shiu Li Technology Co., Ltd.",Thermal Silicone Putty 950 gram Container,,1.3787660946990992,0.0,🏆 Best Value
GR-0385,H-PUTTY-950,Grease,3.13,3.5,ModuleLED_Micro_8680,1.1252,0.0312,PASS,100.0,1.094,67.8,"Shiu Li Technology Co., Ltd.",Thermal Silicone Putty 950 gram Container,,1.4182774069729414,0.0,🏆 Best Value
GR-0387,TGF3000SF-00-1500-400CC,Grease,2.99,3.0,ModuleLED_Micro_8680,1.1252,0.0366,PASS,100.0,1.0886,68.06,Bergquist Company,"Thermal Interface Products Gap Filler, 2-Part, Sil-Free, Room Temp Cure, 3W/mK, 400ml Cartridge, TGF3000SF",,1.3837912309017721,0.0,🏆 Best Value
GR-0388,2761872,Grease,2.99,3.0,ModuleLED_Micro_8680,1.1252,0.0365,PASS,100.0,1.0886,68.06,Bergquist,"Thermal Liquid Gap Filler, 2 Part 400cc Cartridge",,1.3837912309017721,0.0,🏆 Best Value
GR-0389,A14259-01,Grease,3.01,3.8,ModuleLED_Micro_8680,1.1252,0.029,PASS,100.0,1.0962,67.7,Laird Technologies,Thermal Interface Products Tgrease 2500 1kg 3.8W/mK Sil Free,,1.3887912413184778,0.0,🏆 Best Value
GR-0390,65-00-GEL20-0300,Grease,4.06,2.4,ModuleLED_Micro_8680,1.1252,0.0458,PASS,100.0,1.0794,68.51,Parker Chomerics,Thermal Gel Gap Filler 300cc Cartridge,,1.6213664832993742,0.0,🏆 Best Value
GR-0398,TLF10000L150CC,Grease,8.63,10.0,ModuleLED_Micro_8680,1.1252,0.011,PASS,100.0,1.1142,66.82,Bergquist Company,"Thermal Interface Products Thermally Conductive Gel Interface Material, 10 W/m-K, 150ml Cartridge",,2.2648832258100344,0.0,🏆 Best Value
GR-0402,65-00-GEL50VT-0300,Grease,4.55,5.2,ModuleLED_Micro_8680,1.1252,0.021,PASS,100.0,1.1041,67.31,Parker Chomerics,Thermal Silicone Gel 300cc Syringe,,1.713797927758343,0.0,🏆 Best Value
GR-0404,TG-N4000-330CC,Grease,4.27,4.0,ModuleLED_Micro_8680,1.1252,0.0275,PASS,100.0,1.0977,67.61,t-Global Technology,Thermal Non-Silicone Putty 330cc Syringe,,1.6620303625532709,0.0,🏆 Best Value
GR-0405,TG-N4000-1000,Grease,3.52,4.0,ModuleLED_Micro_8680,1.1252,0.0274,PASS,100.0,1.0977,67.62,t-Global Technology,Thermal Non-Silicone Putty 1 kg Jar,,1.5085119938441398,0.0,🏆 Best Value
GR-0406,TG6060-D-1000,Grease,3.77,6.3,ModuleLED_Micro_8680,1.1252,0.0174,PASS,100.0,1.1077,67.13,t-Global Technology,Thermal Silicone Putty 1 kg Container,,1.56234630490025,0.0,🏆 Best Value
GR-0408,TG-N909-1000,Grease,3.79,9.0,ModuleLED_Micro_8680,1.1252,0.0122,PASS,100.0,1.113,66.88,t-Global Technology,Thermal Non-Silicone Grease 1 kg Container,,1.5665304114228238,0.0,🏆 Best Value
GR-0411,TG-A7000-1000,Grease,3.9,7.0,ModuleLED_Micro_8680,1.1252,0.0157,PASS,100.0,1.1094,67.05,t-Global Technology,Thermal Silicone Putty 1 kg Container,,1.589235205116581,0.0,🏆 Best Value
GR-0412,TG-A7000-330CC,Grease,4.73,7.0,ModuleLED_Micro_8680,1.1252,0.0156,PASS,100.0,1.1095,67.05,t-Global Technology,Thermal Silicone Putty 330cc Syringe,,1.7457155307266483,0.0,🏆 Best Value
GR-0414,S-PUTTY2-985,Grease,4.1,6.0,ModuleLED_Micro_8680,1.1252,0.0183,PASS,100.0,1.1069,67.17,"Shiu Li Technology Co., Ltd.",Thermal Silicone Putty 985 gram Container,,1.62924053973028,0.0,🏆 Best Value
GR-0415,TGF 2900LVO-00-400CC,Grease,4.11,2.9,ModuleLED_Micro_8680,1.1252,0.038,PASS,100.0,1.0872,68.12,Bergquist Company,"Thermal Interface Products Gap Filler, 2-Part, 2.9 W/m-K, Silicone, 400CC Cartridge, IDH 2859942",,1.631199404215613,0.0,🏆 Best Value
GR-0418,H-PUTTY2-1000,Grease,4.24,6.0,ModuleLED_Micro_8680,1.1252,0.0183,PASS,100.0,1.1068,67.17,"Shiu Li Technology Co., Ltd.",Thermal Silicone Putty 1 kg Container,,1.6563214983329508,0.0,🏆 Best Value
GR-0420,TG-N8000-330CC,Grease,5.37,8.0,ModuleLED_Micro_8680,1.1252,0.0137,PASS,100.0,1.1114,66.95,t-Global Technology,Thermal Non-Silicone Putty 330cc Syringe,,1.851599469584072,0.0,🏆 Best Value
GR-0421,TG-N8000-1000,Grease,4.43,8.0,ModuleLED_Micro_8680,1.1252,0.0137,PASS,100.0,1.1115,66.95,t-Global Technology,Thermal Non-Silicone Putty 1 kg Jar,,1.691939133945844,0.0,🏆 Best Value
GR-0425,A18578-02,Grease,10.68,9.1,ModuleLED_Micro_8680,1.1252,0.0121,PASS,100.0,1.1131,66.87,Laird Technologies - Thermal Materials,Thermal Liquid Gap Filler 180cc Cartridge,,2.457877977400081,0.0,🏆 Best Value
GR-0437,TGF3000SF-00-1500-1200CC,Grease,2.03,3.0,ModuleLED_Micro_8680,1.1252,0.0366,PASS,100.0,1.0886,68.06,Bergquist Company,"Thermal Interface Products Gap Filler, 2-Part, Sil-Free, Room Temp Cure, 3W/mK, 1200ml Cartridge, TGF3000SF",,1.1085626195212777,0.0,🏆 Best Value
GR-0439,A14855-01,Grease,0.91,1.2,ModuleLED_Micro_8680,1.1252,0.0912,PASS,100.0,1.0339,70.71,Laird Technologies,Thermal Interface Products Tgrease 1500 7kg can 1.2 W/mK,,0.6471032420585385,0.0,🏆 Best Value
GR-0448,GF4500CVO-00-240-1200CC,Grease,2.71,4.5,ModuleLED_Micro_8680,1.1252,0.0243,PASS,100.0,1.1009,67.47,Bergquist Company,"Thermal Interface Products Liquid Gap-Filling Material, 2-Part, 4.5W/m-K, 1200ml Cartridge, TGF4500CVO",,1.3110318766193438,0.0,🏆 Best Value
GR-0457,TLF6000HG-00-00-0.7G,Grease,15691.74,6.0,ModuleLED_Micro_8680,1.1252,0.0182,PASS,100.0,1.1069,67.17,Bergquist Company,"Thermal Interface Products Conductive, 1-Part, Liquid Formable, 1 Gallon Pail, 6 W/m-K, Liqui-Form",,9.660953464004958,3.0,🏭 Industrial
GR-0470,2580287,Grease,26440.03,6.0,ModuleLED_Micro_8680,1.1252,0.0183,PASS,100.0,1.1069,67.17,Bergquist Company,"Thermal Interface Products Conductive, 1-Part, Liquid Formable, 1 Gallon, 6.0 W/m-K, Liqui-Form TLF 6000HG",,10.182672249333933,3.0,🏭 Industrial
GR-0488,2956733,Grease,12474.78,4.5,ModuleLED_Micro_8680,1.1252,0.0243,PASS,100.0,1.1009,67.46,Bergquist Company,"Thermal Interface Products Liquid Gap-Filling Material, 2-Part, 4.5W/m-K, 5 Gallon Hobbock/Pail, TGF4500CVO",,9.431544443715211,3.0,🏭 Industrial
GR-0489,GF4500CVO-00-240-6G,Grease,10395.65,4.5,ModuleLED_Micro_8680,1.1252,0.0244,PASS,100.0,1.1008,67.47,Bergquist Company,"Thermal Interface Products Liquid Gap-Filling Material, 2-Part, 4.5W/m-K, 6 Gallon Pail Kit, TGF4500CVO",,9.249238917854544,3.0,🏭 Industrial
GR-0491,LF3500-00-00-4.33G,Grease,16815.24,3.5,ModuleLED_Micro_8680,1.1252,0.0312,PASS,100.0,1.094,67.81,Bergquist Company,"Thermal Interface Products 1-Part, Liquid Formable Material, 4.33 Gallon Pail, 3.5 W/m-K, Liqui-Form",,9.730100365136675,3.0,🏭 Industrial
OT-0159,9460TC-3ML,Other,32.15,0.8,ModuleLED_Micro_8680,1.1252,0.1218,PASS,100.0,1.0033,70.92,MG Chemicals,Thermal Epoxy Adhesive 3 ml Syringe,,3.5010427166318716,1.0,✅ Standard
OT-0205,8329TCS-6ML,Other,22.09,1.4,ModuleLED_Micro_8680,1.1252,0.0696,PASS,100.0,1.0555,68.93,MG Chemicals,"Thermal Epoxy, 2 Part 6 ml Syringe",,3.139399623366404,0.0,🏆 Best Value
OT-0264,8349TFM-25ML,Other,7.43,0.9,ModuleLED_Micro_8680,1.1252,0.1083,PASS,100.0,1.0168,70.4,MG Chemicals,"Thermal Epoxy, 2 Part 25 ml Syringe",,2.131796772013764,0.0,🏆 Best Value
OT-0266,8329TFS-25ML,Other,7.53,1.2,ModuleLED_Micro_8680,1.1252,0.0812,PASS,100.0,1.0439,69.37,MG Chemicals,"Thermal Epoxy, 2 Part 25 ml Syringe",,2.143589361503588,0.0,🏆 Best Value
OT-0311,8349TFM-50ML,Other,5.33,0.9,ModuleLED_Micro_8680,1.1252,0.1083,PASS,100.0,1.0168,70.4,MG Chemicals,"Thermal Epoxy, 2 Part 50 ml Cartridges",,1.8453002361560848,0.0,🏆 Best Value
OT-0312,8329TFS-50ML,Other,5.97,1.2,ModuleLED_Micro_8680,1.1252,0.0813,PASS,100.0,1.0439,69.37,MG Chemicals,"Thermal Epoxy, 2 Part 45 ml Cartridge",,1.9416152247724325,0.0,🏆 Best Value
OT-0317,8329TCS-50ML,Other,5.59,1.4,ModuleLED_Micro_8680,1.1252,0.0697,PASS,100.0,1.0555,68.93,MG Chemicals,"Thermal Epoxy, 2 Part 50 ml Jar",,1.8855533485144158,0.0,🏆 Best Value
OT-0329,8349TFM-45ML,Other,7.35,0.9,ModuleLED_Micro_8680,1.1252,0.1083,PASS,100.0,1.0169,70.41,MG Chemicals,"Thermal Epoxy, 2 Part 45 ml Jar",,2.122261538862764,0.0,🏆 Best Value
OT-0349,TGF35-07870787-020,Other,27.66,3.5,ModuleLED_Micro_8680,1.1252,0.0279,PASS,100.0,1.0973,67.35,LeaderTech,Thermal Interface Products 3.5W/m-K 200*200*0.5 TGF35 Green,,3.3555024224000256,0.0,🏆 Best Value
OT-0353,TGF35-07870787-039,Other,27.66,3.5,ModuleLED_Micro_8680,1.1252,0.0278,PASS,100.0,1.0973,67.35,LeaderTech,Thermal Interface Products 3.5W/m-K 200*200*1 TGF35 Green,,3.3555024224000256,0.0,🏆 Best Value
OT-0364,2193454,Other,9.02,1.8,ModuleLED_Micro_8680,1.1252,0.0542,PASS,100.0,1.071,68.35,Bergquist,"Thermal Epoxy, 2 Part 50cc Cartridge",,2.3045830956567186,0.0,🏆 Best Value
OT-0368,EP770-1100,Other,1.15,2.5,ModuleLED_Micro_8680,1.1252,0.039,PASS,100.0,1.0861,67.77,"Shiu Li Technology Co., Ltd.","Thermal Epoxy, 2 Part 1 kg Can",,0.7654678421395714,0.0,🏆 Best Value
OT-0376,8329TCM-200ML,Other,2.44,1.4,ModuleLED_Micro_8680,1.1252,0.0696,PASS,100.0,1.0555,68.93,MG Chemicals,"Thermal Epoxy, 2 Part 200 ml Jar",,1.235471471385307,0.0,🏆 Best Value
OT-0377,8329TCS-200ML,Other,2.44,1.4,ModuleLED_Micro_8680,1.1252,0.0697,PASS,100.0,1.0555,68.93,MG Chemicals,"Thermal Epoxy, 2 Part 200 ml Jar",,1.235471471385307,0.0,🏆 Best Value
OT-0383,2194122,Other,10.01,1.8,ModuleLED_Micro_8680,1.1252,0.0542,PASS,100.0,1.071,68.35,Bergquist,"Thermal Epoxy, 2 Part 50cc Cartridge",,2.3988039507345884,0.0,🏆 Best Value
OT-0396,1188099,Other,1.07,1.34,ModuleLED_Micro_8680,1.1252,0.0727,PASS,100.0,1.0524,69.05,LOCTITE,"Thermal Epoxy, 2 Part (Order Catalyst Separately) 3 lb Container",,0.7275486072772778,0.0,🏆 Best Value
OT-0422,TGF60-07870787-039,Other,35.08,6.0,ModuleLED_Micro_8680,1.1252,0.0162,PASS,100.0,1.1089,66.91,LeaderTech,Thermal Interface Products 6W/m-K 200*200*1 TGF60 Gray,,3.585738695194423,1.0,✅ Standard
OT-0423,1188134,Other,1.57,2.78,ModuleLED_Micro_8680,1.1252,0.0351,PASS,100.0,1.0901,67.62,LOCTITE,"Thermal Epoxy, 2 Part (Order Catalyst Separately) 3 lb Container",,0.9439058989071285,0.0,🏆 Best Value
OT-0437,TGF60-07870787-020,Other,48.58,6.0,ModuleLED_Micro_8680,1.1252,0.0162,PASS,100.0,1.1089,66.91,LeaderTech,Thermal Interface Products 6W/m-K 200*200*0.5 TGF60 Gray,,3.9035875266070446,1.0,✅ Standard
OT-0457,1188135,Other,0.47,2.78,ModuleLED_Micro_8680,1.1252,0.0351,PASS,100.0,1.0901,67.62,LOCTITE,"Thermal Epoxy, 2 Part (Order Catalyst Separately) 20 lb Container",,0.3852624007906449,0.0,🏆 Best Value
OT-0523,TGF3000SF-00-1500-7GAL,Other,12622.86,3.0,ModuleLED_Micro_8680,1.1252,0.0325,PASS,100.0,1.0927,67.52,Bergquist Company,"Thermal Interface Products Gap Filler, 2-Part, Sil-Free, Room Temp Cure, 3W/mK, 7 Gallon Pail, TGF3000SF",,9.443343953036836,3.0,🏭 Industrial
TP-0001,TG-A1250-5-5-1.0,Thermal Pad,133.8,12.5,ModuleLED_Micro_8680,1.1252,0.078,PASS,100.0,1.0471,69.47,t-Global Technology,Thermal Pad Green 5.00mm x 5.00mm Square,1.0,4.9037921984782065,1.0,✅ Standard
TP-0002,TG-A2200-5-5-2.0,Thermal Pad,133.8,2.2,ModuleLED_Micro_8680,1.1252,0.8904,PASS,100.0,0.2348,102.53,t-Global Technology,Thermal Pad Gray 5.00mm x 5.00mm Square Tacky - One Side,2.01,4.9037921984782065,1.0,✅ Standard
TP-0003,TG-A6200-7.2-6.3-1.0,Thermal Pad,73.74,6.2,ModuleLED_Micro_8680,1.1252,0.1571,PASS,100.0,0.9681,72.67,t-Global Technology,Thermal Pad Blue 7.20mm x 6.30mm Rectangular Tacky - Both Sides,1.0,4.314015424057338,1.0,✅ Standard
TP-0004,TG-A2200-10-10-1.0,Thermal Pad,33.45,2.2,ModuleLED_Micro_8680,1.1252,0.4425,PASS,100.0,0.6826,84.32,t-Global Technology,Thermal Pad Gray 10.00mm x 10.00mm Square Tacky - One Side,1.0,3.539508997459668,1.0,✅ Standard
TP-0005,TG-A4500-10-10-0.5,Thermal Pad,33.45,4.5,ModuleLED_Micro_8680,1.1252,0.1083,PASS,100.0,1.0169,70.71,t-Global Technology,Thermal Pad Purple 10.00mm x 10.00mm Square Tacky - Both Sides,0.5,3.539508997459668,1.0,✅ Standard
TP-0006,TG-A6200-5-5-1.0,Thermal Pad,133.8,6.2,ModuleLED_Micro_8680,1.1252,0.1572,PASS,100.0,0.9679,72.68,t-Global Technology,Thermal Pad Blue 5.00mm x 5.00mm Square Tacky - Both Sides,1.0,4.9037921984782065,1.0,✅ Standard
TP-0008,TG-A2200-10-10-1.5,Thermal Pad,36.85,2.2,ModuleLED_Micro_8680,1.1252,0.6638,PASS,100.0,0.4613,93.33,t-Global Technology,Thermal Pad Gray 10.00mm x 10.00mm Square Tacky - One Side,1.5,3.6336309798834576,1.0,✅ Standard
TP-0009,TG-A6200-10-10-0.5,Thermal Pad,40.14,6.2,ModuleLED_Micro_8680,1.1252,0.0786,PASS,100.0,1.0465,69.49,t-Global Technology,Thermal Pad Blue 10.00mm x 10.00mm Square Tacky - Both Sides,0.5,3.716980884224811,1.0,✅ Standard
TP-0012,TG-A2200-10-10-2.0,Thermal Pad,43.54,2.2,ModuleLED_Micro_8680,1.1252,0.89,PASS,100.0,0.2352,102.53,t-Global Technology,Thermal Pad Gray 10.00mm x 10.00mm Square Tacky - One Side,2.01,3.7963876618292214,1.0,✅ Standard
TP-0013,TG-ALC-15-15-0.2-0,Thermal Pad,19.35,4.2,ModuleLED_Micro_8680,1.1252,0.0463,PASS,100.0,1.0788,68.18,t-Global Technology,Thermal Pad Green 15.00mm x 15.00mm Square Tacky - Both Sides,0.2,3.013080911888604,0.0,🏆 Best Value
TP-0014,TG-A3500-10-10-2.0,Thermal Pad,43.54,3.5,ModuleLED_Micro_8680,1.1252,0.5594,PASS,100.0,0.5658,89.09,t-Global Technology,Thermal Pad Yellow 10.00mm x 10.00mm Square Tacky - Both Sides,2.01,3.7963876618292214,1.0,✅ Standard
TP-0015,SPK4-0.006-00-58,Thermal Pad,19.36,0.9,ModuleLED_Micro_8680,1.1252,0.1624,PASS,100.0,0.9628,72.9,Bergquist,Thermal Pad Gray 19.05mm x 12.70mm Rectangular,0.15,3.013572191682322,0.0,🏆 Best Value
TP-0016,T62-1-15-15-0.16,Thermal Pad,20.81,15.0,ModuleLED_Micro_8680,1.1252,0.0104,PASS,100.0,1.1148,66.71,t-Global Technology,Thermal Pad Black 15.00mm x 15.00mm Square Adhesive - One Side,0.16,3.0823685802135374,0.0,🏆 Best Value
TP-0017,DC0011/08-TG-A373F-0.25-2A,Thermal Pad,20.76,1.4,ModuleLED_Micro_8680,1.1252,0.1739,PASS,100.0,0.9512,73.37,t-Global Technology,Thermal Pad Yellow 19.05mm x 12.70mm Rectangular Adhesive - Both Sides,0.25,3.080073421987742,0.0,🏆 Best Value
TP-0018,Q3-0.005-00-104,Thermal Pad,11.06,2.0,ModuleLED_Micro_8680,1.1252,0.0633,PASS,100.0,1.0619,68.86,Bergquist,Thermal Pad Black 25.40mm x 19.05mm Rectangular,0.13,2.4898941912990393,0.0,🏆 Best Value
TP-0019,TG-A6200-10-5-2.0,Thermal Pad,107.04,6.2,ModuleLED_Micro_8680,1.1252,0.3161,PASS,100.0,0.809,79.19,t-Global Technology,Thermal Pad Blue 10.00mm x 5.00mm Rectangular Tacky - Both Sides,2.01,4.682501528924415,1.0,✅ Standard
TP-0020,Q3-0.005-00-51,Thermal Pad,22.86,2.0,ModuleLED_Micro_8680,1.1252,0.0634,PASS,100.0,1.0618,68.87,Bergquist,Thermal Pad Black 17.45mm x 14.27mm Rectangular,0.13,3.17220341666977,0.0,🏆 Best Value
TP-0021,TG-A3500-10-10-3.0,Thermal Pad,60.21,3.5,ModuleLED_Micro_8680,1.1252,0.8357,PASS,100.0,0.2895,100.29,t-Global Technology,Thermal Pad Yellow 10.00mm x 10.00mm Square Tacky - Both Sides,3.0,4.114310574862978,1.0,✅ Standard
TP-0022,TG-A6200-10-10-1.0,Thermal Pad,60.21,6.2,ModuleLED_Micro_8680,1.1252,0.1571,PASS,100.0,0.9681,72.7,t-Global Technology,Thermal Pad Blue 10.00mm x 10.00mm Square Tacky - Both Sides,1.0,4.114310574862978,1.0,✅ Standard
TP-0023,SP600-90,Thermal Pad,16.29,1.0,ModuleLED_Micro_8680,1.1252,0.2244,PASS,100.0,0.9007,75.42,Bergquist,Thermal Pad Green 21.84mm x 18.80mm Rectangular,0.23,2.850128299695199,0.0,🏆 Best Value
TP-0024,TG-A1250-10-10-0.5,Thermal Pad,66.9,12.5,ModuleLED_Micro_8680,1.1252,0.039,PASS,100.0,1.0862,67.87,t-Global Technology,Thermal Pad Green 10.00mm x 10.00mm Square,0.5,4.21803603456465,1.0,✅ Standard
TP-0025,TG-A2200-15-15-1.0,Thermal Pad,29.73,2.2,ModuleLED_Micro_8680,1.1252,0.4435,PASS,100.0,0.6817,84.35,t-Global Technology,Thermal Pad Gray 15.00mm x 15.00mm Square Tacky - One Side,1.0,3.425239376142393,1.0,✅ Standard
TP-0026,TG-A4500-10-10-2.0,Thermal Pad,66.9,4.5,ModuleLED_Micro_8680,1.1252,0.435,PASS,100.0,0.6902,84.0,t-Global Technology,Thermal Pad Purple 10.00mm x 10.00mm Square Tacky - Both Sides,2.01,4.21803603456465,1.0,✅ Standard
TP-0029,SP400-0.009-00-58,Thermal Pad,29.06,0.9,ModuleLED_Micro_8680,1.1252,0.2492,PASS,100.0,0.876,76.43,Bergquist,Thermal Pad Gray 19.05mm x 12.70mm Rectangular,0.23,3.4031953843248286,1.0,✅ Standard
TP-0030,SP400-0.009-00-54,Thermal Pad,29.06,0.9,ModuleLED_Micro_8680,1.1252,0.2494,PASS,100.0,0.8758,76.44,Bergquist,Thermal Pad Gray 19.05mm x 12.70mm Rectangular,0.23,3.4031953843248286,1.0,✅ Standard
TP-0031,SP400-0.007-00-54,Thermal Pad,30.42,0.9,ModuleLED_Micro_8680,1.1252,0.1949,PASS,100.0,0.9303,74.24,Bergquist,Thermal Pad Gray 19.05mm x 12.70mm Rectangular,0.18,3.4474446328274753,1.0,✅ Standard
TP-0032,TG-A6200-11-11-1.0,Thermal Pad,60.82,6.2,ModuleLED_Micro_8680,1.1252,0.1572,PASS,100.0,0.9679,72.69,t-Global Technology,Thermal Pad Blue 11.00mm x 11.00mm Square Tacky - Both Sides,1.0,4.124226936703971,1.0,✅ Standard
TP-0033,TG-A3500-10-10-4.0,Thermal Pad,73.59,3.5,ModuleLED_Micro_8680,1.1252,1.1108,FAIL,57.94,0.0144,111.57,t-Global Technology,Thermal Pad Yellow 10.00mm x 10.00mm Square Tacky - Both Sides,3.99,4.312006449967072,1.0,✅ Standard
TP-0034,LI98-28-28-0.25,Thermal Pad,9.39,1.0,ModuleLED_Micro_8680,1.1252,0.2434,PASS,100.0,0.8818,76.19,t-Global Technology,Thermal Pad White 28.00mm x 28.00mm Square Adhesive - Both Sides,0.25,2.340843805111136,0.0,🏆 Best Value
TP-0035,TG-T1000-10-10-0.25-5PT,Thermal Pad,73.59,1.0,ModuleLED_Micro_8680,1.1252,0.2437,PASS,100.0,0.8814,76.21,t-Global Technology,Thermal Pad White 10.00mm x 10.00mm Square Adhesive - Both Sides,0.25,4.312006449967072,1.0,✅ Standard
TP-0037,SP400-0.007-AC-54,Thermal Pad,31.82,0.9,ModuleLED_Micro_8680,1.1252,0.1948,PASS,100.0,0.9303,74.23,Bergquist,Thermal Pad Gray 19.05mm x 12.70mm Rectangular Adhesive - One Side,0.18,3.4910380856619447,1.0,✅ Standard
TP-0038,TG-A9000-10-10-1.0,Thermal Pad,76.99,9.0,ModuleLED_Micro_8680,1.1252,0.1084,PASS,100.0,1.0168,70.69,t-Global Technology,Thermal Pad Pink 10.00mm x 10.00mm Square,1.0,4.356580613342406,1.0,✅ Standard
TP-0042,SP400-0.007-00-104,Thermal Pad,17.29,0.9,ModuleLED_Micro_8680,1.1252,0.1946,PASS,100.0,0.9305,74.24,Bergquist,Thermal Pad Gray 25.40mm x 19.05mm Rectangular,0.18,2.906354462402774,0.0,🏆 Best Value
TP-0043,T62-30-30-0.13,Thermal Pad,9.3,20.0,ModuleLED_Micro_8680,1.1252,0.0063,PASS,100.0,1.1188,66.55,t-Global Technology,Thermal Pad Black 30.00mm x 30.00mm Square,0.13,2.33214389523559,0.0,🏆 Best Value
TP-0044,TG-A6200-15-15-0.5,Thermal Pad,37.19,6.2,ModuleLED_Micro_8680,1.1252,0.0786,PASS,100.0,1.0465,69.5,t-Global Technology,Thermal Pad Blue 15.00mm x 15.00mm Square Tacky - Both Sides,0.5,3.6425737012374246,1.0,✅ Standard
TP-0045,TG-A3500-10-10-5.0,Thermal Pad,86.97,3.5,ModuleLED_Micro_8680,1.1252,1.392,FAIL,0.0,-0.2668,122.96,t-Global Technology,Thermal Pad Yellow 10.00mm x 10.00mm Square Tacky - Both Sides,5.0,4.476995847264583,2.0,❌ Avoid
TP-0046,SP400-0.009-00-90,Thermal Pad,22.01,0.9,ModuleLED_Micro_8680,1.1252,0.2491,PASS,100.0,0.8761,76.44,Bergquist,Thermal Pad Gray 21.84mm x 18.80mm Rectangular,0.23,3.1359289040472746,0.0,🏆 Best Value
TP-0047,TG-A6200-10-10-1.5,Thermal Pad,90.37,6.2,ModuleLED_Micro_8680,1.1252,0.2357,PASS,100.0,0.8894,75.88,t-Global Technology,Thermal Pad Blue 10.00mm x 10.00mm Square Tacky - Both Sides,1.5,4.514917197010529,1.0,✅ Standard
TP-0054,SP900S-0.009-AC-54,Thermal Pad,40.12,1.6,ModuleLED_Micro_8680,1.1252,0.1401,PASS,100.0,0.9851,72.01,Bergquist,Thermal Pad Pink 19.05mm x 12.70mm Rectangular Adhesive - One Side,0.23,3.7164946211469094,1.0,✅ Standard
TP-0055,SP900S-0.009-00-54,Thermal Pad,40.12,1.6,ModuleLED_Micro_8680,1.1252,0.1402,PASS,100.0,0.9849,71.99,Bergquist,Thermal Pad Pink 19.05mm x 12.70mm Rectangular,0.23,3.7164946211469094,1.0,✅ Standard
TP-0057,SP400-0.009-00-51,Thermal Pad,40.3,0.9,ModuleLED_Micro_8680,1.1252,0.2489,PASS,100.0,0.8762,76.43,Bergquist,Thermal Pad Gray 17.45mm x 14.27mm Rectangular,0.23,3.720862499966987,1.0,✅ Standard
TP-0059,TG-A1250-10-10-1.0,Thermal Pad,107.04,12.5,ModuleLED_Micro_8680,1.1252,0.078,PASS,100.0,1.0471,69.47,t-Global Technology,Thermal Pad Green 10.00mm x 10.00mm Square,1.0,4.682501528924415,1.0,✅ Standard
TP-0062,HF115AC-0.0055-AC-54,Thermal Pad,45.65,0.8,ModuleLED_Micro_8680,1.1252,0.1708,PASS,100.0,0.9544,73.24,Bergquist,Thermal Pad Gray 19.05mm x 12.70mm Rectangular Adhesive - One Side,0.14,3.8426729272933526,1.0,✅ Standard
TP-0063,1009-54,Thermal Pad,45.65,1.2,ModuleLED_Micro_8680,1.1252,0.1869,PASS,100.0,0.9382,73.91,Bergquist,Thermal Pad Pink 19.05mm x 12.70mm Rectangular,0.23,3.8426729272933526,1.0,✅ Standard
TP-0065,SPK10-0.006-00-54,Thermal Pad,48.41,1.3,ModuleLED_Micro_8680,1.1252,0.1125,PASS,100.0,1.0127,70.87,Bergquist,Thermal Pad Beige 19.05mm x 12.70mm Rectangular,0.15,3.9001528328576587,1.0,✅ Standard
TP-0066,SP900S-0.009-00-90,Thermal Pad,28.53,1.6,ModuleLED_Micro_8680,1.1252,0.1402,PASS,100.0,0.9849,71.99,Bergquist,Thermal Pad Pink 21.84mm x 18.80mm Rectangular,0.23,3.3854066957558313,1.0,✅ Standard
TP-0069,SP900S-0.009-00-104,Thermal Pad,24.89,1.6,ModuleLED_Micro_8680,1.1252,0.1402,PASS,100.0,0.985,71.99,Bergquist,Thermal Pad Pink 25.40mm x 19.05mm Rectangular,0.23,3.2538567937634464,0.0,🏆 Best Value
TP-0073,SP900S-0.009-AC-58,Thermal Pad,52.54,1.6,ModuleLED_Micro_8680,1.1252,0.1402,PASS,100.0,0.985,71.99,Bergquist,Thermal Pad Pink 19.05mm x 12.70mm Rectangular Adhesive - One Side,0.23,3.9804290380922063,1.0,✅ Standard
TP-0081,2188938,Thermal Pad,52.28,0.9,ModuleLED_Micro_8680,1.1252,0.3246,PASS,100.0,0.8005,79.56,Bergquist,"Thermal Pad Gray, Green 25.02mm x 11.00mm Round",0.3,3.9755610262321337,1.0,✅ Standard
TP-0082,TG-A1250-15-15-0.5,Thermal Pad,65.41,12.5,ModuleLED_Micro_8680,1.1252,0.039,PASS,100.0,1.0862,67.88,t-Global Technology,Thermal Pad Green 15.00mm x 15.00mm Square,0.5,4.195847647552622,1.0,✅ Standard
TP-0086,CP23-TO220-21.5-11.4-5.8-0.45,Thermal Pad,65.51,1.9,ModuleLED_Micro_8680,1.1252,0.231,PASS,100.0,0.8942,75.7,t-Global Technology,Thermal Pad Gray 21.50mm x 11.40mm x 5.80mm Rectangular,0.45,4.19735231229633,1.0,✅ Standard
TP-0097,THJP0603AST1,Thermal Pad,13873.09,70.0,ModuleLED_Micro_8680,1.1252,0.0106,PASS,100.0,1.1146,66.72,Vishay Dale Thin Film,Thermal Pad 1.55mm x 0.84mm Rectangular,0.76,9.537778350878222,3.0,🏭 Industrial
TP-0109,53-77-9G,Thermal Pad,79.73,0.9,ModuleLED_Micro_8680,1.1252,0.1625,PASS,100.0,0.9627,72.92,"Boyd Laconia, LLC","Thermal Pad Gray, Green 18.42mm x 13.21mm Rectangular",0.15,4.391110253406924,1.0,✅ Standard
TP-0122,CP33-TO247-28.5-17.5-5.8-0.45,Thermal Pad,42.92,1.9,ModuleLED_Micro_8680,1.1252,0.2308,PASS,100.0,0.8944,75.68,t-Global Technology,Thermal Pad Gray 28.50mm x 17.50mm x 5.80mm Rectangular,0.45,3.7823697972012753,1.0,✅ Standard
TP-0129,SPK10-0.006-00-58,Thermal Pad,92.65,1.3,ModuleLED_Micro_8680,1.1252,0.1125,PASS,100.0,1.0126,70.87,Bergquist,Thermal Pad Beige 19.05mm x 12.70mm Rectangular,0.15,4.539564428890097,1.0,✅ Standard
TP-0131,Q3-0.005-00-54,Thermal Pad,94.02,2.0,ModuleLED_Micro_8680,1.1252,0.0634,PASS,100.0,1.0617,68.87,Bergquist,Thermal Pad Black 19.05mm x 12.70mm Rectangular,0.13,4.554087395758775,1.0,✅ Standard
TP-0139,SPT400-12-13.5-25,Thermal Pad,69.32,0.9,ModuleLED_Micro_8680,1.1252,0.3252,PASS,100.0,0.8,79.53,Bergquist,"Thermal Pad Gray, Green 25.02mm x 13.50mm Round",0.3,4.253056253376921,1.0,✅ Standard
TP-0140,TG-A1250-15-15-1.0,Thermal Pad,104.07,12.5,ModuleLED_Micro_8680,1.1252,0.078,PASS,100.0,1.0471,69.48,t-Global Technology,Thermal Pad Green 15.00mm x 15.00mm Square,1.0,4.654626794700683,1.0,✅ Standard
TP-0143,60-11-8302-1674,Thermal Pad,103.74,1.0,ModuleLED_Micro_8680,1.1252,0.2437,PASS,100.0,0.8815,76.2,Parker Chomerics,Thermal Pad Blue 18.03mm x 12.70mm Rectangular,0.25,4.651481088851342,1.0,✅ Standard
TP-0145,SPK10-0.006-00-90,Thermal Pad,58.66,1.3,ModuleLED_Micro_8680,1.1252,0.1125,PASS,100.0,1.0127,70.87,Bergquist,Thermal Pad Beige 21.84mm x 18.80mm Rectangular,0.15,4.088661779086602,1.0,✅ Standard
TP-0148,175-6-220P,Thermal Pad,106.84,0.5,ModuleLED_Micro_8680,1.1252,0.2922,PASS,100.0,0.8329,78.18,Wakefield Thermal Solutions,Thermal Pad Gray 18.00mm x 12.70mm Rectangular,0.15,4.680648647163997,1.0,✅ Standard
TP-0150,SPK10-0.006-00-104,Thermal Pad,51.86,1.3,ModuleLED_Micro_8680,1.1252,0.1125,PASS,100.0,1.0127,70.87,Bergquist,Thermal Pad Beige 25.40mm x 19.05mm Rectangular,0.15,3.967646909176143,1.0,✅ Standard
TP-0152,53-77-4G,Thermal Pad,107.84,0.9,ModuleLED_Micro_8680,1.1252,0.1624,PASS,100.0,0.9628,72.9,"Boyd Laconia, LLC","Thermal Pad Gray, Green 19.05mm x 12.70mm Rectangular",0.15,4.689878913915045,1.0,✅ Standard
TP-0155,THJP0612AST1,Thermal Pad,7889.05,259.0,ModuleLED_Micro_8680,1.1252,0.0029,PASS,100.0,1.1223,66.4,Vishay Dale Thin Film,Thermal Pad 1.06mm x 3.20mm Rectangular,0.76,8.973357750955454,3.0,🏭 Industrial
TP-0160,HF115AC-0.0055-AC-90,Thermal Pad,66.04,0.8,ModuleLED_Micro_8680,1.1252,0.1702,PASS,100.0,0.9549,73.23,Bergquist,Thermal Pad Gray 21.84mm x 18.79mm Rectangular Adhesive - One Side,0.14,4.205289456173828,1.0,✅ Standard
TP-0164,53-77-4ACG,Thermal Pad,116.14,0.9,ModuleLED_Micro_8680,1.1252,0.1625,PASS,100.0,0.9627,72.9,"Boyd Laconia, LLC","Thermal Pad Gray, Green 19.05mm x 12.70mm Rectangular Adhesive - One Side",0.15,4.7633698006616365,1.0,✅ Standard
TP-0177,173-7-240A,Thermal Pad,125.51,1.2,ModuleLED_Micro_8680,1.1252,0.1462,PASS,100.0,0.979,72.25,Wakefield Thermal Solutions,Thermal Pad Gray 19.10mm x 12.70mm Rectangular Adhesive - One Side,0.18,4.840321356426578,1.0,✅ Standard
TP-0188,TG-APC93-20-20-2.0-0,Thermal Pad,81.13,2.0,ModuleLED_Micro_8680,1.1252,0.9795,FAIL,95.39,0.1457,106.24,t-Global Technology,Thermal Pad Gray 20.00mm x 20.00mm Square,2.01,4.408303357752101,1.0,✅ Standard
TP-0196,TG-A3500-25-25-3.0,Thermal Pad,55.13,3.5,ModuleLED_Micro_8680,1.1252,0.8365,PASS,100.0,0.2887,100.33,t-Global Technology,Thermal Pad Yellow 25.00mm x 25.00mm Square Tacky - Both Sides,3.0,4.027670428954108,1.0,✅ Standard
TP-0197,53-77-9ACG,Thermal Pad,142.97,0.9,ModuleLED_Micro_8680,1.1252,0.1624,PASS,100.0,0.9628,72.91,"Boyd Laconia, LLC","Thermal Pad Gray, Green 18.42mm x 13.21mm Rectangular Adhesive - One Side",0.15,4.969604944538264,1.0,✅ Standard
TP-0214,TG-A6200-20-20-2.0,Thermal Pad,101.2,6.2,ModuleLED_Micro_8680,1.1252,0.3163,PASS,100.0,0.8089,79.15,t-Global Technology,Thermal Pad Blue 20.00mm x 20.00mm Square Tacky - Both Sides,2.01,4.626931677769604,1.0,✅ Standard
TP-0222,SP600-104,Thermal Pad,89.87,1.0,ModuleLED_Micro_8680,1.1252,0.2241,PASS,100.0,0.9011,75.42,Bergquist,Thermal Pad Green 25.40mm x 19.05mm Rectangular,0.23,4.5094299137072555,1.0,✅ Standard
TP-0228,TG-A1250-15-15-2.0,Thermal Pad,197.75,12.5,ModuleLED_Micro_8680,1.1252,0.1567,PASS,100.0,0.9684,72.68,t-Global Technology,Thermal Pad Green 15.00mm x 15.00mm Square,2.01,5.292047753534441,1.0,✅ Standard
TP-0238,SP2000-0.015-00-104,Thermal Pad,100.93,3.5,ModuleLED_Micro_8680,1.1252,0.106,PASS,100.0,1.0192,70.6,Bergquist,Thermal Pad White 25.40mm x 19.05mm Rectangular,0.38,4.624286303180321,1.0,✅ Standard
TP-0249,TG-AH486-21-15-13.0-1A,Thermal Pad,161.6,3.2,ModuleLED_Micro_8680,1.1252,3.9576,FAIL,0.0,-2.8325,227.69,t-Global Technology,Thermal Pad Gray 21.00mm x 15.00mm Rectangular Adhesive - One Side,13.0,5.0912931971137105,2.0,❌ Avoid
TP-0255,QB0603B25WYT,Thermal Pad,45749.91,50.0,ModuleLED_Micro_8680,1.1252,0.0012,PASS,100.0,1.124,66.34,KYOCERA AVX,Thermal Pad 1.52mm x 0.76mm Rectangular,0.06,10.730966961216232,3.0,🏭 Industrial
TP-0260,TG-A1250-30-30-0.5,Thermal Pad,60.21,12.5,ModuleLED_Micro_8680,1.1252,0.039,PASS,100.0,1.0862,67.88,t-Global Technology,Thermal Pad Green 30.00mm x 30.00mm Square,0.5,4.114310574862978,1.0,✅ Standard
TP-0273,THJP1225AST1,Thermal Pad,2989.15,259.0,ModuleLED_Micro_8680,1.1252,0.0029,PASS,100.0,1.1223,66.4,Vishay Dale Thin Film,Thermal Pad 3.20mm x 6.40mm Rectangular,0.76,8.003078832350479,3.0,🏭 Industrial
TP-0277,TG-AH486-35-10-7.0-0,Thermal Pad,184.47,3.2,ModuleLED_Micro_8680,1.1252,2.1338,FAIL,0.0,-1.0086,153.32,t-Global Technology,Thermal Pad Gray 35.00mm x 10.00mm Rectangular,7.01,5.222893143901196,2.0,❌ Avoid
TP-0282,HSP-2,Thermal Pad,26.73,2.0,ModuleLED_Micro_8680,1.1252,0.0634,PASS,100.0,1.0617,68.87,Sensata-Crydom,Thermal Pad Black 57.15mm x 44.45mm Rectangular Adhesive - One Side,0.13,3.322514859627687,0.0,🏆 Best Value
TP-0283,TG-A486G-20-20-2.5-0,Thermal Pad,169.77,6.3,ModuleLED_Micro_8680,1.1252,0.3865,PASS,100.0,0.7386,82.02,t-Global Technology,Thermal Pad Gray 20.00mm x 20.00mm Square Tacky - Both Sides,2.5,5.140317621899148,1.0,✅ Standard
TP-0287,407150015050,Thermal Pad,325.6,400.0,ModuleLED_Micro_8680,1.1252,0.0122,PASS,100.0,1.113,66.78,Würth Elektronik,Thermal Pad Black 15.00mm x 15.00mm Square Adhesive - Both Sides,5.0,5.788736180536365,1.0,✅ Standard
TP-0288,407150015030,Thermal Pad,325.6,400.0,ModuleLED_Micro_8680,1.1252,0.0073,PASS,100.0,1.1178,66.58,Würth Elektronik,Thermal Pad Black 15.00mm x 15.00mm Square Adhesive - Both Sides,3.0,5.788736180536365,1.0,✅ Standard
TP-0303,TG-AH486-45-25-6.0-0,Thermal Pad,72.85,3.2,ModuleLED_Micro_8680,1.1252,1.8243,FAIL,0.0,-0.6991,140.57,t-Global Technology,Thermal Pad Gray 45.00mm x 25.00mm Rectangular,5.99,4.302036008977389,2.0,❌ Avoid
TP-0305,407150015200,Thermal Pad,367.22,400.0,ModuleLED_Micro_8680,1.1252,0.0487,PASS,100.0,1.0764,68.27,Würth Elektronik,Thermal Pad Black 15.00mm x 15.00mm Square Adhesive - Both Sides,19.99,5.90868058562906,1.0,✅ Standard
TP-0307,QB0805A40WYT,Thermal Pad,32308.5,100.0,ModuleLED_Micro_8680,1.1252,0.0099,PASS,100.0,1.1152,66.69,KYOCERA AVX,Thermal Pad 2.03mm x 1.27mm Rectangular,1.02,10.38311658361369,3.0,🏭 Industrial
TP-0308,QB0805B40WYT,Thermal Pad,32308.5,100.0,ModuleLED_Micro_8680,1.1252,0.0099,PASS,100.0,1.1152,66.69,KYOCERA AVX,Thermal Pad 2.03mm x 1.27mm Rectangular,1.02,10.38311658361369,3.0,🏭 Industrial
TP-0309,TG-AH486-25-25-9.0-0,Thermal Pad,135.41,3.2,ModuleLED_Micro_8680,1.1252,2.7377,FAIL,0.0,-1.6125,177.61,t-Global Technology,Thermal Pad Gray 25.00mm x 25.00mm Square,8.99,4.915665056505029,2.0,❌ Avoid
TP-0310,407150045015,Thermal Pad,127.36,400.0,ModuleLED_Micro_8680,1.1252,0.0037,PASS,100.0,1.1215,66.44,Würth Elektronik,Thermal Pad Black 45.00mm x 15.00mm Rectangular Adhesive - Both Sides,1.5,4.8548388162416565,1.0,✅ Standard
TP-0319,EAPUS SARCON GR-HM 10.8X10.8X0.5MM,Thermal Pad,816.21,6.0,ModuleLED_Micro_8680,1.1252,0.0813,PASS,100.0,1.0439,69.59,ADLINK Technology,"Thermal Interface Products Pad,Type=GR-Hm,Size=10.8x10.8x0.5mm,K=6W/mK,Color=Reddish Gray",0.5,6.7058960997751065,1.0,✅ Standard
TP-0320,EAPUS SARCON XR-Hl 16.5X7.5X2.0MM,Thermal Pad,769.31,1.2,ModuleLED_Micro_8680,1.1252,1.6256,FAIL,0.0,-0.5004,132.5,ADLINK Technology,"Thermal Interface Products Pad,Type=XR-HL,Size=16.5x7.5x2.0mm,K=1.2W/mK,Color=Black",2.0,6.646793031229738,2.0,❌ Avoid
TP-0321,EAPUS SARCON XR-Hl 20X10X2.5MM,Thermal Pad,476.01,1.2,ModuleLED_Micro_8680,1.1252,2.0319,FAIL,0.0,-0.9068,148.85,ADLINK Technology,"Thermal Interface Products Pad,Type=XR-HL,Size=20x10x2.5mm,K=1.2W/mK,Color=Black",2.5,6.167537455029179,2.0,❌ Avoid
TP-0322,EAPUS SARCON XR-Hl 35X11X2.5MM,Thermal Pad,247.28,1.2,ModuleLED_Micro_8680,1.1252,2.0327,FAIL,0.0,-0.9076,149.1,ADLINK Technology,"Thermal Interface Products Pad,Type=XR-HL,Size=35x11x2.5mm,K=1.2W/mK,Color=Black",2.5,5.514557141545452,2.0,❌ Avoid
TP-0323,EAPUS SARCON XR-Hl 12X14X3.0MM,Thermal Pad,566.68,1.2,ModuleLED_Micro_8680,1.1252,2.4374,FAIL,0.0,-1.3123,165.46,ADLINK Technology,"Thermal Interface Products Pad,Type=XR-HL,Size=12x14x3.0mm,K=1.2W/mK,Color=Black",3.0,6.34155787968116,2.0,❌ Avoid
TP-0325,60-11-5791-1671,Thermal Pad,385.28,2.6,ModuleLED_Micro_8680,1.1252,0.1427,PASS,100.0,0.9825,72.11,Parker Chomerics,Thermal Pad White 17.45mm x 14.28mm Rectangular,0.38,5.956562495098717,1.0,✅ Standard
TP-0326,PL-05-3-254,Thermal Pad,150.36,3.0,ModuleLED_Micro_8680,1.1252,0.1626,PASS,100.0,0.9625,72.92,Wakefield Thermal,"Thermal Interface Products ulTIMiFlux Gap Pad, Silicone, 0.5mm Thickness, 3 W/m-K, 25.4x25.4mm, Green",0.5,5.019661105303568,1.0,✅ Standard
TP-0328,60-11-8302-1671,Thermal Pad,425.12,2.6,ModuleLED_Micro_8680,1.1252,0.1426,PASS,100.0,0.9826,72.09,Parker Chomerics,Thermal Pad White 18.03mm x 12.70mm Rectangular,0.38,6.054720996742997,1.0,✅ Standard
TP-0332,TG-A1250-40-40-0.5,Thermal Pad,61.68,12.5,ModuleLED_Micro_8680,1.1252,0.039,PASS,100.0,1.0861,67.88,t-Global Technology,Thermal Pad Green 40.00mm x 40.00mm Square,0.5,4.13804241748782,1.0,✅ Standard
TP-0334,PL-05-5-254,Thermal Pad,156.58,5.0,ModuleLED_Micro_8680,1.1252,0.0975,PASS,100.0,1.0276,70.26,Wakefield Thermal,"Thermal Interface Products ulTIMiFlux Gap Pad, Silicone, 0.5mm Thickness, 5 W/m-K, 25.4x25.4mm, Gold",0.5,5.059933265817542,1.0,✅ Standard
TP-0335,PL-05-3-254-H,Thermal Pad,157.1,3.0,ModuleLED_Micro_8680,1.1252,0.1625,PASS,100.0,0.9626,72.91,Wakefield Thermal,"Thermal Interface Products ulTIMiFlux Gap Pad, Silicone, 0.5mm Thickness, 3 W/m-K, 25.4x25.4mm, Hyper Soft",0.5,5.0632277442154265,1.0,✅ Standard
TP-0338,PL-05-5-254-H,Thermal Pad,162.8,5.0,ModuleLED_Micro_8680,1.1252,0.0976,PASS,100.0,1.0276,70.26,Wakefield Thermal,"Thermal Interface Products ulTIMiFlux Gap Pad, Silicone, 0.5mm Thickness, 5 W/m-K, 25.4x25.4mm, Hyper Soft",0.5,5.098646171418969,1.0,✅ Standard
TP-0340,PL-2-1-254,Thermal Pad,163.84,1.0,ModuleLED_Micro_8680,1.1252,1.9465,FAIL,0.0,-0.8213,145.53,Wakefield Thermal,"Thermal Interface Products ulTIMiFlux Gap Pad, Silicone, 2mm Thickness, 1 W/m-K, 25.4x25.4mm, Grey",2.0,5.1049753064706165,2.0,❌ Avoid
TP-0346,PL-2-3-254,Thermal Pad,175.24,3.0,ModuleLED_Micro_8680,1.1252,0.6497,PASS,100.0,0.4754,92.75,Wakefield Thermal,"Thermal Interface Products ulTIMiFlux Gap Pad, Silicone, 2mm Thickness, 3 W/m-K, 25.4x25.4mm, Green",2.0,5.171846702494088,1.0,✅ Standard
TP-0347,PL-2-3-254-H,Thermal Pad,181.99,3.0,ModuleLED_Micro_8680,1.1252,0.6507,PASS,100.0,0.4744,92.8,Wakefield Thermal,"Thermal Interface Products ulTIMiFlux Gap Pad, Silicone, 2mm Thickness, 3 W/m-K, 25.4x25.4mm, Hyper Soft",2.0,5.2094315065395955,1.0,✅ Standard
TP-0348,PL-1-5-254,Thermal Pad,185.1,5.0,ModuleLED_Micro_8680,1.1252,0.1949,PASS,100.0,0.9302,74.23,Wakefield Thermal,"Thermal Interface Products ulTIMiFlux Gap Pad, Silicone, 1mm Thickness, 5 W/m-K, 25.4x25.4mm, Gold",1.0,5.226284163648205,1.0,✅ Standard
TP-0352,SP2000-0.015-00-58,Thermal Pad,529.55,3.5,ModuleLED_Micro_8680,1.1252,0.1059,PASS,100.0,1.0193,70.6,Bergquist,Thermal Pad White 19.05mm x 12.70mm Rectangular,0.38,6.273914204319599,1.0,✅ Standard
TP-0354,TG-A3500-40-40-5.0,Thermal Pad,80.49,3.5,ModuleLED_Micro_8680,1.1252,1.395,FAIL,0.0,-0.2698,123.05,t-Global Technology,Thermal Pad Yellow 40.00mm x 40.00mm Square Tacky - Both Sides,5.0,4.400480313332128,2.0,❌ Avoid
TP-0372,TG-AH486-100-100-1.0-0,Thermal Pad,15.86,3.2,ModuleLED_Micro_8680,1.1252,0.3047,PASS,100.0,0.8204,78.68,t-Global Technology,Thermal Pad Gray 100.00mm x 100.00mm Square,1.0,2.8249439525737094,0.0,🏆 Best Value
TP-0375,PL-2-5-254-H,Thermal Pad,253.54,5.0,ModuleLED_Micro_8680,1.1252,0.3898,PASS,100.0,0.7354,82.16,Wakefield Thermal,"Thermal Interface Products ulTIMiFlux Gap Pad, Silicone, 2mm Thickness, 5 W/m-K, 25.4x25.4mm, Hyper Soft",2.0,5.539457994563901,1.0,✅ Standard
TP-0376,TG-A1250-30-30-2.0,Thermal Pad,182.49,12.5,ModuleLED_Micro_8680,1.1252,0.1566,PASS,100.0,0.9685,72.67,t-Global Technology,Thermal Pad Green 30.00mm x 30.00mm Square,2.01,5.212160170096862,1.0,✅ Standard
TP-0380,PL-05-1-1016,Thermal Pad,16.79,1.0,ModuleLED_Micro_8680,1.1252,0.4875,PASS,100.0,0.6377,86.15,Wakefield Thermal,"Thermal Interface Products ulTIMiFlux Gap Pad, Silicone, 0.5mm Thickness, 1 W/m-K, 101.6x101.6mm, Grey",0.5,2.8786365016777435,1.0,✅ Standard
TP-0381,TG-A1250-25-25-3.0,Thermal Pad,279.91,12.5,ModuleLED_Micro_8680,1.1252,0.234,PASS,100.0,0.8911,75.8,t-Global Technology,Thermal Pad Green 25.00mm x 25.00mm Square,3.0,5.638034333334139,1.0,✅ Standard
TP-0384,PL-2-5-254,Thermal Pad,281.01,5.0,ModuleLED_Micro_8680,1.1252,0.3902,PASS,100.0,0.735,82.18,Wakefield Thermal,"Thermal Interface Products ulTIMiFlux Gap Pad, Silicone, 2mm Thickness, 5 W/m-K, 25.4x25.4mm, Gold",2.0,5.641942531302295,1.0,✅ Standard
TP-0386,TG-A1780-25-25-0.5,Thermal Pad,294.36,17.8,ModuleLED_Micro_8680,1.1252,0.0274,PASS,100.0,1.0978,67.4,t-Global Technology,Thermal Pad Gray 25.00mm x 25.00mm Square,0.5,5.688194951314488,1.0,✅ Standard
TP-0393,PL-1-1.5-76X127-15,Thermal Pad,21.88,1.5,ModuleLED_Micro_8680,1.1252,0.6498,PASS,100.0,0.4754,92.72,Wakefield Thermal,"Thermal Interface Products ulTIMiFlux Gap Pad, Silicone, 1mm Thickness, 1.5 W/mK, 76.2x127mm, Grey",1.0,3.130263166511597,1.0,✅ Standard
TP-0395,4051100100017,Thermal Pad,22.41,1800.0,ModuleLED_Micro_8680,1.1252,0.0,PASS,100.0,1.1251,66.29,Würth Elektronik,Thermal Pad 100.00mm x 100.00mm Square Acrylic,0.04,3.1531632815028194,0.0,🏆 Best Value
TP-0396,TG-A1250-40-40-1.5,Thermal Pad,143.21,12.5,ModuleLED_Micro_8680,1.1252,0.117,PASS,100.0,1.0081,71.06,t-Global Technology,Thermal Pad Green 40.00mm x 40.00mm Square,1.5,4.971270570573979,1.0,✅ Standard
TP-0397,PL-1-1-1016,Thermal Pad,22.42,1.0,ModuleLED_Micro_8680,1.1252,0.976,FAIL,96.25,0.1491,106.03,Wakefield Thermal,"Thermal Interface Products ulTIMiFlux Gap Pad, Silicone, 1mm Thickness, 1 W/m-K, 101.6x101.6mm, Grey",1.0,3.1535903581695712,1.0,✅ Standard
TP-0399,COH-1706-200-05,Thermal Pad,5.81,1.7,ModuleLED_Micro_8680,1.1252,0.2922,PASS,100.0,0.8329,78.17,Taica North America Corporation,Thermal Pad Gray 200.00mm x 200.00mm Square Tacky - Both Sides,0.51,1.918392120161421,0.0,🏆 Best Value
TP-0407,SoftFlex-B016-20-01-0762-0762,Thermal Pad,44.07,1.6,ModuleLED_Micro_8680,1.1252,1.2187,FAIL,19.24,-0.0935,115.88,Aavid,"Thermal Interface Products SoftFlex Pad, 1.6 W/mK Conductivity, 2mm Thick, 1-Side Adhesive, 76.2x76.2mm",2.0,3.808216836702557,1.0,✅ Standard
TP-0409,TG-A1780-30-30-0.5,Thermal Pad,288.41,17.8,ModuleLED_Micro_8680,1.1252,0.0274,PASS,100.0,1.0978,67.4,t-Global Technology,Thermal Pad Gray 30.00mm x 30.00mm Square,0.5,5.667844367850572,1.0,✅ Standard
TP-0413,TG-A6200F-100-100-0.5,Thermal Pad,28.2,5.0,ModuleLED_Micro_8680,1.1252,0.0973,PASS,100.0,1.0278,70.26,t-Global Technology,Thermal Pad Blue 100.00mm x 100.00mm Square Tacky - One Side,0.5,3.374168709274236,0.0,🏆 Best Value
TP-0423,SP2000-0.015-00-54,Thermal Pad,1349.4,3.5,ModuleLED_Micro_8680,1.1252,0.1058,PASS,100.0,1.0193,70.6,Bergquist,Thermal Pad White 19.05mm x 12.70mm Rectangular,0.38,7.208156123841693,1.0,✅ Standard
TP-0424,PL-05-5-1016,Thermal Pad,31.79,5.0,ModuleLED_Micro_8680,1.1252,0.0973,PASS,100.0,1.0278,70.26,Wakefield Thermal,"Thermal Interface Products ulTIMiFlux Gap Pad, Silicone, 0.5mm Thickness, 5 W/m-K, 101.6x101.6mm, Gold",0.5,3.4901235908565567,1.0,✅ Standard
TP-0425,GP1500-0.080-02-0404,Thermal Pad,33.77,1.5,ModuleLED_Micro_8680,1.1252,1.3172,FAIL,2.69,-0.192,119.98,Bergquist,Thermal Pad Black 101.60mm x 101.60mm Square Tacky - Both Sides,2.03,3.5487549460197703,2.0,❌ Avoid
TP-0426,PL-05-3-1016-H,Thermal Pad,35.09,3.0,ModuleLED_Micro_8680,1.1252,0.1626,PASS,100.0,0.9626,72.92,Wakefield Thermal,"Thermal Interface Products ulTIMiFlux Gap Pad, Silicone, 0.5mm Thick, 3 W/m-K, 101.6x101.6mm, Hyper Soft",0.5,3.586015818654697,1.0,✅ Standard
TP-0429,PLF-1-1-76X127-40,Thermal Pad,38.19,1.0,ModuleLED_Micro_8680,1.1252,0.9751,FAIL,96.38,0.15,105.95,Wakefield Thermal,"Thermal Interface Products ulTIMiFlux Gap Pad, Silicone-Free, 1mm Thickness, 1 W/m-K, 76x127mm, White",1.0,3.66842161221154,1.0,✅ Standard
TP-0433,PL-1-3-76X127-30,Thermal Pad,39.27,3.0,ModuleLED_Micro_8680,1.1252,0.325,PASS,100.0,0.8001,79.52,Wakefield Thermal,"Thermal Interface Products ulTIMiFlux Gap Pad, Silicone, 1mm Thickness, 3 W/m-K, 76.2x127mm, Blue",1.0,3.695606774863363,1.0,✅ Standard
TP-0435,TG-A6200-100-100-1.0,Thermal Pad,39.0,6.2,ModuleLED_Micro_8680,1.1252,0.1573,PASS,100.0,0.9679,72.69,t-Global Technology,Thermal Pad Blue 100.00mm x 100.00mm Square Tacky - Both Sides,1.0,3.6888794541139363,1.0,✅ Standard
TP-0437,TG-A1780-40-40-0.5,Thermal Pad,247.32,17.8,ModuleLED_Micro_8680,1.1252,0.0274,PASS,100.0,1.0978,67.4,t-Global Technology,Thermal Pad Gray 40.00mm x 40.00mm Square,0.5,5.514718236994854,1.0,✅ Standard
TP-0443,GP1500-0.020-02-0404,Thermal Pad,40.18,1.5,ModuleLED_Micro_8680,1.1252,0.3316,PASS,100.0,0.7936,79.79,Bergquist,Thermal Pad Black 101.60mm x 101.60mm Square Tacky - Both Sides,0.51,3.717952701599643,1.0,✅ Standard
TP-0445,PL-1-3-1016-H,Thermal Pad,41.09,3.0,ModuleLED_Micro_8680,1.1252,0.3248,PASS,100.0,0.8003,79.51,Wakefield Thermal,"Thermal Interface Products ulTIMiFlux Gap Pad, Silicone, 1mm Thickness, 3 W/m-K, 101.6x101.6mm, Hyper Soft",1.0,3.7398101827824792,1.0,✅ Standard
TP-0446,PL-2-1-1016,Thermal Pad,41.35,1.0,ModuleLED_Micro_8680,1.1252,1.9496,FAIL,0.0,-0.8245,145.75,Wakefield Thermal,"Thermal Interface Products ulTIMiFlux Gap Pad, Silicone, 2mm Thickness, 1 W/m-K, 101.6x101.6mm, Grey",2.0,3.7459684210980635,2.0,❌ Avoid
TP-0447,QB0603A25WYT,Thermal Pad,370632.22,50.0,ModuleLED_Micro_8680,1.1252,0.0012,PASS,100.0,1.124,66.34,KYOCERA AVX,Thermal Pad 1.52mm x 0.76mm Rectangular,0.06,12.82296822724029,3.0,🏭 Industrial
TP-0455,PL-05-5-1016-H,Thermal Pad,43.52,5.0,ModuleLED_Micro_8680,1.1252,0.0974,PASS,100.0,1.0278,70.27,Wakefield Thermal,"Thermal Interface Products ulTIMiFlux Gap Pad, Silicone, 0.5mm Thick, 5 W/m-K, 101.6x101.6mm, Hyper Soft",0.5,3.795938526407344,1.0,✅ Standard
TP-0456,A18197-05,Thermal Pad,8.71,5.3,ModuleLED_Micro_8680,1.1252,0.0221,PASS,100.0,1.1031,67.19,Laird Technologies - Thermal Materials,Thermal Pad Gray 228.60mm x 228.60mm Square Tacky - Both Sides,0.12,2.2731562823032334,0.0,🏆 Best Value
TP-0460,69-13-42348-T412,Thermal Pad,615.67,1.4,ModuleLED_Micro_8680,1.1252,0.1605,PASS,100.0,0.9647,72.83,Parker Chomerics,Thermal Pad Gray 28.00mm x 28.00mm Square Adhesive - Both Sides,0.23,6.424334034795057,1.0,✅ Standard
TP-0465,T62-310-310-0.13,Thermal Pad,5.25,20.0,ModuleLED_Micro_8680,1.1252,0.0063,PASS,100.0,1.1188,66.55,t-Global Technology,Thermal Pad Black 310.00mm x 310.00mm Square,0.13,1.8325814637483102,0.0,🏆 Best Value
TP-0471,A18197-08,Thermal Pad,9.86,5.3,ModuleLED_Micro_8680,1.1252,0.0368,PASS,100.0,1.0884,67.79,Laird Technologies - Thermal Materials,Thermal Pad Gray 228.60mm x 228.60mm Square Tacky - Both Sides,0.2,2.3850863145057892,0.0,🏆 Best Value
TP-0476,TG-A6200-150-150-0.5,Thermal Pad,23.74,6.2,ModuleLED_Micro_8680,1.1252,0.0785,PASS,100.0,1.0467,69.49,t-Global Technology,Thermal Pad Blue 150.00mm x 150.00mm Square Tacky - Both Sides,0.5,3.208421366964342,0.0,🏆 Best Value
TP-0482,A18197-10,Thermal Pad,10.66,5.3,ModuleLED_Micro_8680,1.1252,0.046,PASS,100.0,1.0792,68.16,Laird Technologies - Thermal Materials,Thermal Pad Gray 228.60mm x 228.60mm Square Tacky - Both Sides,0.25,2.4561641809223462,0.0,🏆 Best Value
TP-0483,A17916-08,Thermal Pad,10.67,2.0,ModuleLED_Micro_8680,1.1252,0.9902,FAIL,94.3,0.1349,106.55,Laird Technologies - Thermal Materials,Thermal Pad Gray 228.60mm x 228.60mm Square Tacky - Both Sides,2.03,2.4570214462984645,1.0,✅ Standard
TP-0486,BP100-0.005-00-1112,Thermal Pad,6.65,0.8,ModuleLED_Micro_8680,1.1252,0.1584,PASS,100.0,0.9667,72.74,Bergquist,Thermal Pad White 304.80mm x 279.40mm Rectangular Adhesive - Both Sides,0.13,2.0347056478384444,0.0,🏆 Best Value
TP-0492,PL-2-3-1016-H,Thermal Pad,57.1,3.0,ModuleLED_Micro_8680,1.1252,0.6494,PASS,100.0,0.4758,92.79,Wakefield Thermal,"Thermal Interface Products ulTIMiFlux Gap Pad, Silicone, 2mm Thickness, 3 W/m-K, 101.6x101.6mm, Hyper Soft",2.0,4.062165663857866,1.0,✅ Standard
TP-0495,T62-1-310-310-0.16,Thermal Pad,6.15,15.0,ModuleLED_Micro_8680,1.1252,0.0104,PASS,100.0,1.1148,66.71,t-Global Technology,Thermal Pad Black 310.00mm x 310.00mm Square Adhesive - One Side,0.16,1.9671123567059163,0.0,🏆 Best Value
TP-0502,PL-1-5-76X127-60,Thermal Pad,65.47,5.0,ModuleLED_Micro_8680,1.1252,0.195,PASS,100.0,0.9301,74.2,Wakefield Thermal,"Thermal Interface Products ulTIMiFlux Gap Pad, Silicone, 1mm Thickness, 5 W/m-K, 76.2x127mm, Brown",1.0,4.19675071805349,1.0,✅ Standard
TP-0509,GP1500-0.040-02-0404,Thermal Pad,66.2,1.5,ModuleLED_Micro_8680,1.1252,0.6634,PASS,100.0,0.4618,93.34,Bergquist,Thermal Pad Black 101.60mm x 101.60mm Square Tacky - Both Sides,1.02,4.207673247529104,1.0,✅ Standard
TP-0510,PLF-1-3-76X127-70,Thermal Pad,71.04,3.0,ModuleLED_Micro_8680,1.1252,0.3248,PASS,100.0,0.8004,79.54,Wakefield Thermal,"Thermal Interface Products ulTIMiFlux Gap Pad, Silicone-Free, 1mm Thickness, 3 W/m-K, 76x127mm, White",1.0,4.277221520307755,1.0,✅ Standard
TP-0520,GT10D-300-300-0.25-1A,Thermal Pad,7.83,1.5,ModuleLED_Micro_8680,1.1252,0.1623,PASS,100.0,0.9629,72.92,t-Global Technology,Thermal Pad Pink 300.00mm x 300.00mm Square Adhesive - One Side,0.25,2.178155014615869,0.0,🏆 Best Value
TP-0522,SF400-505005,Thermal Pad,289.54,2.5,ModuleLED_Micro_8680,1.1252,0.1949,PASS,100.0,0.9303,74.23,Same Sky (Formerly CUI Devices),Thermal Pad Gray 50.00mm x 50.00mm Square Tacky - Both Sides,0.5,5.671741260444738,1.0,✅ Standard
TP-0524,A18197-16,Thermal Pad,14.0,5.3,ModuleLED_Micro_8680,1.1252,0.0754,PASS,100.0,1.0497,69.36,Laird Technologies - Thermal Materials,Thermal Pad Gray 228.60mm x 228.60mm Square Tacky - Both Sides,0.41,2.70805020110221,0.0,🏆 Best Value
TP-0527,GPVOUS-0.020-01-0816,Thermal Pad,8.95,1.0,ModuleLED_Micro_8680,1.1252,0.498,PASS,100.0,0.6272,86.55,Bergquist,Thermal Pad Pink 406.40mm x 203.20mm Rectangular Tacky - One Side,0.51,2.2975725511705014,0.0,🏆 Best Value
TP-0531,A17733-04,Thermal Pad,14.33,1.2,ModuleLED_Micro_8680,1.1252,0.8292,PASS,100.0,0.296,100.07,Laird Technologies - Thermal Materials,Thermal Pad Yellow 228.60mm x 228.60mm Square Adhesive - One Side,1.02,2.7298116928837226,1.0,✅ Standard
TP-0533,2191342,Thermal Pad,8.43,0.9,ModuleLED_Micro_8680,1.1252,0.1626,PASS,100.0,0.9626,72.9,Bergquist,Thermal Pad Gray 304.80mm x 292.10mm Rectangular,0.15,2.2438960966453663,0.0,🏆 Best Value
TP-0535,TG-A1250-125-125-0.5,Thermal Pad,48.51,12.5,ModuleLED_Micro_8680,1.1252,0.039,PASS,100.0,1.0862,67.88,t-Global Technology,Thermal Pad Green 125.00mm x 125.00mm Square,0.5,3.9021746693733315,1.0,✅ Standard
TP-0538,A18172-16,Thermal Pad,14.75,7.5,ModuleLED_Micro_8680,1.1252,0.052,PASS,100.0,1.0732,68.41,Laird Technologies - Thermal Materials,Thermal Pad Gray 228.60mm x 228.60mm Square Tacky - Both Sides,0.4,2.7568403652716422,0.0,🏆 Best Value
TP-0544,69-12-42355-1674,Thermal Pad,18.99,1.0,ModuleLED_Micro_8680,1.1252,0.2437,PASS,100.0,0.8815,76.2,Parker Chomerics,Thermal Pad Blue 203.20mm x 203.20mm Square Adhesive - One Side,0.25,2.995232148512309,0.0,🏆 Best Value
TP-0546,TG-A6200-100-100-2.5,Thermal Pad,78.67,6.2,ModuleLED_Micro_8680,1.1252,0.3923,PASS,100.0,0.7329,82.28,t-Global Technology,Thermal Pad Blue 100.00mm x 100.00mm Square Tacky - Both Sides,2.5,4.3778931033922746,1.0,✅ Standard
TP-0554,PL-1-6-76X127-60,Thermal Pad,83.78,6.0,ModuleLED_Micro_8680,1.1252,0.1627,PASS,100.0,0.9625,72.9,Wakefield Thermal,"Thermal Interface Products ulTIMiFlux Gap Pad, Silicone, 1mm Thickness, 6 W/mK, 76.2x127mm, Grey",1.0,4.440059665924491,1.0,✅ Standard
TP-0555,GP1500-0.040-02-0816,Thermal Pad,9.85,1.5,ModuleLED_Micro_8680,1.1252,0.6628,PASS,100.0,0.4624,93.28,Bergquist,Thermal Pad Black 406.40mm x 203.20mm Rectangular Tacky - Both Sides,1.02,2.3841650799864684,0.0,🏆 Best Value
TP-0558,GPVOUS-0.040-01-0816,Thermal Pad,10.0,1.0,ModuleLED_Micro_8680,1.1252,0.9971,FAIL,92.91,0.1281,106.84,Bergquist,Thermal Pad Pink 406.40mm x 203.20mm Rectangular Tacky - One Side,1.02,2.3978952727983707,1.0,✅ Standard
TP-0565,A18172-05,Thermal Pad,16.03,7.5,ModuleLED_Micro_8680,1.1252,0.0156,PASS,100.0,1.1096,66.92,Laird Technologies - Thermal Materials,Thermal Pad Gray 228.60mm x 228.60mm Square Tacky - Both Sides,0.12,2.834976494674597,0.0,🏆 Best Value
TP-0566,TG-A6200-150-150-1.0,Thermal Pad,37.27,6.2,ModuleLED_Micro_8680,1.1252,0.1575,PASS,100.0,0.9677,72.68,t-Global Technology,Thermal Pad Blue 150.00mm x 150.00mm Square Tacky - Both Sides,1.0,3.644666299437611,1.0,✅ Standard
TP-0570,A15993-00,Thermal Pad,16.3,3.0,ModuleLED_Micro_8680,1.1252,0.166,PASS,100.0,0.9592,73.04,Laird Technologies - Thermal Materials,Thermal Pad Gray 228.60mm x 228.60mm Square Tacky - Both Sides,0.51,2.8507065015037334,0.0,🏆 Best Value
TP-0578,A18172-10,Thermal Pad,17.04,7.5,ModuleLED_Micro_8680,1.1252,0.0325,PASS,100.0,1.0927,67.61,Laird Technologies - Thermal Materials,Thermal Pad Gray 228.60mm x 228.60mm Square Tacky - Both Sides,0.25,2.8925915146344776,0.0,🏆 Best Value
TP-0583,PL-1-5-1016-H,Thermal Pad,87.98,5.0,ModuleLED_Micro_8680,1.1252,0.1951,PASS,100.0,0.9301,74.21,Wakefield Thermal,"Thermal Interface Products ulTIMiFlux Gap Pad, Silicone, 1mm Thickness, 5 W/m-K, 101.6x101.6mm, Hyper Soft",1.0,4.488411625377895,1.0,✅ Standard
TP-0586,TG-A1250-100-100-1.0,Thermal Pad,92.89,12.5,ModuleLED_Micro_8680,1.1252,0.0779,PASS,100.0,1.0472,69.47,t-Global Technology,Thermal Pad Green 100.00mm x 100.00mm Square,1.0,4.542123884270456,1.0,✅ Standard
TP-0592,PLX-1-6-76X127-48,Thermal Pad,97.73,6.0,ModuleLED_Micro_8680,1.1252,0.1626,PASS,100.0,0.9626,72.91,Wakefield Thermal,"Thermal Interface Products ulTIMiFlux Gap Pad, Silicone, 1mm Thickness, 6 W/mK, 76x127mm, Grey",1.0,4.592388851623358,1.0,✅ Standard
TP-0595,BP100-0.011-00-1010,Thermal Pad,14.71,0.8,ModuleLED_Micro_8680,1.1252,0.341,PASS,100.0,0.7842,80.19,Bergquist,Thermal Pad White 254.00mm x 254.00mm Square Adhesive - Both Sides,0.28,2.75429745226753,0.0,🏆 Best Value
TP-0600,PL-1-5-1016,Thermal Pad,94.2,5.0,ModuleLED_Micro_8680,1.1252,0.195,PASS,100.0,0.9302,74.22,Wakefield Thermal,"Thermal Interface Products ulTIMiFlux Gap Pad, Silicone, 1mm Thickness, 5 W/m-K, 101.6x101.6mm, Gold",1.0,4.55597994179732,1.0,✅ Standard
TP-0601,PL-1-5-1016-H,Thermal Pad,94.23,5.0,ModuleLED_Micro_8680,1.1252,0.193,PASS,100.0,0.9321,74.13,Wakefield Thermal Solutions,Thermal Pad Gold 101.60mm x 101.60mm Square Tacky - One Side,0.99,4.5562950182059545,1.0,✅ Standard
TP-0605,GP1500R-0.020-02-0816,Thermal Pad,12.05,1.5,ModuleLED_Micro_8680,1.1252,0.331,PASS,100.0,0.7941,79.79,Bergquist,Thermal Pad Black 406.40mm x 203.20mm Rectangular Tacky - Both Sides,0.51,2.5687881337687024,0.0,🏆 Best Value
TP-0608,4051210297017,Thermal Pad,15.99,1800.0,ModuleLED_Micro_8680,1.1252,0.0,PASS,100.0,1.1251,66.29,Würth Elektronik,Thermal Pad 297.00mm x 210.00mm Rectangular Acrylic,0.04,2.8326249356838407,0.0,🏆 Best Value
TP-0614,BP100-0.008-00-1010,Thermal Pad,15.64,0.8,ModuleLED_Micro_8680,1.1252,0.2434,PASS,100.0,0.8817,76.22,Bergquist,Thermal Pad White 254.00mm x 254.00mm Square Adhesive - Both Sides,0.2,2.8118094353930627,0.0,🏆 Best Value
TP-0620,2191191,Thermal Pad,12.56,1.0,ModuleLED_Micro_8680,1.1252,1.483,FAIL,0.0,-0.3578,126.63,Bergquist,Thermal Pad Pink 406.40mm x 203.20mm Rectangular Tacky - One Side,1.52,2.6071242825122494,2.0,❌ Avoid
TP-0624,69-13-42350-T412,Thermal Pad,45.12,1.4,ModuleLED_Micro_8680,1.1252,0.1601,PASS,100.0,0.9651,72.8,Parker Chomerics,Thermal Pad Gray 152.40mm x 152.40mm Square Adhesive - Both Sides,0.23,3.8312466954008584,1.0,✅ Standard
TP-0625,A14556-01,Thermal Pad,20.11,2.8,ModuleLED_Micro_8680,1.1252,0.1777,PASS,100.0,0.9475,73.54,Laird Technologies - Thermal Materials,Thermal Pad Blue 228.60mm x 228.60mm Square Tacky - Both Sides,0.51,3.0497468618602293,0.0,🏆 Best Value
TP-0632,A17690-02,Thermal Pad,20.66,5.0,ModuleLED_Micro_8680,1.1252,0.0995,PASS,100.0,1.0257,70.33,Laird Technologies - Thermal Materials,Thermal Pad Pink 228.60mm x 228.60mm Square Tacky - One Side,0.51,3.0754672415728446,0.0,🏆 Best Value
TP-0633,PLX-1-7-76X127-68,Thermal Pad,112.15,7.0,ModuleLED_Micro_8680,1.1252,0.1395,PASS,100.0,0.9857,71.97,Wakefield Thermal,"Thermal Interface Products ulTIMiFlux Gap Pad, Silicone, 1mm Thickness, 7 W/mK, 76x127mm, Grey",1.0,4.728714372079547,1.0,✅ Standard
TP-0639,SPK10-0.006-00-11.512,Thermal Pad,12.48,1.3,ModuleLED_Micro_8680,1.1252,0.1124,PASS,100.0,1.0128,70.87,Bergquist,Thermal Pad Beige 304.80mm x 292.10mm Rectangular,0.15,2.601207105484161,0.0,🏆 Best Value
TP-0653,A10464-07,Thermal Pad,4.17,5.0,ModuleLED_Micro_8680,1.1252,0.0995,PASS,100.0,1.0257,70.33,Laird Technologies - Thermal Materials,Thermal Pad Gray 609.60mm x 457.20mm Rectangular,0.51,1.6428726885203377,0.0,🏆 Best Value
TP-0662,COH-4065LVC-200-10,Thermal Pad,30.3,2.2,ModuleLED_Micro_8680,1.1252,0.4396,PASS,100.0,0.6855,84.14,Taica North America Corporation,Thermal Pad Reddish Brown 200.00mm x 200.00mm Square Tacky - Both Sides,0.99,3.4436180975461075,1.0,✅ Standard
TP-0664,GP1500-0.080-02-0816,Thermal Pad,14.69,1.5,ModuleLED_Micro_8680,1.1252,1.3193,FAIL,2.41,-0.1941,120.01,Bergquist,Thermal Pad Black 406.40mm x 203.20mm Rectangular Tacky - Both Sides,2.03,2.753023566744941,2.0,❌ Avoid
TP-0665,PLX-1-1.5-210X310-40,Thermal Pad,18.75,1.5,ModuleLED_Micro_8680,1.1252,0.6502,PASS,100.0,0.4749,92.76,Wakefield Thermal,"Thermal Interface Products ulTIMiFlux Gap Pad, Silicone, 1mm Thickness, 1.5 W/mK, 210x310mm, White",1.0,2.9831534913471307,1.0,✅ Standard
TP-0669,TG-A486G-150-150-1.0-1A,Thermal Pad,55.51,6.3,ModuleLED_Micro_8680,1.1252,0.1548,PASS,100.0,0.9704,72.59,t-Global Technology,Thermal Pad Gray 150.00mm x 150.00mm Square Adhesive - One Side,1.0,4.034417613641752,1.0,✅ Standard
TP-0671,SP900S-0.009-AC-1212,Thermal Pad,13.65,1.6,ModuleLED_Micro_8680,1.1252,0.14,PASS,100.0,0.9852,72.0,Bergquist,Thermal Pad Pink 304.80mm x 304.80mm Square Adhesive - One Side,0.23,2.6844403354630764,0.0,🏆 Best Value
TP-0687,A17653-03,Thermal Pad,25.85,5.0,ModuleLED_Micro_8680,1.1252,0.1483,PASS,100.0,0.9768,72.32,Laird Technologies - Thermal Materials,Thermal Pad Pink 228.60mm x 228.60mm Square Tacky - Both Sides,0.76,3.2902658209548736,0.0,🏆 Best Value
TP-0693,PLX-1-2-210X310-80,Thermal Pad,21.0,2.0,ModuleLED_Micro_8680,1.1252,0.4876,PASS,100.0,0.6376,86.15,Wakefield Thermal,"Thermal Interface Products ulTIMiFlux Gap Pad, Silicone, 1mm Thickness, 2 W/mK, 210x310mm, Grey",1.0,3.091042453358316,1.0,✅ Standard
TP-0698,PL-1-8-76X127-50,Thermal Pad,142.3,8.0,ModuleLED_Micro_8680,1.1252,0.1218,PASS,100.0,1.0034,71.25,Wakefield Thermal,"Thermal Interface Products ulTIMiFlux Gap Pad, Silicone, 1mm Thickness, 8 W/mK, 76.2x127mm, Grey",1.0,4.964940334834126,1.0,✅ Standard
TP-0704,PL-2-5-1016-H,Thermal Pad,137.65,5.0,ModuleLED_Micro_8680,1.1252,0.3904,PASS,100.0,0.7347,82.17,Wakefield Thermal,"Thermal Interface Products ulTIMiFlux Gap Pad, Silicone, 2mm Thickness, 5 W/m-K, 101.6x101.6mm, Hyper Soft",2.0,4.931952772061787,1.0,✅ Standard
TP-0722,2165804,Thermal Pad,16.64,1.3,ModuleLED_Micro_8680,1.1252,0.1125,PASS,100.0,1.0126,70.86,Bergquist,Thermal Pad Beige 304.80mm x 292.10mm Rectangular Adhesive - One Side,0.15,2.8701690505786455,0.0,🏆 Best Value
TP-0725,5549S-05,Thermal Pad,45.7,3.5,ModuleLED_Micro_8680,1.1252,0.1392,PASS,100.0,0.986,71.96,3M,Thermal Pad Gray 210.00mm x 155.00mm Rectangular Tacky - One Side,0.5,3.8437441646748516,1.0,✅ Standard
TP-0731,61-02-0909-G579,Thermal Pad,28.89,3.0,ModuleLED_Micro_8680,1.1252,0.1658,PASS,100.0,0.9594,73.03,Parker Chomerics,Thermal Pad Pink 228.60mm x 228.60mm Square,0.51,3.3975239762958465,1.0,✅ Standard
TP-0733,A18330-04,Thermal Pad,158.24,34.0,ModuleLED_Micro_8680,1.1252,0.0287,PASS,100.0,1.0965,67.45,Laird Technologies - Thermal Materials,Thermal Pad Gray 127.00mm x 76.00mm Rectangular,1.0,5.070412498132116,1.0,✅ Standard
TP-0742,PLX-1-8-76x127-40,Thermal Pad,163.37,8.0,ModuleLED_Micro_8680,1.1252,0.122,PASS,100.0,1.0032,71.26,Wakefield Thermal,"Thermal Interface Products ulTIMiFlux Gap Pad, Silicone, 1mm Thickness, 8 W/mK, 76x127mm, Grey",1.0,5.102119984218434,1.0,✅ Standard
TP-0746,TG-APC94-150-150-2.0-0,Thermal Pad,71.08,4.0,ModuleLED_Micro_8680,1.1252,0.4904,PASS,100.0,0.6347,86.24,t-Global Technology,Thermal Pad Red 150.00mm x 150.00mm Square,2.01,4.277776613300082,1.0,✅ Standard
TP-0752,A15340-01,Thermal Pad,31.27,1.2,ModuleLED_Micro_8680,1.1252,4.1273,FAIL,0.0,-3.0022,234.77,Laird Technologies - Thermal Materials,Thermal Pad Green 228.60mm x 228.60mm Square,5.08,3.4741380060638702,2.0,❌ Avoid
TP-0757,A10832-02,Thermal Pad,31.86,2.2,ModuleLED_Micro_8680,1.1252,0.1108,PASS,100.0,1.0144,70.81,Laird Technologies - Thermal Materials,Thermal Pad Yellow 228.60mm x 228.60mm Square Tacky - Both Sides,0.25,3.492256112609122,1.0,✅ Standard
TP-0760,GP1500-0.125-02-0816,Thermal Pad,20.41,1.5,ModuleLED_Micro_8680,1.1252,2.0682,FAIL,0.0,-0.9431,150.45,Bergquist,Thermal Pad Black 406.40mm x 203.20mm Rectangular Tacky - Both Sides,3.18,3.0638581026015914,2.0,❌ Avoid
TP-0761,A10464-10,Thermal Pad,6.06,5.0,ModuleLED_Micro_8680,1.1252,0.0994,PASS,100.0,1.0258,70.34,Laird Technologies - Thermal Materials,Thermal Pad Gray 609.60mm x 457.20mm Rectangular Adhesive - One Side,0.51,1.9544450515051506,0.0,🏆 Best Value
TP-0769,5583S 210 MM X 300 MM X 2.0 MM,Thermal Pad,27.48,1.0,ModuleLED_Micro_8680,1.1252,1.9574,FAIL,0.0,-0.8322,146.13,3M,Thermal Pad White 300.00mm x 210.00mm Rectangular Tacky - One Side,2.01,3.349202086543775,2.0,❌ Avoid
TP-0774,A18213-02,Thermal Pad,33.08,10.0,ModuleLED_Micro_8680,1.1252,0.0488,PASS,100.0,1.0763,68.27,Laird Technologies - Thermal Materials,Thermal Pad Gray 229.00mm x 229.00mm Square,0.5,3.528710701961115,1.0,✅ Standard
TP-0778,TG-A1450-100-100-1.0,Thermal Pad,175.38,14.5,ModuleLED_Micro_8680,1.1252,0.0672,PASS,100.0,1.0579,69.03,t-Global Technology,Thermal Pad Red 100.00mm x 100.00mm Square,1.0,5.172640758460035,1.0,✅ Standard
TP-0781,A17653-04,Thermal Pad,33.8,5.0,ModuleLED_Micro_8680,1.1252,0.1988,PASS,100.0,0.9264,74.4,Laird Technologies - Thermal Materials,Thermal Pad Pink 228.60mm x 228.60mm Square Tacky - Both Sides,1.02,3.5496173867804286,1.0,✅ Standard
TP-0782,TG-A1250-100-100-2.0,Thermal Pad,176.71,12.5,ModuleLED_Micro_8680,1.1252,0.1568,PASS,100.0,0.9684,72.68,t-Global Technology,Thermal Pad Green 100.00mm x 100.00mm Square,2.01,5.1801530081973945,1.0,✅ Standard
TP-0785,A10092-01,Thermal Pad,42.98,6.0,ModuleLED_Micro_8680,1.1252,0.0406,PASS,100.0,1.0845,67.94,Laird Technologies - Thermal Materials,Thermal Pad Pink 203.20mm x 203.20mm Square,0.25,3.783734985126615,1.0,✅ Standard
TP-0788,TGP 40000SF-0.020-00-0406,Thermal Pad,74202.27,40.0,ModuleLED_Micro_8680,1.1252,0.0124,PASS,100.0,1.1127,66.79,Bergquist Company,"Thermal Interface Products GAP PAD, Sil-Free, 40W/m-K, 4x6"" Sheet, 0.020"" Thickness, Thermexit, IDH 2972783",0.51,11.214563498265276,3.0,🏭 Industrial
TP-0791,A15340-03,Thermal Pad,34.17,1.2,ModuleLED_Micro_8680,1.1252,4.1219,FAIL,0.0,-2.9968,234.1,Laird Technologies - Thermal Materials,Thermal Pad Green 228.60mm x 228.60mm Square Tacky - One Side,5.08,3.5601934464858913,2.0,❌ Avoid
TP-0794,A16367-02,Thermal Pad,36.57,2.8,ModuleLED_Micro_8680,1.1252,0.1774,PASS,100.0,0.9478,73.51,Laird Technologies - Thermal Materials,Thermal Pad Pink 228.60mm x 215.90mm Rectangular Tacky - One Side,0.51,3.6262058595858777,1.0,✅ Standard
TP-0800,5519 210 MM X 155 MM X 1.0 MM,Thermal Pad,56.45,4.9,ModuleLED_Micro_8680,1.1252,0.1968,PASS,100.0,0.9284,74.31,3M,Thermal Pad Gray 210.00mm x 155.00mm Rectangular Tacky - Both Sides,0.99,4.050915004294764,1.0,✅ Standard
TP-0806,GP1000SF-0.020-02-0816,Thermal Pad,22.44,0.9,ModuleLED_Micro_8680,1.1252,0.5531,PASS,100.0,0.5721,88.76,Bergquist,Thermal Pad Green 406.40mm x 203.20mm Rectangular Tacky - Both Sides,0.51,3.154443964708812,1.0,✅ Standard
TP-0816,TG-A1660-125-125-0.5,Thermal Pad,121.49,16.6,ModuleLED_Micro_8680,1.1252,0.03,PASS,100.0,1.0952,67.51,t-Global Technology,Thermal Pad Gray 125.00mm x 125.00mm Square,0.51,4.808029393999594,1.0,✅ Standard
TP-0820,TG-A486G-150-150-2.0-1A,Thermal Pad,84.71,6.3,ModuleLED_Micro_8680,1.1252,0.3108,PASS,100.0,0.8143,78.96,t-Global Technology,Thermal Pad Gray 150.00mm x 150.00mm Square Adhesive - One Side,2.01,4.450969504910791,1.0,✅ Standard
TP-0826,A17690-04,Thermal Pad,36.98,5.0,ModuleLED_Micro_8680,1.1252,0.1989,PASS,100.0,0.9263,74.38,Laird Technologies - Thermal Materials,Thermal Pad Pink 228.60mm x 228.60mm Square Tacky - One Side,1.02,3.63705970538414,1.0,✅ Standard
TP-0833,62-02-0909-A579,Thermal Pad,37.77,3.0,ModuleLED_Micro_8680,1.1252,0.1656,PASS,100.0,0.9596,73.03,Parker Chomerics,Thermal Pad Pink 228.60mm x 228.60mm Square Adhesive - One Side,0.51,3.657646751682838,1.0,✅ Standard
TP-0840,A18238-02,Thermal Pad,38.05,10.0,ModuleLED_Micro_8680,1.1252,0.0498,PASS,100.0,1.0754,68.31,Laird Technologies - Thermal Materials,Thermal Pad Gray 229.00mm x 229.00mm Square Tacky - One Side,0.51,3.664842876285695,1.0,✅ Standard
TP-0842,TG-A1250-150-150-1.0,Thermal Pad,88.75,12.5,ModuleLED_Micro_8680,1.1252,0.0779,PASS,100.0,1.0473,69.46,t-Global Technology,Thermal Pad Green 150.00mm x 150.00mm Square,1.0,4.497028027368389,1.0,✅ Standard
TP-0843,PL-1-10-76X127-55,Thermal Pad,207.32,10.0,ModuleLED_Micro_8680,1.1252,0.0974,PASS,100.0,1.0277,70.25,Wakefield Thermal,"Thermal Interface Products ulTIMiFlux Gap Pad, Silicone, 1mm Thickness, 10 W/mK, 76.2x127mm, Grey",1.0,5.339075359020204,1.0,✅ Standard
TP-0844,GPVOUS-0.100-01-0816,Thermal Pad,24.38,1.0,ModuleLED_Micro_8680,1.1252,2.4741,FAIL,0.0,-1.349,167.13,Bergquist,Thermal Pad Pink 406.40mm x 203.20mm Rectangular Tacky - One Side,2.54,3.2339614622862416,2.0,❌ Avoid
TP-0845,5516-10,Thermal Pad,27.39,3.1,ModuleLED_Micro_8680,1.1252,0.3111,PASS,100.0,0.8141,78.95,3M,Thermal Pad Gray 320.00mm x 230.00mm Rectangular Tacky - Both Sides,0.99,3.34603697048488,1.0,✅ Standard
TP-0848,COH-3114LVC-200-10,Thermal Pad,50.91,3.1,ModuleLED_Micro_8680,1.1252,0.312,PASS,100.0,0.8132,79.01,Taica North America Corporation,Thermal Pad Gray 200.00mm x 200.00mm Square Tacky - Both Sides,0.99,3.9495114498391377,1.0,✅ Standard
TP-0862,GPHC3.0-0.020-02-0816,Thermal Pad,25.23,3.0,ModuleLED_Micro_8680,1.1252,0.1656,PASS,100.0,0.9596,73.04,Bergquist,Thermal Pad Blue 406.40mm x 203.20mm Rectangular Tacky - Both Sides,0.51,3.2669037938787824,0.0,🏆 Best Value
TP-0870,COH-4065LVC-200-20,Thermal Pad,53.13,2.2,ModuleLED_Micro_8680,1.1252,0.8899,PASS,100.0,0.2353,102.6,Taica North America Corporation,Thermal Pad Reddish Brown 200.00mm x 200.00mm Square Tacky - Both Sides,2.01,3.9913885608088866,1.0,✅ Standard
TP-0871,GP5000S35-0.020-02-0816,Thermal Pad,25.77,5.0,ModuleLED_Micro_8680,1.1252,0.0995,PASS,100.0,1.0257,70.35,Bergquist,Thermal Pad Green 406.40mm x 203.20mm Rectangular Tacky - Both Sides,0.51,3.2872818575322613,0.0,🏆 Best Value
TP-0879,A12618-01,Thermal Pad,41.43,3.0,ModuleLED_Micro_8680,1.1252,0.332,PASS,100.0,0.7932,79.79,Laird Technologies - Thermal Materials,Thermal Pad Blue-Violet 228.60mm x 228.60mm Square Tacky - Both Sides,1.02,3.7478556592142334,1.0,✅ Standard
TP-0883,TG-A1250-100-100-2.5,Thermal Pad,217.59,12.5,ModuleLED_Micro_8680,1.1252,0.195,PASS,100.0,0.9302,74.22,t-Global Technology,Thermal Pad Green 100.00mm x 100.00mm Square,2.5,5.387197829041911,1.0,✅ Standard
TP-0888,61-04-0909-G579,Thermal Pad,42.31,3.0,ModuleLED_Micro_8680,1.1252,0.3313,PASS,100.0,0.7939,79.79,Parker Chomerics,Thermal Pad Pink 228.60mm x 228.60mm Square,1.02,3.7683835552265355,1.0,✅ Standard
TP-0891,61-04-0909-HCS10G,Thermal Pad,42.35,1.0,ModuleLED_Micro_8680,1.1252,0.9951,FAIL,93.26,0.1301,106.76,Parker Chomerics,Thermal Pad Orange 228.60mm x 228.60mm Square,1.02,3.769306703226551,1.0,✅ Standard
TP-0893,A14412-01,Thermal Pad,42.55,3.0,ModuleLED_Micro_8680,1.1252,0.3319,PASS,100.0,0.7933,79.8,Laird Technologies - Thermal Materials,Thermal Pad Blue-Violet 228.60mm x 228.60mm Square Tacky - One Side,1.02,3.7739097032985116,1.0,✅ Standard
TP-0897,2191193,Thermal Pad,27.18,1.0,ModuleLED_Micro_8680,1.1252,3.1002,FAIL,0.0,-1.975,192.59,Bergquist,Thermal Pad Pink 406.40mm x 203.20mm Rectangular Tacky - One Side,3.18,3.3386125064705343,2.0,❌ Avoid
TP-0899,TGP40000SF-0.020-01-0406-NA,Thermal Pad,93881.76,40.0,ModuleLED_Micro_8680,1.1252,0.0124,PASS,100.0,1.1127,66.79,Bergquist Company,"Thermal Interface Products GAP PAD, Sil-Free, 40W/m-K, 4 x 6"" Sheet, Tacky Pad, 0.020"" Thickness, Thermexit",0.51,11.449802048765875,3.0,🏭 Industrial
TP-0900,TG-A6200-310-310-0.5,Thermal Pad,23.46,6.2,ModuleLED_Micro_8680,1.1252,0.0786,PASS,100.0,1.0466,69.49,t-Global Technology,Thermal Pad Blue 310.00mm x 310.00mm Square Tacky - Both Sides,0.5,3.1970391302590264,0.0,🏆 Best Value
TP-0904,PLX-1-3-210X310-30,Thermal Pad,35.0,3.0,ModuleLED_Micro_8680,1.1252,0.325,PASS,100.0,0.8002,79.5,Wakefield Thermal,"Thermal Interface Products ulTIMiFlux Gap Pad, Silicone, 1mm Thickness, 3 W/m-K, 210x310mm, Blue",1.0,3.58351893845611,1.0,✅ Standard
TP-0920,TG-A1660-100-100-1.0,Thermal Pad,240.34,16.6,ModuleLED_Micro_8680,1.1252,0.0588,PASS,100.0,1.0663,68.68,t-Global Technology,Thermal Pad Gray 100.00mm x 100.00mm Square,1.0,5.486206727645455,1.0,✅ Standard
TP-0923,A10080-01,Thermal Pad,58.38,6.0,ModuleLED_Micro_8680,1.1252,0.0828,PASS,100.0,1.0424,69.66,Laird Technologies - Thermal Materials,Thermal Pad Blue 203.20mm x 203.20mm Square,0.51,4.083957469335614,1.0,✅ Standard
TP-0927,PL-1-12-76X127-75,Thermal Pad,255.64,12.0,ModuleLED_Micro_8680,1.1252,0.0813,PASS,100.0,1.0439,69.59,Wakefield Thermal Solutions,Thermal Pad Gray 127.00mm x 76.20mm Rectangular Tacky - One Side,1.0,5.54767432467815,1.0,✅ Standard
TP-0938,62-04-0909-A579,Thermal Pad,48.16,3.0,ModuleLED_Micro_8680,1.1252,0.3314,PASS,100.0,0.7938,79.8,Parker Chomerics,Thermal Pad Pink 228.60mm x 228.60mm Square Adhesive - One Side,1.02,3.895080284697834,1.0,✅ Standard
TP-0939,TG-A4500-310-310-1.0,Thermal Pad,26.2,4.5,ModuleLED_Micro_8680,1.1252,0.2168,PASS,100.0,0.9084,75.09,t-Global Technology,Thermal Pad Purple 310.00mm x 310.00mm Square Tacky - Both Sides,1.0,3.3032169733019514,1.0,✅ Standard
TP-0943,5519 210 MM X 155 MM X 2.0 MM,Thermal Pad,78.16,4.9,ModuleLED_Micro_8680,1.1252,0.3993,PASS,100.0,0.7259,82.57,3M,Thermal Pad Gray 210.00mm x 155.00mm Rectangular Tacky - Both Sides,2.01,4.371471120734365,1.0,✅ Standard
TP-0945,A10538-17,Thermal Pad,48.86,3.0,ModuleLED_Micro_8680,1.1252,0.1658,PASS,100.0,0.9593,73.03,Laird Technologies - Thermal Materials,Thermal Pad White 228.60mm x 228.60mm Square Tacky - Both Sides,0.51,3.9092190780954117,1.0,✅ Standard
TP-0950,TG-A1250-100-100-3.0,Thermal Pad,258.03,12.5,ModuleLED_Micro_8680,1.1252,0.234,PASS,100.0,0.8911,75.83,t-Global Technology,Thermal Pad Green 100.00mm x 100.00mm Square,3.0,5.556943885107578,1.0,✅ Standard
TP-0968,GPHC5.0-0.020-02-0816,Thermal Pad,32.86,5.0,ModuleLED_Micro_8680,1.1252,0.0994,PASS,100.0,1.0258,70.33,Bergquist,Thermal Pad Gray 406.40mm x 203.20mm Rectangular Tacky - Both Sides,0.51,3.522234376704989,1.0,✅ Standard
TP-0976,A17690-06,Thermal Pad,53.1,5.0,ModuleLED_Micro_8680,1.1252,0.2964,PASS,100.0,0.8287,78.35,Laird Technologies - Thermal Materials,Thermal Pad Pink 228.60mm x 228.60mm Square Tacky - One Side,1.52,3.9908341858524357,1.0,✅ Standard
TP-0985,A12619-01,Thermal Pad,54.66,3.0,ModuleLED_Micro_8680,1.1252,0.4128,PASS,100.0,0.7124,83.09,Laird Technologies - Thermal Materials,Thermal Pad Blue-Violet 228.60mm x 228.60mm Square Tacky - Both Sides,1.27,4.019261756097745,1.0,✅ Standard
TP-0997,TG-A1250-150-150-1.5,Thermal Pad,129.2,12.5,ModuleLED_Micro_8680,1.1252,0.1169,PASS,100.0,1.0082,71.04,t-Global Technology,Thermal Pad Green 150.00mm x 150.00mm Square,1.5,4.869071729774468,1.0,✅ Standard
TP-1001,5549S 210 MM X 155MM X 1.5MM,Thermal Pad,89.69,3.5,ModuleLED_Micro_8680,1.1252,0.4186,PASS,100.0,0.7065,83.31,3M,Thermal Pad Gray 210.00mm x 155.00mm Rectangular Tacky - One Side,1.5,4.507447097459476,1.0,✅ Standard
TP-1003,A16104-10,Thermal Pad,55.94,3.0,ModuleLED_Micro_8680,1.1252,0.8257,PASS,100.0,0.2995,99.9,Laird Technologies - Thermal Materials,Thermal Pad Gray 228.60mm x 228.60mm Square Tacky - Both Sides,2.54,4.041998081849892,1.0,✅ Standard
TP-1008,A17653-07,Thermal Pad,56.36,5.0,ModuleLED_Micro_8680,1.1252,0.3469,PASS,100.0,0.7783,80.42,Laird Technologies - Thermal Materials,Thermal Pad Pink 228.60mm x 228.60mm Square Tacky - Both Sides,1.78,4.0493471962913645,1.0,✅ Standard
TP-1014,PLX-1-12-76X127-58,Thermal Pad,310.93,12.0,ModuleLED_Micro_8680,1.1252,0.0813,PASS,100.0,1.0439,69.59,Wakefield Thermal,"Thermal Interface Products ulTIMiFlux Gap Pad, Silicone, 1mm Thickness, 12 W/mK, 76x127mm, Grey",1.0,5.742778803662883,1.0,✅ Standard
TP-1016,PLF-1-8-76X127-70,Thermal Pad,311.81,8.0,ModuleLED_Micro_8680,1.1252,0.1218,PASS,100.0,1.0033,71.25,Wakefield Thermal,"Thermal Interface Products ulTIMiFlux Gap Pad, Silicone-Free, 1mm Thickness, 8 W/mK, 76.2x127mm, Grey",1.0,5.745595977469612,1.0,✅ Standard
TP-1022,TGP7000ULM-0.040-02-0808,Thermal Pad,74.44,7.0,ModuleLED_Micro_8680,1.1252,0.1419,PASS,100.0,0.9833,72.07,Bergquist Company,"Thermal Interface Products GAP PAD, 7W/m-K, 8"" x 8"" Sheet, 0.040"" Thickness, TGP7000ULM, IDH 2261480",1.02,4.323337638325202,1.0,✅ Standard
TP-1026,TG-A1780-125-125-0.5,Thermal Pad,198.9,18.0,ModuleLED_Micro_8680,1.1252,0.0271,PASS,100.0,1.0981,67.39,t-Global Technology,Thermal Pad Gray 125.00mm x 125.00mm Square,0.5,5.297817241506355,1.0,✅ Standard
TP-1028,TG-A1250-250-250-0.5,Thermal Pad,49.93,12.5,ModuleLED_Micro_8680,1.1252,0.039,PASS,100.0,1.0862,67.87,t-Global Technology,Thermal Pad Green 250.00mm x 250.00mm Square,0.5,3.9304521408965134,1.0,✅ Standard
TP-1030,A12620-34,Thermal Pad,59.93,3.0,ModuleLED_Micro_8680,1.1252,0.4942,PASS,100.0,0.6309,86.36,Laird Technologies - Thermal Materials,Thermal Pad Blue-Violet 228.60mm x 228.60mm Square Tacky - One Side,1.52,4.109725664260403,1.0,✅ Standard
TP-1040,A17883-04,Thermal Pad,61.12,6.0,ModuleLED_Micro_8680,1.1252,0.1658,PASS,100.0,0.9594,73.02,Laird Technologies - Thermal Materials,Thermal Pad Teal 228.60mm x 228.60mm Square,1.02,4.129067998280486,1.0,✅ Standard
TP-1057,TGP7000ULM-0.020-02-0808,Thermal Pad,81.03,7.0,ModuleLED_Micro_8680,1.1252,0.071,PASS,100.0,1.0542,69.18,Bergquist Company,"Thermal Interface Products GAP PAD, 7W/m-K, 8"" x 8"" Sheet, 0.020"" Thickness, TGP7000ULM, IDH 2563017",0.51,4.407085034014658,1.0,✅ Standard
TP-1060,TG-A1450-100-100-2.0,Thermal Pad,335.9,14.5,ModuleLED_Micro_8680,1.1252,0.1351,PASS,100.0,0.99,71.79,t-Global Technology,Thermal Pad Red 100.00mm x 100.00mm Square,2.01,5.819786150412507,1.0,✅ Standard
TP-1080,GPHC5.0-0.060-02-0816,Thermal Pad,42.47,5.0,ModuleLED_Micro_8680,1.1252,0.2962,PASS,100.0,0.829,78.34,Bergquist,Thermal Pad Gray 406.40mm x 203.20mm Rectangular Tacky - Both Sides,1.52,3.772071045000701,1.0,✅ Standard
TP-1087,TG-A6200-310-310-1.0,Thermal Pad,36.84,6.2,ModuleLED_Micro_8680,1.1252,0.157,PASS,100.0,0.9682,72.69,t-Global Technology,Thermal Pad Blue 310.00mm x 310.00mm Square Tacky - Both Sides,1.0,3.6333667441836774,1.0,✅ Standard
TP-1092,A18213-04,Thermal Pad,68.55,10.0,ModuleLED_Micro_8680,1.1252,0.0975,PASS,100.0,1.0277,70.26,Laird Technologies - Thermal Materials,Thermal Pad Gray 229.00mm x 229.00mm Square,1.0,4.242045918369452,1.0,✅ Standard
TP-1099,A18171-05,Thermal Pad,17.39,7.5,ModuleLED_Micro_8680,1.1252,0.0156,PASS,100.0,1.1096,66.92,Laird Technologies - Thermal Materials,Thermal Pad Gray 457.20mm x 457.20mm Square Tacky - Both Sides,0.12,2.91180703861623,0.0,🏆 Best Value
TP-1108,61-06-0909-G579,Thermal Pad,70.94,3.0,ModuleLED_Micro_8680,1.1252,0.4939,PASS,100.0,0.6313,86.41,Parker Chomerics,Thermal Pad Pink 228.60mm x 228.60mm Square,1.52,4.275832438267478,1.0,✅ Standard
TP-1120,A18171-08,Thermal Pad,17.99,7.5,ModuleLED_Micro_8680,1.1252,0.026,PASS,100.0,1.0991,67.35,Laird Technologies - Thermal Materials,Thermal Pad Gray 457.20mm x 457.20mm Square Tacky - Both Sides,0.2,2.9439125248241944,0.0,🏆 Best Value
TP-1127,TG-A1250-150-150-2.0,Thermal Pad,168.82,12.5,ModuleLED_Micro_8680,1.1252,0.1567,PASS,100.0,0.9684,72.69,t-Global Technology,Thermal Pad Green 150.00mm x 150.00mm Square,2.01,5.134739052571217,1.0,✅ Standard
TP-1130,PLX-1-5-210X310-40,Thermal Pad,58.8,5.0,ModuleLED_Micro_8680,1.1252,0.1948,PASS,100.0,0.9304,74.23,Wakefield Thermal,"Thermal Interface Products ulTIMiFlux Gap Pad, Silicone, 1mm Thickness, 5 W/m-K, 210x310mm, Grey",1.0,4.091005660956586,1.0,✅ Standard
TP-1137,61-06-1015-PAD60,Thermal Pad,40.12,6.0,ModuleLED_Micro_8680,1.1252,0.2471,PASS,100.0,0.878,76.34,Parker Chomerics,Thermal Pad Green 381.00mm x 254.00mm Rectangular,1.52,3.7164946211469094,1.0,✅ Standard
TP-1143,COH-4000LVC-400-05,Thermal Pad,24.51,2.3,ModuleLED_Micro_8680,1.1252,0.2165,PASS,100.0,0.9086,75.08,Taica North America Corporation,Thermal Pad Gray 400.00mm x 400.00mm Square Tacky - Both Sides,0.51,3.23907053215372,1.0,✅ Standard
TP-1147,A17883-06,Thermal Pad,75.74,6.0,ModuleLED_Micro_8680,1.1252,0.2468,PASS,100.0,0.8784,76.32,Laird Technologies - Thermal Materials,Thermal Pad Teal 228.60mm x 228.60mm Square,1.52,4.340423084818807,1.0,✅ Standard
TP-1162,62-06-0909-A579,Thermal Pad,77.26,3.0,ModuleLED_Micro_8680,1.1252,0.4934,PASS,100.0,0.6317,86.36,Parker Chomerics,Thermal Pad Pink 228.60mm x 228.60mm Square Adhesive - One Side,1.52,4.360036616782266,1.0,✅ Standard
TP-1165,A11809-02,Thermal Pad,19.41,0.7,ModuleLED_Micro_8680,1.1252,0.1811,PASS,100.0,0.9441,73.68,Laird Technologies - Thermal Materials,Thermal Pad Yellow 457.20mm x 457.20mm Square Tacky - Both Sides,0.13,3.0160249768217535,0.0,🏆 Best Value
TP-1168,A18171-10,Thermal Pad,19.59,7.5,ModuleLED_Micro_8680,1.1252,0.0325,PASS,100.0,1.0927,67.61,Laird Technologies - Thermal Materials,Thermal Pad Gray 457.20mm x 457.20mm Square Tacky - Both Sides,0.25,3.0248055210396982,0.0,🏆 Best Value
TP-1180,A10233-30,Thermal Pad,81.29,3.0,ModuleLED_Micro_8680,1.1252,0.3311,PASS,100.0,0.794,79.81,Laird Technologies - Thermal Materials,Thermal Pad White 228.60mm x 228.60mm Square Tacky - Both Sides,1.02,4.410249593617622,1.0,✅ Standard
TP-1206,A17156-06,Thermal Pad,21.01,2.7,ModuleLED_Micro_8680,1.1252,0.5492,PASS,100.0,0.5759,88.59,Laird Technologies - Thermal Materials,Thermal Pad Pink 457.20mm x 457.20mm Square Tacky - Both Sides,1.52,3.0914968955383704,1.0,✅ Standard
TP-1212,61-08-0909-G579,Thermal Pad,85.5,3.0,ModuleLED_Micro_8680,1.1252,0.6592,PASS,100.0,0.466,93.15,Parker Chomerics,Thermal Pad Pink 228.60mm x 228.60mm Square,2.03,4.460144413937834,1.0,✅ Standard
TP-1215,TGP6000ULM-0.040-12-0816,Thermal Pad,54.22,6.0,ModuleLED_Micro_8680,1.1252,0.1656,PASS,100.0,0.9596,73.05,Bergquist Company,"Thermal Interface Products GAP PAD, 6W/m-K, 8"" x 16"" Sheet, 0.040"" Thickness, TGP6000ULM, IDH 2195666",1.02,4.011325206502009,1.0,✅ Standard
TP-1217,A18171-16,Thermal Pad,21.48,7.5,ModuleLED_Micro_8680,1.1252,0.052,PASS,100.0,1.0732,68.4,Laird Technologies - Thermal Materials,Thermal Pad Gray 457.20mm x 457.20mm Square Tacky - Both Sides,0.4,3.1126260250254902,0.0,🏆 Best Value
TP-1237,61-04-1015-PAD80G,Thermal Pad,48.56,8.3,ModuleLED_Micro_8680,1.1252,0.1197,PASS,100.0,1.0055,71.16,Parker Chomerics,Thermal Pad Dark Gray 381.00mm x 254.00mm Rectangular,1.02,3.9031840567609417,1.0,✅ Standard
TP-1244,61-08-1015-PAD60,Thermal Pad,49.62,6.0,ModuleLED_Micro_8680,1.1252,0.3298,PASS,100.0,0.7953,79.74,Parker Chomerics,Thermal Pad Green 381.00mm x 254.00mm Rectangular,2.03,3.9243467551169777,1.0,✅ Standard
TP-1248,A12624-01,Thermal Pad,92.08,3.0,ModuleLED_Micro_8680,1.1252,0.825,PASS,100.0,0.3002,99.8,Laird Technologies - Thermal Materials,Thermal Pad Blue-Violet 228.60mm x 228.60mm Square Tacky - Both Sides,2.54,4.533459338434091,1.0,✅ Standard
TP-1249,A18213-06,Thermal Pad,91.8,10.0,ModuleLED_Micro_8680,1.1252,0.1462,PASS,100.0,0.979,72.24,Laird Technologies - Thermal Materials,Thermal Pad Gray 229.00mm x 229.00mm Square,1.5,4.530446639792155,1.0,✅ Standard
TP-1269,A12616-08,Thermal Pad,23.67,3.0,ModuleLED_Micro_8680,1.1252,0.1656,PASS,100.0,0.9596,73.04,Laird Technologies - Thermal Materials,Thermal Pad Blue-Violet 457.20mm x 457.20mm Square Tacky - Both Sides,0.51,3.2055879305412653,0.0,🏆 Best Value
TP-1274,A10832-09,Thermal Pad,23.79,2.2,ModuleLED_Micro_8680,1.1252,0.1109,PASS,100.0,1.0142,70.81,Laird Technologies - Thermal Materials,Thermal Pad Yellow 457.20mm x 457.20mm Square Tacky - Both Sides,0.25,3.210440346047099,0.0,🏆 Best Value
TP-1286,A15896-05,Thermal Pad,96.88,5.0,ModuleLED_Micro_8680,1.1252,0.2476,PASS,100.0,0.8776,76.37,Laird Technologies - Thermal Materials,Thermal Pad Gray 228.60mm x 228.60mm Square Tacky - Both Sides,1.27,4.583742238574471,1.0,✅ Standard
TP-1290,A15726-00,Thermal Pad,24.32,3.8,ModuleLED_Micro_8680,1.1252,0.0642,PASS,100.0,1.061,68.9,Laird Technologies - Thermal Materials,Thermal Pad Gray 457.20mm x 457.20mm Square Tacky - Both Sides,0.25,3.2315945972759756,0.0,🏆 Best Value
TP-1294,TG-A1450-250-250-0.5,Thermal Pad,82.36,14.5,ModuleLED_Micro_8680,1.1252,0.0336,PASS,100.0,1.0915,67.66,t-Global Technology,Thermal Pad Red 250.00mm x 250.00mm Square,0.5,4.423168578005057,1.0,✅ Standard
TP-1296,TGP7000ULM-0.060-02-0808,Thermal Pad,125.02,7.0,ModuleLED_Micro_8680,1.1252,0.2116,PASS,100.0,0.9135,74.92,Bergquist Company,"Thermal Interface Products GAP PAD, 7W/m-K, 8"" x 8"" Sheet, 0.060"" Thickness, TGP7000ULM, IDH 2474875",1.52,4.8364406245139095,1.0,✅ Standard
TP-1297,A17752-04,Thermal Pad,98.92,7.5,ModuleLED_Micro_8680,1.1252,0.1328,PASS,100.0,0.9924,71.69,Laird Technologies - Thermal Materials,Thermal Pad Gray 228.60mm x 228.60mm Square Tacky - Both Sides,1.02,4.604369865817322,1.0,✅ Standard
TP-1301,61-10-0808-T500,Thermal Pad,126.07,2.1,ModuleLED_Micro_8680,1.1252,0.1163,PASS,100.0,1.0088,71.03,Parker Chomerics,Thermal Pad Green 203.20mm x 203.20mm Square,0.25,4.844738115716443,1.0,✅ Standard
TP-1302,61-06-1015-PAD80G,Thermal Pad,53.86,8.3,ModuleLED_Micro_8680,1.1252,0.1787,PASS,100.0,0.9465,73.56,Parker Chomerics,Thermal Pad Dark Gray 381.00mm x 254.00mm Rectangular,1.52,4.004784485509457,1.0,✅ Standard
TP-1312,62-10-0909-A579,Thermal Pad,101.5,3.0,ModuleLED_Micro_8680,1.1252,0.8243,PASS,100.0,0.3009,99.88,Parker Chomerics,Thermal Pad Pink 228.60mm x 228.60mm Square Adhesive - One Side,2.54,4.629862798578463,1.0,✅ Standard
TP-1314,SPA2000-0.015-00-1012-NA,Thermal Pad,68.87,3.0,ModuleLED_Micro_8680,1.1252,0.1236,PASS,100.0,1.0016,71.32,Bergquist,Thermal Pad White 304.80mm x 254.00mm Rectangular,0.38,4.246636372564359,1.0,✅ Standard
TP-1316,A18444-04,Thermal Pad,102.3,7.5,ModuleLED_Micro_8680,1.1252,0.1327,PASS,100.0,0.9925,71.69,Laird Technologies - Thermal Materials,Thermal Pad Gray 228.60mm x 228.60mm Square,1.02,4.637637376125593,1.0,✅ Standard
TP-1318,GPHC3.0-0.125-02-0816,Thermal Pad,64.91,3.0,ModuleLED_Micro_8680,1.1252,1.0329,FAIL,84.79,0.0923,108.42,Bergquist,Thermal Pad Blue 406.40mm x 203.20mm Rectangular Tacky - Both Sides,3.18,4.188290175064629,1.0,✅ Standard
TP-1331,62-03-1015-PAD80A,Thermal Pad,57.11,8.3,ModuleLED_Micro_8680,1.1252,0.0893,PASS,100.0,1.0359,69.92,Parker Chomerics,Thermal Pad Dark Gray 381.00mm x 254.00mm Rectangular Adhesive - One Side,0.76,4.062337766087015,1.0,✅ Standard
TP-1332,GPTGP7000ULM-0.100-02-0808,Thermal Pad,133.96,7.0,ModuleLED_Micro_8680,1.1252,0.354,PASS,100.0,0.7712,80.72,Bergquist,Thermal Pad Gray 203.20mm x 203.20mm Square Tacky - Both Sides,2.54,4.904978438237713,1.0,✅ Standard
TP-1337,61-10-0909-G579,Thermal Pad,106.46,3.0,ModuleLED_Micro_8680,1.1252,0.8252,PASS,100.0,0.3,99.8,Parker Chomerics,Thermal Pad Pink 228.60mm x 228.60mm Square,2.54,4.677118685300675,1.0,✅ Standard
TP-1339,62-04-1015-PAD80A,Thermal Pad,57.89,8.3,ModuleLED_Micro_8680,1.1252,0.1198,PASS,100.0,1.0053,71.16,Parker Chomerics,Thermal Pad Dark Gray 381.00mm x 254.00mm Rectangular Adhesive - One Side,1.02,4.07567129695648,1.0,✅ Standard
TP-1347,TGP 40000SF-0.040-00-0606,Thermal Pad,158978.32,40.0,ModuleLED_Micro_8680,1.1252,0.0249,PASS,100.0,1.1003,67.3,Bergquist Company,"Thermal Interface Products GAP PAD, Sil-Free, 40W/m-K, 6x6"" Sheet, 0.040"" Thickness, Thermexit, IDH 2972782",1.02,11.976529409850375,3.0,🏭 Industrial
TP-1360,A10235-31,Thermal Pad,111.51,3.0,ModuleLED_Micro_8680,1.1252,0.4941,PASS,100.0,0.6311,86.44,Laird Technologies - Thermal Materials,Thermal Pad White 228.60mm x 228.60mm Square Tacky - Both Sides,1.52,4.72304210658298,1.0,✅ Standard
TP-1365,TGP12000ULM-0.040-00-0808,Thermal Pad,142.53,12.0,ModuleLED_Micro_8680,1.1252,0.0828,PASS,100.0,1.0423,69.66,Bergquist Company,"Thermal Interface Products GAP PAD, 12W/m-K, Ultra-Low Modulus, 8""x8"" Sheet, 0.040"" Thickness, TGP12000ULM",1.02,4.966544072583289,1.0,✅ Standard
TP-1370,A18500-01,Thermal Pad,31.82,5.0,ModuleLED_Micro_8680,1.1252,0.0488,PASS,100.0,1.0764,68.27,Laird Technologies - Thermal Materials,Thermal Pad White 431.80mm x 431.80mm Rectangular,0.25,3.4910380856619447,0.0,🏆 Best Value
TP-1381,A18213-08,Thermal Pad,114.73,10.2,ModuleLED_Micro_8680,1.1252,0.1922,PASS,100.0,0.933,74.11,Laird Technologies - Thermal Materials,Thermal Pad Gray 229.00mm x 229.00mm Square,2.01,4.751259891859986,1.0,✅ Standard
TP-1383,GP3000S30-0.125-02-0816,Thermal Pad,73.13,3.0,ModuleLED_Micro_8680,1.1252,1.0342,FAIL,84.39,0.0909,108.37,Bergquist,Thermal Pad Blue 406.40mm x 203.20mm Rectangular Tacky - Both Sides,3.18,4.305820308668628,1.0,✅ Standard
TP-1384,A17752-05,Thermal Pad,115.75,7.5,ModuleLED_Micro_8680,1.1252,0.1625,PASS,100.0,0.9626,72.9,Laird Technologies - Thermal Materials,Thermal Pad Gray 228.60mm x 228.60mm Square Tacky - Both Sides,1.25,4.760034896549007,1.0,✅ Standard
TP-1386,GPHC5.0-0.100-02-0816,Thermal Pad,73.31,5.0,ModuleLED_Micro_8680,1.1252,0.4949,PASS,100.0,0.6303,86.46,Bergquist,Thermal Pad Gray 406.40mm x 203.20mm Rectangular Tacky - Both Sides,2.54,4.308245532169378,1.0,✅ Standard
TP-1401,TGP6000ULM-0.060-12-0816,Thermal Pad,75.23,6.0,ModuleLED_Micro_8680,1.1252,0.2468,PASS,100.0,0.8784,76.36,Bergquist Company,"Thermal Interface Products GAP PAD, 6W/m-K, 8"" x 16"" Sheet, 0.060"" Thickness, TGP6000ULM, IDH 2195667",1.52,4.333755086000182,1.0,✅ Standard
TP-1404,TGP7000ULM-0.080-02-0808,Thermal Pad,152.13,7.0,ModuleLED_Micro_8680,1.1252,0.2825,PASS,100.0,0.8427,77.79,Bergquist Company,"Thermal Interface Products GAP PAD, 7W/m-K, 8"" x 8"" Sheet, 0.080"" Thickness, TGP7000ULM, IDH 2474885",2.03,5.031287233827117,1.0,✅ Standard
TP-1407,TGP40000SF-0.040-01-0606-NA,Thermal Pad,174885.44,40.0,ModuleLED_Micro_8680,1.1252,0.0249,PASS,100.0,1.1003,67.3,Bergquist Company,"Thermal Interface Products GAP PAD, Sil-Free, 40W/m-K, 6 x 6"" Sheet, Tacky Pad, 0.040"" Thickness, Thermexit",1.02,12.071892127983933,3.0,🏭 Industrial
TP-1420,A17536-04,Thermal Pad,31.26,5.0,ModuleLED_Micro_8680,1.1252,0.1989,PASS,100.0,0.9263,74.38,Laird Technologies - Thermal Materials,Thermal Pad Pink 457.20mm x 457.20mm Square Tacky - Both Sides,1.02,3.4738280726970627,1.0,✅ Standard
TP-1423,A17690-13,Thermal Pad,125.05,5.0,ModuleLED_Micro_8680,1.1252,0.6437,PASS,100.0,0.4815,92.56,Laird Technologies - Thermal Materials,Thermal Pad Pink 228.60mm x 228.60mm Square Tacky - One Side,3.3,4.836678653633929,1.0,✅ Standard
TP-1436,TG-A1780-150-150-0.8,Thermal Pad,297.55,17.8,ModuleLED_Micro_8680,1.1252,0.0432,PASS,100.0,1.0819,68.05,t-Global Technology,Thermal Pad Gray 150.00mm x 150.00mm Square,0.79,5.698937422993001,1.0,✅ Standard
TP-1442,61-15-0808-1671,Thermal Pad,163.25,2.6,ModuleLED_Micro_8680,1.1252,0.1425,PASS,100.0,0.9827,72.09,Parker Chomerics,Thermal Pad White 203.20mm x 203.20mm Square,0.38,5.10138965736472,1.0,✅ Standard
TP-1449,A12617-25,Thermal Pad,32.91,3.0,ModuleLED_Micro_8680,1.1252,0.2469,PASS,100.0,0.8783,76.35,Laird Technologies - Thermal Materials,Thermal Pad Blue-Violet 457.20mm x 457.20mm Square Tacky - Both Sides,0.76,3.523709956137547,1.0,✅ Standard
TP-1451,SuperThermal-B132-10-02-1500-1500,Thermal Pad,306.64,13.2,ModuleLED_Micro_8680,1.1252,0.0739,PASS,100.0,1.0512,69.3,Aavid,"Thermal Interface Products SuperThermal Pad, 13.2 W/mK Conductivity, 1mm Thick, 2-Side Adhesive, 150x150mm",1.0,5.728930268188853,1.0,✅ Standard
TP-1452,A17752-06,Thermal Pad,132.45,7.5,ModuleLED_Micro_8680,1.1252,0.1948,PASS,100.0,0.9303,74.21,Laird Technologies - Thermal Materials,Thermal Pad Gray 228.60mm x 228.60mm Square Tacky - Both Sides,1.5,4.8937268758505335,1.0,✅ Standard
TP-1453,62-15-0808-1671,Thermal Pad,168.39,2.6,ModuleLED_Micro_8680,1.1252,0.1427,PASS,100.0,0.9825,72.09,Parker Chomerics,Thermal Pad White 203.20mm x 203.20mm Square,0.38,5.1322037485982905,1.0,✅ Standard
TP-1460,TG-A1660-250-250-0.5,Thermal Pad,112.34,16.6,ModuleLED_Micro_8680,1.1252,0.0293,PASS,100.0,1.0958,67.48,t-Global Technology,Thermal Pad Gray 250.00mm x 250.00mm Square,0.5,4.730392150741473,1.0,✅ Standard
TP-1461,TGP 40000SF-0.060-00-0606,Thermal Pad,195875.18,40.0,ModuleLED_Micro_8680,1.1252,0.0371,PASS,100.0,1.0881,67.8,Bergquist Company,"Thermal Interface Products GAP PAD, Sil-Free, 40W/m-K, 6x6"" Sheet, 0.060"" Thickness, Thermexit, IDH 2972780",1.52,12.185238003890335,3.0,🏭 Industrial
TP-1476,TGP12000ULM-0.060-00-0808,Thermal Pad,175.62,12.0,ModuleLED_Micro_8680,1.1252,0.1234,PASS,100.0,1.0018,71.31,Bergquist Company,"Thermal Interface Products GAP PAD, 12W/m-K, Ultra-Low Modulus, 8""x8"" Sheet, 0.060"" Thickness, TGP12000ULM",1.52,5.174000532040656,1.0,✅ Standard
TP-1491,A10237-21,Thermal Pad,142.96,3.0,ModuleLED_Micro_8680,1.1252,0.6597,PASS,100.0,0.4655,93.14,Laird Technologies - Thermal Materials,Thermal Pad White 228.60mm x 228.60mm Square Tacky - Both Sides,2.03,4.96953548321083,1.0,✅ Standard
TP-1493,61-08-1015-PAD80G,Thermal Pad,78.1,8.3,ModuleLED_Micro_8680,1.1252,0.2385,PASS,100.0,0.8867,75.97,Parker Chomerics,Thermal Pad Dark Gray 381.00mm x 254.00mm Rectangular,2.03,4.370712874773608,1.0,✅ Standard
TP-1499,2722287,Thermal Pad,186.02,12.0,ModuleLED_Micro_8680,1.1252,0.0829,PASS,100.0,1.0422,69.65,Bergquist Company,"Thermal Interface Products GAP PAD, 12 W/m-K, Ultra-Low Modulus, 8"" x 8"" Sheet, 0.040"" Thickness",1.02,5.231215563007301,1.0,✅ Standard
TP-1503,TGP40000SF-0.060-01-0606-NA,Thermal Pad,215470.9,40.0,ModuleLED_Micro_8680,1.1252,0.0371,PASS,100.0,1.0881,67.8,Bergquist Company,"Thermal Interface Products GAP PAD, Sil-Free, 40W/m-K, 6 x 6"" Sheet, Tacky Pad, 0.060"" Thickness, Thermexit",1.52,12.280585785592292,3.0,🏭 Industrial
TP-1509,GP7000ULM-0.100-02-0808,Thermal Pad,190.29,7.0,ModuleLED_Micro_8680,1.1252,0.3541,PASS,100.0,0.7711,80.69,Bergquist Company,"Thermal Interface Products GAP PAD, Silicone Thermal Interface, 7 W/m-K Thermal Conductivity, Ultra-Low Modulus, 8"" x 8"" Sheet, 0.100"" Thickness, GAP PAD TGP 7000ULM Series, IDH 2474876",2.54,5.253790601164562,1.0,✅ Standard
TP-1517,A10833-06,Thermal Pad,38.32,2.2,ModuleLED_Micro_8680,1.1252,0.2262,PASS,100.0,0.8989,75.48,Laird Technologies - Thermal Materials,Thermal Pad Yellow 457.20mm x 457.20mm Square Tacky - Both Sides,0.51,3.671733295278966,1.0,✅ Standard
TP-1526,SP2000-0.020-00-1212,Thermal Pad,87.36,3.5,ModuleLED_Micro_8680,1.1252,0.1421,PASS,100.0,0.983,72.08,Bergquist,Thermal Pad White 304.80mm x 304.80mm Square,0.51,4.481419378551917,1.0,✅ Standard
TP-1533,TG-A1250-310-310-1.0,Thermal Pad,85.56,12.5,ModuleLED_Micro_8680,1.1252,0.0781,PASS,100.0,1.0471,69.46,t-Global Technology,Thermal Pad Green 310.00mm x 310.00mm Square,1.0,4.460837815098172,1.0,✅ Standard
TP-1534,TG-A1780-150-150-1.0,Thermal Pad,366.04,17.8,ModuleLED_Micro_8680,1.1252,0.0548,PASS,100.0,1.0704,68.52,t-Global Technology,Thermal Pad Gray 150.00mm x 150.00mm Square,1.0,5.905470833941006,1.0,✅ Standard
TP-1537,TGP10000ULM-0.040-02-0808,Thermal Pad,200.96,10.0,ModuleLED_Micro_8680,1.1252,0.0993,PASS,100.0,1.0259,70.35,Bergquist Company,"Thermal Interface Products GAP PAD, 10W/m-K, 8"" x 8"" Sheet, 0.040"" Thickness, TGP10000ULM, IDH 2591008",1.02,5.308069657990715,1.0,✅ Standard
TP-1546,TGP 40000SF-0.080-00-0606,Thermal Pad,232994.75,40.0,ModuleLED_Micro_8680,1.1252,0.0495,PASS,100.0,1.0757,68.31,Bergquist Company,"Thermal Interface Products GAP PAD, Sil-Free, 40W/m-K, 6x6"" Sheet, 0.080"" Thickness, Thermexit, IDH 2972781",2.03,12.358775492038133,3.0,🏭 Industrial
TP-1559,A17752-08,Thermal Pad,165.49,7.5,ModuleLED_Micro_8680,1.1252,0.2615,PASS,100.0,0.8637,76.96,Laird Technologies - Thermal Materials,Thermal Pad Gray 228.60mm x 228.60mm Square Tacky - Both Sides,2.01,5.114935247556761,1.0,✅ Standard
TP-1568,TGP12000ULM-0.080-00-0808,Thermal Pad,213.63,12.0,ModuleLED_Micro_8680,1.1252,0.165,PASS,100.0,0.9601,73.01,Bergquist Company,"Thermal Interface Products GAP PAD, 12W/m-K, Ultra-Low Modulus, 8""x8"" Sheet, 0.080"" Thickness, TGP12000ULM",2.03,5.368915615393574,1.0,✅ Standard
TP-1582,TGP40000SF-0.080-01-0606-NA,Thermal Pad,253603.4,40.0,ModuleLED_Micro_8680,1.1252,0.0495,PASS,100.0,1.0756,68.3,Bergquist Company,"Thermal Interface Products GAP PAD, Sil-Free, 40W/m-K, 6 x 6"" Sheet, Tacky Pad, 0.080"" Thickness, Thermexit",2.03,12.443530851552424,3.0,🏭 Industrial
TP-1587,62-08-1015-PAD80A,Thermal Pad,94.84,8.3,ModuleLED_Micro_8680,1.1252,0.2387,PASS,100.0,0.8864,76.01,Parker Chomerics,Thermal Pad Dark Gray 381.00mm x 254.00mm Rectangular Adhesive - One Side,2.03,4.562680134367139,1.0,✅ Standard
TP-1603,A18213-10,Thermal Pad,179.49,10.0,ModuleLED_Micro_8680,1.1252,0.2439,PASS,100.0,0.8813,76.22,Laird Technologies - Thermal Materials,Thermal Pad Gray 229.00mm x 229.00mm Square,2.5,5.195675374576157,1.0,✅ Standard
TP-1605,2722288,Thermal Pad,228.07,12.0,ModuleLED_Micro_8680,1.1252,0.1234,PASS,100.0,1.0018,71.32,Bergquist Company,"Thermal Interface Products GAP PAD, 12 W/m-K, Ultra-Low Modulus, 8"" x 8"" Sheet, 0.060"" Thickness",1.52,5.434027633700484,1.0,✅ Standard
TP-1614,TGP7000ULM-0.125-02-0808,Thermal Pad,233.28,7.0,ModuleLED_Micro_8680,1.1252,0.4429,PASS,100.0,0.6822,84.34,Bergquist Company,"Thermal Interface Products GAP PAD, 7W/m-K, 8"" x 8"" Sheet, 0.125"" Thickness, TGP7000ULM, IDH 2474886",3.18,5.456516981221582,1.0,✅ Standard
TP-1637,GP3004SF-0.040-01-0918,Thermal Pad,98.35,3.0,ModuleLED_Micro_8680,1.1252,0.3312,PASS,100.0,0.794,79.78,Bergquist,Thermal Pad Gray 457.20mm x 228.60mm Rectangular Tacky - One Side,1.02,4.598648968997826,1.0,✅ Standard
TP-1643,TGP 40000SF-0.100-00-0606,Thermal Pad,287601.3,40.0,ModuleLED_Micro_8680,1.1252,0.0619,PASS,100.0,1.0632,68.81,Bergquist Company,"Thermal Interface Products GAP PAD, Sil-Free, 40W/m-K, 6x6"" Sheet, 0.100"" Thickness, Thermexit, IDH 2964639",2.54,12.56933390201541,3.0,🏭 Industrial
TP-1656,A14428-01,Thermal Pad,201.4,3.0,ModuleLED_Micro_8680,1.1252,1.6516,FAIL,0.0,-0.5264,133.7,Laird Technologies - Thermal Materials,Thermal Pad Blue-Violet 228.60mm x 228.60mm Square Tacky - One Side,5.08,5.310245937413311,2.0,❌ Avoid
TP-1661,TGP6000ULM-0.080-12-0816,Thermal Pad,128.08,6.0,ModuleLED_Micro_8680,1.1252,0.3295,PASS,100.0,0.7957,79.7,Bergquist Company,"Thermal Interface Products GAP PAD, 6W/m-K, 8"" x 16"" Sheet, 0.080"" Thickness, TGP6000ULM, IDH 2195669",2.03,4.860432367183761,1.0,✅ Standard
TP-1663,TGP10000ULM-0.060-02-0808,Thermal Pad,257.41,10.0,ModuleLED_Micro_8680,1.1252,0.1481,PASS,100.0,0.9771,72.34,Bergquist Company,"Thermal Interface Products GAP PAD, 10W/m-K, 8"" x 8"" Sheet, 0.060"" Thickness, TGP10000ULM, IDH 2591009",1.52,5.554547470850036,1.0,✅ Standard
TP-1686,TGP40000SF-0.100-01-0606-NA,Thermal Pad,316349.34,40.0,ModuleLED_Micro_8680,1.1252,0.0651,PASS,100.0,1.0601,68.94,Bergquist Company,"Thermal Interface Products GAP PAD, Sil-Free, 40W/m-K, 6 x 6"" Sheet, Tacky Pad, 0.105"" Thickness, Thermexit",2.67,12.664605549333423,3.0,🏭 Industrial
TP-1690,2722289,Thermal Pad,278.43,12.0,ModuleLED_Micro_8680,1.1252,0.1649,PASS,100.0,0.9603,73.0,Bergquist Company,"Thermal Interface Products GAP PAD, 12 W/m-K, Ultra-Low Modulus, 8"" x 8"" Sheet, 0.080"" Thickness",2.03,5.632751814000819,1.0,✅ Standard
TP-1691,TG-A1780-250-250-0.5,Thermal Pad,183.97,18.0,ModuleLED_Micro_8680,1.1252,0.027,PASS,100.0,1.0981,67.39,t-Global Technology,Thermal Pad Gray 250.00mm x 250.00mm Square,0.5,5.220193649766458,1.0,✅ Standard
TP-1702,TG-A1780-150-150-1.5,Thermal Pad,533.9,17.8,ModuleLED_Micro_8680,1.1252,0.0822,PASS,100.0,1.0429,69.64,t-Global Technology,Thermal Pad Gray 150.00mm x 150.00mm Square,1.5,6.282079813537204,1.0,✅ Standard
TP-1708,2214846,Thermal Pad,147.17,6.0,ModuleLED_Micro_8680,1.1252,0.5165,PASS,100.0,0.6086,87.35,Bergquist,Thermal Pad Gray 406.40mm x 203.20mm Rectangular Tacky - Both Sides,3.18,4.998360263220643,1.0,✅ Standard
TP-1717,TGP 40000SF-0.125-00-0606,Thermal Pad,344818.63,40.0,ModuleLED_Micro_8680,1.1252,0.0775,PASS,100.0,1.0476,69.45,Bergquist Company,"Thermal Interface Products GAP PAD, Sil-Free, 40W/m-K, 6x6"" Sheet, 0.125"" Thickness, Thermexit, IDH 2964638",3.18,12.75077674770566,3.0,🏭 Industrial
TP-1723,TGF30SF-07870787-039,Thermal Pad,318.13,3.0,ModuleLED_Micro_8680,1.1252,0.3214,PASS,100.0,0.8037,79.42,Leader Tech Inc.,Thermal Pad Gray 199.90mm x 199.90mm Square Tacky - Both Sides,0.99,5.765598543280663,1.0,✅ Standard
TP-1733,TGP6000ULM-0.100-12-0816,Thermal Pad,157.23,6.0,ModuleLED_Micro_8680,1.1252,0.4119,PASS,100.0,0.7133,83.08,Bergquist Company,"Thermal Interface Products GAP PAD, 6W/m-K, 8"" x 16"" Sheet, 0.100"" Thickness, TGP6000ULM, IDH 2196912",2.54,5.064049670730892,1.0,✅ Standard
TP-1736,TGP10000ULM-0.080-02-0808,Thermal Pad,315.96,10.0,ModuleLED_Micro_8680,1.1252,0.1979,PASS,100.0,0.9273,74.35,Bergquist Company,"Thermal Interface Products GAP PAD, 10W/m-K, 8"" x 8"" Sheet, 0.080"" Thickness, TGP10000ULM, IDH 2591010",2.03,5.758775582950241,1.0,✅ Standard
TP-1753,TGP40000SF-0.125-01-0606-NA,Thermal Pad,379290.26,40.0,ModuleLED_Micro_8680,1.1252,0.0774,PASS,100.0,1.0477,69.44,Bergquist Company,"Thermal Interface Products GAP PAD, Sil-Free, 40W/m-K, 6 x 6"" Sheet, Tacky Pad, 0.125"" Thickness, Thermexit",3.18,12.846059684964898,3.0,🏭 Industrial
TP-1760,2722290,Thermal Pad,342.0,12.0,ModuleLED_Micro_8680,1.1252,0.2064,PASS,100.0,0.9188,74.7,Bergquist Company,"Thermal Interface Products GAP PAD, 12 W/m-K, Ultra-Low Modulus, 8"" x 8"" Sheet, 0.100"" Thickness",2.54,5.8377304471659395,1.0,✅ Standard
TP-1791,TG-A1250-310-310-2.0,Thermal Pad,162.72,12.5,ModuleLED_Micro_8680,1.1252,0.1568,PASS,100.0,0.9683,72.68,t-Global Technology,Thermal Pad Green 310.00mm x 310.00mm Square,2.01,5.098157651624202,1.0,✅ Standard
TP-1794,TG-A1780-150-150-2.0,Thermal Pad,698.59,17.8,ModuleLED_Micro_8680,1.1252,0.1101,PASS,100.0,1.015,70.77,t-Global Technology,Thermal Pad Gray 150.00mm x 150.00mm Square,2.01,6.5504944491600705,1.0,✅ Standard
TP-1808,TGP6000ULM-0.125-12-0816,Thermal Pad,200.59,6.0,ModuleLED_Micro_8680,1.1252,0.5176,PASS,100.0,0.6075,87.39,Bergquist Company,"Thermal Interface Products GAP PAD, 6W/m-K, 8"" x 16"" Sheet, 0.125"" Thickness, TGP6000ULM, IDH 2214846",3.18,5.306235931792332,1.0,✅ Standard
TP-1833,2722291,Thermal Pad,435.61,12.0,ModuleLED_Micro_8680,1.1252,0.2476,PASS,100.0,0.8776,76.37,Bergquist Company,"Thermal Interface Products GAP PAD, 12 W/m-K, Ultra-Low Modulus, 8"" x 8"" Sheet, 0.120"" Thickness",3.05,6.079040348113737,1.0,✅ Standard
TP-1838,TGP12000ULM-0.100-00-0808,Thermal Pad,442.31,12.0,ModuleLED_Micro_8680,1.1252,0.2065,PASS,100.0,0.9187,74.69,Bergquist Company,"Thermal Interface Products GAP PAD, 12W/m-K, Ultra-Low Modulus, 8""x8"" Sheet, 0.100"" Thickness, TGP12000ULM",2.54,6.094269299583652,1.0,✅ Standard
TP-1845,TGP12000ULM-0.125-00-0808,Thermal Pad,453.59,12.0,ModuleLED_Micro_8680,1.1252,0.2587,PASS,100.0,0.8664,76.84,Bergquist Company,"Thermal Interface Products GAP PAD, 12W/m-K, Ultra-Low Modulus, 8""x8"" Sheet, 0.125"" Thickness, TGP12000ULM",3.18,6.119395913816181,1.0,✅ Standard
TP-1853,A17751-04,Thermal Pad,91.47,7.5,ModuleLED_Micro_8680,1.1252,0.1326,PASS,100.0,0.9926,71.69,Laird Technologies - Thermal Materials,Thermal Pad Gray 457.20mm x 457.20mm Square Tacky - Both Sides,1.02,4.526884267589547,1.0,✅ Standard
TP-1856,2722292,Thermal Pad,471.75,12.0,ModuleLED_Micro_8680,1.1252,0.2896,PASS,100.0,0.8355,78.07,Bergquist Company,"Thermal Interface Products GAP PAD, 12 W/m-K, Ultra-Low Modulus, 8"" x 8"" Sheet, 0.140"" Thickness",3.56,6.158566707538567,1.0,✅ Standard
TP-1860,TGP10000ULM-0.100-02-0808,Thermal Pad,478.76,10.0,ModuleLED_Micro_8680,1.1252,0.2474,PASS,100.0,0.8777,76.38,Bergquist Company,"Thermal Interface Products GAP PAD, 10W/m-K, 8"" x 8"" Sheet, 0.100"" Thickness, TGP10000ULM, IDH 2599712",2.54,6.173285978860254,1.0,✅ Standard
TP-1890,TGP10000ULM-0.125-02-0808,Thermal Pad,527.01,10.0,ModuleLED_Micro_8680,1.1252,0.3101,PASS,100.0,0.8151,78.91,Bergquist Company,"Thermal Interface Products GAP PAD, 10W/m-K, 8"" x 8"" Sheet, 0.125"" Thickness, TGP10000ULM, IDH 2599713",3.18,6.269115222920853,1.0,✅ Standard
TP-1896,2722293,Thermal Pad,539.28,12.0,ModuleLED_Micro_8680,1.1252,0.3296,PASS,100.0,0.7955,79.73,Bergquist Company,"Thermal Interface Products GAP PAD, 12 W/m-K, Ultra-Low Modulus, 8"" x 8"" Sheet, 0.160"" Thickness",4.06,6.2920875236925635,1.0,✅ Standard
GR-0033,09599,Grease,5.95,1.17,ModuleLED_Micro_8560,0.8252,0.0936,PASS,100.0,0.7316,81.15,SparkFun Electronics,Thermal Silicone Compound 5 gram Syringe,,1.9387416595767009,0.0,🏆 Best Value
GR-0038,TC3-1G,Grease,55.98,8.5,ModuleLED_Micro_8560,0.8252,0.0129,PASS,100.0,0.8122,77.23,Chip Quik Inc.,Thermal Silicone Compound 1 gram Syringe,,4.0427003290697625,1.0,✅ Standard
GR-0040,8615,Grease,17.58,3.0,ModuleLED_Micro_8560,0.8252,0.0365,PASS,100.0,0.7886,78.38,MG Chemicals,Thermal Non-Silicone Grease 3.5 gram Syringe,,2.922085733385692,0.0,🏆 Best Value
GR-0043,SILVGREASE1,Grease,51.05,1.93,ModuleLED_Micro_8560,0.8252,0.0568,PASS,100.0,0.7684,79.35,StarTech.com,Thermal Silicone Compound 1.5 gram Syringe,,3.952204795060978,1.0,✅ Standard
GR-0044,TC1-10G,Grease,8.42,0.67,ModuleLED_Micro_8560,0.8252,0.1637,PASS,100.0,0.6615,84.52,Chip Quik Inc.,Thermal Silicone Compound 10 gram Syringe,,2.2428350885882717,0.0,🏆 Best Value
GR-0046,HEATGREASE20,Grease,4.37,1.07,ModuleLED_Micro_8560,0.8252,0.1027,PASS,100.0,0.7225,81.6,StarTech.com,Thermal Silicone Compound 20 gram Tube,,1.6808279085207734,0.0,🏆 Best Value
GR-0047,8610-60G,Grease,1.9,0.77,ModuleLED_Micro_8560,0.8252,0.1423,PASS,100.0,0.6829,83.52,MG Chemicals,Thermal Non-Silicone Compound 2 oz Tube,,1.0647107369924282,0.0,🏆 Best Value
GR-0048,TC4-1G,Grease,109.41,79.0,ModuleLED_Micro_8560,0.8252,0.0014,PASS,100.0,0.8238,76.68,Chip Quik,Thermal Interface Products Heat Sink Thermal Compound - Deep-Space Liquid Metal 79 W/mK 1g/1cc Syringe,,4.704200709451046,1.0,✅ Standard
GR-0049,TC4-1G,Grease,113.46,79.0,ModuleLED_Micro_8560,0.8252,0.0014,PASS,100.0,0.8238,76.68,Chip Quik Inc.,"Thermal Thermal Compound, Liquid Metal 1 gram Syringe",,4.740225416980956,1.0,✅ Standard
GR-0050,TC1-20G,Grease,6.09,0.67,ModuleLED_Micro_8560,0.8252,0.1636,PASS,100.0,0.6615,84.54,Chip Quik Inc.,Thermal Silicone Compound 20 gram Syringe,,1.958685340544036,0.0,🏆 Best Value
GR-0052,250G,Grease,2.25,0.76,ModuleLED_Micro_8560,0.8252,0.1443,PASS,100.0,0.6809,83.62,"Boyd Laconia, LLC",Thermal Silicone Compound 2 oz Tube,,1.1786549963416462,0.0,🏆 Best Value
GR-0056,TG-N909-30,Grease,4.65,9.0,ModuleLED_Micro_8560,0.8252,0.0122,PASS,100.0,0.813,77.2,t-Global Technology,Thermal Non-Silicone Grease 30 gram Container,,1.7316555451583497,0.0,🏆 Best Value
GR-0057,TC3-3.5G,Grease,40.18,8.5,ModuleLED_Micro_8560,0.8252,0.0129,PASS,100.0,0.8123,77.23,Chip Quik Inc.,Thermal Silicone Compound 3.5 gram Syringe,,3.717952701599643,1.0,✅ Standard
GR-0061,CW7270,Grease,20.85,0.71,ModuleLED_Micro_8560,0.8252,0.1544,PASS,100.0,0.6708,84.09,Chemtronics,Thermal Non-Silicone Grease 7 gram Syringe,,3.084200921541599,0.0,🏆 Best Value
GR-0067,65-00-GREASE15-0010,Grease,6.4,1.5,ModuleLED_Micro_8560,0.8252,0.073,PASS,100.0,0.7522,80.16,Parker Chomerics,Thermal Silicone Grease 10cc Syringe,,2.0014800002101243,0.0,🏆 Best Value
GR-0068,TC4-2G,Grease,82.22,79.0,ModuleLED_Micro_8560,0.8252,0.0014,PASS,100.0,0.8238,76.68,Chip Quik,Thermal Interface Products Heat Sink Thermal Compound - Deep-Space Liquid Metal 79 W/mK 2g/1cc Syringe,,4.421487703554795,1.0,✅ Standard
GR-0069,TC4-2G,Grease,83.35,79.0,ModuleLED_Micro_8560,0.8252,0.0014,PASS,100.0,0.8238,76.68,Chip Quik Inc.,"Thermal Thermal Compound, Liquid Metal 2 gram Syringe",,4.434974808991977,1.0,✅ Standard
GR-0070,65-00-GREASE30-0010,Grease,6.73,3.0,ModuleLED_Micro_8560,0.8252,0.0366,PASS,100.0,0.7886,78.37,Parker Chomerics,Thermal Silicone Grease 10cc Syringe,,2.0451088625993306,0.0,🏆 Best Value
GR-0074,65-00-GREASE50-0010,Grease,7.06,5.0,ModuleLED_Micro_8560,0.8252,0.022,PASS,100.0,0.8032,77.67,Parker Chomerics,Thermal Silicone Grease 10cc Jar,,2.086913556518537,0.0,🏆 Best Value
GR-0075,65-00-GREASE70-0010,Grease,7.26,7.0,ModuleLED_Micro_8560,0.8252,0.0157,PASS,100.0,0.8095,77.37,Parker Chomerics,Thermal Silicone Grease 10cc Syringe,,2.1114245875328868,0.0,🏆 Best Value
GR-0078,65-00-CIP60-0045,Grease,1.56,6.0,ModuleLED_Micro_8560,0.8252,0.0183,PASS,100.0,0.8069,77.5,Parker Chomerics,"Thermal Silicone Compound, 2 Part 50cc Cartridge",,0.9400072584914712,0.0,🏆 Best Value
GR-0080,TC2-10G,Grease,20.65,4.3,ModuleLED_Micro_8560,0.8252,0.0255,PASS,100.0,0.7996,77.85,Chip Quik Inc.,Thermal Silicone Compound 10 gram Syringe,,3.075005454448499,0.0,🏆 Best Value
GR-0086,CW7250,Grease,62.15,1.85,ModuleLED_Micro_8560,0.8252,0.0591,PASS,100.0,0.7661,79.49,Chemtronics,Thermal Non-Silicone Grease 3.4 gram Syringe,,4.1455128487965,1.0,✅ Standard
GR-0087,TC4-5G,Grease,43.78,79.0,ModuleLED_Micro_8560,0.8252,0.0014,PASS,100.0,0.8238,76.68,Chip Quik Inc.,"Thermal Thermal Compound, Liquid Metal 5 gram Syringe",,3.8017616111706087,1.0,✅ Standard
GR-0088,TC4-5G,Grease,43.9,79.0,ModuleLED_Micro_8560,0.8252,0.0014,PASS,100.0,0.8238,76.68,Chip Quik,Thermal Interface Products Heat Sink Thermal Compound - Deep-Space Liquid Metal 79 W/mK 5g/1cc Syringe,,3.8044377947482086,1.0,✅ Standard
GR-0091,8617-85ML,Grease,1.12,1.0,ModuleLED_Micro_8560,0.8252,0.1099,PASS,100.0,0.7152,81.93,MG Chemicals,Thermal Non-Silicone Grease 85 ml Tube,,0.7514160886839212,0.0,🏆 Best Value
GR-0092,GF1000-00-15-50CC,Grease,1.91,1.0,ModuleLED_Micro_8560,0.8252,0.1099,PASS,100.0,0.7153,81.94,Bergquist,"Thermal Liquid Gap Filler, 2 Part 50cc Cartridge",,1.068153081183401,0.0,🏆 Best Value
GR-0096,X-PUTTY-100,Grease,2.64,3.0,ModuleLED_Micro_8560,0.8252,0.0366,PASS,100.0,0.7885,78.38,"Shiu Li Technology Co., Ltd.",Thermal Silicone Putty 100 gram Cartridge,,1.2919836816486494,0.0,🏆 Best Value
GR-0099,8327GF25-50CC,Grease,2.2,2.5,ModuleLED_Micro_8560,0.8252,0.0437,PASS,100.0,0.7814,78.73,MG Chemicals,Thermal Silicone Gap Filler 50 ml Cartridges,,1.1631508098056809,0.0,🏆 Best Value
GR-0100,65-00-GEL37-0010,Grease,11.07,3.7,ModuleLED_Micro_8560,0.8252,0.0296,PASS,100.0,0.7955,78.05,Parker Chomerics,Thermal Silicone Gel 10cc Syringe,,2.4907230351094403,0.0,🏆 Best Value
GR-0102,PK223DM-110,Grease,2.65,2.0,ModuleLED_Micro_8560,0.8252,0.0549,PASS,100.0,0.7703,79.27,"Shiu Li Technology Co., Ltd.","Thermal Liquid Gap Filler, 2 Part 110 gram Cartridge",,1.2947271675944,0.0,🏆 Best Value
GR-0103,SILV5-THERMAL-PASTE,Grease,196.47,3.2,ModuleLED_Micro_8560,0.8252,0.0343,PASS,100.0,0.7909,78.27,StarTech.com,Thermal Silicone Compound 1.5 gram Syringe,,5.285586674069219,1.0,✅ Standard
GR-0106,65-00-GEL35VT-0010,Grease,12.11,3.5,ModuleLED_Micro_8560,0.8252,0.0313,PASS,100.0,0.7939,78.13,Parker Chomerics,Thermal Silicone Gel 10cc Syringe,,2.5733752977756086,0.0,🏆 Best Value
GR-0109,TC4-10G,Grease,31.12,79.0,ModuleLED_Micro_8560,0.8252,0.0014,PASS,100.0,0.8238,76.68,Chip Quik,Thermal Interface Products Heat Sink Thermal Compound - Deep-Space Liquid Metal 79 W/mK 10g/3cc Syringe,,3.469478889078561,0.0,🏆 Best Value
GR-0110,TC4-10G,Grease,32.14,79.0,ModuleLED_Micro_8560,0.8252,0.0014,PASS,100.0,0.8238,76.68,Chip Quik Inc.,"Thermal Thermal Compound, Liquid Metal 10 gram Syringe",,3.500741011998417,0.0,🏆 Best Value
GR-0111,CT40-5,Grease,2.28,0.63,ModuleLED_Micro_8560,0.8252,0.1739,PASS,100.0,0.6512,85.02,Chemtronics,Thermal Silicone Compound 5 oz Tube,,1.1878434223960523,0.0,🏆 Best Value
GR-0113,GF4500CVO-00-240-50CC,Grease,2.6,4.5,ModuleLED_Micro_8560,0.8252,0.0244,PASS,100.0,0.8008,77.79,Bergquist Company,"Thermal Interface Products Liquid Gap-Filling Material, 2-Part, 4.5W/m-K, 50ml Cartridge, TGF4500CVO",,1.2809338454620642,0.0,🏆 Best Value
GR-0115,GF1500-00-60-50CC,Grease,2.61,1.8,ModuleLED_Micro_8560,0.8252,0.061,PASS,100.0,0.7642,79.55,Bergquist,"Thermal Liquid Gap Filler, 2 Part 50cc Cartridge",,1.2837077723447896,0.0,🏆 Best Value
GR-0121,S-PUTTY-100,Grease,3.53,3.5,ModuleLED_Micro_8560,0.8252,0.0315,PASS,100.0,0.7937,78.13,"Shiu Li Technology Co., Ltd.",Thermal Silicone Putty 100 gram Cartridge,,1.5107219394949427,0.0,🏆 Best Value
GR-0122,N-PUTTY-100,Grease,3.54,3.5,ModuleLED_Micro_8560,0.8252,0.0314,PASS,100.0,0.7938,78.13,"Shiu Li Technology Co., Ltd.",Thermal Non-Silicone Putty 100 gram Cartridge,,1.5129270120532565,0.0,🏆 Best Value
GR-0124,TC3-10G,Grease,28.56,8.5,ModuleLED_Micro_8560,0.8252,0.0129,PASS,100.0,0.8122,77.23,Chip Quik Inc.,Thermal Silicone Compound 5cc Syringe,,3.386422096080001,0.0,🏆 Best Value
GR-0130,65-00-GEL20-0010,Grease,14.76,2.4,ModuleLED_Micro_8560,0.8252,0.0458,PASS,100.0,0.7794,78.82,Parker Chomerics,Thermal Gel Gap Filler 10cc Syringe,,2.757475084429733,0.0,🏆 Best Value
GR-0131,H-PUTTY-100,Grease,3.71,3.5,ModuleLED_Micro_8560,0.8252,0.0313,PASS,100.0,0.7939,78.12,"Shiu Li Technology Co., Ltd.",Thermal Silicone Putty 100 gram Cartridge,,1.5496879080283263,0.0,🏆 Best Value
GR-0132,127-6-10,Grease,15.05,6.0,ModuleLED_Micro_8560,0.8252,0.0183,PASS,100.0,0.8069,77.49,Wakefield Thermal Solutions,Thermal Non-Silicone Grease 10cc Syringe,,2.775708849576025,0.0,🏆 Best Value
GR-0133,127-6-10,Grease,15.35,6.0,ModuleLED_Micro_8560,0.8252,0.0183,PASS,100.0,0.8069,77.5,Wakefield Thermal,"Thermal Interface Products Thermal Grease, High Performance, Non-Silicone, 6 W/m-K, 10cc Syringe",,2.794227897343262,0.0,🏆 Best Value
GR-0134,TC2-20G,Grease,19.26,4.3,ModuleLED_Micro_8560,0.8252,0.0255,PASS,100.0,0.7997,77.84,Chip Quik Inc.,Thermal Silicone Compound 20 gram Syringe,,3.0086484988205373,0.0,🏆 Best Value
GR-0140,65-02-GREASE15-0030,Grease,5.42,1.5,ModuleLED_Micro_8560,0.8252,0.0735,PASS,100.0,0.7516,80.15,Parker Chomerics,Thermal Silicone Grease 30cc Cartridge,,1.8594181177018698,0.0,🏆 Best Value
GR-0142,65-02-GEL35VT-0030,Grease,5.51,3.5,ModuleLED_Micro_8560,0.8252,0.0314,PASS,100.0,0.7937,78.13,Parker Chomerics,Thermal Silicone Gel 30cc Syringe,,1.873339456220478,0.0,🏆 Best Value
GR-0143,65-00-GEL50TBL-0010,Grease,16.63,5.0,ModuleLED_Micro_8560,0.8252,0.022,PASS,100.0,0.8032,77.67,Parker Chomerics,Thermal Silicone Gel 10cc Syringe,,2.869601996409779,0.0,🏆 Best Value
GR-0144,8327GF41-50CC,Grease,3.36,4.1,ModuleLED_Micro_8560,0.8252,0.0268,PASS,100.0,0.7984,77.9,MG Chemicals,Thermal Silicone Gap Filler 50 ml Cartridges,,1.4724720573609429,0.0,🏆 Best Value
GR-0148,65-02-GREASE30-0030,Grease,5.71,3.0,ModuleLED_Micro_8560,0.8252,0.0366,PASS,100.0,0.7886,78.38,Parker Chomerics,Thermal Silicone Grease 30cc Cartridge,,1.9035989509835904,0.0,🏆 Best Value
GR-0149,8463-7G,Grease,62.82,0.46,ModuleLED_Micro_8560,0.8252,0.2384,PASS,100.0,0.5867,88.17,MG Chemicals,Thermal Silicone Grease 7 gram Syringe,,4.156066620850098,1.0,✅ Standard
GR-0151,GCS-NSP15-100ML,Grease,1.78,1.5,ModuleLED_Micro_8560,0.8252,0.0732,PASS,100.0,0.752,80.16,European Thermodynamics Ltd,Thermal Non-Silicone Putty 100 ml Syringe,,1.0224509277025458,0.0,🏆 Best Value
GR-0152,65-02-GREASE50-0030,Grease,5.99,5.0,ModuleLED_Micro_8560,0.8252,0.0219,PASS,100.0,0.8032,77.67,Parker Chomerics,Thermal Silicone Grease 30cc Cartridge,,1.944480556245719,0.0,🏆 Best Value
GR-0155,TGF3000SF-00-1500-50CC,Grease,3.67,3.0,ModuleLED_Micro_8560,0.8252,0.0366,PASS,100.0,0.7886,78.38,Bergquist Company,"Thermal Interface Products Gap Filler, 2-Part, Sil-Free, Room Temp Cure, 3W/mK, 50ml Cartridge, TGF3000SF",,1.541159071680806,0.0,🏆 Best Value
GR-0157,65-02-GREASE70-0030,Grease,6.16,7.0,ModuleLED_Micro_8560,0.8252,0.0157,PASS,100.0,0.8095,77.37,Parker Chomerics,Thermal Silicone Grease 30cc Cartridge,,1.9685099809725544,0.0,🏆 Best Value
GR-0160,TC1-200G,Grease,2.35,0.67,ModuleLED_Micro_8560,0.8252,0.1633,PASS,100.0,0.6618,84.56,Chip Quik Inc.,Thermal Silicone Compound 200 gram Jar,,1.208960345836975,0.0,🏆 Best Value
GR-0163,TG-N8000-30,Grease,15.74,8.0,ModuleLED_Micro_8560,0.8252,0.0137,PASS,100.0,0.8115,77.27,t-Global Technology,Thermal Non-Silicone Putty 30 gram Jar,,2.8178010650613294,0.0,🏆 Best Value
GR-0164,G3380NA-120,Grease,3.98,1.3,ModuleLED_Micro_8560,0.8252,0.0845,PASS,100.0,0.7407,80.7,"Shiu Li Technology Co., Ltd.",Thermal Non-Silicone Grease 120 gram Cartridge,,1.6054298910365616,0.0,🏆 Best Value
GR-0165,GF3500S35-07-60-50CC,Grease,3.88,3.6,ModuleLED_Micro_8560,0.8252,0.0305,PASS,100.0,0.7946,78.09,Bergquist,"Thermal Liquid Gap Filler, 2 Part 50cc Cartridge",,1.5851452198650557,0.0,🏆 Best Value
GR-0167,TG4040-D-30CC,Grease,6.65,3.0,ModuleLED_Micro_8560,0.8252,0.0365,PASS,100.0,0.7886,78.38,t-Global Technology,Thermal Silicone Putty 30cc Syringe,,2.0347056478384444,0.0,🏆 Best Value
GR-0168,S-PUTTY2-100,Grease,5.04,6.0,ModuleLED_Micro_8560,0.8252,0.0183,PASS,100.0,0.8069,77.49,"Shiu Li Technology Co., Ltd.",Thermal Silicone Putty 100 gram Cartridge,,1.7984040119467235,0.0,🏆 Best Value
GR-0169,GF3500S35-00-60-50CC,Grease,4.06,3.6,ModuleLED_Micro_8560,0.8252,0.0304,PASS,100.0,0.7947,78.08,Bergquist,"Thermal Liquid Gap Filler, 2 Part 50cc Cartridge",,1.6213664832993742,0.0,🏆 Best Value
GR-0170,65-00-GEL75VT-0010,Grease,20.32,7.5,ModuleLED_Micro_8560,0.8252,0.0146,PASS,100.0,0.8106,77.32,Parker Chomerics,Thermal Silicone Gel 10cc Syringe,,3.0596455992976437,0.0,🏆 Best Value
GR-0171,65-02-GEL50TBL-0030,Grease,6.79,5.0,ModuleLED_Micro_8560,0.8252,0.022,PASS,100.0,0.8031,77.67,Parker Chomerics,Thermal Silicone Gel 30cc Syringe,,2.052840859882657,0.0,🏆 Best Value
GR-0172,GL-20-10,Grease,20.5,3.5,ModuleLED_Micro_8560,0.8252,0.0313,PASS,100.0,0.7939,78.13,Wakefield Thermal,"Thermal Interface Products ulTIMiFlux Gel, 10cc Syringe, Pink, 20g/m Flow Rate, 0.004"", 3.5w/mK",,3.068052935133617,0.0,🏆 Best Value
GR-0173,TG-N4000-30CC,Grease,6.87,4.0,ModuleLED_Micro_8560,0.8252,0.0273,PASS,100.0,0.7978,77.94,t-Global Technology,Thermal Non-Silicone Putty 30cc Syringe,,2.063058062429312,0.0,🏆 Best Value
GR-0174,A18835-01,Grease,4.13,5.4,ModuleLED_Micro_8560,0.8252,0.0203,PASS,100.0,0.8048,77.59,Laird Technologies - Thermal Materials,Thermal Liquid Gap Filler 50cc Cartridge,,1.6351056591826783,0.0,🏆 Best Value
GR-0176,TC4-20G,Grease,26.04,79.0,ModuleLED_Micro_8560,0.8252,0.0014,PASS,100.0,0.8238,76.68,Chip Quik Inc.,"Thermal Thermal Compound, Liquid Metal 20 gram Syringe",,3.2973172511747633,0.0,🏆 Best Value
GR-0177,65-02-GEL50VT-0030,Grease,6.98,5.2,ModuleLED_Micro_8560,0.8252,0.0211,PASS,100.0,0.8041,77.63,Parker Chomerics,Thermal Silicone Gel 30cc Syringe,,2.0769384114617173,0.0,🏆 Best Value
GR-0178,8327GL6-30ML,Grease,7.05,6.0,ModuleLED_Micro_8560,0.8252,0.0183,PASS,100.0,0.8069,77.5,MG Chemicals,Thermal Non-Silicone Gel 30 ml Cartridge,,2.085672091430472,0.0,🏆 Best Value
GR-0179,H-PUTTY2-100,Grease,5.31,6.0,ModuleLED_Micro_8560,0.8252,0.0182,PASS,100.0,0.8069,77.49,"Shiu Li Technology Co., Ltd.",Thermal Silicone Putty 100 gram Cartridge,,1.8421356765531218,0.0,🏆 Best Value
GR-0180,TC4-20G,Grease,26.74,79.0,ModuleLED_Micro_8560,0.8252,0.0014,PASS,100.0,0.8238,76.68,Chip Quik,Thermal Interface Products Heat Sink Thermal Compound - Deep-Space Liquid Metal 79 W/mK 20g/3cc Syringe,,3.3228754148866853,0.0,🏆 Best Value
GR-0181,65-02-GEL20-0030,Grease,7.15,2.4,ModuleLED_Micro_8560,0.8252,0.0456,PASS,100.0,0.7795,78.82,Parker Chomerics,Thermal Gel Gap Filler 30cc Cartridge,,2.0980179272527715,0.0,🏆 Best Value
GR-0183,X-PUTTY-100-KIT,Grease,5.61,3.0,ModuleLED_Micro_8560,0.8252,0.0365,PASS,100.0,0.7887,78.39,"Shiu Li Technology Co., Ltd.",Thermal Silicone Putty 100 gram Cartridge,,1.888583653863595,0.0,🏆 Best Value
GR-0184,A17170-01,Grease,2.99,3.7,ModuleLED_Micro_8560,0.8252,0.0296,PASS,100.0,0.7955,78.05,Laird Technologies - Thermal Materials,Thermal Silicone Compound 75cc Cartridge,,1.3837912309017721,0.0,🏆 Best Value
GR-0187,65-00-GEL75-0010,Grease,22.96,7.5,ModuleLED_Micro_8560,0.8252,0.0146,PASS,100.0,0.8105,77.32,Parker Chomerics,Thermal Silicone Gel 10cc Syringe,,3.1763857732472487,0.0,🏆 Best Value
GR-0191,G3380D-100,Grease,6.0,6.0,ModuleLED_Micro_8560,0.8252,0.0183,PASS,100.0,0.8069,77.49,"Shiu Li Technology Co., Ltd.",Thermal Silicone Grease 100 gram Cartridge,,1.9459101490553132,0.0,🏆 Best Value
GR-0192,EPDM20-135,Grease,4.81,2.2,ModuleLED_Micro_8560,0.8252,0.0497,PASS,100.0,0.7754,79.03,"Shiu Li Technology Co., Ltd.","Thermal Liquid Gap Filler, 2 Part 50 ml Cartridges",,1.7595805708638197,0.0,🏆 Best Value
GR-0194,N-PUTTY2-100,Grease,6.19,5.0,ModuleLED_Micro_8560,0.8252,0.0219,PASS,100.0,0.8032,77.67,"Shiu Li Technology Co., Ltd.",Thermal Non-Silicone Putty 100 gram Cartridge,,1.9726911717329554,0.0,🏆 Best Value
GR-0196,CW7100,Grease,98.45,5.6,ModuleLED_Micro_8560,0.8252,0.0196,PASS,100.0,0.8056,77.56,Chemtronics,Thermal Silicone Grease 6.5 gram Syringe,,4.599655005299981,1.0,✅ Standard
GR-0197,PK223DM-110-KIT,Grease,5.84,2.0,ModuleLED_Micro_8560,0.8252,0.0547,PASS,100.0,0.7705,79.27,"Shiu Li Technology Co., Ltd.","Thermal Liquid Gap Filler, 2 Part 110 gram Cartridge",,1.922787731634459,0.0,🏆 Best Value
GR-0198,GCS-018-GS-WE-1KG,Grease,0.64,1.8,ModuleLED_Micro_8560,0.8252,0.0607,PASS,100.0,0.7644,79.57,European Thermodynamics Ltd,Thermal Silicone Grease 1 kg Container,,0.49469624183610705,0.0,🏆 Best Value
GR-0199,GL-08-10,Grease,25.84,2.4,ModuleLED_Micro_8560,0.8252,0.0458,PASS,100.0,0.7793,78.82,Wakefield Thermal,"Thermal Interface Products ulTIMiFlux Gel, 10cc Syringe, Yellow, 8g/m Flow Rate, 0.015"", 2.4w/mK",,3.289893312103481,0.0,🏆 Best Value
GR-0200,S-PUTTY-100-KIT,Grease,6.49,3.5,ModuleLED_Micro_8560,0.8252,0.0313,PASS,100.0,0.7938,78.13,"Shiu Li Technology Co., Ltd.",Thermal Silicone Putty 100 gram Cartridge,,2.0135687975291283,0.0,🏆 Best Value
GR-0201,N-PUTTY-100-KIT,Grease,6.5,3.5,ModuleLED_Micro_8560,0.8252,0.0313,PASS,100.0,0.7939,78.12,"Shiu Li Technology Co., Ltd.",Thermal Non-Silicone Putty 100 gram Cartridge,,2.0149030205422647,0.0,🏆 Best Value
GR-0204,PK404DM-150,Grease,4.42,3.6,ModuleLED_Micro_8560,0.8252,0.0305,PASS,100.0,0.7947,78.09,"Shiu Li Technology Co., Ltd.","Thermal Liquid Gap Filler, 2 Part 150 gram Cartridge",,1.6900958154515549,0.0,🏆 Best Value
GR-0205,H-PUTTY-100-KIT,Grease,6.68,3.5,ModuleLED_Micro_8560,0.8252,0.0314,PASS,100.0,0.7937,78.12,"Shiu Li Technology Co., Ltd.",Thermal Silicone Putty 100 gram Cartridge,,2.038619547159581,0.0,🏆 Best Value
GR-0206,65-02-GEL75VT-0030,Grease,9.06,7.5,ModuleLED_Micro_8560,0.8252,0.0147,PASS,100.0,0.8105,77.32,Parker Chomerics,Thermal Silicone Gel 30cc Cartridge,,2.3085671646715933,0.0,🏆 Best Value
GR-0207,G3380NC-100,Grease,6.81,4.5,ModuleLED_Micro_8560,0.8252,0.0244,PASS,100.0,0.8007,77.79,"Shiu Li Technology Co., Ltd.",Thermal Non-Silicone Grease 100 gram Cartridge,,2.0554049638515948,0.0,🏆 Best Value
GR-0213,65-00-CIP60-0200,Grease,1.42,6.0,ModuleLED_Micro_8560,0.8252,0.0183,PASS,100.0,0.8069,77.5,Parker Chomerics,"Thermal Silicone Compound, 2 Part 200cc Cartridge",,0.883767540168595,0.0,🏆 Best Value
GR-0215,8617-1P,Grease,0.61,1.0,ModuleLED_Micro_8560,0.8252,0.11,PASS,100.0,0.7151,81.95,MG Chemicals,Thermal Non-Silicone Grease 473 ml Jar,,0.4762341789963716,0.0,🏆 Best Value
GR-0218,2456616,Grease,5.82,3.5,ModuleLED_Micro_8560,0.8252,0.0313,PASS,100.0,0.7939,78.13,Bergquist,"Thermal Liquid Gap Filler, 2 Part 50cc Cartridge",,1.9198594718553708,0.0,🏆 Best Value
GR-0225,SH-PUTTY3-100,Grease,7.53,8.0,ModuleLED_Micro_8560,0.8252,0.0137,PASS,100.0,0.8114,77.27,"Shiu Li Technology Co., Ltd.",Thermal Silicone Putty 100 gram Cartridge,,2.143589361503588,0.0,🏆 Best Value
GR-0227,65-02-GEL75-0030,Grease,10.24,7.5,ModuleLED_Micro_8560,0.8252,0.0146,PASS,100.0,0.8106,77.32,Parker Chomerics,Thermal Silicone Gel 30cc Syringe,,2.419478844465545,0.0,🏆 Best Value
GR-0230,A16872-02,Grease,4.2,2.3,ModuleLED_Micro_8560,0.8252,0.0477,PASS,100.0,0.7775,78.92,Laird Technologies - Thermal Materials,Thermal Liquid Gap Filler 75cc Cartridge,,1.6486586255873816,0.0,🏆 Best Value
GR-0231,8327GL3-180ML,Grease,1.77,3.5,ModuleLED_Micro_8560,0.8252,0.0314,PASS,100.0,0.7938,78.13,MG Chemicals,Thermal Non-Silicone Gel 180 ml Cartridge,,1.0188473201992472,0.0,🏆 Best Value
GR-0234,S-PUTTY2-100-KIT,Grease,8.0,6.0,ModuleLED_Micro_8560,0.8252,0.0183,PASS,100.0,0.8069,77.49,"Shiu Li Technology Co., Ltd.",Thermal Silicone Putty 100 gram Cartridge,,2.1972245773362196,0.0,🏆 Best Value
GR-0236,H-PUTTY2-100-KIT,Grease,8.27,6.0,ModuleLED_Micro_8560,0.8252,0.0182,PASS,100.0,0.8069,77.5,"Shiu Li Technology Co., Ltd.",Thermal Silicone Putty 100 gram Cartridge,,2.2267833795777636,0.0,🏆 Best Value
GR-0237,G3380NA-120-KIT,Grease,6.9,1.3,ModuleLED_Micro_8560,0.8252,0.0844,PASS,100.0,0.7408,80.69,"Shiu Li Technology Co., Ltd.",Thermal Non-Silicone Grease 120 gram Cartridge,,2.066862759472976,0.0,🏆 Best Value
GR-0247,EPDM30-135,Grease,6.93,3.0,ModuleLED_Micro_8560,0.8252,0.0365,PASS,100.0,0.7887,78.38,"Shiu Li Technology Co., Ltd.","Thermal Liquid Gap Filler, 2 Part 50 ml Cartridges",,2.0706530356467567,0.0,🏆 Best Value
GR-0250,LF2000-00-00-30CC,Grease,11.74,2.0,ModuleLED_Micro_8560,0.8252,0.0549,PASS,100.0,0.7703,79.27,Bergquist Company,"Thermal Interface Products 1-Part, Liquid Formable Material, 30CC Cartridge, 2 W/m-K, Liqui-Form",,2.5447466501440172,0.0,🏆 Best Value
GR-0251,TG-N4000-55CC,Grease,6.41,4.0,ModuleLED_Micro_8560,0.8252,0.0274,PASS,100.0,0.7977,77.94,t-Global Technology,Thermal Non-Silicone Putty 55cc Syringe,,2.0028304393079956,0.0,🏆 Best Value
GR-0252,A17170-02,Grease,1.97,3.7,ModuleLED_Micro_8560,0.8252,0.0297,PASS,100.0,0.7954,78.05,Laird Technologies - Thermal Materials,Thermal Silicone Compound 180cc Cartridge,,1.0885619528146082,0.0,🏆 Best Value
GR-0253,TG-A7000-55CC,Grease,7.09,7.0,ModuleLED_Micro_8560,0.8252,0.0156,PASS,100.0,0.8095,77.37,t-Global Technology,Thermal Silicone Putty 50cc Syringe,,2.0906287310704004,0.0,🏆 Best Value
GR-0254,GCS-NSP30-100ML,Grease,3.55,3.0,ModuleLED_Micro_8560,0.8252,0.0365,PASS,100.0,0.7886,78.38,European Thermodynamics Ltd,Thermal Non-Silicone Putty 100 ml Syringe,,1.5151272329628591,0.0,🏆 Best Value
GR-0255,TG-N8000-30CC,Grease,11.91,8.0,ModuleLED_Micro_8560,0.8252,0.0137,PASS,100.0,0.8115,77.28,t-Global Technology,Thermal Non-Silicone Putty 30cc Syringe,,2.558002204858551,0.0,🏆 Best Value
GR-0258,N-PUTTY2-100-KIT,Grease,9.15,5.0,ModuleLED_Micro_8560,0.8252,0.0219,PASS,100.0,0.8033,77.67,"Shiu Li Technology Co., Ltd.",Thermal Non-Silicone Putty 100 gram Cartridge,,2.3174737054877963,0.0,🏆 Best Value
GR-0261,TC2-50G,Grease,18.81,4.3,ModuleLED_Micro_8560,0.8252,0.0255,PASS,100.0,0.7997,77.84,Chip Quik Inc.,Thermal Silicone Compound 50 gram Jar,,2.9861868607104594,0.0,🏆 Best Value
GR-0263,8618-85ML,Grease,4.44,6.0,ModuleLED_Micro_8560,0.8252,0.0183,PASS,100.0,0.8069,77.5,MG Chemicals,Thermal Non-Silicone Grease 85 ml Syringe,,1.6937790608678513,0.0,🏆 Best Value
GR-0265,EPDM20-135-KIT,Grease,7.61,2.2,ModuleLED_Micro_8560,0.8252,0.0498,PASS,100.0,0.7754,79.03,"Shiu Li Technology Co., Ltd.","Thermal Liquid Gap Filler, 2 Part 50 ml Cartridges",,2.1529243184396396,0.0,🏆 Best Value
GR-0266,GCS-NSP75 - 50ML,Grease,7.67,7.5,ModuleLED_Micro_8560,0.8252,0.0147,PASS,100.0,0.8105,77.32,European Thermodynamics Ltd,Thermal Non-Silicone Putty 50 ml Syringe,,2.1598687907924505,0.0,🏆 Best Value
GR-0270,G3380D-100-KIT,Grease,9.69,6.0,ModuleLED_Micro_8560,0.8252,0.0182,PASS,100.0,0.8069,77.49,"Shiu Li Technology Co., Ltd.",Thermal Silicone Grease 100 gram Cartridge,,2.3693087250369538,0.0,🏆 Best Value
GR-0271,2292097,Grease,8.0,3.5,ModuleLED_Micro_8560,0.8252,0.0312,PASS,100.0,0.794,78.13,Bergquist,"Thermal Silicone Compound, 2 Part 50cc Cartridge",,2.1972245773362196,0.0,🏆 Best Value
GR-0275,PK404DM-150-KIT,Grease,6.76,3.6,ModuleLED_Micro_8560,0.8252,0.0304,PASS,100.0,0.7947,78.09,"Shiu Li Technology Co., Ltd.","Thermal Liquid Gap Filler, 2 Part 150 gram Cartridge",,2.048982334195127,0.0,🏆 Best Value
GR-0276,S-PUTTY5-100,Grease,13.64,10.0,ModuleLED_Micro_8560,0.8252,0.011,PASS,100.0,0.8142,77.14,"Shiu Li Technology Co., Ltd.",Thermal Silicone Putty 30cc Tube,,2.6837575085331657,0.0,🏆 Best Value
GR-0277,G3380NC-100-KIT,Grease,10.31,4.5,ModuleLED_Micro_8560,0.8252,0.0244,PASS,100.0,0.8008,77.79,"Shiu Li Technology Co., Ltd.",Thermal Non-Silicone Grease 100 gram Cartridge,,2.425687290128029,0.0,🏆 Best Value
GR-0280,D2000-140,Grease,7.52,2.0,ModuleLED_Micro_8560,0.8252,0.0548,PASS,100.0,0.7703,79.27,"Shiu Li Technology Co., Ltd.","Thermal Silicone Grease, 2 Part 140 gram Cartridge",,2.1424163408412245,0.0,🏆 Best Value
GR-0281,SH-PUTTY3-100-KIT,Grease,10.68,8.0,ModuleLED_Micro_8560,0.8252,0.0137,PASS,100.0,0.8114,77.27,"Shiu Li Technology Co., Ltd.",Thermal Silicone Putty 100 gram Cartridge,,2.457877977400081,0.0,🏆 Best Value
GR-0285,2167388,Grease,8.81,3.5,ModuleLED_Micro_8560,0.8252,0.0313,PASS,100.0,0.7938,78.13,Bergquist,"Thermal Silicone Compound, 2 Part 50cc Cartridge",,2.2834022735772717,0.0,🏆 Best Value
GR-0286,A17262-01,Grease,8.82,6.4,ModuleLED_Micro_8560,0.8252,0.0172,PASS,100.0,0.808,77.44,Laird Technologies - Thermal Materials,Thermal Silicone Gap Filler 50cc Cartridge,,2.2844211223663744,0.0,🏆 Best Value
GR-0292,TG-N8000-55CC,Grease,8.37,8.0,ModuleLED_Micro_8560,0.8252,0.0137,PASS,100.0,0.8115,77.28,t-Global Technology,Thermal Non-Silicone Putty 55cc Syringe,,2.2375130962503307,0.0,🏆 Best Value
GR-0294,PK605DM-160,Grease,7.52,5.0,ModuleLED_Micro_8560,0.8252,0.022,PASS,100.0,0.8032,77.67,"Shiu Li Technology Co., Ltd.","Thermal Liquid Gap Filler, 2 Part 160 gram Cartridge",,2.1424163408412245,0.0,🏆 Best Value
GR-0295,2179547,Grease,9.68,3.5,ModuleLED_Micro_8560,0.8252,0.0313,PASS,100.0,0.7939,78.13,Bergquist,"Thermal Silicone Compound, 2 Part 50cc Cartridge",,2.3683728335320486,0.0,🏆 Best Value
GR-0296,EPDM30-135-KIT,Grease,9.74,3.0,ModuleLED_Micro_8560,0.8252,0.0365,PASS,100.0,0.7887,78.38,"Shiu Li Technology Co., Ltd.","Thermal Liquid Gap Filler, 2 Part 50 ml Cartridges",,2.3739750890807185,0.0,🏆 Best Value
GR-0298,S-PUTTY5-100-KIT,Grease,16.28,10.0,ModuleLED_Micro_8560,0.8252,0.011,PASS,100.0,0.8142,77.14,"Shiu Li Technology Co., Ltd.",Thermal Silicone Putty 30cc Tube,,2.8495497633759097,0.0,🏆 Best Value
GR-0299,A16872-03,Grease,2.74,2.3,ModuleLED_Micro_8560,0.8252,0.0477,PASS,100.0,0.7774,78.92,Laird Technologies - Thermal Materials,Thermal Liquid Gap Filler 180cc Cartridge,,1.3190856114264407,0.0,🏆 Best Value
GR-0302,65-00-GREASE15-0160,Grease,3.13,1.5,ModuleLED_Micro_8560,0.8252,0.0732,PASS,100.0,0.7519,80.15,Parker Chomerics,Thermal Silicone Grease 160cc Container,,1.4182774069729414,0.0,🏆 Best Value
GR-0311,TT3000-150,Grease,8.4,6.0,ModuleLED_Micro_8560,0.8252,0.0183,PASS,100.0,0.8069,77.49,"Shiu Li Technology Co., Ltd.",Thermal Silicone Grease 150 gram Cartridge,,2.2407096892759584,0.0,🏆 Best Value
GR-0312,DP-100,Grease,17.06,6.5,ModuleLED_Micro_8560,0.8252,0.0169,PASS,100.0,0.8083,77.43,Taica,"Thermal Interface Products Thermal Conductive GEL, 6.5W/mK, 5.0kV/mm, 30ml Syringe, Lamda Gel DP",,2.8936995479888394,0.0,🏆 Best Value
GR-0313,LF3500-00-00-30CC,Grease,17.26,3.5,ModuleLED_Micro_8560,0.8252,0.0313,PASS,100.0,0.7939,78.13,Bergquist Company,"Thermal Interface Products 1-Part, Liquid Formable Material, 30CC Cartridge, 3.5 W/m-K, Liqui-Form",,2.9047128751668225,0.0,🏆 Best Value
GR-0315,127-12-10,Grease,1307.58,12.0,ModuleLED_Micro_8560,0.8252,0.0091,PASS,100.0,0.816,77.05,Wakefield Thermal Solutions,Thermal Non-Silicone Grease 1 gram Syringe,,7.17669785880975,1.0,✅ Standard
GR-0316,127-12-10,Grease,52.3,12.0,ModuleLED_Micro_8560,0.8252,0.0091,PASS,100.0,0.816,77.05,Wakefield Thermal,"Thermal Interface Products Thermal Grease, Extreme Performance, Non-Silicone, 12 W/m-K, 10cc Syringe",,3.975936331171799,1.0,✅ Standard
GR-0317,65-00-GREASE30-0160,Grease,3.29,3.0,ModuleLED_Micro_8560,0.8252,0.0366,PASS,100.0,0.7886,78.38,Parker Chomerics,Thermal Silicone Grease 160cc Container,,1.4562867329399256,0.0,🏆 Best Value
GR-0318,127-20-10,Grease,1362.89,20.0,ModuleLED_Micro_8560,0.8252,0.0055,PASS,100.0,0.8197,76.88,Wakefield Thermal Solutions,Thermal Non-Silicone Grease 1 gram Syringe,,7.2180961899901215,1.0,✅ Standard
GR-0319,127-20-10,Grease,54.52,20.0,ModuleLED_Micro_8560,0.8252,0.0055,PASS,100.0,0.8197,76.88,Wakefield Thermal,"Thermal Interface Products Thermal Grease, Extreme Performance, Non-Silicone, 20 W/m-K, 10cc Syringe",,4.016743316198549,1.0,✅ Standard
GR-0321,65-00-GREASE50-0160,Grease,3.45,5.0,ModuleLED_Micro_8560,0.8252,0.0219,PASS,100.0,0.8033,77.68,Parker Chomerics,Thermal Silicone Grease 160cc Container,,1.4929040961781488,0.0,🏆 Best Value
GR-0322,A14855-02,Grease,1.38,1.2,ModuleLED_Micro_8560,0.8252,0.0914,PASS,100.0,0.7338,81.04,Laird Technologies,Thermal Interface Products Tgrease 1500 1kg 1.2 W/mK,,0.8671004876833833,0.0,🏆 Best Value
GR-0324,A18560-09,Grease,18.48,9.1,ModuleLED_Micro_8560,0.8252,0.012,PASS,100.0,0.8131,77.2,Laird Technologies - Thermal Materials,Thermal Liquid Gap Filler 30cc Cartridge,,2.969388298214389,0.0,🏆 Best Value
GR-0325,A18835-02,Grease,2.79,5.4,ModuleLED_Micro_8560,0.8252,0.0204,PASS,100.0,0.8048,77.59,Laird Technologies - Thermal Materials,Thermal Liquid Gap Filler 200cc Cartridge,,1.332366019094335,0.0,🏆 Best Value
GR-0326,D2000-140-KIT,Grease,10.02,2.0,ModuleLED_Micro_8560,0.8252,0.0548,PASS,100.0,0.7704,79.27,"Shiu Li Technology Co., Ltd.","Thermal Silicone Grease, 2 Part 140 gram Cartridge",,2.3997118037247684,0.0,🏆 Best Value
GR-0331,65-00-GREASE70-0160,Grease,3.55,7.0,ModuleLED_Micro_8560,0.8252,0.0157,PASS,100.0,0.8095,77.37,Parker Chomerics,Thermal Silicone Grease 160cc Container,,1.5151272329628591,0.0,🏆 Best Value
GR-0334,A10548-5,Grease,5.92,3.0,ModuleLED_Micro_8560,0.8252,0.0366,PASS,100.0,0.7886,78.39,Laird Technologies - Thermal Materials,Thermal Silicone Putty 100cc Jar,,1.9344157696295783,0.0,🏆 Best Value
GR-0336,TLF6000HG-00-00-150CC,Grease,3.35,6.0,ModuleLED_Micro_8560,0.8252,0.0183,PASS,100.0,0.8068,77.49,Bergquist Company,"Thermal Interface Products Conductive, 1-Part, Liquid Formable, 180ml Cartridge, 6 W/m-K, Liqui-Form",,1.4701758451005928,0.0,🏆 Best Value
GR-0337,65-01-GEL37-0180,Grease,3.37,3.7,ModuleLED_Micro_8560,0.8252,0.0296,PASS,100.0,0.7956,78.05,Parker Chomerics,Thermal Silicone Gel 180cc Syringe,,1.4747630091074988,0.0,🏆 Best Value
GR-0338,TGF3000SF-00-1500-200CC,Grease,3.03,3.0,ModuleLED_Micro_8560,0.8252,0.0366,PASS,100.0,0.7886,78.37,Bergquist Company,"Thermal Interface Products Gap Filler, 2-Part, Sil-Free, Room Temp Cure, 3W/mK, 200ml Cartridge, TGF3000SF",,1.3937663759585917,0.0,🏆 Best Value
GR-0339,PK605DM-160-KIT,Grease,9.71,5.0,ModuleLED_Micro_8560,0.8252,0.0219,PASS,100.0,0.8033,77.67,"Shiu Li Technology Co., Ltd.","Thermal Liquid Gap Filler, 2 Part 160 gram Cartridge",,2.3711778844596574,0.0,🏆 Best Value
GR-0340,GF4500CVO-00-240-200CC,Grease,3.14,4.5,ModuleLED_Micro_8560,0.8252,0.0244,PASS,100.0,0.8008,77.79,Bergquist Company,"Thermal Interface Products Liquid Gap-Filling Material, 2-Part, 4.5W/m-K, 200ml Cartridge, TGF4500CVO",,1.420695787837223,0.0,🏆 Best Value
GR-0341,2624519,Grease,4.26,6.0,ModuleLED_Micro_8560,0.8252,0.0183,PASS,100.0,0.8069,77.5,Bergquist,Thermal Silicone Gel 150cc Cartridge,,1.6601310267496185,0.0,🏆 Best Value
GR-0343,GF4500CVO-00-240-400CC,Grease,1.72,4.5,ModuleLED_Micro_8560,0.8252,0.0244,PASS,100.0,0.8007,77.79,Bergquist Company,"Thermal Interface Products Liquid Gap-Filling Material, 2-Part, 4.5W/m-K, 400ml Cartridge, TGF4500CVO",,1.000631880307906,0.0,🏆 Best Value
GR-0345,65-02-GEL20-0180,Grease,4.24,2.4,ModuleLED_Micro_8560,0.8252,0.0454,PASS,100.0,0.7797,78.82,Parker Chomerics,Thermal Gel Gap Filler 180cc Cartridge,,1.6563214983329508,0.0,🏆 Best Value
GR-0346,X-PUTTY-900,Grease,2.15,3.0,ModuleLED_Micro_8560,0.8252,0.0367,PASS,100.0,0.7885,78.38,"Shiu Li Technology Co., Ltd.",Thermal Silicone Putty 900 gram Container,,1.1474024528375417,0.0,🏆 Best Value
GR-0350,A16872-04,Grease,2.2,2.3,ModuleLED_Micro_8560,0.8252,0.0478,PASS,100.0,0.7774,78.92,Laird Technologies - Thermal Materials,Thermal Liquid Gap Filler 360cc Cartridge,,1.1631508098056809,0.0,🏆 Best Value
GR-0353,65-02-GEL50VT-0180,Grease,4.57,5.2,ModuleLED_Micro_8560,0.8252,0.0211,PASS,100.0,0.8041,77.63,Parker Chomerics,Thermal Silicone Gel 180cc Syringe,,1.7173950539391927,0.0,🏆 Best Value
GR-0358,PK700DM-140,Grease,17.33,7.0,ModuleLED_Micro_8560,0.8252,0.0157,PASS,100.0,0.8095,77.37,"Shiu Li Technology Co., Ltd.","Thermal Liquid Gap Filler, 2 Part 50 ml, 400 ml Cartridges",,2.9085390618516134,0.0,🏆 Best Value
GR-0360,A18578-08,Grease,11.71,9.1,ModuleLED_Micro_8560,0.8252,0.0121,PASS,100.0,0.8131,77.2,Laird Technologies - Thermal Materials,Thermal Liquid Gap Filler 75cc Cartridge,,2.542389085201363,0.0,🏆 Best Value
GR-0363,65-02-GEL75VT-0180,Grease,5.13,7.5,ModuleLED_Micro_8560,0.8252,0.0147,PASS,100.0,0.8105,77.32,Parker Chomerics,Thermal Silicone Gel 180cc Cartridge,,1.81319474994812,0.0,🏆 Best Value
GR-0366,A17064-00,Grease,2.41,1.5,ModuleLED_Micro_8560,0.8252,0.0733,PASS,100.0,0.7519,80.16,Laird Technologies - Thermal Materials,Thermal Phase Change Thermal Compound 1 kg Can,,1.2267122912954254,0.0,🏆 Best Value
GR-0367,A18835-03,Grease,2.43,5.4,ModuleLED_Micro_8560,0.8252,0.0203,PASS,100.0,0.8049,77.59,Laird Technologies - Thermal Materials,Thermal Liquid Gap Filler 400cc Cartridge,,1.2325602611778486,0.0,🏆 Best Value
GR-0369,PK700DM-140-KIT,Grease,20.13,7.0,ModuleLED_Micro_8560,0.8252,0.0157,PASS,100.0,0.8095,77.37,"Shiu Li Technology Co., Ltd.","Thermal Liquid Gap Filler, 2 Part 50 ml, 400 ml Cartridges",,3.0506938316279655,0.0,🏆 Best Value
GR-0370,GCS-040-GNS-1KG,Grease,2.55,4.0,ModuleLED_Micro_8560,0.8252,0.0273,PASS,100.0,0.7978,77.93,European Thermodynamics Ltd,Thermal Non-Silicone Grease 1 kg Container,,1.2669476034873244,0.0,🏆 Best Value
GR-0371,GF3500S35-00-60-400CC,Grease,2.57,3.6,ModuleLED_Micro_8560,0.8252,0.0304,PASS,100.0,0.7948,78.08,Bergquist,"Thermal Liquid Gap Filler, 2 Part 400cc Cartridge",,1.2725655957915476,0.0,🏆 Best Value
GR-0374,TG4040-D-1000,Grease,2.71,3.0,ModuleLED_Micro_8560,0.8252,0.0365,PASS,100.0,0.7886,78.39,t-Global Technology,Thermal Silicone Putty 1 kg Container,,1.3110318766193438,0.0,🏆 Best Value
GR-0376,S-PUTTY-950,Grease,2.97,3.5,ModuleLED_Micro_8560,0.8252,0.0313,PASS,100.0,0.7938,78.13,"Shiu Li Technology Co., Ltd.",Thermal Silicone Putty 950 gram Container,,1.3787660946990992,0.0,🏆 Best Value
GR-0385,H-PUTTY-950,Grease,3.13,3.5,ModuleLED_Micro_8560,0.8252,0.0314,PASS,100.0,0.7938,78.13,"Shiu Li Technology Co., Ltd.",Thermal Silicone Putty 950 gram Container,,1.4182774069729414,0.0,🏆 Best Value
GR-0387,TGF3000SF-00-1500-400CC,Grease,2.99,3.0,ModuleLED_Micro_8560,0.8252,0.0367,PASS,100.0,0.7885,78.38,Bergquist Company,"Thermal Interface Products Gap Filler, 2-Part, Sil-Free, Room Temp Cure, 3W/mK, 400ml Cartridge, TGF3000SF",,1.3837912309017721,0.0,🏆 Best Value
GR-0388,2761872,Grease,2.99,3.0,ModuleLED_Micro_8560,0.8252,0.0364,PASS,100.0,0.7887,78.37,Bergquist,"Thermal Liquid Gap Filler, 2 Part 400cc Cartridge",,1.3837912309017721,0.0,🏆 Best Value
GR-0389,A14259-01,Grease,3.01,3.8,ModuleLED_Micro_8560,0.8252,0.0289,PASS,100.0,0.7963,78.01,Laird Technologies,Thermal Interface Products Tgrease 2500 1kg 3.8W/mK Sil Free,,1.3887912413184778,0.0,🏆 Best Value
GR-0390,65-00-GEL20-0300,Grease,4.06,2.4,ModuleLED_Micro_8560,0.8252,0.0457,PASS,100.0,0.7794,78.82,Parker Chomerics,Thermal Gel Gap Filler 300cc Cartridge,,1.6213664832993742,0.0,🏆 Best Value
GR-0398,TLF10000L150CC,Grease,8.63,10.0,ModuleLED_Micro_8560,0.8252,0.011,PASS,100.0,0.8142,77.14,Bergquist Company,"Thermal Interface Products Thermally Conductive Gel Interface Material, 10 W/m-K, 150ml Cartridge",,2.2648832258100344,0.0,🏆 Best Value
GR-0402,65-00-GEL50VT-0300,Grease,4.55,5.2,ModuleLED_Micro_8560,0.8252,0.0212,PASS,100.0,0.804,77.63,Parker Chomerics,Thermal Silicone Gel 300cc Syringe,,1.713797927758343,0.0,🏆 Best Value
GR-0404,TG-N4000-330CC,Grease,4.27,4.0,ModuleLED_Micro_8560,0.8252,0.0274,PASS,100.0,0.7977,77.94,t-Global Technology,Thermal Non-Silicone Putty 330cc Syringe,,1.6620303625532709,0.0,🏆 Best Value
GR-0405,TG-N4000-1000,Grease,3.52,4.0,ModuleLED_Micro_8560,0.8252,0.0275,PASS,100.0,0.7977,77.94,t-Global Technology,Thermal Non-Silicone Putty 1 kg Jar,,1.5085119938441398,0.0,🏆 Best Value
GR-0406,TG6060-D-1000,Grease,3.77,6.3,ModuleLED_Micro_8560,0.8252,0.0174,PASS,100.0,0.8078,77.45,t-Global Technology,Thermal Silicone Putty 1 kg Container,,1.56234630490025,0.0,🏆 Best Value
GR-0408,TG-N909-1000,Grease,3.79,9.0,ModuleLED_Micro_8560,0.8252,0.0122,PASS,100.0,0.813,77.2,t-Global Technology,Thermal Non-Silicone Grease 1 kg Container,,1.5665304114228238,0.0,🏆 Best Value
GR-0411,TG-A7000-1000,Grease,3.9,7.0,ModuleLED_Micro_8560,0.8252,0.0157,PASS,100.0,0.8095,77.37,t-Global Technology,Thermal Silicone Putty 1 kg Container,,1.589235205116581,0.0,🏆 Best Value
GR-0412,TG-A7000-330CC,Grease,4.73,7.0,ModuleLED_Micro_8560,0.8252,0.0157,PASS,100.0,0.8095,77.36,t-Global Technology,Thermal Silicone Putty 330cc Syringe,,1.7457155307266483,0.0,🏆 Best Value
GR-0414,S-PUTTY2-985,Grease,4.1,6.0,ModuleLED_Micro_8560,0.8252,0.0183,PASS,100.0,0.8069,77.49,"Shiu Li Technology Co., Ltd.",Thermal Silicone Putty 985 gram Container,,1.62924053973028,0.0,🏆 Best Value
GR-0415,TGF 2900LVO-00-400CC,Grease,4.11,2.9,ModuleLED_Micro_8560,0.8252,0.0378,PASS,100.0,0.7874,78.45,Bergquist Company,"Thermal Interface Products Gap Filler, 2-Part, 2.9 W/m-K, Silicone, 400CC Cartridge, IDH 2859942",,1.631199404215613,0.0,🏆 Best Value
GR-0418,H-PUTTY2-1000,Grease,4.24,6.0,ModuleLED_Micro_8560,0.8252,0.0184,PASS,100.0,0.8068,77.5,"Shiu Li Technology Co., Ltd.",Thermal Silicone Putty 1 kg Container,,1.6563214983329508,0.0,🏆 Best Value
GR-0420,TG-N8000-330CC,Grease,5.37,8.0,ModuleLED_Micro_8560,0.8252,0.0137,PASS,100.0,0.8115,77.27,t-Global Technology,Thermal Non-Silicone Putty 330cc Syringe,,1.851599469584072,0.0,🏆 Best Value
GR-0421,TG-N8000-1000,Grease,4.43,8.0,ModuleLED_Micro_8560,0.8252,0.0137,PASS,100.0,0.8114,77.28,t-Global Technology,Thermal Non-Silicone Putty 1 kg Jar,,1.691939133945844,0.0,🏆 Best Value
GR-0425,A18578-02,Grease,10.68,9.1,ModuleLED_Micro_8560,0.8252,0.012,PASS,100.0,0.8131,77.19,Laird Technologies - Thermal Materials,Thermal Liquid Gap Filler 180cc Cartridge,,2.457877977400081,0.0,🏆 Best Value
GR-0437,TGF3000SF-00-1500-1200CC,Grease,2.03,3.0,ModuleLED_Micro_8560,0.8252,0.0365,PASS,100.0,0.7886,78.38,Bergquist Company,"Thermal Interface Products Gap Filler, 2-Part, Sil-Free, Room Temp Cure, 3W/mK, 1200ml Cartridge, TGF3000SF",,1.1085626195212777,0.0,🏆 Best Value
GR-0439,A14855-01,Grease,0.91,1.2,ModuleLED_Micro_8560,0.8252,0.0916,PASS,100.0,0.7336,81.04,Laird Technologies,Thermal Interface Products Tgrease 1500 7kg can 1.2 W/mK,,0.6471032420585385,0.0,🏆 Best Value
GR-0448,GF4500CVO-00-240-1200CC,Grease,2.71,4.5,ModuleLED_Micro_8560,0.8252,0.0244,PASS,100.0,0.8008,77.79,Bergquist Company,"Thermal Interface Products Liquid Gap-Filling Material, 2-Part, 4.5W/m-K, 1200ml Cartridge, TGF4500CVO",,1.3110318766193438,0.0,🏆 Best Value
GR-0457,TLF6000HG-00-00-0.7G,Grease,15691.74,6.0,ModuleLED_Micro_8560,0.8252,0.0183,PASS,100.0,0.8068,77.5,Bergquist Company,"Thermal Interface Products Conductive, 1-Part, Liquid Formable, 1 Gallon Pail, 6 W/m-K, Liqui-Form",,9.660953464004958,3.0,🏭 Industrial
GR-0470,2580287,Grease,26440.03,6.0,ModuleLED_Micro_8560,0.8252,0.0183,PASS,100.0,0.8069,77.5,Bergquist Company,"Thermal Interface Products Conductive, 1-Part, Liquid Formable, 1 Gallon, 6.0 W/m-K, Liqui-Form TLF 6000HG",,10.182672249333933,3.0,🏭 Industrial
GR-0488,2956733,Grease,12474.78,4.5,ModuleLED_Micro_8560,0.8252,0.0244,PASS,100.0,0.8008,77.79,Bergquist Company,"Thermal Interface Products Liquid Gap-Filling Material, 2-Part, 4.5W/m-K, 5 Gallon Hobbock/Pail, TGF4500CVO",,9.431544443715211,3.0,🏭 Industrial
GR-0489,GF4500CVO-00-240-6G,Grease,10395.65,4.5,ModuleLED_Micro_8560,0.8252,0.0245,PASS,100.0,0.8007,77.79,Bergquist Company,"Thermal Interface Products Liquid Gap-Filling Material, 2-Part, 4.5W/m-K, 6 Gallon Pail Kit, TGF4500CVO",,9.249238917854544,3.0,🏭 Industrial
GR-0491,LF3500-00-00-4.33G,Grease,16815.24,3.5,ModuleLED_Micro_8560,0.8252,0.0313,PASS,100.0,0.7938,78.13,Bergquist Company,"Thermal Interface Products 1-Part, Liquid Formable Material, 4.33 Gallon Pail, 3.5 W/m-K, Liqui-Form",,9.730100365136675,3.0,🏭 Industrial
OT-0159,9460TC-3ML,Other,32.15,0.8,ModuleLED_Micro_8560,0.8252,0.1218,PASS,100.0,0.7033,81.24,MG Chemicals,Thermal Epoxy Adhesive 3 ml Syringe,,3.5010427166318716,1.0,✅ Standard
OT-0205,8329TCS-6ML,Other,22.09,1.4,ModuleLED_Micro_8560,0.8252,0.0696,PASS,100.0,0.7555,79.26,MG Chemicals,"Thermal Epoxy, 2 Part 6 ml Syringe",,3.139399623366404,0.0,🏆 Best Value
OT-0264,8349TFM-25ML,Other,7.43,0.9,ModuleLED_Micro_8560,0.8252,0.1084,PASS,100.0,0.7168,80.73,MG Chemicals,"Thermal Epoxy, 2 Part 25 ml Syringe",,2.131796772013764,0.0,🏆 Best Value
OT-0266,8329TFS-25ML,Other,7.53,1.2,ModuleLED_Micro_8560,0.8252,0.0813,PASS,100.0,0.7439,79.7,MG Chemicals,"Thermal Epoxy, 2 Part 25 ml Syringe",,2.143589361503588,0.0,🏆 Best Value
OT-0311,8349TFM-50ML,Other,5.33,0.9,ModuleLED_Micro_8560,0.8252,0.1082,PASS,100.0,0.7169,80.73,MG Chemicals,"Thermal Epoxy, 2 Part 50 ml Cartridges",,1.8453002361560848,0.0,🏆 Best Value
OT-0312,8329TFS-50ML,Other,5.97,1.2,ModuleLED_Micro_8560,0.8252,0.0813,PASS,100.0,0.7439,79.7,MG Chemicals,"Thermal Epoxy, 2 Part 45 ml Cartridge",,1.9416152247724325,0.0,🏆 Best Value
OT-0317,8329TCS-50ML,Other,5.59,1.4,ModuleLED_Micro_8560,0.8252,0.0696,PASS,100.0,0.7556,79.26,MG Chemicals,"Thermal Epoxy, 2 Part 50 ml Jar",,1.8855533485144158,0.0,🏆 Best Value
OT-0329,8349TFM-45ML,Other,7.35,0.9,ModuleLED_Micro_8560,0.8252,0.1083,PASS,100.0,0.7168,80.73,MG Chemicals,"Thermal Epoxy, 2 Part 45 ml Jar",,2.122261538862764,0.0,🏆 Best Value
OT-0349,TGF35-07870787-020,Other,27.66,3.5,ModuleLED_Micro_8560,0.8252,0.0279,PASS,100.0,0.7973,77.67,LeaderTech,Thermal Interface Products 3.5W/m-K 200*200*0.5 TGF35 Green,,3.3555024224000256,0.0,🏆 Best Value
OT-0353,TGF35-07870787-039,Other,27.66,3.5,ModuleLED_Micro_8560,0.8252,0.0278,PASS,100.0,0.7973,77.67,LeaderTech,Thermal Interface Products 3.5W/m-K 200*200*1 TGF35 Green,,3.3555024224000256,0.0,🏆 Best Value
OT-0364,2193454,Other,9.02,1.8,ModuleLED_Micro_8560,0.8252,0.0541,PASS,100.0,0.771,78.67,Bergquist,"Thermal Epoxy, 2 Part 50cc Cartridge",,2.3045830956567186,0.0,🏆 Best Value
OT-0368,EP770-1100,Other,1.15,2.5,ModuleLED_Micro_8560,0.8252,0.039,PASS,100.0,0.7862,78.09,"Shiu Li Technology Co., Ltd.","Thermal Epoxy, 2 Part 1 kg Can",,0.7654678421395714,0.0,🏆 Best Value
OT-0376,8329TCM-200ML,Other,2.44,1.4,ModuleLED_Micro_8560,0.8252,0.0696,PASS,100.0,0.7555,79.26,MG Chemicals,"Thermal Epoxy, 2 Part 200 ml Jar",,1.235471471385307,0.0,🏆 Best Value
OT-0377,8329TCS-200ML,Other,2.44,1.4,ModuleLED_Micro_8560,0.8252,0.0697,PASS,100.0,0.7555,79.26,MG Chemicals,"Thermal Epoxy, 2 Part 200 ml Jar",,1.235471471385307,0.0,🏆 Best Value
OT-0383,2194122,Other,10.01,1.8,ModuleLED_Micro_8560,0.8252,0.0542,PASS,100.0,0.771,78.67,Bergquist,"Thermal Epoxy, 2 Part 50cc Cartridge",,2.3988039507345884,0.0,🏆 Best Value
OT-0396,1188099,Other,1.07,1.34,ModuleLED_Micro_8560,0.8252,0.0728,PASS,100.0,0.7524,79.38,LOCTITE,"Thermal Epoxy, 2 Part (Order Catalyst Separately) 3 lb Container",,0.7275486072772778,0.0,🏆 Best Value
OT-0422,TGF60-07870787-039,Other,35.08,6.0,ModuleLED_Micro_8560,0.8252,0.0162,PASS,100.0,0.8089,77.23,LeaderTech,Thermal Interface Products 6W/m-K 200*200*1 TGF60 Gray,,3.585738695194423,1.0,✅ Standard
OT-0423,1188134,Other,1.57,2.78,ModuleLED_Micro_8560,0.8252,0.0351,PASS,100.0,0.7901,77.94,LOCTITE,"Thermal Epoxy, 2 Part (Order Catalyst Separately) 3 lb Container",,0.9439058989071285,0.0,🏆 Best Value
OT-0437,TGF60-07870787-020,Other,48.58,6.0,ModuleLED_Micro_8560,0.8252,0.0163,PASS,100.0,0.8089,77.23,LeaderTech,Thermal Interface Products 6W/m-K 200*200*0.5 TGF60 Gray,,3.9035875266070446,1.0,✅ Standard
OT-0457,1188135,Other,0.47,2.78,ModuleLED_Micro_8560,0.8252,0.0351,PASS,100.0,0.7901,77.94,LOCTITE,"Thermal Epoxy, 2 Part (Order Catalyst Separately) 20 lb Container",,0.3852624007906449,0.0,🏆 Best Value
OT-0523,TGF3000SF-00-1500-7GAL,Other,12622.86,3.0,ModuleLED_Micro_8560,0.8252,0.0325,PASS,100.0,0.7927,77.84,Bergquist Company,"Thermal Interface Products Gap Filler, 2-Part, Sil-Free, Room Temp Cure, 3W/mK, 7 Gallon Pail, TGF3000SF",,9.443343953036836,3.0,🏭 Industrial
TP-0001,TG-A1250-5-5-1.0,Thermal Pad,133.8,12.5,ModuleLED_Micro_8560,0.8252,0.078,PASS,100.0,0.7472,79.78,t-Global Technology,Thermal Pad Green 5.00mm x 5.00mm Square,1.0,4.9037921984782065,1.0,✅ Standard
TP-0002,TG-A2200-5-5-2.0,Thermal Pad,133.8,2.2,ModuleLED_Micro_8560,0.8252,0.8897,FAIL,20.45,-0.0645,112.84,t-Global Technology,Thermal Pad Gray 5.00mm x 5.00mm Square Tacky - One Side,2.01,4.9037921984782065,1.0,✅ Standard
TP-0003,TG-A6200-7.2-6.3-1.0,Thermal Pad,73.74,6.2,ModuleLED_Micro_8560,0.8252,0.1571,PASS,100.0,0.6681,83.01,t-Global Technology,Thermal Pad Blue 7.20mm x 6.30mm Rectangular Tacky - Both Sides,1.0,4.314015424057338,1.0,✅ Standard
TP-0004,TG-A2200-10-10-1.0,Thermal Pad,33.45,2.2,ModuleLED_Micro_8560,0.8252,0.4431,PASS,100.0,0.3821,94.64,t-Global Technology,Thermal Pad Gray 10.00mm x 10.00mm Square Tacky - One Side,1.0,3.539508997459668,1.0,✅ Standard
TP-0005,TG-A4500-10-10-0.5,Thermal Pad,33.45,4.5,ModuleLED_Micro_8560,0.8252,0.1083,PASS,100.0,0.7169,81.03,t-Global Technology,Thermal Pad Purple 10.00mm x 10.00mm Square Tacky - Both Sides,0.5,3.539508997459668,1.0,✅ Standard
TP-0006,TG-A6200-5-5-1.0,Thermal Pad,133.8,6.2,ModuleLED_Micro_8560,0.8252,0.1572,PASS,100.0,0.6679,83.02,t-Global Technology,Thermal Pad Blue 5.00mm x 5.00mm Square Tacky - Both Sides,1.0,4.9037921984782065,1.0,✅ Standard
TP-0008,TG-A2200-10-10-1.5,Thermal Pad,36.85,2.2,ModuleLED_Micro_8560,0.8252,0.6639,PASS,100.0,0.1613,103.63,t-Global Technology,Thermal Pad Gray 10.00mm x 10.00mm Square Tacky - One Side,1.5,3.6336309798834576,1.0,✅ Standard
TP-0009,TG-A6200-10-10-0.5,Thermal Pad,40.14,6.2,ModuleLED_Micro_8560,0.8252,0.0786,PASS,100.0,0.7465,79.81,t-Global Technology,Thermal Pad Blue 10.00mm x 10.00mm Square Tacky - Both Sides,0.5,3.716980884224811,1.0,✅ Standard
TP-0012,TG-A2200-10-10-2.0,Thermal Pad,43.54,2.2,ModuleLED_Micro_8560,0.8252,0.8911,FAIL,19.88,-0.066,112.89,t-Global Technology,Thermal Pad Gray 10.00mm x 10.00mm Square Tacky - One Side,2.01,3.7963876618292214,1.0,✅ Standard
TP-0013,TG-ALC-15-15-0.2-0,Thermal Pad,19.35,4.2,ModuleLED_Micro_8560,0.8252,0.0465,PASS,100.0,0.7787,78.51,t-Global Technology,Thermal Pad Green 15.00mm x 15.00mm Square Tacky - Both Sides,0.2,3.013080911888604,0.0,🏆 Best Value
TP-0014,TG-A3500-10-10-2.0,Thermal Pad,43.54,3.5,ModuleLED_Micro_8560,0.8252,0.5605,PASS,100.0,0.2647,99.43,t-Global Technology,Thermal Pad Yellow 10.00mm x 10.00mm Square Tacky - Both Sides,2.01,3.7963876618292214,1.0,✅ Standard
TP-0015,SPK4-0.006-00-58,Thermal Pad,19.36,0.9,ModuleLED_Micro_8560,0.8252,0.1624,PASS,100.0,0.6628,83.24,Bergquist,Thermal Pad Gray 19.05mm x 12.70mm Rectangular,0.15,3.013572191682322,0.0,🏆 Best Value
TP-0016,T62-1-15-15-0.16,Thermal Pad,20.81,15.0,ModuleLED_Micro_8560,0.8252,0.0104,PASS,100.0,0.8148,77.03,t-Global Technology,Thermal Pad Black 15.00mm x 15.00mm Square Adhesive - One Side,0.16,3.0823685802135374,0.0,🏆 Best Value
TP-0017,DC0011/08-TG-A373F-0.25-2A,Thermal Pad,20.76,1.4,ModuleLED_Micro_8560,0.8252,0.1742,PASS,100.0,0.6509,83.7,t-Global Technology,Thermal Pad Yellow 19.05mm x 12.70mm Rectangular Adhesive - Both Sides,0.25,3.080073421987742,0.0,🏆 Best Value
TP-0018,Q3-0.005-00-104,Thermal Pad,11.06,2.0,ModuleLED_Micro_8560,0.8252,0.0634,PASS,100.0,0.7618,79.19,Bergquist,Thermal Pad Black 25.40mm x 19.05mm Rectangular,0.13,2.4898941912990393,0.0,🏆 Best Value
TP-0019,TG-A6200-10-5-2.0,Thermal Pad,107.04,6.2,ModuleLED_Micro_8560,0.8252,0.3158,PASS,100.0,0.5093,89.5,t-Global Technology,Thermal Pad Blue 10.00mm x 5.00mm Rectangular Tacky - Both Sides,2.01,4.682501528924415,1.0,✅ Standard
TP-0020,Q3-0.005-00-51,Thermal Pad,22.86,2.0,ModuleLED_Micro_8560,0.8252,0.0634,PASS,100.0,0.7618,79.19,Bergquist,Thermal Pad Black 17.45mm x 14.27mm Rectangular,0.13,3.17220341666977,0.0,🏆 Best Value
TP-0021,TG-A3500-10-10-3.0,Thermal Pad,60.21,3.5,ModuleLED_Micro_8560,0.8252,0.8368,FAIL,44.99,-0.0117,110.66,t-Global Technology,Thermal Pad Yellow 10.00mm x 10.00mm Square Tacky - Both Sides,3.0,4.114310574862978,1.0,✅ Standard
TP-0022,TG-A6200-10-10-1.0,Thermal Pad,60.21,6.2,ModuleLED_Micro_8560,0.8252,0.1571,PASS,100.0,0.6681,83.0,t-Global Technology,Thermal Pad Blue 10.00mm x 10.00mm Square Tacky - Both Sides,1.0,4.114310574862978,1.0,✅ Standard
TP-0023,SP600-90,Thermal Pad,16.29,1.0,ModuleLED_Micro_8560,0.8252,0.2243,PASS,100.0,0.6009,85.73,Bergquist,Thermal Pad Green 21.84mm x 18.80mm Rectangular,0.23,2.850128299695199,0.0,🏆 Best Value
TP-0024,TG-A1250-10-10-0.5,Thermal Pad,66.9,12.5,ModuleLED_Micro_8560,0.8252,0.0389,PASS,100.0,0.7862,78.19,t-Global Technology,Thermal Pad Green 10.00mm x 10.00mm Square,0.5,4.21803603456465,1.0,✅ Standard
TP-0025,TG-A2200-15-15-1.0,Thermal Pad,29.73,2.2,ModuleLED_Micro_8560,0.8252,0.4428,PASS,100.0,0.3823,94.68,t-Global Technology,Thermal Pad Gray 15.00mm x 15.00mm Square Tacky - One Side,1.0,3.425239376142393,1.0,✅ Standard
TP-0026,TG-A4500-10-10-2.0,Thermal Pad,66.9,4.5,ModuleLED_Micro_8560,0.8252,0.4351,PASS,100.0,0.3901,94.33,t-Global Technology,Thermal Pad Purple 10.00mm x 10.00mm Square Tacky - Both Sides,2.01,4.21803603456465,1.0,✅ Standard
TP-0029,SP400-0.009-00-58,Thermal Pad,29.06,0.9,ModuleLED_Micro_8560,0.8252,0.249,PASS,100.0,0.5762,86.74,Bergquist,Thermal Pad Gray 19.05mm x 12.70mm Rectangular,0.23,3.4031953843248286,1.0,✅ Standard
TP-0030,SP400-0.009-00-54,Thermal Pad,29.06,0.9,ModuleLED_Micro_8560,0.8252,0.2491,PASS,100.0,0.5761,86.75,Bergquist,Thermal Pad Gray 19.05mm x 12.70mm Rectangular,0.23,3.4031953843248286,1.0,✅ Standard
TP-0031,SP400-0.007-00-54,Thermal Pad,30.42,0.9,ModuleLED_Micro_8560,0.8252,0.1951,PASS,100.0,0.63,84.56,Bergquist,Thermal Pad Gray 19.05mm x 12.70mm Rectangular,0.18,3.4474446328274753,1.0,✅ Standard
TP-0032,TG-A6200-11-11-1.0,Thermal Pad,60.82,6.2,ModuleLED_Micro_8560,0.8252,0.1571,PASS,100.0,0.668,83.01,t-Global Technology,Thermal Pad Blue 11.00mm x 11.00mm Square Tacky - Both Sides,1.0,4.124226936703971,1.0,✅ Standard
TP-0033,TG-A3500-10-10-4.0,Thermal Pad,73.59,3.5,ModuleLED_Micro_8560,0.8252,1.1118,FAIL,0.0,-0.2866,121.93,t-Global Technology,Thermal Pad Yellow 10.00mm x 10.00mm Square Tacky - Both Sides,3.99,4.312006449967072,1.0,✅ Standard
TP-0034,LI98-28-28-0.25,Thermal Pad,9.39,1.0,ModuleLED_Micro_8560,0.8252,0.2436,PASS,100.0,0.5815,86.54,t-Global Technology,Thermal Pad White 28.00mm x 28.00mm Square Adhesive - Both Sides,0.25,2.340843805111136,0.0,🏆 Best Value
TP-0035,TG-T1000-10-10-0.25-5PT,Thermal Pad,73.59,1.0,ModuleLED_Micro_8560,0.8252,0.2437,PASS,100.0,0.5815,86.56,t-Global Technology,Thermal Pad White 10.00mm x 10.00mm Square Adhesive - Both Sides,0.25,4.312006449967072,1.0,✅ Standard
TP-0037,SP400-0.007-AC-54,Thermal Pad,31.82,0.9,ModuleLED_Micro_8560,0.8252,0.1951,PASS,100.0,0.63,84.55,Bergquist,Thermal Pad Gray 19.05mm x 12.70mm Rectangular Adhesive - One Side,0.18,3.4910380856619447,1.0,✅ Standard
TP-0038,TG-A9000-10-10-1.0,Thermal Pad,76.99,9.0,ModuleLED_Micro_8560,0.8252,0.1083,PASS,100.0,0.7169,81.03,t-Global Technology,Thermal Pad Pink 10.00mm x 10.00mm Square,1.0,4.356580613342406,1.0,✅ Standard
TP-0042,SP400-0.007-00-104,Thermal Pad,17.29,0.9,ModuleLED_Micro_8560,0.8252,0.1952,PASS,100.0,0.6299,84.56,Bergquist,Thermal Pad Gray 25.40mm x 19.05mm Rectangular,0.18,2.906354462402774,0.0,🏆 Best Value
TP-0043,T62-30-30-0.13,Thermal Pad,9.3,20.0,ModuleLED_Micro_8560,0.8252,0.0063,PASS,100.0,0.8188,76.87,t-Global Technology,Thermal Pad Black 30.00mm x 30.00mm Square,0.13,2.33214389523559,0.0,🏆 Best Value
TP-0044,TG-A6200-15-15-0.5,Thermal Pad,37.19,6.2,ModuleLED_Micro_8560,0.8252,0.0786,PASS,100.0,0.7466,79.8,t-Global Technology,Thermal Pad Blue 15.00mm x 15.00mm Square Tacky - Both Sides,0.5,3.6425737012374246,1.0,✅ Standard
TP-0045,TG-A3500-10-10-5.0,Thermal Pad,86.97,3.5,ModuleLED_Micro_8560,0.8252,1.3936,FAIL,0.0,-0.5684,133.4,t-Global Technology,Thermal Pad Yellow 10.00mm x 10.00mm Square Tacky - Both Sides,5.0,4.476995847264583,2.0,❌ Avoid
TP-0046,SP400-0.009-00-90,Thermal Pad,22.01,0.9,ModuleLED_Micro_8560,0.8252,0.2493,PASS,100.0,0.5758,86.75,Bergquist,Thermal Pad Gray 21.84mm x 18.80mm Rectangular,0.23,3.1359289040472746,0.0,🏆 Best Value
TP-0047,TG-A6200-10-10-1.5,Thermal Pad,90.37,6.2,ModuleLED_Micro_8560,0.8252,0.2358,PASS,100.0,0.5894,86.2,t-Global Technology,Thermal Pad Blue 10.00mm x 10.00mm Square Tacky - Both Sides,1.5,4.514917197010529,1.0,✅ Standard
TP-0054,SP900S-0.009-AC-54,Thermal Pad,40.12,1.6,ModuleLED_Micro_8560,0.8252,0.1402,PASS,100.0,0.685,82.32,Bergquist,Thermal Pad Pink 19.05mm x 12.70mm Rectangular Adhesive - One Side,0.23,3.7164946211469094,1.0,✅ Standard
TP-0055,SP900S-0.009-00-54,Thermal Pad,40.12,1.6,ModuleLED_Micro_8560,0.8252,0.1401,PASS,100.0,0.6851,82.32,Bergquist,Thermal Pad Pink 19.05mm x 12.70mm Rectangular,0.23,3.7164946211469094,1.0,✅ Standard
TP-0057,SP400-0.009-00-51,Thermal Pad,40.3,0.9,ModuleLED_Micro_8560,0.8252,0.249,PASS,100.0,0.5761,86.74,Bergquist,Thermal Pad Gray 17.45mm x 14.27mm Rectangular,0.23,3.720862499966987,1.0,✅ Standard
TP-0059,TG-A1250-10-10-1.0,Thermal Pad,107.04,12.5,ModuleLED_Micro_8560,0.8252,0.0779,PASS,100.0,0.7472,79.78,t-Global Technology,Thermal Pad Green 10.00mm x 10.00mm Square,1.0,4.682501528924415,1.0,✅ Standard
TP-0062,HF115AC-0.0055-AC-54,Thermal Pad,45.65,0.8,ModuleLED_Micro_8560,0.8252,0.1707,PASS,100.0,0.6545,83.56,Bergquist,Thermal Pad Gray 19.05mm x 12.70mm Rectangular Adhesive - One Side,0.14,3.8426729272933526,1.0,✅ Standard
TP-0063,1009-54,Thermal Pad,45.65,1.2,ModuleLED_Micro_8560,0.8252,0.1868,PASS,100.0,0.6384,84.21,Bergquist,Thermal Pad Pink 19.05mm x 12.70mm Rectangular,0.23,3.8426729272933526,1.0,✅ Standard
TP-0065,SPK10-0.006-00-54,Thermal Pad,48.41,1.3,ModuleLED_Micro_8560,0.8252,0.1126,PASS,100.0,0.7126,81.19,Bergquist,Thermal Pad Beige 19.05mm x 12.70mm Rectangular,0.15,3.9001528328576587,1.0,✅ Standard
TP-0066,SP900S-0.009-00-90,Thermal Pad,28.53,1.6,ModuleLED_Micro_8560,0.8252,0.1404,PASS,100.0,0.6848,82.33,Bergquist,Thermal Pad Pink 21.84mm x 18.80mm Rectangular,0.23,3.3854066957558313,1.0,✅ Standard
TP-0069,SP900S-0.009-00-104,Thermal Pad,24.89,1.6,ModuleLED_Micro_8560,0.8252,0.1401,PASS,100.0,0.6851,82.31,Bergquist,Thermal Pad Pink 25.40mm x 19.05mm Rectangular,0.23,3.2538567937634464,0.0,🏆 Best Value
TP-0073,SP900S-0.009-AC-58,Thermal Pad,52.54,1.6,ModuleLED_Micro_8560,0.8252,0.14,PASS,100.0,0.6851,82.31,Bergquist,Thermal Pad Pink 19.05mm x 12.70mm Rectangular Adhesive - One Side,0.23,3.9804290380922063,1.0,✅ Standard
TP-0081,2188938,Thermal Pad,52.28,0.9,ModuleLED_Micro_8560,0.8252,0.3248,PASS,100.0,0.5003,89.87,Bergquist,"Thermal Pad Gray, Green 25.02mm x 11.00mm Round",0.3,3.9755610262321337,1.0,✅ Standard
TP-0082,TG-A1250-15-15-0.5,Thermal Pad,65.41,12.5,ModuleLED_Micro_8560,0.8252,0.039,PASS,100.0,0.7862,78.2,t-Global Technology,Thermal Pad Green 15.00mm x 15.00mm Square,0.5,4.195847647552622,1.0,✅ Standard
TP-0086,CP23-TO220-21.5-11.4-5.8-0.45,Thermal Pad,65.51,1.9,ModuleLED_Micro_8560,0.8252,0.2309,PASS,100.0,0.5943,86.0,t-Global Technology,Thermal Pad Gray 21.50mm x 11.40mm x 5.80mm Rectangular,0.45,4.19735231229633,1.0,✅ Standard
TP-0097,THJP0603AST1,Thermal Pad,13873.09,70.0,ModuleLED_Micro_8560,0.8252,0.0106,PASS,100.0,0.8146,77.04,Vishay Dale Thin Film,Thermal Pad 1.55mm x 0.84mm Rectangular,0.76,9.537778350878222,3.0,🏭 Industrial
TP-0109,53-77-9G,Thermal Pad,79.73,0.9,ModuleLED_Micro_8560,0.8252,0.1627,PASS,100.0,0.6624,83.23,"Boyd Laconia, LLC","Thermal Pad Gray, Green 18.42mm x 13.21mm Rectangular",0.15,4.391110253406924,1.0,✅ Standard
TP-0122,CP33-TO247-28.5-17.5-5.8-0.45,Thermal Pad,42.92,1.9,ModuleLED_Micro_8560,0.8252,0.2305,PASS,100.0,0.5947,85.99,t-Global Technology,Thermal Pad Gray 28.50mm x 17.50mm x 5.80mm Rectangular,0.45,3.7823697972012753,1.0,✅ Standard
TP-0129,SPK10-0.006-00-58,Thermal Pad,92.65,1.3,ModuleLED_Micro_8560,0.8252,0.1127,PASS,100.0,0.7124,81.19,Bergquist,Thermal Pad Beige 19.05mm x 12.70mm Rectangular,0.15,4.539564428890097,1.0,✅ Standard
TP-0131,Q3-0.005-00-54,Thermal Pad,94.02,2.0,ModuleLED_Micro_8560,0.8252,0.0635,PASS,100.0,0.7617,79.19,Bergquist,Thermal Pad Black 19.05mm x 12.70mm Rectangular,0.13,4.554087395758775,1.0,✅ Standard
TP-0139,SPT400-12-13.5-25,Thermal Pad,69.32,0.9,ModuleLED_Micro_8560,0.8252,0.3254,PASS,100.0,0.4998,89.86,Bergquist,"Thermal Pad Gray, Green 25.02mm x 13.50mm Round",0.3,4.253056253376921,1.0,✅ Standard
TP-0140,TG-A1250-15-15-1.0,Thermal Pad,104.07,12.5,ModuleLED_Micro_8560,0.8252,0.078,PASS,100.0,0.7472,79.79,t-Global Technology,Thermal Pad Green 15.00mm x 15.00mm Square,1.0,4.654626794700683,1.0,✅ Standard
TP-0143,60-11-8302-1674,Thermal Pad,103.74,1.0,ModuleLED_Micro_8560,0.8252,0.2437,PASS,100.0,0.5815,86.53,Parker Chomerics,Thermal Pad Blue 18.03mm x 12.70mm Rectangular,0.25,4.651481088851342,1.0,✅ Standard
TP-0145,SPK10-0.006-00-90,Thermal Pad,58.66,1.3,ModuleLED_Micro_8560,0.8252,0.1126,PASS,100.0,0.7126,81.19,Bergquist,Thermal Pad Beige 21.84mm x 18.80mm Rectangular,0.15,4.088661779086602,1.0,✅ Standard
TP-0148,175-6-220P,Thermal Pad,106.84,0.5,ModuleLED_Micro_8560,0.8252,0.2919,PASS,100.0,0.5332,88.53,Wakefield Thermal Solutions,Thermal Pad Gray 18.00mm x 12.70mm Rectangular,0.15,4.680648647163997,1.0,✅ Standard
TP-0150,SPK10-0.006-00-104,Thermal Pad,51.86,1.3,ModuleLED_Micro_8560,0.8252,0.1125,PASS,100.0,0.7127,81.19,Bergquist,Thermal Pad Beige 25.40mm x 19.05mm Rectangular,0.15,3.967646909176143,1.0,✅ Standard
TP-0152,53-77-4G,Thermal Pad,107.84,0.9,ModuleLED_Micro_8560,0.8252,0.1623,PASS,100.0,0.6628,83.22,"Boyd Laconia, LLC","Thermal Pad Gray, Green 19.05mm x 12.70mm Rectangular",0.15,4.689878913915045,1.0,✅ Standard
TP-0155,THJP0612AST1,Thermal Pad,7889.05,259.0,ModuleLED_Micro_8560,0.8252,0.0029,PASS,100.0,0.8223,76.73,Vishay Dale Thin Film,Thermal Pad 1.06mm x 3.20mm Rectangular,0.76,8.973357750955454,3.0,🏭 Industrial
TP-0160,HF115AC-0.0055-AC-90,Thermal Pad,66.04,0.8,ModuleLED_Micro_8560,0.8252,0.1706,PASS,100.0,0.6546,83.56,Bergquist,Thermal Pad Gray 21.84mm x 18.79mm Rectangular Adhesive - One Side,0.14,4.205289456173828,1.0,✅ Standard
TP-0164,53-77-4ACG,Thermal Pad,116.14,0.9,ModuleLED_Micro_8560,0.8252,0.1626,PASS,100.0,0.6626,83.21,"Boyd Laconia, LLC","Thermal Pad Gray, Green 19.05mm x 12.70mm Rectangular Adhesive - One Side",0.15,4.7633698006616365,1.0,✅ Standard
TP-0177,173-7-240A,Thermal Pad,125.51,1.2,ModuleLED_Micro_8560,0.8252,0.1462,PASS,100.0,0.6789,82.56,Wakefield Thermal Solutions,Thermal Pad Gray 19.10mm x 12.70mm Rectangular Adhesive - One Side,0.18,4.840321356426578,1.0,✅ Standard
TP-0188,TG-APC93-20-20-2.0-0,Thermal Pad,81.13,2.0,ModuleLED_Micro_8560,0.8252,0.9801,FAIL,1.47,-0.155,116.56,t-Global Technology,Thermal Pad Gray 20.00mm x 20.00mm Square,2.01,4.408303357752101,1.0,✅ Standard
TP-0196,TG-A3500-25-25-3.0,Thermal Pad,55.13,3.5,ModuleLED_Micro_8560,0.8252,0.8359,FAIL,45.27,-0.0107,110.66,t-Global Technology,Thermal Pad Yellow 25.00mm x 25.00mm Square Tacky - Both Sides,3.0,4.027670428954108,1.0,✅ Standard
TP-0197,53-77-9ACG,Thermal Pad,142.97,0.9,ModuleLED_Micro_8560,0.8252,0.1624,PASS,100.0,0.6627,83.24,"Boyd Laconia, LLC","Thermal Pad Gray, Green 18.42mm x 13.21mm Rectangular Adhesive - One Side",0.15,4.969604944538264,1.0,✅ Standard
TP-0214,TG-A6200-20-20-2.0,Thermal Pad,101.2,6.2,ModuleLED_Micro_8560,0.8252,0.316,PASS,100.0,0.5091,89.47,t-Global Technology,Thermal Pad Blue 20.00mm x 20.00mm Square Tacky - Both Sides,2.01,4.626931677769604,1.0,✅ Standard
TP-0222,SP600-104,Thermal Pad,89.87,1.0,ModuleLED_Micro_8560,0.8252,0.2241,PASS,100.0,0.6011,85.75,Bergquist,Thermal Pad Green 25.40mm x 19.05mm Rectangular,0.23,4.5094299137072555,1.0,✅ Standard
TP-0228,TG-A1250-15-15-2.0,Thermal Pad,197.75,12.5,ModuleLED_Micro_8560,0.8252,0.157,PASS,100.0,0.6682,82.99,t-Global Technology,Thermal Pad Green 15.00mm x 15.00mm Square,2.01,5.292047753534441,1.0,✅ Standard
TP-0238,SP2000-0.015-00-104,Thermal Pad,100.93,3.5,ModuleLED_Micro_8560,0.8252,0.1059,PASS,100.0,0.7193,80.92,Bergquist,Thermal Pad White 25.40mm x 19.05mm Rectangular,0.38,4.624286303180321,1.0,✅ Standard
TP-0249,TG-AH486-21-15-13.0-1A,Thermal Pad,161.6,3.2,ModuleLED_Micro_8560,0.8252,3.9596,FAIL,0.0,-3.1344,237.67,t-Global Technology,Thermal Pad Gray 21.00mm x 15.00mm Rectangular Adhesive - One Side,13.0,5.0912931971137105,2.0,❌ Avoid
TP-0255,QB0603B25WYT,Thermal Pad,45749.91,50.0,ModuleLED_Micro_8560,0.8252,0.0012,PASS,100.0,0.824,76.66,KYOCERA AVX,Thermal Pad 1.52mm x 0.76mm Rectangular,0.06,10.730966961216232,3.0,🏭 Industrial
TP-0260,TG-A1250-30-30-0.5,Thermal Pad,60.21,12.5,ModuleLED_Micro_8560,0.8252,0.039,PASS,100.0,0.7862,78.2,t-Global Technology,Thermal Pad Green 30.00mm x 30.00mm Square,0.5,4.114310574862978,1.0,✅ Standard
TP-0273,THJP1225AST1,Thermal Pad,2989.15,259.0,ModuleLED_Micro_8560,0.8252,0.0029,PASS,100.0,0.8223,76.73,Vishay Dale Thin Film,Thermal Pad 3.20mm x 6.40mm Rectangular,0.76,8.003078832350479,3.0,🏭 Industrial
TP-0277,TG-AH486-35-10-7.0-0,Thermal Pad,184.47,3.2,ModuleLED_Micro_8560,0.8252,2.1346,FAIL,0.0,-1.3094,163.44,t-Global Technology,Thermal Pad Gray 35.00mm x 10.00mm Rectangular,7.01,5.222893143901196,2.0,❌ Avoid
TP-0282,HSP-2,Thermal Pad,26.73,2.0,ModuleLED_Micro_8560,0.8252,0.0633,PASS,100.0,0.7619,79.19,Sensata-Crydom,Thermal Pad Black 57.15mm x 44.45mm Rectangular Adhesive - One Side,0.13,3.322514859627687,0.0,🏆 Best Value
TP-0283,TG-A486G-20-20-2.5-0,Thermal Pad,169.77,6.3,ModuleLED_Micro_8560,0.8252,0.3869,PASS,100.0,0.4383,92.34,t-Global Technology,Thermal Pad Gray 20.00mm x 20.00mm Square Tacky - Both Sides,2.5,5.140317621899148,1.0,✅ Standard
TP-0287,407150015050,Thermal Pad,325.6,400.0,ModuleLED_Micro_8560,0.8252,0.0122,PASS,100.0,0.813,77.11,Würth Elektronik,Thermal Pad Black 15.00mm x 15.00mm Square Adhesive - Both Sides,5.0,5.788736180536365,1.0,✅ Standard
TP-0288,407150015030,Thermal Pad,325.6,400.0,ModuleLED_Micro_8560,0.8252,0.0073,PASS,100.0,0.8178,76.91,Würth Elektronik,Thermal Pad Black 15.00mm x 15.00mm Square Adhesive - Both Sides,3.0,5.788736180536365,1.0,✅ Standard
TP-0303,TG-AH486-45-25-6.0-0,Thermal Pad,72.85,3.2,ModuleLED_Micro_8560,0.8252,1.8225,FAIL,0.0,-0.9974,150.95,t-Global Technology,Thermal Pad Gray 45.00mm x 25.00mm Rectangular,5.99,4.302036008977389,2.0,❌ Avoid
TP-0305,407150015200,Thermal Pad,367.22,400.0,ModuleLED_Micro_8560,0.8252,0.0487,PASS,100.0,0.7764,78.6,Würth Elektronik,Thermal Pad Black 15.00mm x 15.00mm Square Adhesive - Both Sides,19.99,5.90868058562906,1.0,✅ Standard
TP-0307,QB0805A40WYT,Thermal Pad,32308.5,100.0,ModuleLED_Micro_8560,0.8252,0.0099,PASS,100.0,0.8152,77.01,KYOCERA AVX,Thermal Pad 2.03mm x 1.27mm Rectangular,1.02,10.38311658361369,3.0,🏭 Industrial
TP-0308,QB0805B40WYT,Thermal Pad,32308.5,100.0,ModuleLED_Micro_8560,0.8252,0.0099,PASS,100.0,0.8152,77.01,KYOCERA AVX,Thermal Pad 2.03mm x 1.27mm Rectangular,1.02,10.38311658361369,3.0,🏭 Industrial
TP-0309,TG-AH486-25-25-9.0-0,Thermal Pad,135.41,3.2,ModuleLED_Micro_8560,0.8252,2.7363,FAIL,0.0,-1.9111,187.93,t-Global Technology,Thermal Pad Gray 25.00mm x 25.00mm Square,8.99,4.915665056505029,2.0,❌ Avoid
TP-0310,407150045015,Thermal Pad,127.36,400.0,ModuleLED_Micro_8560,0.8252,0.0037,PASS,100.0,0.8215,76.76,Würth Elektronik,Thermal Pad Black 45.00mm x 15.00mm Rectangular Adhesive - Both Sides,1.5,4.8548388162416565,1.0,✅ Standard
TP-0319,EAPUS SARCON GR-HM 10.8X10.8X0.5MM,Thermal Pad,816.21,6.0,ModuleLED_Micro_8560,0.8252,0.0812,PASS,100.0,0.7439,79.92,ADLINK Technology,"Thermal Interface Products Pad,Type=GR-Hm,Size=10.8x10.8x0.5mm,K=6W/mK,Color=Reddish Gray",0.5,6.7058960997751065,1.0,✅ Standard
TP-0320,EAPUS SARCON XR-Hl 16.5X7.5X2.0MM,Thermal Pad,769.31,1.2,ModuleLED_Micro_8560,0.8252,1.6242,FAIL,0.0,-0.7991,142.75,ADLINK Technology,"Thermal Interface Products Pad,Type=XR-HL,Size=16.5x7.5x2.0mm,K=1.2W/mK,Color=Black",2.0,6.646793031229738,2.0,❌ Avoid
TP-0321,EAPUS SARCON XR-Hl 20X10X2.5MM,Thermal Pad,476.01,1.2,ModuleLED_Micro_8560,0.8252,2.0304,FAIL,0.0,-1.2053,159.15,ADLINK Technology,"Thermal Interface Products Pad,Type=XR-HL,Size=20x10x2.5mm,K=1.2W/mK,Color=Black",2.5,6.167537455029179,2.0,❌ Avoid
TP-0322,EAPUS SARCON XR-Hl 35X11X2.5MM,Thermal Pad,247.28,1.2,ModuleLED_Micro_8560,0.8252,2.0301,FAIL,0.0,-1.2049,159.39,ADLINK Technology,"Thermal Interface Products Pad,Type=XR-HL,Size=35x11x2.5mm,K=1.2W/mK,Color=Black",2.5,5.514557141545452,2.0,❌ Avoid
TP-0323,EAPUS SARCON XR-Hl 12X14X3.0MM,Thermal Pad,566.68,1.2,ModuleLED_Micro_8560,0.8252,2.4374,FAIL,0.0,-1.6122,175.91,ADLINK Technology,"Thermal Interface Products Pad,Type=XR-HL,Size=12x14x3.0mm,K=1.2W/mK,Color=Black",3.0,6.34155787968116,2.0,❌ Avoid
TP-0325,60-11-5791-1671,Thermal Pad,385.28,2.6,ModuleLED_Micro_8560,0.8252,0.1426,PASS,100.0,0.6825,82.42,Parker Chomerics,Thermal Pad White 17.45mm x 14.28mm Rectangular,0.38,5.956562495098717,1.0,✅ Standard
TP-0326,PL-05-3-254,Thermal Pad,150.36,3.0,ModuleLED_Micro_8560,0.8252,0.1625,PASS,100.0,0.6626,83.21,Wakefield Thermal,"Thermal Interface Products ulTIMiFlux Gap Pad, Silicone, 0.5mm Thickness, 3 W/m-K, 25.4x25.4mm, Green",0.5,5.019661105303568,1.0,✅ Standard
TP-0328,60-11-8302-1671,Thermal Pad,425.12,2.6,ModuleLED_Micro_8560,0.8252,0.1423,PASS,100.0,0.6828,82.41,Parker Chomerics,Thermal Pad White 18.03mm x 12.70mm Rectangular,0.38,6.054720996742997,1.0,✅ Standard
TP-0332,TG-A1250-40-40-0.5,Thermal Pad,61.68,12.5,ModuleLED_Micro_8560,0.8252,0.039,PASS,100.0,0.7862,78.2,t-Global Technology,Thermal Pad Green 40.00mm x 40.00mm Square,0.5,4.13804241748782,1.0,✅ Standard
TP-0334,PL-05-5-254,Thermal Pad,156.58,5.0,ModuleLED_Micro_8560,0.8252,0.0975,PASS,100.0,0.7276,80.59,Wakefield Thermal,"Thermal Interface Products ulTIMiFlux Gap Pad, Silicone, 0.5mm Thickness, 5 W/m-K, 25.4x25.4mm, Gold",0.5,5.059933265817542,1.0,✅ Standard
TP-0335,PL-05-3-254-H,Thermal Pad,157.1,3.0,ModuleLED_Micro_8560,0.8252,0.1624,PASS,100.0,0.6628,83.22,Wakefield Thermal,"Thermal Interface Products ulTIMiFlux Gap Pad, Silicone, 0.5mm Thickness, 3 W/m-K, 25.4x25.4mm, Hyper Soft",0.5,5.0632277442154265,1.0,✅ Standard
TP-0338,PL-05-5-254-H,Thermal Pad,162.8,5.0,ModuleLED_Micro_8560,0.8252,0.0975,PASS,100.0,0.7277,80.58,Wakefield Thermal,"Thermal Interface Products ulTIMiFlux Gap Pad, Silicone, 0.5mm Thickness, 5 W/m-K, 25.4x25.4mm, Hyper Soft",0.5,5.098646171418969,1.0,✅ Standard
TP-0340,PL-2-1-254,Thermal Pad,163.84,1.0,ModuleLED_Micro_8560,0.8252,1.9492,FAIL,0.0,-1.124,156.01,Wakefield Thermal,"Thermal Interface Products ulTIMiFlux Gap Pad, Silicone, 2mm Thickness, 1 W/m-K, 25.4x25.4mm, Grey",2.0,5.1049753064706165,2.0,❌ Avoid
TP-0346,PL-2-3-254,Thermal Pad,175.24,3.0,ModuleLED_Micro_8560,0.8252,0.6495,PASS,100.0,0.1757,103.09,Wakefield Thermal,"Thermal Interface Products ulTIMiFlux Gap Pad, Silicone, 2mm Thickness, 3 W/m-K, 25.4x25.4mm, Green",2.0,5.171846702494088,1.0,✅ Standard
TP-0347,PL-2-3-254-H,Thermal Pad,181.99,3.0,ModuleLED_Micro_8560,0.8252,0.6496,PASS,100.0,0.1756,103.04,Wakefield Thermal,"Thermal Interface Products ulTIMiFlux Gap Pad, Silicone, 2mm Thickness, 3 W/m-K, 25.4x25.4mm, Hyper Soft",2.0,5.2094315065395955,1.0,✅ Standard
TP-0348,PL-1-5-254,Thermal Pad,185.1,5.0,ModuleLED_Micro_8560,0.8252,0.195,PASS,100.0,0.6301,84.54,Wakefield Thermal,"Thermal Interface Products ulTIMiFlux Gap Pad, Silicone, 1mm Thickness, 5 W/m-K, 25.4x25.4mm, Gold",1.0,5.226284163648205,1.0,✅ Standard
TP-0352,SP2000-0.015-00-58,Thermal Pad,529.55,3.5,ModuleLED_Micro_8560,0.8252,0.1058,PASS,100.0,0.7194,80.92,Bergquist,Thermal Pad White 19.05mm x 12.70mm Rectangular,0.38,6.273914204319599,1.0,✅ Standard
TP-0354,TG-A3500-40-40-5.0,Thermal Pad,80.49,3.5,ModuleLED_Micro_8560,0.8252,1.3917,FAIL,0.0,-0.5665,133.26,t-Global Technology,Thermal Pad Yellow 40.00mm x 40.00mm Square Tacky - Both Sides,5.0,4.400480313332128,2.0,❌ Avoid
TP-0372,TG-AH486-100-100-1.0-0,Thermal Pad,15.86,3.2,ModuleLED_Micro_8560,0.8252,0.3046,PASS,100.0,0.5205,89.01,t-Global Technology,Thermal Pad Gray 100.00mm x 100.00mm Square,1.0,2.8249439525737094,0.0,🏆 Best Value
TP-0375,PL-2-5-254-H,Thermal Pad,253.54,5.0,ModuleLED_Micro_8560,0.8252,0.3898,PASS,100.0,0.4353,92.5,Wakefield Thermal,"Thermal Interface Products ulTIMiFlux Gap Pad, Silicone, 2mm Thickness, 5 W/m-K, 25.4x25.4mm, Hyper Soft",2.0,5.539457994563901,1.0,✅ Standard
TP-0376,TG-A1250-30-30-2.0,Thermal Pad,182.49,12.5,ModuleLED_Micro_8560,0.8252,0.1567,PASS,100.0,0.6684,83.01,t-Global Technology,Thermal Pad Green 30.00mm x 30.00mm Square,2.01,5.212160170096862,1.0,✅ Standard
TP-0380,PL-05-1-1016,Thermal Pad,16.79,1.0,ModuleLED_Micro_8560,0.8252,0.4875,PASS,100.0,0.3377,96.46,Wakefield Thermal,"Thermal Interface Products ulTIMiFlux Gap Pad, Silicone, 0.5mm Thickness, 1 W/m-K, 101.6x101.6mm, Grey",0.5,2.8786365016777435,1.0,✅ Standard
TP-0381,TG-A1250-25-25-3.0,Thermal Pad,279.91,12.5,ModuleLED_Micro_8560,0.8252,0.2343,PASS,100.0,0.5909,86.14,t-Global Technology,Thermal Pad Green 25.00mm x 25.00mm Square,3.0,5.638034333334139,1.0,✅ Standard
TP-0384,PL-2-5-254,Thermal Pad,281.01,5.0,ModuleLED_Micro_8560,0.8252,0.3903,PASS,100.0,0.4348,92.52,Wakefield Thermal,"Thermal Interface Products ulTIMiFlux Gap Pad, Silicone, 2mm Thickness, 5 W/m-K, 25.4x25.4mm, Gold",2.0,5.641942531302295,1.0,✅ Standard
TP-0386,TG-A1780-25-25-0.5,Thermal Pad,294.36,17.8,ModuleLED_Micro_8560,0.8252,0.0274,PASS,100.0,0.7978,77.73,t-Global Technology,Thermal Pad Gray 25.00mm x 25.00mm Square,0.5,5.688194951314488,1.0,✅ Standard
TP-0393,PL-1-1.5-76X127-15,Thermal Pad,21.88,1.5,ModuleLED_Micro_8560,0.8252,0.6503,PASS,100.0,0.1749,103.07,Wakefield Thermal,"Thermal Interface Products ulTIMiFlux Gap Pad, Silicone, 1mm Thickness, 1.5 W/mK, 76.2x127mm, Grey",1.0,3.130263166511597,1.0,✅ Standard
TP-0395,4051100100017,Thermal Pad,22.41,1800.0,ModuleLED_Micro_8560,0.8252,0.0,PASS,100.0,0.8251,76.61,Würth Elektronik,Thermal Pad 100.00mm x 100.00mm Square Acrylic,0.04,3.1531632815028194,0.0,🏆 Best Value
TP-0396,TG-A1250-40-40-1.5,Thermal Pad,143.21,12.5,ModuleLED_Micro_8560,0.8252,0.1171,PASS,100.0,0.7081,81.38,t-Global Technology,Thermal Pad Green 40.00mm x 40.00mm Square,1.5,4.971270570573979,1.0,✅ Standard
TP-0397,PL-1-1-1016,Thermal Pad,22.42,1.0,ModuleLED_Micro_8560,0.8252,0.974,FAIL,1.74,-0.1489,116.26,Wakefield Thermal,"Thermal Interface Products ulTIMiFlux Gap Pad, Silicone, 1mm Thickness, 1 W/m-K, 101.6x101.6mm, Grey",1.0,3.1535903581695712,1.0,✅ Standard
TP-0399,COH-1706-200-05,Thermal Pad,5.81,1.7,ModuleLED_Micro_8560,0.8252,0.2925,PASS,100.0,0.5327,88.54,Taica North America Corporation,Thermal Pad Gray 200.00mm x 200.00mm Square Tacky - Both Sides,0.51,1.918392120161421,0.0,🏆 Best Value
TP-0407,SoftFlex-B016-20-01-0762-0762,Thermal Pad,44.07,1.6,ModuleLED_Micro_8560,0.8252,1.2196,FAIL,0.0,-0.3944,126.22,Aavid,"Thermal Interface Products SoftFlex Pad, 1.6 W/mK Conductivity, 2mm Thick, 1-Side Adhesive, 76.2x76.2mm",2.0,3.808216836702557,1.0,✅ Standard
TP-0409,TG-A1780-30-30-0.5,Thermal Pad,288.41,17.8,ModuleLED_Micro_8560,0.8252,0.0274,PASS,100.0,0.7978,77.73,t-Global Technology,Thermal Pad Gray 30.00mm x 30.00mm Square,0.5,5.667844367850572,1.0,✅ Standard
TP-0413,TG-A6200F-100-100-0.5,Thermal Pad,28.2,5.0,ModuleLED_Micro_8560,0.8252,0.0976,PASS,100.0,0.7276,80.58,t-Global Technology,Thermal Pad Blue 100.00mm x 100.00mm Square Tacky - One Side,0.5,3.374168709274236,0.0,🏆 Best Value
TP-0423,SP2000-0.015-00-54,Thermal Pad,1349.4,3.5,ModuleLED_Micro_8560,0.8252,0.1059,PASS,100.0,0.7193,80.92,Bergquist,Thermal Pad White 19.05mm x 12.70mm Rectangular,0.38,7.208156123841693,1.0,✅ Standard
TP-0424,PL-05-5-1016,Thermal Pad,31.79,5.0,ModuleLED_Micro_8560,0.8252,0.0976,PASS,100.0,0.7276,80.58,Wakefield Thermal,"Thermal Interface Products ulTIMiFlux Gap Pad, Silicone, 0.5mm Thickness, 5 W/m-K, 101.6x101.6mm, Gold",0.5,3.4901235908565567,1.0,✅ Standard
TP-0425,GP1500-0.080-02-0404,Thermal Pad,33.77,1.5,ModuleLED_Micro_8560,0.8252,1.318,FAIL,0.0,-0.4928,130.27,Bergquist,Thermal Pad Black 101.60mm x 101.60mm Square Tacky - Both Sides,2.03,3.5487549460197703,2.0,❌ Avoid
TP-0426,PL-05-3-1016-H,Thermal Pad,35.09,3.0,ModuleLED_Micro_8560,0.8252,0.1622,PASS,100.0,0.6629,83.24,Wakefield Thermal,"Thermal Interface Products ulTIMiFlux Gap Pad, Silicone, 0.5mm Thick, 3 W/m-K, 101.6x101.6mm, Hyper Soft",0.5,3.586015818654697,1.0,✅ Standard
TP-0429,PLF-1-1-76X127-40,Thermal Pad,38.19,1.0,ModuleLED_Micro_8560,0.8252,0.975,FAIL,1.55,-0.1499,116.26,Wakefield Thermal,"Thermal Interface Products ulTIMiFlux Gap Pad, Silicone-Free, 1mm Thickness, 1 W/m-K, 76x127mm, White",1.0,3.66842161221154,1.0,✅ Standard
TP-0433,PL-1-3-76X127-30,Thermal Pad,39.27,3.0,ModuleLED_Micro_8560,0.8252,0.3253,PASS,100.0,0.4998,89.84,Wakefield Thermal,"Thermal Interface Products ulTIMiFlux Gap Pad, Silicone, 1mm Thickness, 3 W/m-K, 76.2x127mm, Blue",1.0,3.695606774863363,1.0,✅ Standard
TP-0435,TG-A6200-100-100-1.0,Thermal Pad,39.0,6.2,ModuleLED_Micro_8560,0.8252,0.1569,PASS,100.0,0.6682,83.01,t-Global Technology,Thermal Pad Blue 100.00mm x 100.00mm Square Tacky - Both Sides,1.0,3.6888794541139363,1.0,✅ Standard
TP-0437,TG-A1780-40-40-0.5,Thermal Pad,247.32,17.8,ModuleLED_Micro_8560,0.8252,0.0274,PASS,100.0,0.7978,77.72,t-Global Technology,Thermal Pad Gray 40.00mm x 40.00mm Square,0.5,5.514718236994854,1.0,✅ Standard
TP-0443,GP1500-0.020-02-0404,Thermal Pad,40.18,1.5,ModuleLED_Micro_8560,0.8252,0.3319,PASS,100.0,0.4933,90.14,Bergquist,Thermal Pad Black 101.60mm x 101.60mm Square Tacky - Both Sides,0.51,3.717952701599643,1.0,✅ Standard
TP-0445,PL-1-3-1016-H,Thermal Pad,41.09,3.0,ModuleLED_Micro_8560,0.8252,0.3249,PASS,100.0,0.5003,89.86,Wakefield Thermal,"Thermal Interface Products ulTIMiFlux Gap Pad, Silicone, 1mm Thickness, 3 W/m-K, 101.6x101.6mm, Hyper Soft",1.0,3.7398101827824792,1.0,✅ Standard
TP-0446,PL-2-1-1016,Thermal Pad,41.35,1.0,ModuleLED_Micro_8560,0.8252,1.9482,FAIL,0.0,-1.123,156.24,Wakefield Thermal,"Thermal Interface Products ulTIMiFlux Gap Pad, Silicone, 2mm Thickness, 1 W/m-K, 101.6x101.6mm, Grey",2.0,3.7459684210980635,2.0,❌ Avoid
TP-0447,QB0603A25WYT,Thermal Pad,370632.22,50.0,ModuleLED_Micro_8560,0.8252,0.0012,PASS,100.0,0.824,76.66,KYOCERA AVX,Thermal Pad 1.52mm x 0.76mm Rectangular,0.06,12.82296822724029,3.0,🏭 Industrial
TP-0455,PL-05-5-1016-H,Thermal Pad,43.52,5.0,ModuleLED_Micro_8560,0.8252,0.0975,PASS,100.0,0.7276,80.58,Wakefield Thermal,"Thermal Interface Products ulTIMiFlux Gap Pad, Silicone, 0.5mm Thick, 5 W/m-K, 101.6x101.6mm, Hyper Soft",0.5,3.795938526407344,1.0,✅ Standard
TP-0456,A18197-05,Thermal Pad,8.71,5.3,ModuleLED_Micro_8560,0.8252,0.0221,PASS,100.0,0.8031,77.51,Laird Technologies - Thermal Materials,Thermal Pad Gray 228.60mm x 228.60mm Square Tacky - Both Sides,0.12,2.2731562823032334,0.0,🏆 Best Value
TP-0460,69-13-42348-T412,Thermal Pad,615.67,1.4,ModuleLED_Micro_8560,0.8252,0.1601,PASS,100.0,0.6651,83.15,Parker Chomerics,Thermal Pad Gray 28.00mm x 28.00mm Square Adhesive - Both Sides,0.23,6.424334034795057,1.0,✅ Standard
TP-0465,T62-310-310-0.13,Thermal Pad,5.25,20.0,ModuleLED_Micro_8560,0.8252,0.0063,PASS,100.0,0.8188,76.87,t-Global Technology,Thermal Pad Black 310.00mm x 310.00mm Square,0.13,1.8325814637483102,0.0,🏆 Best Value
TP-0471,A18197-08,Thermal Pad,9.86,5.3,ModuleLED_Micro_8560,0.8252,0.0368,PASS,100.0,0.7883,78.11,Laird Technologies - Thermal Materials,Thermal Pad Gray 228.60mm x 228.60mm Square Tacky - Both Sides,0.2,2.3850863145057892,0.0,🏆 Best Value
TP-0476,TG-A6200-150-150-0.5,Thermal Pad,23.74,6.2,ModuleLED_Micro_8560,0.8252,0.0787,PASS,100.0,0.7465,79.82,t-Global Technology,Thermal Pad Blue 150.00mm x 150.00mm Square Tacky - Both Sides,0.5,3.208421366964342,0.0,🏆 Best Value
TP-0482,A18197-10,Thermal Pad,10.66,5.3,ModuleLED_Micro_8560,0.8252,0.046,PASS,100.0,0.7791,78.48,Laird Technologies - Thermal Materials,Thermal Pad Gray 228.60mm x 228.60mm Square Tacky - Both Sides,0.25,2.4561641809223462,0.0,🏆 Best Value
TP-0483,A17916-08,Thermal Pad,10.67,2.0,ModuleLED_Micro_8560,0.8252,0.9896,FAIL,0.66,-0.1644,117.03,Laird Technologies - Thermal Materials,Thermal Pad Gray 228.60mm x 228.60mm Square Tacky - Both Sides,2.03,2.4570214462984645,1.0,✅ Standard
TP-0486,BP100-0.005-00-1112,Thermal Pad,6.65,0.8,ModuleLED_Micro_8560,0.8252,0.1584,PASS,100.0,0.6668,83.08,Bergquist,Thermal Pad White 304.80mm x 279.40mm Rectangular Adhesive - Both Sides,0.13,2.0347056478384444,0.0,🏆 Best Value
TP-0492,PL-2-3-1016-H,Thermal Pad,57.1,3.0,ModuleLED_Micro_8560,0.8252,0.6504,PASS,100.0,0.1747,103.04,Wakefield Thermal,"Thermal Interface Products ulTIMiFlux Gap Pad, Silicone, 2mm Thickness, 3 W/m-K, 101.6x101.6mm, Hyper Soft",2.0,4.062165663857866,1.0,✅ Standard
TP-0495,T62-1-310-310-0.16,Thermal Pad,6.15,15.0,ModuleLED_Micro_8560,0.8252,0.0104,PASS,100.0,0.8148,77.03,t-Global Technology,Thermal Pad Black 310.00mm x 310.00mm Square Adhesive - One Side,0.16,1.9671123567059163,0.0,🏆 Best Value
TP-0502,PL-1-5-76X127-60,Thermal Pad,65.47,5.0,ModuleLED_Micro_8560,0.8252,0.1949,PASS,100.0,0.6302,84.55,Wakefield Thermal,"Thermal Interface Products ulTIMiFlux Gap Pad, Silicone, 1mm Thickness, 5 W/m-K, 76.2x127mm, Brown",1.0,4.19675071805349,1.0,✅ Standard
TP-0509,GP1500-0.040-02-0404,Thermal Pad,66.2,1.5,ModuleLED_Micro_8560,0.8252,0.6639,PASS,100.0,0.1613,103.58,Bergquist,Thermal Pad Black 101.60mm x 101.60mm Square Tacky - Both Sides,1.02,4.207673247529104,1.0,✅ Standard
TP-0510,PLF-1-3-76X127-70,Thermal Pad,71.04,3.0,ModuleLED_Micro_8560,0.8252,0.325,PASS,100.0,0.5002,89.86,Wakefield Thermal,"Thermal Interface Products ulTIMiFlux Gap Pad, Silicone-Free, 1mm Thickness, 3 W/m-K, 76x127mm, White",1.0,4.277221520307755,1.0,✅ Standard
TP-0520,GT10D-300-300-0.25-1A,Thermal Pad,7.83,1.5,ModuleLED_Micro_8560,0.8252,0.1624,PASS,100.0,0.6627,83.24,t-Global Technology,Thermal Pad Pink 300.00mm x 300.00mm Square Adhesive - One Side,0.25,2.178155014615869,0.0,🏆 Best Value
TP-0522,SF400-505005,Thermal Pad,289.54,2.5,ModuleLED_Micro_8560,0.8252,0.195,PASS,100.0,0.6302,84.53,Same Sky (Formerly CUI Devices),Thermal Pad Gray 50.00mm x 50.00mm Square Tacky - Both Sides,0.5,5.671741260444738,1.0,✅ Standard
TP-0524,A18197-16,Thermal Pad,14.0,5.3,ModuleLED_Micro_8560,0.8252,0.0755,PASS,100.0,0.7496,79.68,Laird Technologies - Thermal Materials,Thermal Pad Gray 228.60mm x 228.60mm Square Tacky - Both Sides,0.41,2.70805020110221,0.0,🏆 Best Value
TP-0527,GPVOUS-0.020-01-0816,Thermal Pad,8.95,1.0,ModuleLED_Micro_8560,0.8252,0.4964,PASS,100.0,0.3288,96.86,Bergquist,Thermal Pad Pink 406.40mm x 203.20mm Rectangular Tacky - One Side,0.51,2.2975725511705014,0.0,🏆 Best Value
TP-0531,A17733-04,Thermal Pad,14.33,1.2,ModuleLED_Micro_8560,0.8252,0.8285,FAIL,49.57,-0.0033,110.38,Laird Technologies - Thermal Materials,Thermal Pad Yellow 228.60mm x 228.60mm Square Adhesive - One Side,1.02,2.7298116928837226,1.0,✅ Standard
TP-0533,2191342,Thermal Pad,8.43,0.9,ModuleLED_Micro_8560,0.8252,0.1625,PASS,100.0,0.6627,83.22,Bergquist,Thermal Pad Gray 304.80mm x 292.10mm Rectangular,0.15,2.2438960966453663,0.0,🏆 Best Value
TP-0535,TG-A1250-125-125-0.5,Thermal Pad,48.51,12.5,ModuleLED_Micro_8560,0.8252,0.039,PASS,100.0,0.7862,78.2,t-Global Technology,Thermal Pad Green 125.00mm x 125.00mm Square,0.5,3.9021746693733315,1.0,✅ Standard
TP-0538,A18172-16,Thermal Pad,14.75,7.5,ModuleLED_Micro_8560,0.8252,0.052,PASS,100.0,0.7732,78.73,Laird Technologies - Thermal Materials,Thermal Pad Gray 228.60mm x 228.60mm Square Tacky - Both Sides,0.4,2.7568403652716422,0.0,🏆 Best Value
TP-0544,69-12-42355-1674,Thermal Pad,18.99,1.0,ModuleLED_Micro_8560,0.8252,0.2438,PASS,100.0,0.5814,86.54,Parker Chomerics,Thermal Pad Blue 203.20mm x 203.20mm Square Adhesive - One Side,0.25,2.995232148512309,0.0,🏆 Best Value
TP-0546,TG-A6200-100-100-2.5,Thermal Pad,78.67,6.2,ModuleLED_Micro_8560,0.8252,0.3936,PASS,100.0,0.4316,92.66,t-Global Technology,Thermal Pad Blue 100.00mm x 100.00mm Square Tacky - Both Sides,2.5,4.3778931033922746,1.0,✅ Standard
TP-0554,PL-1-6-76X127-60,Thermal Pad,83.78,6.0,ModuleLED_Micro_8560,0.8252,0.1627,PASS,100.0,0.6625,83.21,Wakefield Thermal,"Thermal Interface Products ulTIMiFlux Gap Pad, Silicone, 1mm Thickness, 6 W/mK, 76.2x127mm, Grey",1.0,4.440059665924491,1.0,✅ Standard
TP-0555,GP1500-0.040-02-0816,Thermal Pad,9.85,1.5,ModuleLED_Micro_8560,0.8252,0.662,PASS,100.0,0.1632,103.63,Bergquist,Thermal Pad Black 406.40mm x 203.20mm Rectangular Tacky - Both Sides,1.02,2.3841650799864684,0.0,🏆 Best Value
TP-0558,GPVOUS-0.040-01-0816,Thermal Pad,10.0,1.0,ModuleLED_Micro_8560,0.8252,0.9928,FAIL,0.38,-0.1676,117.14,Bergquist,Thermal Pad Pink 406.40mm x 203.20mm Rectangular Tacky - One Side,1.02,2.3978952727983707,1.0,✅ Standard
TP-0565,A18172-05,Thermal Pad,16.03,7.5,ModuleLED_Micro_8560,0.8252,0.0156,PASS,100.0,0.8095,77.25,Laird Technologies - Thermal Materials,Thermal Pad Gray 228.60mm x 228.60mm Square Tacky - Both Sides,0.12,2.834976494674597,0.0,🏆 Best Value
TP-0566,TG-A6200-150-150-1.0,Thermal Pad,37.27,6.2,ModuleLED_Micro_8560,0.8252,0.1573,PASS,100.0,0.6679,83.02,t-Global Technology,Thermal Pad Blue 150.00mm x 150.00mm Square Tacky - Both Sides,1.0,3.644666299437611,1.0,✅ Standard
TP-0570,A15993-00,Thermal Pad,16.3,3.0,ModuleLED_Micro_8560,0.8252,0.1656,PASS,100.0,0.6595,83.36,Laird Technologies - Thermal Materials,Thermal Pad Gray 228.60mm x 228.60mm Square Tacky - Both Sides,0.51,2.8507065015037334,0.0,🏆 Best Value
TP-0578,A18172-10,Thermal Pad,17.04,7.5,ModuleLED_Micro_8560,0.8252,0.0325,PASS,100.0,0.7927,77.93,Laird Technologies - Thermal Materials,Thermal Pad Gray 228.60mm x 228.60mm Square Tacky - Both Sides,0.25,2.8925915146344776,0.0,🏆 Best Value
TP-0583,PL-1-5-1016-H,Thermal Pad,87.98,5.0,ModuleLED_Micro_8560,0.8252,0.1952,PASS,100.0,0.63,84.54,Wakefield Thermal,"Thermal Interface Products ulTIMiFlux Gap Pad, Silicone, 1mm Thickness, 5 W/m-K, 101.6x101.6mm, Hyper Soft",1.0,4.488411625377895,1.0,✅ Standard
TP-0586,TG-A1250-100-100-1.0,Thermal Pad,92.89,12.5,ModuleLED_Micro_8560,0.8252,0.078,PASS,100.0,0.7472,79.79,t-Global Technology,Thermal Pad Green 100.00mm x 100.00mm Square,1.0,4.542123884270456,1.0,✅ Standard
TP-0592,PLX-1-6-76X127-48,Thermal Pad,97.73,6.0,ModuleLED_Micro_8560,0.8252,0.1623,PASS,100.0,0.6628,83.22,Wakefield Thermal,"Thermal Interface Products ulTIMiFlux Gap Pad, Silicone, 1mm Thickness, 6 W/mK, 76x127mm, Grey",1.0,4.592388851623358,1.0,✅ Standard
TP-0595,BP100-0.011-00-1010,Thermal Pad,14.71,0.8,ModuleLED_Micro_8560,0.8252,0.3412,PASS,100.0,0.4839,90.53,Bergquist,Thermal Pad White 254.00mm x 254.00mm Square Adhesive - Both Sides,0.28,2.75429745226753,0.0,🏆 Best Value
TP-0600,PL-1-5-1016,Thermal Pad,94.2,5.0,ModuleLED_Micro_8560,0.8252,0.1949,PASS,100.0,0.6303,84.54,Wakefield Thermal,"Thermal Interface Products ulTIMiFlux Gap Pad, Silicone, 1mm Thickness, 5 W/m-K, 101.6x101.6mm, Gold",1.0,4.55597994179732,1.0,✅ Standard
TP-0601,PL-1-5-1016-H,Thermal Pad,94.23,5.0,ModuleLED_Micro_8560,0.8252,0.193,PASS,100.0,0.6322,84.48,Wakefield Thermal Solutions,Thermal Pad Gold 101.60mm x 101.60mm Square Tacky - One Side,0.99,4.5562950182059545,1.0,✅ Standard
TP-0605,GP1500R-0.020-02-0816,Thermal Pad,12.05,1.5,ModuleLED_Micro_8560,0.8252,0.3317,PASS,100.0,0.4935,90.12,Bergquist,Thermal Pad Black 406.40mm x 203.20mm Rectangular Tacky - Both Sides,0.51,2.5687881337687024,0.0,🏆 Best Value
TP-0608,4051210297017,Thermal Pad,15.99,1800.0,ModuleLED_Micro_8560,0.8252,0.0,PASS,100.0,0.8251,76.61,Würth Elektronik,Thermal Pad 297.00mm x 210.00mm Rectangular Acrylic,0.04,2.8326249356838407,0.0,🏆 Best Value
TP-0614,BP100-0.008-00-1010,Thermal Pad,15.64,0.8,ModuleLED_Micro_8560,0.8252,0.2438,PASS,100.0,0.5814,86.52,Bergquist,Thermal Pad White 254.00mm x 254.00mm Square Adhesive - Both Sides,0.2,2.8118094353930627,0.0,🏆 Best Value
TP-0620,2191191,Thermal Pad,12.56,1.0,ModuleLED_Micro_8560,0.8252,1.4819,FAIL,0.0,-0.6567,136.98,Bergquist,Thermal Pad Pink 406.40mm x 203.20mm Rectangular Tacky - One Side,1.52,2.6071242825122494,2.0,❌ Avoid
TP-0624,69-13-42350-T412,Thermal Pad,45.12,1.4,ModuleLED_Micro_8560,0.8252,0.1603,PASS,100.0,0.6649,83.12,Parker Chomerics,Thermal Pad Gray 152.40mm x 152.40mm Square Adhesive - Both Sides,0.23,3.8312466954008584,1.0,✅ Standard
TP-0625,A14556-01,Thermal Pad,20.11,2.8,ModuleLED_Micro_8560,0.8252,0.1779,PASS,100.0,0.6472,83.85,Laird Technologies - Thermal Materials,Thermal Pad Blue 228.60mm x 228.60mm Square Tacky - Both Sides,0.51,3.0497468618602293,0.0,🏆 Best Value
TP-0632,A17690-02,Thermal Pad,20.66,5.0,ModuleLED_Micro_8560,0.8252,0.0994,PASS,100.0,0.7258,80.67,Laird Technologies - Thermal Materials,Thermal Pad Pink 228.60mm x 228.60mm Square Tacky - One Side,0.51,3.0754672415728446,0.0,🏆 Best Value
TP-0633,PLX-1-7-76X127-68,Thermal Pad,112.15,7.0,ModuleLED_Micro_8560,0.8252,0.1394,PASS,100.0,0.6858,82.28,Wakefield Thermal,"Thermal Interface Products ulTIMiFlux Gap Pad, Silicone, 1mm Thickness, 7 W/mK, 76x127mm, Grey",1.0,4.728714372079547,1.0,✅ Standard
TP-0639,SPK10-0.006-00-11.512,Thermal Pad,12.48,1.3,ModuleLED_Micro_8560,0.8252,0.1124,PASS,100.0,0.7127,81.19,Bergquist,Thermal Pad Beige 304.80mm x 292.10mm Rectangular,0.15,2.601207105484161,0.0,🏆 Best Value
TP-0653,A10464-07,Thermal Pad,4.17,5.0,ModuleLED_Micro_8560,0.8252,0.0995,PASS,100.0,0.7257,80.66,Laird Technologies - Thermal Materials,Thermal Pad Gray 609.60mm x 457.20mm Rectangular,0.51,1.6428726885203377,0.0,🏆 Best Value
TP-0662,COH-4065LVC-200-10,Thermal Pad,30.3,2.2,ModuleLED_Micro_8560,0.8252,0.4387,PASS,100.0,0.3864,94.53,Taica North America Corporation,Thermal Pad Reddish Brown 200.00mm x 200.00mm Square Tacky - Both Sides,0.99,3.4436180975461075,1.0,✅ Standard
TP-0664,GP1500-0.080-02-0816,Thermal Pad,14.69,1.5,ModuleLED_Micro_8560,0.8252,1.3203,FAIL,0.0,-0.4951,130.39,Bergquist,Thermal Pad Black 406.40mm x 203.20mm Rectangular Tacky - Both Sides,2.03,2.753023566744941,2.0,❌ Avoid
TP-0665,PLX-1-1.5-210X310-40,Thermal Pad,18.75,1.5,ModuleLED_Micro_8560,0.8252,0.6499,PASS,100.0,0.1753,103.07,Wakefield Thermal,"Thermal Interface Products ulTIMiFlux Gap Pad, Silicone, 1mm Thickness, 1.5 W/mK, 210x310mm, White",1.0,2.9831534913471307,1.0,✅ Standard
TP-0669,TG-A486G-150-150-1.0-1A,Thermal Pad,55.51,6.3,ModuleLED_Micro_8560,0.8252,0.1547,PASS,100.0,0.6704,82.89,t-Global Technology,Thermal Pad Gray 150.00mm x 150.00mm Square Adhesive - One Side,1.0,4.034417613641752,1.0,✅ Standard
TP-0671,SP900S-0.009-AC-1212,Thermal Pad,13.65,1.6,ModuleLED_Micro_8560,0.8252,0.1401,PASS,100.0,0.6851,82.31,Bergquist,Thermal Pad Pink 304.80mm x 304.80mm Square Adhesive - One Side,0.23,2.6844403354630764,0.0,🏆 Best Value
TP-0687,A17653-03,Thermal Pad,25.85,5.0,ModuleLED_Micro_8560,0.8252,0.1483,PASS,100.0,0.6769,82.65,Laird Technologies - Thermal Materials,Thermal Pad Pink 228.60mm x 228.60mm Square Tacky - Both Sides,0.76,3.2902658209548736,0.0,🏆 Best Value
TP-0693,PLX-1-2-210X310-80,Thermal Pad,21.0,2.0,ModuleLED_Micro_8560,0.8252,0.4871,PASS,100.0,0.338,96.5,Wakefield Thermal,"Thermal Interface Products ulTIMiFlux Gap Pad, Silicone, 1mm Thickness, 2 W/mK, 210x310mm, Grey",1.0,3.091042453358316,1.0,✅ Standard
TP-0698,PL-1-8-76X127-50,Thermal Pad,142.3,8.0,ModuleLED_Micro_8560,0.8252,0.1219,PASS,100.0,0.7032,81.57,Wakefield Thermal,"Thermal Interface Products ulTIMiFlux Gap Pad, Silicone, 1mm Thickness, 8 W/mK, 76.2x127mm, Grey",1.0,4.964940334834126,1.0,✅ Standard
TP-0704,PL-2-5-1016-H,Thermal Pad,137.65,5.0,ModuleLED_Micro_8560,0.8252,0.3894,PASS,100.0,0.4357,92.5,Wakefield Thermal,"Thermal Interface Products ulTIMiFlux Gap Pad, Silicone, 2mm Thickness, 5 W/m-K, 101.6x101.6mm, Hyper Soft",2.0,4.931952772061787,1.0,✅ Standard
TP-0722,2165804,Thermal Pad,16.64,1.3,ModuleLED_Micro_8560,0.8252,0.1125,PASS,100.0,0.7127,81.18,Bergquist,Thermal Pad Beige 304.80mm x 292.10mm Rectangular Adhesive - One Side,0.15,2.8701690505786455,0.0,🏆 Best Value
TP-0725,5549S-05,Thermal Pad,45.7,3.5,ModuleLED_Micro_8560,0.8252,0.1392,PASS,100.0,0.6859,82.28,3M,Thermal Pad Gray 210.00mm x 155.00mm Rectangular Tacky - One Side,0.5,3.8437441646748516,1.0,✅ Standard
TP-0731,61-02-0909-G579,Thermal Pad,28.89,3.0,ModuleLED_Micro_8560,0.8252,0.1656,PASS,100.0,0.6596,83.35,Parker Chomerics,Thermal Pad Pink 228.60mm x 228.60mm Square,0.51,3.3975239762958465,1.0,✅ Standard
TP-0733,A18330-04,Thermal Pad,158.24,34.0,ModuleLED_Micro_8560,0.8252,0.0287,PASS,100.0,0.7965,77.78,Laird Technologies - Thermal Materials,Thermal Pad Gray 127.00mm x 76.00mm Rectangular,1.0,5.070412498132116,1.0,✅ Standard
TP-0742,PLX-1-8-76x127-40,Thermal Pad,163.37,8.0,ModuleLED_Micro_8560,0.8252,0.122,PASS,100.0,0.7032,81.57,Wakefield Thermal,"Thermal Interface Products ulTIMiFlux Gap Pad, Silicone, 1mm Thickness, 8 W/mK, 76x127mm, Grey",1.0,5.102119984218434,1.0,✅ Standard
TP-0746,TG-APC94-150-150-2.0-0,Thermal Pad,71.08,4.0,ModuleLED_Micro_8560,0.8252,0.4891,PASS,100.0,0.3361,96.56,t-Global Technology,Thermal Pad Red 150.00mm x 150.00mm Square,2.01,4.277776613300082,1.0,✅ Standard
TP-0752,A15340-01,Thermal Pad,31.27,1.2,ModuleLED_Micro_8560,0.8252,4.1254,FAIL,0.0,-3.3002,244.53,Laird Technologies - Thermal Materials,Thermal Pad Green 228.60mm x 228.60mm Square,5.08,3.4741380060638702,2.0,❌ Avoid
TP-0757,A10832-02,Thermal Pad,31.86,2.2,ModuleLED_Micro_8560,0.8252,0.1107,PASS,100.0,0.7145,81.12,Laird Technologies - Thermal Materials,Thermal Pad Yellow 228.60mm x 228.60mm Square Tacky - Both Sides,0.25,3.492256112609122,1.0,✅ Standard
TP-0760,GP1500-0.125-02-0816,Thermal Pad,20.41,1.5,ModuleLED_Micro_8560,0.8252,2.0635,FAIL,0.0,-1.2384,160.82,Bergquist,Thermal Pad Black 406.40mm x 203.20mm Rectangular Tacky - Both Sides,3.18,3.0638581026015914,2.0,❌ Avoid
TP-0761,A10464-10,Thermal Pad,6.06,5.0,ModuleLED_Micro_8560,0.8252,0.0994,PASS,100.0,0.7258,80.66,Laird Technologies - Thermal Materials,Thermal Pad Gray 609.60mm x 457.20mm Rectangular Adhesive - One Side,0.51,1.9544450515051506,0.0,🏆 Best Value
TP-0769,5583S 210 MM X 300 MM X 2.0 MM,Thermal Pad,27.48,1.0,ModuleLED_Micro_8560,0.8252,1.9599,FAIL,0.0,-1.1348,156.45,3M,Thermal Pad White 300.00mm x 210.00mm Rectangular Tacky - One Side,2.01,3.349202086543775,2.0,❌ Avoid
TP-0774,A18213-02,Thermal Pad,33.08,10.0,ModuleLED_Micro_8560,0.8252,0.0488,PASS,100.0,0.7764,78.59,Laird Technologies - Thermal Materials,Thermal Pad Gray 229.00mm x 229.00mm Square,0.5,3.528710701961115,1.0,✅ Standard
TP-0778,TG-A1450-100-100-1.0,Thermal Pad,175.38,14.5,ModuleLED_Micro_8560,0.8252,0.0673,PASS,100.0,0.7579,79.35,t-Global Technology,Thermal Pad Red 100.00mm x 100.00mm Square,1.0,5.172640758460035,1.0,✅ Standard
TP-0781,A17653-04,Thermal Pad,33.8,5.0,ModuleLED_Micro_8560,0.8252,0.1989,PASS,100.0,0.6262,84.7,Laird Technologies - Thermal Materials,Thermal Pad Pink 228.60mm x 228.60mm Square Tacky - Both Sides,1.02,3.5496173867804286,1.0,✅ Standard
TP-0782,TG-A1250-100-100-2.0,Thermal Pad,176.71,12.5,ModuleLED_Micro_8560,0.8252,0.1568,PASS,100.0,0.6684,82.99,t-Global Technology,Thermal Pad Green 100.00mm x 100.00mm Square,2.01,5.1801530081973945,1.0,✅ Standard
TP-0785,A10092-01,Thermal Pad,42.98,6.0,ModuleLED_Micro_8560,0.8252,0.0406,PASS,100.0,0.7846,78.26,Laird Technologies - Thermal Materials,Thermal Pad Pink 203.20mm x 203.20mm Square,0.25,3.783734985126615,1.0,✅ Standard
TP-0788,TGP 40000SF-0.020-00-0406,Thermal Pad,74202.27,40.0,ModuleLED_Micro_8560,0.8252,0.0124,PASS,100.0,0.8127,77.12,Bergquist Company,"Thermal Interface Products GAP PAD, Sil-Free, 40W/m-K, 4x6"" Sheet, 0.020"" Thickness, Thermexit, IDH 2972783",0.51,11.214563498265276,3.0,🏭 Industrial
TP-0791,A15340-03,Thermal Pad,34.17,1.2,ModuleLED_Micro_8560,0.8252,4.1224,FAIL,0.0,-3.2973,244.8,Laird Technologies - Thermal Materials,Thermal Pad Green 228.60mm x 228.60mm Square Tacky - One Side,5.08,3.5601934464858913,2.0,❌ Avoid
TP-0794,A16367-02,Thermal Pad,36.57,2.8,ModuleLED_Micro_8560,0.8252,0.1776,PASS,100.0,0.6475,83.85,Laird Technologies - Thermal Materials,Thermal Pad Pink 228.60mm x 215.90mm Rectangular Tacky - One Side,0.51,3.6262058595858777,1.0,✅ Standard
TP-0800,5519 210 MM X 155 MM X 1.0 MM,Thermal Pad,56.45,4.9,ModuleLED_Micro_8560,0.8252,0.1968,PASS,100.0,0.6284,84.63,3M,Thermal Pad Gray 210.00mm x 155.00mm Rectangular Tacky - Both Sides,0.99,4.050915004294764,1.0,✅ Standard
TP-0806,GP1000SF-0.020-02-0816,Thermal Pad,22.44,0.9,ModuleLED_Micro_8560,0.8252,0.5519,PASS,100.0,0.2732,99.06,Bergquist,Thermal Pad Green 406.40mm x 203.20mm Rectangular Tacky - Both Sides,0.51,3.154443964708812,1.0,✅ Standard
TP-0816,TG-A1660-125-125-0.5,Thermal Pad,121.49,16.6,ModuleLED_Micro_8560,0.8252,0.0299,PASS,100.0,0.7952,77.83,t-Global Technology,Thermal Pad Gray 125.00mm x 125.00mm Square,0.51,4.808029393999594,1.0,✅ Standard
TP-0820,TG-A486G-150-150-2.0-1A,Thermal Pad,84.71,6.3,ModuleLED_Micro_8560,0.8252,0.3113,PASS,100.0,0.5139,89.28,t-Global Technology,Thermal Pad Gray 150.00mm x 150.00mm Square Adhesive - One Side,2.01,4.450969504910791,1.0,✅ Standard
TP-0826,A17690-04,Thermal Pad,36.98,5.0,ModuleLED_Micro_8560,0.8252,0.1989,PASS,100.0,0.6262,84.7,Laird Technologies - Thermal Materials,Thermal Pad Pink 228.60mm x 228.60mm Square Tacky - One Side,1.02,3.63705970538414,1.0,✅ Standard
TP-0833,62-02-0909-A579,Thermal Pad,37.77,3.0,ModuleLED_Micro_8560,0.8252,0.1658,PASS,100.0,0.6593,83.37,Parker Chomerics,Thermal Pad Pink 228.60mm x 228.60mm Square Adhesive - One Side,0.51,3.657646751682838,1.0,✅ Standard
TP-0840,A18238-02,Thermal Pad,38.05,10.0,ModuleLED_Micro_8560,0.8252,0.0497,PASS,100.0,0.7755,78.63,Laird Technologies - Thermal Materials,Thermal Pad Gray 229.00mm x 229.00mm Square Tacky - One Side,0.51,3.664842876285695,1.0,✅ Standard
TP-0842,TG-A1250-150-150-1.0,Thermal Pad,88.75,12.5,ModuleLED_Micro_8560,0.8252,0.078,PASS,100.0,0.7471,79.79,t-Global Technology,Thermal Pad Green 150.00mm x 150.00mm Square,1.0,4.497028027368389,1.0,✅ Standard
TP-0843,PL-1-10-76X127-55,Thermal Pad,207.32,10.0,ModuleLED_Micro_8560,0.8252,0.0974,PASS,100.0,0.7278,80.58,Wakefield Thermal,"Thermal Interface Products ulTIMiFlux Gap Pad, Silicone, 1mm Thickness, 10 W/mK, 76.2x127mm, Grey",1.0,5.339075359020204,1.0,✅ Standard
TP-0844,GPVOUS-0.100-01-0816,Thermal Pad,24.38,1.0,ModuleLED_Micro_8560,0.8252,2.4767,FAIL,0.0,-1.6516,177.42,Bergquist,Thermal Pad Pink 406.40mm x 203.20mm Rectangular Tacky - One Side,2.54,3.2339614622862416,2.0,❌ Avoid
TP-0845,5516-10,Thermal Pad,27.39,3.1,ModuleLED_Micro_8560,0.8252,0.3112,PASS,100.0,0.5139,89.3,3M,Thermal Pad Gray 320.00mm x 230.00mm Rectangular Tacky - Both Sides,0.99,3.34603697048488,1.0,✅ Standard
TP-0848,COH-3114LVC-200-10,Thermal Pad,50.91,3.1,ModuleLED_Micro_8560,0.8252,0.3111,PASS,100.0,0.5141,89.28,Taica North America Corporation,Thermal Pad Gray 200.00mm x 200.00mm Square Tacky - Both Sides,0.99,3.9495114498391377,1.0,✅ Standard
TP-0862,GPHC3.0-0.020-02-0816,Thermal Pad,25.23,3.0,ModuleLED_Micro_8560,0.8252,0.1658,PASS,100.0,0.6594,83.36,Bergquist,Thermal Pad Blue 406.40mm x 203.20mm Rectangular Tacky - Both Sides,0.51,3.2669037938787824,0.0,🏆 Best Value
TP-0870,COH-4065LVC-200-20,Thermal Pad,53.13,2.2,ModuleLED_Micro_8560,0.8252,0.891,FAIL,19.79,-0.0658,112.91,Taica North America Corporation,Thermal Pad Reddish Brown 200.00mm x 200.00mm Square Tacky - Both Sides,2.01,3.9913885608088866,1.0,✅ Standard
TP-0871,GP5000S35-0.020-02-0816,Thermal Pad,25.77,5.0,ModuleLED_Micro_8560,0.8252,0.0995,PASS,100.0,0.7257,80.67,Bergquist,Thermal Pad Green 406.40mm x 203.20mm Rectangular Tacky - Both Sides,0.51,3.2872818575322613,0.0,🏆 Best Value
TP-0879,A12618-01,Thermal Pad,41.43,3.0,ModuleLED_Micro_8560,0.8252,0.3315,PASS,100.0,0.4937,90.11,Laird Technologies - Thermal Materials,Thermal Pad Blue-Violet 228.60mm x 228.60mm Square Tacky - Both Sides,1.02,3.7478556592142334,1.0,✅ Standard
TP-0883,TG-A1250-100-100-2.5,Thermal Pad,217.59,12.5,ModuleLED_Micro_8560,0.8252,0.1948,PASS,100.0,0.6304,84.55,t-Global Technology,Thermal Pad Green 100.00mm x 100.00mm Square,2.5,5.387197829041911,1.0,✅ Standard
TP-0888,61-04-0909-G579,Thermal Pad,42.31,3.0,ModuleLED_Micro_8560,0.8252,0.3312,PASS,100.0,0.494,90.1,Parker Chomerics,Thermal Pad Pink 228.60mm x 228.60mm Square,1.02,3.7683835552265355,1.0,✅ Standard
TP-0891,61-04-0909-HCS10G,Thermal Pad,42.35,1.0,ModuleLED_Micro_8560,0.8252,0.9957,FAIL,0.32,-0.1706,117.13,Parker Chomerics,Thermal Pad Orange 228.60mm x 228.60mm Square,1.02,3.769306703226551,1.0,✅ Standard
TP-0893,A14412-01,Thermal Pad,42.55,3.0,ModuleLED_Micro_8560,0.8252,0.3319,PASS,100.0,0.4933,90.1,Laird Technologies - Thermal Materials,Thermal Pad Blue-Violet 228.60mm x 228.60mm Square Tacky - One Side,1.02,3.7739097032985116,1.0,✅ Standard
TP-0897,2191193,Thermal Pad,27.18,1.0,ModuleLED_Micro_8560,0.8252,3.1031,FAIL,0.0,-2.2779,202.97,Bergquist,Thermal Pad Pink 406.40mm x 203.20mm Rectangular Tacky - One Side,3.18,3.3386125064705343,2.0,❌ Avoid
TP-0899,TGP40000SF-0.020-01-0406-NA,Thermal Pad,93881.76,40.0,ModuleLED_Micro_8560,0.8252,0.0124,PASS,100.0,0.8127,77.11,Bergquist Company,"Thermal Interface Products GAP PAD, Sil-Free, 40W/m-K, 4 x 6"" Sheet, Tacky Pad, 0.020"" Thickness, Thermexit",0.51,11.449802048765875,3.0,🏭 Industrial
TP-0900,TG-A6200-310-310-0.5,Thermal Pad,23.46,6.2,ModuleLED_Micro_8560,0.8252,0.0786,PASS,100.0,0.7466,79.81,t-Global Technology,Thermal Pad Blue 310.00mm x 310.00mm Square Tacky - Both Sides,0.5,3.1970391302590264,0.0,🏆 Best Value
TP-0904,PLX-1-3-210X310-30,Thermal Pad,35.0,3.0,ModuleLED_Micro_8560,0.8252,0.325,PASS,100.0,0.5002,89.85,Wakefield Thermal,"Thermal Interface Products ulTIMiFlux Gap Pad, Silicone, 1mm Thickness, 3 W/m-K, 210x310mm, Blue",1.0,3.58351893845611,1.0,✅ Standard
TP-0920,TG-A1660-100-100-1.0,Thermal Pad,240.34,16.6,ModuleLED_Micro_8560,0.8252,0.0587,PASS,100.0,0.7665,79.0,t-Global Technology,Thermal Pad Gray 100.00mm x 100.00mm Square,1.0,5.486206727645455,1.0,✅ Standard
TP-0923,A10080-01,Thermal Pad,58.38,6.0,ModuleLED_Micro_8560,0.8252,0.0828,PASS,100.0,0.7423,79.98,Laird Technologies - Thermal Materials,Thermal Pad Blue 203.20mm x 203.20mm Square,0.51,4.083957469335614,1.0,✅ Standard
TP-0927,PL-1-12-76X127-75,Thermal Pad,255.64,12.0,ModuleLED_Micro_8560,0.8252,0.0812,PASS,100.0,0.7439,79.92,Wakefield Thermal Solutions,Thermal Pad Gray 127.00mm x 76.20mm Rectangular Tacky - One Side,1.0,5.54767432467815,1.0,✅ Standard
TP-0938,62-04-0909-A579,Thermal Pad,48.16,3.0,ModuleLED_Micro_8560,0.8252,0.3314,PASS,100.0,0.4937,90.11,Parker Chomerics,Thermal Pad Pink 228.60mm x 228.60mm Square Adhesive - One Side,1.02,3.895080284697834,1.0,✅ Standard
TP-0939,TG-A4500-310-310-1.0,Thermal Pad,26.2,4.5,ModuleLED_Micro_8560,0.8252,0.2166,PASS,100.0,0.6085,85.44,t-Global Technology,Thermal Pad Purple 310.00mm x 310.00mm Square Tacky - Both Sides,1.0,3.3032169733019514,1.0,✅ Standard
TP-0943,5519 210 MM X 155 MM X 2.0 MM,Thermal Pad,78.16,4.9,ModuleLED_Micro_8560,0.8252,0.3998,PASS,100.0,0.4254,92.93,3M,Thermal Pad Gray 210.00mm x 155.00mm Rectangular Tacky - Both Sides,2.01,4.371471120734365,1.0,✅ Standard
TP-0945,A10538-17,Thermal Pad,48.86,3.0,ModuleLED_Micro_8560,0.8252,0.1655,PASS,100.0,0.6597,83.37,Laird Technologies - Thermal Materials,Thermal Pad White 228.60mm x 228.60mm Square Tacky - Both Sides,0.51,3.9092190780954117,1.0,✅ Standard
TP-0950,TG-A1250-100-100-3.0,Thermal Pad,258.03,12.5,ModuleLED_Micro_8560,0.8252,0.2339,PASS,100.0,0.5913,86.16,t-Global Technology,Thermal Pad Green 100.00mm x 100.00mm Square,3.0,5.556943885107578,1.0,✅ Standard
TP-0968,GPHC5.0-0.020-02-0816,Thermal Pad,32.86,5.0,ModuleLED_Micro_8560,0.8252,0.0994,PASS,100.0,0.7257,80.66,Bergquist,Thermal Pad Gray 406.40mm x 203.20mm Rectangular Tacky - Both Sides,0.51,3.522234376704989,1.0,✅ Standard
TP-0976,A17690-06,Thermal Pad,53.1,5.0,ModuleLED_Micro_8560,0.8252,0.2963,PASS,100.0,0.5289,88.66,Laird Technologies - Thermal Materials,Thermal Pad Pink 228.60mm x 228.60mm Square Tacky - One Side,1.52,3.9908341858524357,1.0,✅ Standard
TP-0985,A12619-01,Thermal Pad,54.66,3.0,ModuleLED_Micro_8560,0.8252,0.4124,PASS,100.0,0.4128,93.4,Laird Technologies - Thermal Materials,Thermal Pad Blue-Violet 228.60mm x 228.60mm Square Tacky - Both Sides,1.27,4.019261756097745,1.0,✅ Standard
TP-0997,TG-A1250-150-150-1.5,Thermal Pad,129.2,12.5,ModuleLED_Micro_8560,0.8252,0.1169,PASS,100.0,0.7082,81.36,t-Global Technology,Thermal Pad Green 150.00mm x 150.00mm Square,1.5,4.869071729774468,1.0,✅ Standard
TP-1001,5549S 210 MM X 155MM X 1.5MM,Thermal Pad,89.69,3.5,ModuleLED_Micro_8560,0.8252,0.418,PASS,100.0,0.4071,93.62,3M,Thermal Pad Gray 210.00mm x 155.00mm Rectangular Tacky - One Side,1.5,4.507447097459476,1.0,✅ Standard
TP-1003,A16104-10,Thermal Pad,55.94,3.0,ModuleLED_Micro_8560,0.8252,0.8266,FAIL,51.2,-0.0014,110.29,Laird Technologies - Thermal Materials,Thermal Pad Gray 228.60mm x 228.60mm Square Tacky - Both Sides,2.54,4.041998081849892,1.0,✅ Standard
TP-1008,A17653-07,Thermal Pad,56.36,5.0,ModuleLED_Micro_8560,0.8252,0.3474,PASS,100.0,0.4778,90.75,Laird Technologies - Thermal Materials,Thermal Pad Pink 228.60mm x 228.60mm Square Tacky - Both Sides,1.78,4.0493471962913645,1.0,✅ Standard
TP-1014,PLX-1-12-76X127-58,Thermal Pad,310.93,12.0,ModuleLED_Micro_8560,0.8252,0.0813,PASS,100.0,0.7438,79.92,Wakefield Thermal,"Thermal Interface Products ulTIMiFlux Gap Pad, Silicone, 1mm Thickness, 12 W/mK, 76x127mm, Grey",1.0,5.742778803662883,1.0,✅ Standard
TP-1016,PLF-1-8-76X127-70,Thermal Pad,311.81,8.0,ModuleLED_Micro_8560,0.8252,0.1219,PASS,100.0,0.7033,81.57,Wakefield Thermal,"Thermal Interface Products ulTIMiFlux Gap Pad, Silicone-Free, 1mm Thickness, 8 W/mK, 76.2x127mm, Grey",1.0,5.745595977469612,1.0,✅ Standard
TP-1022,TGP7000ULM-0.040-02-0808,Thermal Pad,74.44,7.0,ModuleLED_Micro_8560,0.8252,0.1421,PASS,100.0,0.6831,82.39,Bergquist Company,"Thermal Interface Products GAP PAD, 7W/m-K, 8"" x 8"" Sheet, 0.040"" Thickness, TGP7000ULM, IDH 2261480",1.02,4.323337638325202,1.0,✅ Standard
TP-1026,TG-A1780-125-125-0.5,Thermal Pad,198.9,18.0,ModuleLED_Micro_8560,0.8252,0.0271,PASS,100.0,0.7981,77.71,t-Global Technology,Thermal Pad Gray 125.00mm x 125.00mm Square,0.5,5.297817241506355,1.0,✅ Standard
TP-1028,TG-A1250-250-250-0.5,Thermal Pad,49.93,12.5,ModuleLED_Micro_8560,0.8252,0.039,PASS,100.0,0.7862,78.2,t-Global Technology,Thermal Pad Green 250.00mm x 250.00mm Square,0.5,3.9304521408965134,1.0,✅ Standard
TP-1030,A12620-34,Thermal Pad,59.93,3.0,ModuleLED_Micro_8560,0.8252,0.4943,PASS,100.0,0.3308,96.69,Laird Technologies - Thermal Materials,Thermal Pad Blue-Violet 228.60mm x 228.60mm Square Tacky - One Side,1.52,4.109725664260403,1.0,✅ Standard
TP-1040,A17883-04,Thermal Pad,61.12,6.0,ModuleLED_Micro_8560,0.8252,0.166,PASS,100.0,0.6591,83.36,Laird Technologies - Thermal Materials,Thermal Pad Teal 228.60mm x 228.60mm Square,1.02,4.129067998280486,1.0,✅ Standard
TP-1057,TGP7000ULM-0.020-02-0808,Thermal Pad,81.03,7.0,ModuleLED_Micro_8560,0.8252,0.071,PASS,100.0,0.7542,79.5,Bergquist Company,"Thermal Interface Products GAP PAD, 7W/m-K, 8"" x 8"" Sheet, 0.020"" Thickness, TGP7000ULM, IDH 2563017",0.51,4.407085034014658,1.0,✅ Standard
TP-1060,TG-A1450-100-100-2.0,Thermal Pad,335.9,14.5,ModuleLED_Micro_8560,0.8252,0.1354,PASS,100.0,0.6898,82.1,t-Global Technology,Thermal Pad Red 100.00mm x 100.00mm Square,2.01,5.819786150412507,1.0,✅ Standard
TP-1080,GPHC5.0-0.060-02-0816,Thermal Pad,42.47,5.0,ModuleLED_Micro_8560,0.8252,0.2962,PASS,100.0,0.529,88.67,Bergquist,Thermal Pad Gray 406.40mm x 203.20mm Rectangular Tacky - Both Sides,1.52,3.772071045000701,1.0,✅ Standard
TP-1087,TG-A6200-310-310-1.0,Thermal Pad,36.84,6.2,ModuleLED_Micro_8560,0.8252,0.1573,PASS,100.0,0.6679,83.01,t-Global Technology,Thermal Pad Blue 310.00mm x 310.00mm Square Tacky - Both Sides,1.0,3.6333667441836774,1.0,✅ Standard
TP-1092,A18213-04,Thermal Pad,68.55,10.0,ModuleLED_Micro_8560,0.8252,0.0975,PASS,100.0,0.7277,80.59,Laird Technologies - Thermal Materials,Thermal Pad Gray 229.00mm x 229.00mm Square,1.0,4.242045918369452,1.0,✅ Standard
TP-1099,A18171-05,Thermal Pad,17.39,7.5,ModuleLED_Micro_8560,0.8252,0.0156,PASS,100.0,0.8096,77.24,Laird Technologies - Thermal Materials,Thermal Pad Gray 457.20mm x 457.20mm Square Tacky - Both Sides,0.12,2.91180703861623,0.0,🏆 Best Value
TP-1108,61-06-0909-G579,Thermal Pad,70.94,3.0,ModuleLED_Micro_8560,0.8252,0.4943,PASS,100.0,0.3309,96.74,Parker Chomerics,Thermal Pad Pink 228.60mm x 228.60mm Square,1.52,4.275832438267478,1.0,✅ Standard
TP-1120,A18171-08,Thermal Pad,17.99,7.5,ModuleLED_Micro_8560,0.8252,0.026,PASS,100.0,0.7992,77.67,Laird Technologies - Thermal Materials,Thermal Pad Gray 457.20mm x 457.20mm Square Tacky - Both Sides,0.2,2.9439125248241944,0.0,🏆 Best Value
TP-1127,TG-A1250-150-150-2.0,Thermal Pad,168.82,12.5,ModuleLED_Micro_8560,0.8252,0.1568,PASS,100.0,0.6684,82.99,t-Global Technology,Thermal Pad Green 150.00mm x 150.00mm Square,2.01,5.134739052571217,1.0,✅ Standard
TP-1130,PLX-1-5-210X310-40,Thermal Pad,58.8,5.0,ModuleLED_Micro_8560,0.8252,0.1951,PASS,100.0,0.6301,84.55,Wakefield Thermal,"Thermal Interface Products ulTIMiFlux Gap Pad, Silicone, 1mm Thickness, 5 W/m-K, 210x310mm, Grey",1.0,4.091005660956586,1.0,✅ Standard
TP-1137,61-06-1015-PAD60,Thermal Pad,40.12,6.0,ModuleLED_Micro_8560,0.8252,0.2472,PASS,100.0,0.578,86.65,Parker Chomerics,Thermal Pad Green 381.00mm x 254.00mm Rectangular,1.52,3.7164946211469094,1.0,✅ Standard
TP-1143,COH-4000LVC-400-05,Thermal Pad,24.51,2.3,ModuleLED_Micro_8560,0.8252,0.2158,PASS,100.0,0.6093,85.39,Taica North America Corporation,Thermal Pad Gray 400.00mm x 400.00mm Square Tacky - Both Sides,0.51,3.23907053215372,1.0,✅ Standard
TP-1147,A17883-06,Thermal Pad,75.74,6.0,ModuleLED_Micro_8560,0.8252,0.2468,PASS,100.0,0.5784,86.68,Laird Technologies - Thermal Materials,Thermal Pad Teal 228.60mm x 228.60mm Square,1.52,4.340423084818807,1.0,✅ Standard
TP-1162,62-06-0909-A579,Thermal Pad,77.26,3.0,ModuleLED_Micro_8560,0.8252,0.4944,PASS,100.0,0.3308,96.74,Parker Chomerics,Thermal Pad Pink 228.60mm x 228.60mm Square Adhesive - One Side,1.52,4.360036616782266,1.0,✅ Standard
TP-1165,A11809-02,Thermal Pad,19.41,0.7,ModuleLED_Micro_8560,0.8252,0.1811,PASS,100.0,0.644,83.99,Laird Technologies - Thermal Materials,Thermal Pad Yellow 457.20mm x 457.20mm Square Tacky - Both Sides,0.13,3.0160249768217535,0.0,🏆 Best Value
TP-1168,A18171-10,Thermal Pad,19.59,7.5,ModuleLED_Micro_8560,0.8252,0.0325,PASS,100.0,0.7926,77.93,Laird Technologies - Thermal Materials,Thermal Pad Gray 457.20mm x 457.20mm Square Tacky - Both Sides,0.25,3.0248055210396982,0.0,🏆 Best Value
TP-1180,A10233-30,Thermal Pad,81.29,3.0,ModuleLED_Micro_8560,0.8252,0.3313,PASS,100.0,0.4938,90.08,Laird Technologies - Thermal Materials,Thermal Pad White 228.60mm x 228.60mm Square Tacky - Both Sides,1.02,4.410249593617622,1.0,✅ Standard
TP-1206,A17156-06,Thermal Pad,21.01,2.7,ModuleLED_Micro_8560,0.8252,0.5483,PASS,100.0,0.2769,98.95,Laird Technologies - Thermal Materials,Thermal Pad Pink 457.20mm x 457.20mm Square Tacky - Both Sides,1.52,3.0914968955383704,1.0,✅ Standard
TP-1212,61-08-0909-G579,Thermal Pad,85.5,3.0,ModuleLED_Micro_8560,0.8252,0.6593,PASS,100.0,0.1659,103.5,Parker Chomerics,Thermal Pad Pink 228.60mm x 228.60mm Square,2.03,4.460144413937834,1.0,✅ Standard
TP-1215,TGP6000ULM-0.040-12-0816,Thermal Pad,54.22,6.0,ModuleLED_Micro_8560,0.8252,0.1656,PASS,100.0,0.6596,83.37,Bergquist Company,"Thermal Interface Products GAP PAD, 6W/m-K, 8"" x 16"" Sheet, 0.040"" Thickness, TGP6000ULM, IDH 2195666",1.02,4.011325206502009,1.0,✅ Standard
TP-1217,A18171-16,Thermal Pad,21.48,7.5,ModuleLED_Micro_8560,0.8252,0.052,PASS,100.0,0.7732,78.73,Laird Technologies - Thermal Materials,Thermal Pad Gray 457.20mm x 457.20mm Square Tacky - Both Sides,0.4,3.1126260250254902,0.0,🏆 Best Value
TP-1237,61-04-1015-PAD80G,Thermal Pad,48.56,8.3,ModuleLED_Micro_8560,0.8252,0.1198,PASS,100.0,0.7053,81.49,Parker Chomerics,Thermal Pad Dark Gray 381.00mm x 254.00mm Rectangular,1.02,3.9031840567609417,1.0,✅ Standard
TP-1244,61-08-1015-PAD60,Thermal Pad,49.62,6.0,ModuleLED_Micro_8560,0.8252,0.33,PASS,100.0,0.4952,90.04,Parker Chomerics,Thermal Pad Green 381.00mm x 254.00mm Rectangular,2.03,3.9243467551169777,1.0,✅ Standard
TP-1248,A12624-01,Thermal Pad,92.08,3.0,ModuleLED_Micro_8560,0.8252,0.8257,FAIL,51.33,-0.0005,110.19,Laird Technologies - Thermal Materials,Thermal Pad Blue-Violet 228.60mm x 228.60mm Square Tacky - Both Sides,2.54,4.533459338434091,1.0,✅ Standard
TP-1249,A18213-06,Thermal Pad,91.8,10.0,ModuleLED_Micro_8560,0.8252,0.1462,PASS,100.0,0.679,82.56,Laird Technologies - Thermal Materials,Thermal Pad Gray 229.00mm x 229.00mm Square,1.5,4.530446639792155,1.0,✅ Standard
TP-1269,A12616-08,Thermal Pad,23.67,3.0,ModuleLED_Micro_8560,0.8252,0.1656,PASS,100.0,0.6596,83.36,Laird Technologies - Thermal Materials,Thermal Pad Blue-Violet 457.20mm x 457.20mm Square Tacky - Both Sides,0.51,3.2055879305412653,0.0,🏆 Best Value
TP-1274,A10832-09,Thermal Pad,23.79,2.2,ModuleLED_Micro_8560,0.8252,0.1108,PASS,100.0,0.7144,81.12,Laird Technologies - Thermal Materials,Thermal Pad Yellow 457.20mm x 457.20mm Square Tacky - Both Sides,0.25,3.210440346047099,0.0,🏆 Best Value
TP-1286,A15896-05,Thermal Pad,96.88,5.0,ModuleLED_Micro_8560,0.8252,0.2476,PASS,100.0,0.5776,86.69,Laird Technologies - Thermal Materials,Thermal Pad Gray 228.60mm x 228.60mm Square Tacky - Both Sides,1.27,4.583742238574471,1.0,✅ Standard
TP-1290,A15726-00,Thermal Pad,24.32,3.8,ModuleLED_Micro_8560,0.8252,0.0641,PASS,100.0,0.761,79.22,Laird Technologies - Thermal Materials,Thermal Pad Gray 457.20mm x 457.20mm Square Tacky - Both Sides,0.25,3.2315945972759756,0.0,🏆 Best Value
TP-1294,TG-A1450-250-250-0.5,Thermal Pad,82.36,14.5,ModuleLED_Micro_8560,0.8252,0.0336,PASS,100.0,0.7916,77.98,t-Global Technology,Thermal Pad Red 250.00mm x 250.00mm Square,0.5,4.423168578005057,1.0,✅ Standard
TP-1296,TGP7000ULM-0.060-02-0808,Thermal Pad,125.02,7.0,ModuleLED_Micro_8560,0.8252,0.2117,PASS,100.0,0.6134,85.25,Bergquist Company,"Thermal Interface Products GAP PAD, 7W/m-K, 8"" x 8"" Sheet, 0.060"" Thickness, TGP7000ULM, IDH 2474875",1.52,4.8364406245139095,1.0,✅ Standard
TP-1297,A17752-04,Thermal Pad,98.92,7.5,ModuleLED_Micro_8560,0.8252,0.1325,PASS,100.0,0.6926,82.0,Laird Technologies - Thermal Materials,Thermal Pad Gray 228.60mm x 228.60mm Square Tacky - Both Sides,1.02,4.604369865817322,1.0,✅ Standard
TP-1301,61-10-0808-T500,Thermal Pad,126.07,2.1,ModuleLED_Micro_8560,0.8252,0.1162,PASS,100.0,0.709,81.34,Parker Chomerics,Thermal Pad Green 203.20mm x 203.20mm Square,0.25,4.844738115716443,1.0,✅ Standard
TP-1302,61-06-1015-PAD80G,Thermal Pad,53.86,8.3,ModuleLED_Micro_8560,0.8252,0.1783,PASS,100.0,0.6468,83.86,Parker Chomerics,Thermal Pad Dark Gray 381.00mm x 254.00mm Rectangular,1.52,4.004784485509457,1.0,✅ Standard
TP-1312,62-10-0909-A579,Thermal Pad,101.5,3.0,ModuleLED_Micro_8560,0.8252,0.8252,FAIL,51.77,-0.0001,110.27,Parker Chomerics,Thermal Pad Pink 228.60mm x 228.60mm Square Adhesive - One Side,2.54,4.629862798578463,1.0,✅ Standard
TP-1314,SPA2000-0.015-00-1012-NA,Thermal Pad,68.87,3.0,ModuleLED_Micro_8560,0.8252,0.1235,PASS,100.0,0.7016,81.64,Bergquist,Thermal Pad White 304.80mm x 254.00mm Rectangular,0.38,4.246636372564359,1.0,✅ Standard
TP-1316,A18444-04,Thermal Pad,102.3,7.5,ModuleLED_Micro_8560,0.8252,0.1325,PASS,100.0,0.6927,82.0,Laird Technologies - Thermal Materials,Thermal Pad Gray 228.60mm x 228.60mm Square,1.02,4.637637376125593,1.0,✅ Standard
TP-1318,GPHC3.0-0.125-02-0816,Thermal Pad,64.91,3.0,ModuleLED_Micro_8560,0.8252,1.0329,FAIL,0.0,-0.2078,118.62,Bergquist,Thermal Pad Blue 406.40mm x 203.20mm Rectangular Tacky - Both Sides,3.18,4.188290175064629,1.0,✅ Standard
TP-1331,62-03-1015-PAD80A,Thermal Pad,57.11,8.3,ModuleLED_Micro_8560,0.8252,0.0892,PASS,100.0,0.736,80.25,Parker Chomerics,Thermal Pad Dark Gray 381.00mm x 254.00mm Rectangular Adhesive - One Side,0.76,4.062337766087015,1.0,✅ Standard
TP-1332,GPTGP7000ULM-0.100-02-0808,Thermal Pad,133.96,7.0,ModuleLED_Micro_8560,0.8252,0.3535,PASS,100.0,0.4716,91.04,Bergquist,Thermal Pad Gray 203.20mm x 203.20mm Square Tacky - Both Sides,2.54,4.904978438237713,1.0,✅ Standard
TP-1337,61-10-0909-G579,Thermal Pad,106.46,3.0,ModuleLED_Micro_8560,0.8252,0.8254,FAIL,51.54,-0.0002,110.2,Parker Chomerics,Thermal Pad Pink 228.60mm x 228.60mm Square,2.54,4.677118685300675,1.0,✅ Standard
TP-1339,62-04-1015-PAD80A,Thermal Pad,57.89,8.3,ModuleLED_Micro_8560,0.8252,0.1198,PASS,100.0,0.7053,81.48,Parker Chomerics,Thermal Pad Dark Gray 381.00mm x 254.00mm Rectangular Adhesive - One Side,1.02,4.07567129695648,1.0,✅ Standard
TP-1347,TGP 40000SF-0.040-00-0606,Thermal Pad,158978.32,40.0,ModuleLED_Micro_8560,0.8252,0.0249,PASS,100.0,0.8003,77.62,Bergquist Company,"Thermal Interface Products GAP PAD, Sil-Free, 40W/m-K, 6x6"" Sheet, 0.040"" Thickness, Thermexit, IDH 2972782",1.02,11.976529409850375,3.0,🏭 Industrial
TP-1360,A10235-31,Thermal Pad,111.51,3.0,ModuleLED_Micro_8560,0.8252,0.4944,PASS,100.0,0.3308,96.77,Laird Technologies - Thermal Materials,Thermal Pad White 228.60mm x 228.60mm Square Tacky - Both Sides,1.52,4.72304210658298,1.0,✅ Standard
TP-1365,TGP12000ULM-0.040-00-0808,Thermal Pad,142.53,12.0,ModuleLED_Micro_8560,0.8252,0.083,PASS,100.0,0.7422,79.98,Bergquist Company,"Thermal Interface Products GAP PAD, 12W/m-K, Ultra-Low Modulus, 8""x8"" Sheet, 0.040"" Thickness, TGP12000ULM",1.02,4.966544072583289,1.0,✅ Standard
TP-1370,A18500-01,Thermal Pad,31.82,5.0,ModuleLED_Micro_8560,0.8252,0.0487,PASS,100.0,0.7765,78.59,Laird Technologies - Thermal Materials,Thermal Pad White 431.80mm x 431.80mm Rectangular,0.25,3.4910380856619447,0.0,🏆 Best Value
TP-1381,A18213-08,Thermal Pad,114.73,10.2,ModuleLED_Micro_8560,0.8252,0.1922,PASS,100.0,0.633,84.44,Laird Technologies - Thermal Materials,Thermal Pad Gray 229.00mm x 229.00mm Square,2.01,4.751259891859986,1.0,✅ Standard
TP-1383,GP3000S30-0.125-02-0816,Thermal Pad,73.13,3.0,ModuleLED_Micro_8560,0.8252,1.0331,FAIL,0.0,-0.208,118.66,Bergquist,Thermal Pad Blue 406.40mm x 203.20mm Rectangular Tacky - Both Sides,3.18,4.305820308668628,1.0,✅ Standard
TP-1384,A17752-05,Thermal Pad,115.75,7.5,ModuleLED_Micro_8560,0.8252,0.1623,PASS,100.0,0.6628,83.23,Laird Technologies - Thermal Materials,Thermal Pad Gray 228.60mm x 228.60mm Square Tacky - Both Sides,1.25,4.760034896549007,1.0,✅ Standard
TP-1386,GPHC5.0-0.100-02-0816,Thermal Pad,73.31,5.0,ModuleLED_Micro_8560,0.8252,0.4949,PASS,100.0,0.3303,96.83,Bergquist,Thermal Pad Gray 406.40mm x 203.20mm Rectangular Tacky - Both Sides,2.54,4.308245532169378,1.0,✅ Standard
TP-1401,TGP6000ULM-0.060-12-0816,Thermal Pad,75.23,6.0,ModuleLED_Micro_8560,0.8252,0.247,PASS,100.0,0.5782,86.68,Bergquist Company,"Thermal Interface Products GAP PAD, 6W/m-K, 8"" x 16"" Sheet, 0.060"" Thickness, TGP6000ULM, IDH 2195667",1.52,4.333755086000182,1.0,✅ Standard
TP-1404,TGP7000ULM-0.080-02-0808,Thermal Pad,152.13,7.0,ModuleLED_Micro_8560,0.8252,0.2828,PASS,100.0,0.5423,88.1,Bergquist Company,"Thermal Interface Products GAP PAD, 7W/m-K, 8"" x 8"" Sheet, 0.080"" Thickness, TGP7000ULM, IDH 2474885",2.03,5.031287233827117,1.0,✅ Standard
TP-1407,TGP40000SF-0.040-01-0606-NA,Thermal Pad,174885.44,40.0,ModuleLED_Micro_8560,0.8252,0.0248,PASS,100.0,0.8003,77.62,Bergquist Company,"Thermal Interface Products GAP PAD, Sil-Free, 40W/m-K, 6 x 6"" Sheet, Tacky Pad, 0.040"" Thickness, Thermexit",1.02,12.071892127983933,3.0,🏭 Industrial
TP-1420,A17536-04,Thermal Pad,31.26,5.0,ModuleLED_Micro_8560,0.8252,0.199,PASS,100.0,0.6262,84.69,Laird Technologies - Thermal Materials,Thermal Pad Pink 457.20mm x 457.20mm Square Tacky - Both Sides,1.02,3.4738280726970627,1.0,✅ Standard
TP-1423,A17690-13,Thermal Pad,125.05,5.0,ModuleLED_Micro_8560,0.8252,0.6443,PASS,100.0,0.1809,102.77,Laird Technologies - Thermal Materials,Thermal Pad Pink 228.60mm x 228.60mm Square Tacky - One Side,3.3,4.836678653633929,1.0,✅ Standard
TP-1436,TG-A1780-150-150-0.8,Thermal Pad,297.55,17.8,ModuleLED_Micro_8560,0.8252,0.0433,PASS,100.0,0.7818,78.38,t-Global Technology,Thermal Pad Gray 150.00mm x 150.00mm Square,0.79,5.698937422993001,1.0,✅ Standard
TP-1442,61-15-0808-1671,Thermal Pad,163.25,2.6,ModuleLED_Micro_8560,0.8252,0.1424,PASS,100.0,0.6827,82.42,Parker Chomerics,Thermal Pad White 203.20mm x 203.20mm Square,0.38,5.10138965736472,1.0,✅ Standard
TP-1449,A12617-25,Thermal Pad,32.91,3.0,ModuleLED_Micro_8560,0.8252,0.247,PASS,100.0,0.5782,86.67,Laird Technologies - Thermal Materials,Thermal Pad Blue-Violet 457.20mm x 457.20mm Square Tacky - Both Sides,0.76,3.523709956137547,1.0,✅ Standard
TP-1451,SuperThermal-B132-10-02-1500-1500,Thermal Pad,306.64,13.2,ModuleLED_Micro_8560,0.8252,0.0738,PASS,100.0,0.7513,79.62,Aavid,"Thermal Interface Products SuperThermal Pad, 13.2 W/mK Conductivity, 1mm Thick, 2-Side Adhesive, 150x150mm",1.0,5.728930268188853,1.0,✅ Standard
TP-1452,A17752-06,Thermal Pad,132.45,7.5,ModuleLED_Micro_8560,0.8252,0.1949,PASS,100.0,0.6303,84.55,Laird Technologies - Thermal Materials,Thermal Pad Gray 228.60mm x 228.60mm Square Tacky - Both Sides,1.5,4.8937268758505335,1.0,✅ Standard
TP-1453,62-15-0808-1671,Thermal Pad,168.39,2.6,ModuleLED_Micro_8560,0.8252,0.1422,PASS,100.0,0.683,82.39,Parker Chomerics,Thermal Pad White 203.20mm x 203.20mm Square,0.38,5.1322037485982905,1.0,✅ Standard
TP-1460,TG-A1660-250-250-0.5,Thermal Pad,112.34,16.6,ModuleLED_Micro_8560,0.8252,0.0293,PASS,100.0,0.7958,77.8,t-Global Technology,Thermal Pad Gray 250.00mm x 250.00mm Square,0.5,4.730392150741473,1.0,✅ Standard
TP-1461,TGP 40000SF-0.060-00-0606,Thermal Pad,195875.18,40.0,ModuleLED_Micro_8560,0.8252,0.0371,PASS,100.0,0.7881,78.12,Bergquist Company,"Thermal Interface Products GAP PAD, Sil-Free, 40W/m-K, 6x6"" Sheet, 0.060"" Thickness, Thermexit, IDH 2972780",1.52,12.185238003890335,3.0,🏭 Industrial
TP-1476,TGP12000ULM-0.060-00-0808,Thermal Pad,175.62,12.0,ModuleLED_Micro_8560,0.8252,0.1234,PASS,100.0,0.7017,81.65,Bergquist Company,"Thermal Interface Products GAP PAD, 12W/m-K, Ultra-Low Modulus, 8""x8"" Sheet, 0.060"" Thickness, TGP12000ULM",1.52,5.174000532040656,1.0,✅ Standard
TP-1491,A10237-21,Thermal Pad,142.96,3.0,ModuleLED_Micro_8560,0.8252,0.6598,PASS,100.0,0.1653,103.48,Laird Technologies - Thermal Materials,Thermal Pad White 228.60mm x 228.60mm Square Tacky - Both Sides,2.03,4.96953548321083,1.0,✅ Standard
TP-1493,61-08-1015-PAD80G,Thermal Pad,78.1,8.3,ModuleLED_Micro_8560,0.8252,0.2383,PASS,100.0,0.5869,86.33,Parker Chomerics,Thermal Pad Dark Gray 381.00mm x 254.00mm Rectangular,2.03,4.370712874773608,1.0,✅ Standard
TP-1499,2722287,Thermal Pad,186.02,12.0,ModuleLED_Micro_8560,0.8252,0.0829,PASS,100.0,0.7422,79.99,Bergquist Company,"Thermal Interface Products GAP PAD, 12 W/m-K, Ultra-Low Modulus, 8"" x 8"" Sheet, 0.040"" Thickness",1.02,5.231215563007301,1.0,✅ Standard
TP-1503,TGP40000SF-0.060-01-0606-NA,Thermal Pad,215470.9,40.0,ModuleLED_Micro_8560,0.8252,0.0371,PASS,100.0,0.7881,78.12,Bergquist Company,"Thermal Interface Products GAP PAD, Sil-Free, 40W/m-K, 6 x 6"" Sheet, Tacky Pad, 0.060"" Thickness, Thermexit",1.52,12.280585785592292,3.0,🏭 Industrial
TP-1509,GP7000ULM-0.100-02-0808,Thermal Pad,190.29,7.0,ModuleLED_Micro_8560,0.8252,0.3535,PASS,100.0,0.4717,91.03,Bergquist Company,"Thermal Interface Products GAP PAD, Silicone Thermal Interface, 7 W/m-K Thermal Conductivity, Ultra-Low Modulus, 8"" x 8"" Sheet, 0.100"" Thickness, GAP PAD TGP 7000ULM Series, IDH 2474876",2.54,5.253790601164562,1.0,✅ Standard
TP-1517,A10833-06,Thermal Pad,38.32,2.2,ModuleLED_Micro_8560,0.8252,0.2259,PASS,100.0,0.5993,85.82,Laird Technologies - Thermal Materials,Thermal Pad Yellow 457.20mm x 457.20mm Square Tacky - Both Sides,0.51,3.671733295278966,1.0,✅ Standard
TP-1526,SP2000-0.020-00-1212,Thermal Pad,87.36,3.5,ModuleLED_Micro_8560,0.8252,0.142,PASS,100.0,0.6832,82.39,Bergquist,Thermal Pad White 304.80mm x 304.80mm Square,0.51,4.481419378551917,1.0,✅ Standard
TP-1533,TG-A1250-310-310-1.0,Thermal Pad,85.56,12.5,ModuleLED_Micro_8560,0.8252,0.0779,PASS,100.0,0.7473,79.79,t-Global Technology,Thermal Pad Green 310.00mm x 310.00mm Square,1.0,4.460837815098172,1.0,✅ Standard
TP-1534,TG-A1780-150-150-1.0,Thermal Pad,366.04,17.8,ModuleLED_Micro_8560,0.8252,0.0547,PASS,100.0,0.7704,78.83,t-Global Technology,Thermal Pad Gray 150.00mm x 150.00mm Square,1.0,5.905470833941006,1.0,✅ Standard
TP-1537,TGP10000ULM-0.040-02-0808,Thermal Pad,200.96,10.0,ModuleLED_Micro_8560,0.8252,0.0994,PASS,100.0,0.7258,80.66,Bergquist Company,"Thermal Interface Products GAP PAD, 10W/m-K, 8"" x 8"" Sheet, 0.040"" Thickness, TGP10000ULM, IDH 2591008",1.02,5.308069657990715,1.0,✅ Standard
TP-1546,TGP 40000SF-0.080-00-0606,Thermal Pad,232994.75,40.0,ModuleLED_Micro_8560,0.8252,0.0494,PASS,100.0,0.7757,78.62,Bergquist Company,"Thermal Interface Products GAP PAD, Sil-Free, 40W/m-K, 6x6"" Sheet, 0.080"" Thickness, Thermexit, IDH 2972781",2.03,12.358775492038133,3.0,🏭 Industrial
TP-1559,A17752-08,Thermal Pad,165.49,7.5,ModuleLED_Micro_8560,0.8252,0.2612,PASS,100.0,0.564,87.28,Laird Technologies - Thermal Materials,Thermal Pad Gray 228.60mm x 228.60mm Square Tacky - Both Sides,2.01,5.114935247556761,1.0,✅ Standard
TP-1568,TGP12000ULM-0.080-00-0808,Thermal Pad,213.63,12.0,ModuleLED_Micro_8560,0.8252,0.165,PASS,100.0,0.6601,83.33,Bergquist Company,"Thermal Interface Products GAP PAD, 12W/m-K, Ultra-Low Modulus, 8""x8"" Sheet, 0.080"" Thickness, TGP12000ULM",2.03,5.368915615393574,1.0,✅ Standard
TP-1582,TGP40000SF-0.080-01-0606-NA,Thermal Pad,253603.4,40.0,ModuleLED_Micro_8560,0.8252,0.0495,PASS,100.0,0.7757,78.62,Bergquist Company,"Thermal Interface Products GAP PAD, Sil-Free, 40W/m-K, 6 x 6"" Sheet, Tacky Pad, 0.080"" Thickness, Thermexit",2.03,12.443530851552424,3.0,🏭 Industrial
TP-1587,62-08-1015-PAD80A,Thermal Pad,94.84,8.3,ModuleLED_Micro_8560,0.8252,0.2388,PASS,100.0,0.5863,86.31,Parker Chomerics,Thermal Pad Dark Gray 381.00mm x 254.00mm Rectangular Adhesive - One Side,2.03,4.562680134367139,1.0,✅ Standard
TP-1603,A18213-10,Thermal Pad,179.49,10.0,ModuleLED_Micro_8560,0.8252,0.2442,PASS,100.0,0.5809,86.53,Laird Technologies - Thermal Materials,Thermal Pad Gray 229.00mm x 229.00mm Square,2.5,5.195675374576157,1.0,✅ Standard
TP-1605,2722288,Thermal Pad,228.07,12.0,ModuleLED_Micro_8560,0.8252,0.1235,PASS,100.0,0.7017,81.64,Bergquist Company,"Thermal Interface Products GAP PAD, 12 W/m-K, Ultra-Low Modulus, 8"" x 8"" Sheet, 0.060"" Thickness",1.52,5.434027633700484,1.0,✅ Standard
TP-1614,TGP7000ULM-0.125-02-0808,Thermal Pad,233.28,7.0,ModuleLED_Micro_8560,0.8252,0.4428,PASS,100.0,0.3823,94.66,Bergquist Company,"Thermal Interface Products GAP PAD, 7W/m-K, 8"" x 8"" Sheet, 0.125"" Thickness, TGP7000ULM, IDH 2474886",3.18,5.456516981221582,1.0,✅ Standard
TP-1637,GP3004SF-0.040-01-0918,Thermal Pad,98.35,3.0,ModuleLED_Micro_8560,0.8252,0.3314,PASS,100.0,0.4938,90.12,Bergquist,Thermal Pad Gray 457.20mm x 228.60mm Rectangular Tacky - One Side,1.02,4.598648968997826,1.0,✅ Standard
TP-1643,TGP 40000SF-0.100-00-0606,Thermal Pad,287601.3,40.0,ModuleLED_Micro_8560,0.8252,0.0619,PASS,100.0,0.7632,79.12,Bergquist Company,"Thermal Interface Products GAP PAD, Sil-Free, 40W/m-K, 6x6"" Sheet, 0.100"" Thickness, Thermexit, IDH 2964639",2.54,12.56933390201541,3.0,🏭 Industrial
TP-1656,A14428-01,Thermal Pad,201.4,3.0,ModuleLED_Micro_8560,0.8252,1.6512,FAIL,0.0,-0.826,143.93,Laird Technologies - Thermal Materials,Thermal Pad Blue-Violet 228.60mm x 228.60mm Square Tacky - One Side,5.08,5.310245937413311,2.0,❌ Avoid
TP-1661,TGP6000ULM-0.080-12-0816,Thermal Pad,128.08,6.0,ModuleLED_Micro_8560,0.8252,0.3298,PASS,100.0,0.4954,90.04,Bergquist Company,"Thermal Interface Products GAP PAD, 6W/m-K, 8"" x 16"" Sheet, 0.080"" Thickness, TGP6000ULM, IDH 2195669",2.03,4.860432367183761,1.0,✅ Standard
TP-1663,TGP10000ULM-0.060-02-0808,Thermal Pad,257.41,10.0,ModuleLED_Micro_8560,0.8252,0.1482,PASS,100.0,0.677,82.66,Bergquist Company,"Thermal Interface Products GAP PAD, 10W/m-K, 8"" x 8"" Sheet, 0.060"" Thickness, TGP10000ULM, IDH 2591009",1.52,5.554547470850036,1.0,✅ Standard
TP-1686,TGP40000SF-0.100-01-0606-NA,Thermal Pad,316349.34,40.0,ModuleLED_Micro_8560,0.8252,0.0651,PASS,100.0,0.7601,79.26,Bergquist Company,"Thermal Interface Products GAP PAD, Sil-Free, 40W/m-K, 6 x 6"" Sheet, Tacky Pad, 0.105"" Thickness, Thermexit",2.67,12.664605549333423,3.0,🏭 Industrial
TP-1690,2722289,Thermal Pad,278.43,12.0,ModuleLED_Micro_8560,0.8252,0.1649,PASS,100.0,0.6603,83.33,Bergquist Company,"Thermal Interface Products GAP PAD, 12 W/m-K, Ultra-Low Modulus, 8"" x 8"" Sheet, 0.080"" Thickness",2.03,5.632751814000819,1.0,✅ Standard
TP-1691,TG-A1780-250-250-0.5,Thermal Pad,183.97,18.0,ModuleLED_Micro_8560,0.8252,0.027,PASS,100.0,0.7981,77.71,t-Global Technology,Thermal Pad Gray 250.00mm x 250.00mm Square,0.5,5.220193649766458,1.0,✅ Standard
TP-1702,TG-A1780-150-150-1.5,Thermal Pad,533.9,17.8,ModuleLED_Micro_8560,0.8252,0.0822,PASS,100.0,0.743,79.96,t-Global Technology,Thermal Pad Gray 150.00mm x 150.00mm Square,1.5,6.282079813537204,1.0,✅ Standard
TP-1708,2214846,Thermal Pad,147.17,6.0,ModuleLED_Micro_8560,0.8252,0.517,PASS,100.0,0.3082,97.61,Bergquist,Thermal Pad Gray 406.40mm x 203.20mm Rectangular Tacky - Both Sides,3.18,4.998360263220643,1.0,✅ Standard
TP-1717,TGP 40000SF-0.125-00-0606,Thermal Pad,344818.63,40.0,ModuleLED_Micro_8560,0.8252,0.0775,PASS,100.0,0.7477,79.76,Bergquist Company,"Thermal Interface Products GAP PAD, Sil-Free, 40W/m-K, 6x6"" Sheet, 0.125"" Thickness, Thermexit, IDH 2964638",3.18,12.75077674770566,3.0,🏭 Industrial
TP-1723,TGF30SF-07870787-039,Thermal Pad,318.13,3.0,ModuleLED_Micro_8560,0.8252,0.3222,PASS,100.0,0.503,89.74,Leader Tech Inc.,Thermal Pad Gray 199.90mm x 199.90mm Square Tacky - Both Sides,0.99,5.765598543280663,1.0,✅ Standard
TP-1733,TGP6000ULM-0.100-12-0816,Thermal Pad,157.23,6.0,ModuleLED_Micro_8560,0.8252,0.4128,PASS,100.0,0.4124,93.42,Bergquist Company,"Thermal Interface Products GAP PAD, 6W/m-K, 8"" x 16"" Sheet, 0.100"" Thickness, TGP6000ULM, IDH 2196912",2.54,5.064049670730892,1.0,✅ Standard
TP-1736,TGP10000ULM-0.080-02-0808,Thermal Pad,315.96,10.0,ModuleLED_Micro_8560,0.8252,0.1979,PASS,100.0,0.6273,84.66,Bergquist Company,"Thermal Interface Products GAP PAD, 10W/m-K, 8"" x 8"" Sheet, 0.080"" Thickness, TGP10000ULM, IDH 2591010",2.03,5.758775582950241,1.0,✅ Standard
TP-1753,TGP40000SF-0.125-01-0606-NA,Thermal Pad,379290.26,40.0,ModuleLED_Micro_8560,0.8252,0.0774,PASS,100.0,0.7478,79.77,Bergquist Company,"Thermal Interface Products GAP PAD, Sil-Free, 40W/m-K, 6 x 6"" Sheet, Tacky Pad, 0.125"" Thickness, Thermexit",3.18,12.846059684964898,3.0,🏭 Industrial
TP-1760,2722290,Thermal Pad,342.0,12.0,ModuleLED_Micro_8560,0.8252,0.2061,PASS,100.0,0.6191,85.01,Bergquist Company,"Thermal Interface Products GAP PAD, 12 W/m-K, Ultra-Low Modulus, 8"" x 8"" Sheet, 0.100"" Thickness",2.54,5.8377304471659395,1.0,✅ Standard
TP-1791,TG-A1250-310-310-2.0,Thermal Pad,162.72,12.5,ModuleLED_Micro_8560,0.8252,0.1569,PASS,100.0,0.6682,82.99,t-Global Technology,Thermal Pad Green 310.00mm x 310.00mm Square,2.01,5.098157651624202,1.0,✅ Standard
TP-1794,TG-A1780-150-150-2.0,Thermal Pad,698.59,17.8,ModuleLED_Micro_8560,0.8252,0.1101,PASS,100.0,0.715,81.09,t-Global Technology,Thermal Pad Gray 150.00mm x 150.00mm Square,2.01,6.5504944491600705,1.0,✅ Standard
TP-1808,TGP6000ULM-0.125-12-0816,Thermal Pad,200.59,6.0,ModuleLED_Micro_8560,0.8252,0.5173,PASS,100.0,0.3078,97.66,Bergquist Company,"Thermal Interface Products GAP PAD, 6W/m-K, 8"" x 16"" Sheet, 0.125"" Thickness, TGP6000ULM, IDH 2214846",3.18,5.306235931792332,1.0,✅ Standard
TP-1833,2722291,Thermal Pad,435.61,12.0,ModuleLED_Micro_8560,0.8252,0.2479,PASS,100.0,0.5772,86.71,Bergquist Company,"Thermal Interface Products GAP PAD, 12 W/m-K, Ultra-Low Modulus, 8"" x 8"" Sheet, 0.120"" Thickness",3.05,6.079040348113737,1.0,✅ Standard
TP-1838,TGP12000ULM-0.100-00-0808,Thermal Pad,442.31,12.0,ModuleLED_Micro_8560,0.8252,0.2064,PASS,100.0,0.6188,85.0,Bergquist Company,"Thermal Interface Products GAP PAD, 12W/m-K, Ultra-Low Modulus, 8""x8"" Sheet, 0.100"" Thickness, TGP12000ULM",2.54,6.094269299583652,1.0,✅ Standard
TP-1845,TGP12000ULM-0.125-00-0808,Thermal Pad,453.59,12.0,ModuleLED_Micro_8560,0.8252,0.2581,PASS,100.0,0.567,87.09,Bergquist Company,"Thermal Interface Products GAP PAD, 12W/m-K, Ultra-Low Modulus, 8""x8"" Sheet, 0.125"" Thickness, TGP12000ULM",3.18,6.119395913816181,1.0,✅ Standard
TP-1853,A17751-04,Thermal Pad,91.47,7.5,ModuleLED_Micro_8560,0.8252,0.1326,PASS,100.0,0.6926,82.02,Laird Technologies - Thermal Materials,Thermal Pad Gray 457.20mm x 457.20mm Square Tacky - Both Sides,1.02,4.526884267589547,1.0,✅ Standard
TP-1856,2722292,Thermal Pad,471.75,12.0,ModuleLED_Micro_8560,0.8252,0.2892,PASS,100.0,0.536,88.4,Bergquist Company,"Thermal Interface Products GAP PAD, 12 W/m-K, Ultra-Low Modulus, 8"" x 8"" Sheet, 0.140"" Thickness",3.56,6.158566707538567,1.0,✅ Standard
TP-1860,TGP10000ULM-0.100-02-0808,Thermal Pad,478.76,10.0,ModuleLED_Micro_8560,0.8252,0.2476,PASS,100.0,0.5775,86.7,Bergquist Company,"Thermal Interface Products GAP PAD, 10W/m-K, 8"" x 8"" Sheet, 0.100"" Thickness, TGP10000ULM, IDH 2599712",2.54,6.173285978860254,1.0,✅ Standard
TP-1890,TGP10000ULM-0.125-02-0808,Thermal Pad,527.01,10.0,ModuleLED_Micro_8560,0.8252,0.3101,PASS,100.0,0.5151,89.23,Bergquist Company,"Thermal Interface Products GAP PAD, 10W/m-K, 8"" x 8"" Sheet, 0.125"" Thickness, TGP10000ULM, IDH 2599713",3.18,6.269115222920853,1.0,✅ Standard
TP-1896,2722293,Thermal Pad,539.28,12.0,ModuleLED_Micro_8560,0.8252,0.3296,PASS,100.0,0.4956,90.03,Bergquist Company,"Thermal Interface Products GAP PAD, 12 W/m-K, Ultra-Low Modulus, 8"" x 8"" Sheet, 0.160"" Thickness",4.06,6.2920875236925635,1.0,✅ Standard
GR-0033,09599,Grease,5.95,1.17,ModuleLED_Nano_7050,0.1252,0.094,FAIL,95.24,0.0312,105.25,SparkFun Electronics,Thermal Silicone Compound 5 gram Syringe,,1.9387416595767009,0.0,🏆 Best Value
GR-0038,TC3-1G,Grease,55.98,8.5,ModuleLED_Nano_7050,0.1252,0.0129,PASS,100.0,0.1122,101.32,Chip Quik Inc.,Thermal Silicone Compound 1 gram Syringe,,4.0427003290697625,1.0,✅ Standard
GR-0040,8615,Grease,17.58,3.0,ModuleLED_Nano_7050,0.1252,0.0366,PASS,100.0,0.0886,102.47,MG Chemicals,Thermal Non-Silicone Grease 3.5 gram Syringe,,2.922085733385692,0.0,🏆 Best Value
GR-0043,SILVGREASE1,Grease,51.05,1.93,ModuleLED_Nano_7050,0.1252,0.0569,PASS,100.0,0.0683,103.44,StarTech.com,Thermal Silicone Compound 1.5 gram Syringe,,3.952204795060978,1.0,✅ Standard
GR-0044,TC1-10G,Grease,8.42,0.67,ModuleLED_Nano_7050,0.1252,0.1634,FAIL,15.17,-0.0383,108.64,Chip Quik Inc.,Thermal Silicone Compound 10 gram Syringe,,2.2428350885882717,0.0,🏆 Best Value
GR-0046,HEATGREASE20,Grease,4.37,1.07,ModuleLED_Nano_7050,0.1252,0.1026,FAIL,83.4,0.0225,105.67,StarTech.com,Thermal Silicone Compound 20 gram Tube,,1.6808279085207734,0.0,🏆 Best Value
GR-0047,8610-60G,Grease,1.9,0.77,ModuleLED_Nano_7050,0.1252,0.1426,FAIL,32.63,-0.0175,107.6,MG Chemicals,Thermal Non-Silicone Compound 2 oz Tube,,1.0647107369924282,0.0,🏆 Best Value
GR-0048,TC4-1G,Grease,109.41,79.0,ModuleLED_Nano_7050,0.1252,0.0014,PASS,100.0,0.1238,100.76,Chip Quik,Thermal Interface Products Heat Sink Thermal Compound - Deep-Space Liquid Metal 79 W/mK 1g/1cc Syringe,,4.704200709451046,1.0,✅ Standard
GR-0049,TC4-1G,Grease,113.46,79.0,ModuleLED_Nano_7050,0.1252,0.0014,PASS,100.0,0.1238,100.76,Chip Quik Inc.,"Thermal Thermal Compound, Liquid Metal 1 gram Syringe",,4.740225416980956,1.0,✅ Standard
GR-0050,TC1-20G,Grease,6.09,0.67,ModuleLED_Nano_7050,0.1252,0.1639,FAIL,14.86,-0.0387,108.62,Chip Quik Inc.,Thermal Silicone Compound 20 gram Syringe,,1.958685340544036,0.0,🏆 Best Value
GR-0052,250G,Grease,2.25,0.76,ModuleLED_Nano_7050,0.1252,0.1443,FAIL,30.47,-0.0191,107.68,"Boyd Laconia, LLC",Thermal Silicone Compound 2 oz Tube,,1.1786549963416462,0.0,🏆 Best Value
GR-0056,TG-N909-30,Grease,4.65,9.0,ModuleLED_Nano_7050,0.1252,0.0122,PASS,100.0,0.113,101.28,t-Global Technology,Thermal Non-Silicone Grease 30 gram Container,,1.7316555451583497,0.0,🏆 Best Value
GR-0057,TC3-3.5G,Grease,40.18,8.5,ModuleLED_Nano_7050,0.1252,0.0129,PASS,100.0,0.1123,101.32,Chip Quik Inc.,Thermal Silicone Compound 3.5 gram Syringe,,3.717952701599643,1.0,✅ Standard
GR-0061,CW7270,Grease,20.85,0.71,ModuleLED_Nano_7050,0.1252,0.1548,FAIL,21.45,-0.0296,108.18,Chemtronics,Thermal Non-Silicone Grease 7 gram Syringe,,3.084200921541599,0.0,🏆 Best Value
GR-0067,65-00-GREASE15-0010,Grease,6.4,1.5,ModuleLED_Nano_7050,0.1252,0.073,PASS,100.0,0.0521,104.23,Parker Chomerics,Thermal Silicone Grease 10cc Syringe,,2.0014800002101243,0.0,🏆 Best Value
GR-0068,TC4-2G,Grease,82.22,79.0,ModuleLED_Nano_7050,0.1252,0.0014,PASS,100.0,0.1238,100.76,Chip Quik,Thermal Interface Products Heat Sink Thermal Compound - Deep-Space Liquid Metal 79 W/mK 2g/1cc Syringe,,4.421487703554795,1.0,✅ Standard
GR-0069,TC4-2G,Grease,83.35,79.0,ModuleLED_Nano_7050,0.1252,0.0014,PASS,100.0,0.1238,100.76,Chip Quik Inc.,"Thermal Thermal Compound, Liquid Metal 2 gram Syringe",,4.434974808991977,1.0,✅ Standard
GR-0070,65-00-GREASE30-0010,Grease,6.73,3.0,ModuleLED_Nano_7050,0.1252,0.0365,PASS,100.0,0.0887,102.46,Parker Chomerics,Thermal Silicone Grease 10cc Syringe,,2.0451088625993306,0.0,🏆 Best Value
GR-0074,65-00-GREASE50-0010,Grease,7.06,5.0,ModuleLED_Nano_7050,0.1252,0.0219,PASS,100.0,0.1032,101.76,Parker Chomerics,Thermal Silicone Grease 10cc Jar,,2.086913556518537,0.0,🏆 Best Value
GR-0075,65-00-GREASE70-0010,Grease,7.26,7.0,ModuleLED_Nano_7050,0.1252,0.0156,PASS,100.0,0.1095,101.45,Parker Chomerics,Thermal Silicone Grease 10cc Syringe,,2.1114245875328868,0.0,🏆 Best Value
GR-0078,65-00-CIP60-0045,Grease,1.56,6.0,ModuleLED_Nano_7050,0.1252,0.0183,PASS,100.0,0.1068,101.58,Parker Chomerics,"Thermal Silicone Compound, 2 Part 50cc Cartridge",,0.9400072584914712,0.0,🏆 Best Value
GR-0080,TC2-10G,Grease,20.65,4.3,ModuleLED_Nano_7050,0.1252,0.0255,PASS,100.0,0.0996,101.93,Chip Quik Inc.,Thermal Silicone Compound 10 gram Syringe,,3.075005454448499,0.0,🏆 Best Value
GR-0086,CW7250,Grease,62.15,1.85,ModuleLED_Nano_7050,0.1252,0.0595,PASS,100.0,0.0657,103.56,Chemtronics,Thermal Non-Silicone Grease 3.4 gram Syringe,,4.1455128487965,1.0,✅ Standard
GR-0087,TC4-5G,Grease,43.78,79.0,ModuleLED_Nano_7050,0.1252,0.0014,PASS,100.0,0.1238,100.76,Chip Quik Inc.,"Thermal Thermal Compound, Liquid Metal 5 gram Syringe",,3.8017616111706087,1.0,✅ Standard
GR-0088,TC4-5G,Grease,43.9,79.0,ModuleLED_Nano_7050,0.1252,0.0014,PASS,100.0,0.1238,100.76,Chip Quik,Thermal Interface Products Heat Sink Thermal Compound - Deep-Space Liquid Metal 79 W/mK 5g/1cc Syringe,,3.8044377947482086,1.0,✅ Standard
GR-0091,8617-85ML,Grease,1.12,1.0,ModuleLED_Nano_7050,0.1252,0.1097,FAIL,71.58,0.0154,105.99,MG Chemicals,Thermal Non-Silicone Grease 85 ml Tube,,0.7514160886839212,0.0,🏆 Best Value
GR-0092,GF1000-00-15-50CC,Grease,1.91,1.0,ModuleLED_Nano_7050,0.1252,0.1092,FAIL,72.51,0.0159,106.0,Bergquist,"Thermal Liquid Gap Filler, 2 Part 50cc Cartridge",,1.068153081183401,0.0,🏆 Best Value
GR-0096,X-PUTTY-100,Grease,2.64,3.0,ModuleLED_Nano_7050,0.1252,0.0366,PASS,100.0,0.0886,102.47,"Shiu Li Technology Co., Ltd.",Thermal Silicone Putty 100 gram Cartridge,,1.2919836816486494,0.0,🏆 Best Value
GR-0099,8327GF25-50CC,Grease,2.2,2.5,ModuleLED_Nano_7050,0.1252,0.0439,PASS,100.0,0.0813,102.83,MG Chemicals,Thermal Silicone Gap Filler 50 ml Cartridges,,1.1631508098056809,0.0,🏆 Best Value
GR-0100,65-00-GEL37-0010,Grease,11.07,3.7,ModuleLED_Nano_7050,0.1252,0.0297,PASS,100.0,0.0955,102.13,Parker Chomerics,Thermal Silicone Gel 10cc Syringe,,2.4907230351094403,0.0,🏆 Best Value
GR-0102,PK223DM-110,Grease,2.65,2.0,ModuleLED_Nano_7050,0.1252,0.0549,PASS,100.0,0.0703,103.35,"Shiu Li Technology Co., Ltd.","Thermal Liquid Gap Filler, 2 Part 110 gram Cartridge",,1.2947271675944,0.0,🏆 Best Value
GR-0103,SILV5-THERMAL-PASTE,Grease,196.47,3.2,ModuleLED_Nano_7050,0.1252,0.0343,PASS,100.0,0.0909,102.35,StarTech.com,Thermal Silicone Compound 1.5 gram Syringe,,5.285586674069219,1.0,✅ Standard
GR-0106,65-00-GEL35VT-0010,Grease,12.11,3.5,ModuleLED_Nano_7050,0.1252,0.0311,PASS,100.0,0.094,102.21,Parker Chomerics,Thermal Silicone Gel 10cc Syringe,,2.5733752977756086,0.0,🏆 Best Value
GR-0109,TC4-10G,Grease,31.12,79.0,ModuleLED_Nano_7050,0.1252,0.0014,PASS,100.0,0.1238,100.76,Chip Quik,Thermal Interface Products Heat Sink Thermal Compound - Deep-Space Liquid Metal 79 W/mK 10g/3cc Syringe,,3.469478889078561,0.0,🏆 Best Value
GR-0110,TC4-10G,Grease,32.14,79.0,ModuleLED_Nano_7050,0.1252,0.0014,PASS,100.0,0.1238,100.76,Chip Quik Inc.,"Thermal Thermal Compound, Liquid Metal 10 gram Syringe",,3.500741011998417,0.0,🏆 Best Value
GR-0111,CT40-5,Grease,2.28,0.63,ModuleLED_Nano_7050,0.1252,0.1745,FAIL,8.56,-0.0493,109.15,Chemtronics,Thermal Silicone Compound 5 oz Tube,,1.1878434223960523,0.0,🏆 Best Value
GR-0113,GF4500CVO-00-240-50CC,Grease,2.6,4.5,ModuleLED_Nano_7050,0.1252,0.0244,PASS,100.0,0.1008,101.87,Bergquist Company,"Thermal Interface Products Liquid Gap-Filling Material, 2-Part, 4.5W/m-K, 50ml Cartridge, TGF4500CVO",,1.2809338454620642,0.0,🏆 Best Value
GR-0115,GF1500-00-60-50CC,Grease,2.61,1.8,ModuleLED_Nano_7050,0.1252,0.0609,PASS,100.0,0.0643,103.64,Bergquist,"Thermal Liquid Gap Filler, 2 Part 50cc Cartridge",,1.2837077723447896,0.0,🏆 Best Value
GR-0121,S-PUTTY-100,Grease,3.53,3.5,ModuleLED_Nano_7050,0.1252,0.0314,PASS,100.0,0.0938,102.21,"Shiu Li Technology Co., Ltd.",Thermal Silicone Putty 100 gram Cartridge,,1.5107219394949427,0.0,🏆 Best Value
GR-0122,N-PUTTY-100,Grease,3.54,3.5,ModuleLED_Nano_7050,0.1252,0.0313,PASS,100.0,0.0939,102.21,"Shiu Li Technology Co., Ltd.",Thermal Non-Silicone Putty 100 gram Cartridge,,1.5129270120532565,0.0,🏆 Best Value
GR-0124,TC3-10G,Grease,28.56,8.5,ModuleLED_Nano_7050,0.1252,0.0129,PASS,100.0,0.1122,101.32,Chip Quik Inc.,Thermal Silicone Compound 5cc Syringe,,3.386422096080001,0.0,🏆 Best Value
GR-0130,65-00-GEL20-0010,Grease,14.76,2.4,ModuleLED_Nano_7050,0.1252,0.0457,PASS,100.0,0.0795,102.91,Parker Chomerics,Thermal Gel Gap Filler 10cc Syringe,,2.757475084429733,0.0,🏆 Best Value
GR-0131,H-PUTTY-100,Grease,3.71,3.5,ModuleLED_Nano_7050,0.1252,0.0313,PASS,100.0,0.0938,102.21,"Shiu Li Technology Co., Ltd.",Thermal Silicone Putty 100 gram Cartridge,,1.5496879080283263,0.0,🏆 Best Value
GR-0132,127-6-10,Grease,15.05,6.0,ModuleLED_Nano_7050,0.1252,0.0183,PASS,100.0,0.1068,101.58,Wakefield Thermal Solutions,Thermal Non-Silicone Grease 10cc Syringe,,2.775708849576025,0.0,🏆 Best Value
GR-0133,127-6-10,Grease,15.35,6.0,ModuleLED_Nano_7050,0.1252,0.0183,PASS,100.0,0.1069,101.58,Wakefield Thermal,"Thermal Interface Products Thermal Grease, High Performance, Non-Silicone, 6 W/m-K, 10cc Syringe",,2.794227897343262,0.0,🏆 Best Value
GR-0134,TC2-20G,Grease,19.26,4.3,ModuleLED_Nano_7050,0.1252,0.0255,PASS,100.0,0.0997,101.93,Chip Quik Inc.,Thermal Silicone Compound 20 gram Syringe,,3.0086484988205373,0.0,🏆 Best Value
GR-0140,65-02-GREASE15-0030,Grease,5.42,1.5,ModuleLED_Nano_7050,0.1252,0.073,PASS,100.0,0.0522,104.25,Parker Chomerics,Thermal Silicone Grease 30cc Cartridge,,1.8594181177018698,0.0,🏆 Best Value
GR-0142,65-02-GEL35VT-0030,Grease,5.51,3.5,ModuleLED_Nano_7050,0.1252,0.0313,PASS,100.0,0.0938,102.21,Parker Chomerics,Thermal Silicone Gel 30cc Syringe,,1.873339456220478,0.0,🏆 Best Value
GR-0143,65-00-GEL50TBL-0010,Grease,16.63,5.0,ModuleLED_Nano_7050,0.1252,0.0219,PASS,100.0,0.1032,101.76,Parker Chomerics,Thermal Silicone Gel 10cc Syringe,,2.869601996409779,0.0,🏆 Best Value
GR-0144,8327GF41-50CC,Grease,3.36,4.1,ModuleLED_Nano_7050,0.1252,0.0268,PASS,100.0,0.0984,101.99,MG Chemicals,Thermal Silicone Gap Filler 50 ml Cartridges,,1.4724720573609429,0.0,🏆 Best Value
GR-0148,65-02-GREASE30-0030,Grease,5.71,3.0,ModuleLED_Nano_7050,0.1252,0.0366,PASS,100.0,0.0886,102.46,Parker Chomerics,Thermal Silicone Grease 30cc Cartridge,,1.9035989509835904,0.0,🏆 Best Value
GR-0149,8463-7G,Grease,62.82,0.46,ModuleLED_Nano_7050,0.1252,0.2386,FAIL,0.0,-0.1134,112.27,MG Chemicals,Thermal Silicone Grease 7 gram Syringe,,4.156066620850098,1.0,✅ Standard
GR-0151,GCS-NSP15-100ML,Grease,1.78,1.5,ModuleLED_Nano_7050,0.1252,0.0729,PASS,100.0,0.0523,104.24,European Thermodynamics Ltd,Thermal Non-Silicone Putty 100 ml Syringe,,1.0224509277025458,0.0,🏆 Best Value
GR-0152,65-02-GREASE50-0030,Grease,5.99,5.0,ModuleLED_Nano_7050,0.1252,0.0219,PASS,100.0,0.1033,101.76,Parker Chomerics,Thermal Silicone Grease 30cc Cartridge,,1.944480556245719,0.0,🏆 Best Value
GR-0155,TGF3000SF-00-1500-50CC,Grease,3.67,3.0,ModuleLED_Nano_7050,0.1252,0.0366,PASS,100.0,0.0886,102.46,Bergquist Company,"Thermal Interface Products Gap Filler, 2-Part, Sil-Free, Room Temp Cure, 3W/mK, 50ml Cartridge, TGF3000SF",,1.541159071680806,0.0,🏆 Best Value
GR-0157,65-02-GREASE70-0030,Grease,6.16,7.0,ModuleLED_Nano_7050,0.1252,0.0157,PASS,100.0,0.1095,101.45,Parker Chomerics,Thermal Silicone Grease 30cc Cartridge,,1.9685099809725544,0.0,🏆 Best Value
GR-0160,TC1-200G,Grease,2.35,0.67,ModuleLED_Nano_7050,0.1252,0.1636,FAIL,14.82,-0.0384,108.61,Chip Quik Inc.,Thermal Silicone Compound 200 gram Jar,,1.208960345836975,0.0,🏆 Best Value
GR-0163,TG-N8000-30,Grease,15.74,8.0,ModuleLED_Nano_7050,0.1252,0.0137,PASS,100.0,0.1114,101.36,t-Global Technology,Thermal Non-Silicone Putty 30 gram Jar,,2.8178010650613294,0.0,🏆 Best Value
GR-0164,G3380NA-120,Grease,3.98,1.3,ModuleLED_Nano_7050,0.1252,0.0842,PASS,100.0,0.041,104.79,"Shiu Li Technology Co., Ltd.",Thermal Non-Silicone Grease 120 gram Cartridge,,1.6054298910365616,0.0,🏆 Best Value
GR-0165,GF3500S35-07-60-50CC,Grease,3.88,3.6,ModuleLED_Nano_7050,0.1252,0.0304,PASS,100.0,0.0947,102.17,Bergquist,"Thermal Liquid Gap Filler, 2 Part 50cc Cartridge",,1.5851452198650557,0.0,🏆 Best Value
GR-0167,TG4040-D-30CC,Grease,6.65,3.0,ModuleLED_Nano_7050,0.1252,0.0365,PASS,100.0,0.0886,102.46,t-Global Technology,Thermal Silicone Putty 30cc Syringe,,2.0347056478384444,0.0,🏆 Best Value
GR-0168,S-PUTTY2-100,Grease,5.04,6.0,ModuleLED_Nano_7050,0.1252,0.0183,PASS,100.0,0.1069,101.58,"Shiu Li Technology Co., Ltd.",Thermal Silicone Putty 100 gram Cartridge,,1.7984040119467235,0.0,🏆 Best Value
GR-0169,GF3500S35-00-60-50CC,Grease,4.06,3.6,ModuleLED_Nano_7050,0.1252,0.0303,PASS,100.0,0.0948,102.17,Bergquist,"Thermal Liquid Gap Filler, 2 Part 50cc Cartridge",,1.6213664832993742,0.0,🏆 Best Value
GR-0170,65-00-GEL75VT-0010,Grease,20.32,7.5,ModuleLED_Nano_7050,0.1252,0.0146,PASS,100.0,0.1105,101.4,Parker Chomerics,Thermal Silicone Gel 10cc Syringe,,3.0596455992976437,0.0,🏆 Best Value
GR-0171,65-02-GEL50TBL-0030,Grease,6.79,5.0,ModuleLED_Nano_7050,0.1252,0.022,PASS,100.0,0.1032,101.76,Parker Chomerics,Thermal Silicone Gel 30cc Syringe,,2.052840859882657,0.0,🏆 Best Value
GR-0172,GL-20-10,Grease,20.5,3.5,ModuleLED_Nano_7050,0.1252,0.0313,PASS,100.0,0.0939,102.21,Wakefield Thermal,"Thermal Interface Products ulTIMiFlux Gel, 10cc Syringe, Pink, 20g/m Flow Rate, 0.004"", 3.5w/mK",,3.068052935133617,0.0,🏆 Best Value
GR-0173,TG-N4000-30CC,Grease,6.87,4.0,ModuleLED_Nano_7050,0.1252,0.0274,PASS,100.0,0.0977,102.02,t-Global Technology,Thermal Non-Silicone Putty 30cc Syringe,,2.063058062429312,0.0,🏆 Best Value
GR-0174,A18835-01,Grease,4.13,5.4,ModuleLED_Nano_7050,0.1252,0.0202,PASS,100.0,0.1049,101.68,Laird Technologies - Thermal Materials,Thermal Liquid Gap Filler 50cc Cartridge,,1.6351056591826783,0.0,🏆 Best Value
GR-0176,TC4-20G,Grease,26.04,79.0,ModuleLED_Nano_7050,0.1252,0.0014,PASS,100.0,0.1238,100.76,Chip Quik Inc.,"Thermal Thermal Compound, Liquid Metal 20 gram Syringe",,3.2973172511747633,0.0,🏆 Best Value
GR-0177,65-02-GEL50VT-0030,Grease,6.98,5.2,ModuleLED_Nano_7050,0.1252,0.0211,PASS,100.0,0.1041,101.71,Parker Chomerics,Thermal Silicone Gel 30cc Syringe,,2.0769384114617173,0.0,🏆 Best Value
GR-0178,8327GL6-30ML,Grease,7.05,6.0,ModuleLED_Nano_7050,0.1252,0.0183,PASS,100.0,0.1069,101.58,MG Chemicals,Thermal Non-Silicone Gel 30 ml Cartridge,,2.085672091430472,0.0,🏆 Best Value
GR-0179,H-PUTTY2-100,Grease,5.31,6.0,ModuleLED_Nano_7050,0.1252,0.0183,PASS,100.0,0.1069,101.58,"Shiu Li Technology Co., Ltd.",Thermal Silicone Putty 100 gram Cartridge,,1.8421356765531218,0.0,🏆 Best Value
GR-0180,TC4-20G,Grease,26.74,79.0,ModuleLED_Nano_7050,0.1252,0.0014,PASS,100.0,0.1238,100.76,Chip Quik,Thermal Interface Products Heat Sink Thermal Compound - Deep-Space Liquid Metal 79 W/mK 20g/3cc Syringe,,3.3228754148866853,0.0,🏆 Best Value
GR-0181,65-02-GEL20-0030,Grease,7.15,2.4,ModuleLED_Nano_7050,0.1252,0.0457,PASS,100.0,0.0794,102.91,Parker Chomerics,Thermal Gel Gap Filler 30cc Cartridge,,2.0980179272527715,0.0,🏆 Best Value
GR-0183,X-PUTTY-100-KIT,Grease,5.61,3.0,ModuleLED_Nano_7050,0.1252,0.0366,PASS,100.0,0.0885,102.46,"Shiu Li Technology Co., Ltd.",Thermal Silicone Putty 100 gram Cartridge,,1.888583653863595,0.0,🏆 Best Value
GR-0184,A17170-01,Grease,2.99,3.7,ModuleLED_Nano_7050,0.1252,0.0295,PASS,100.0,0.0957,102.12,Laird Technologies - Thermal Materials,Thermal Silicone Compound 75cc Cartridge,,1.3837912309017721,0.0,🏆 Best Value
GR-0187,65-00-GEL75-0010,Grease,22.96,7.5,ModuleLED_Nano_7050,0.1252,0.0146,PASS,100.0,0.1106,101.4,Parker Chomerics,Thermal Silicone Gel 10cc Syringe,,3.1763857732472487,0.0,🏆 Best Value
GR-0191,G3380D-100,Grease,6.0,6.0,ModuleLED_Nano_7050,0.1252,0.0183,PASS,100.0,0.1069,101.58,"Shiu Li Technology Co., Ltd.",Thermal Silicone Grease 100 gram Cartridge,,1.9459101490553132,0.0,🏆 Best Value
GR-0192,EPDM20-135,Grease,4.81,2.2,ModuleLED_Nano_7050,0.1252,0.0497,PASS,100.0,0.0755,103.11,"Shiu Li Technology Co., Ltd.","Thermal Liquid Gap Filler, 2 Part 50 ml Cartridges",,1.7595805708638197,0.0,🏆 Best Value
GR-0194,N-PUTTY2-100,Grease,6.19,5.0,ModuleLED_Nano_7050,0.1252,0.022,PASS,100.0,0.1032,101.76,"Shiu Li Technology Co., Ltd.",Thermal Non-Silicone Putty 100 gram Cartridge,,1.9726911717329554,0.0,🏆 Best Value
GR-0196,CW7100,Grease,98.45,5.6,ModuleLED_Nano_7050,0.1252,0.0196,PASS,100.0,0.1056,101.64,Chemtronics,Thermal Silicone Grease 6.5 gram Syringe,,4.599655005299981,1.0,✅ Standard
GR-0197,PK223DM-110-KIT,Grease,5.84,2.0,ModuleLED_Nano_7050,0.1252,0.0549,PASS,100.0,0.0702,103.34,"Shiu Li Technology Co., Ltd.","Thermal Liquid Gap Filler, 2 Part 110 gram Cartridge",,1.922787731634459,0.0,🏆 Best Value
GR-0198,GCS-018-GS-WE-1KG,Grease,0.64,1.8,ModuleLED_Nano_7050,0.1252,0.0609,PASS,100.0,0.0642,103.65,European Thermodynamics Ltd,Thermal Silicone Grease 1 kg Container,,0.49469624183610705,0.0,🏆 Best Value
GR-0199,GL-08-10,Grease,25.84,2.4,ModuleLED_Nano_7050,0.1252,0.0457,PASS,100.0,0.0794,102.91,Wakefield Thermal,"Thermal Interface Products ulTIMiFlux Gel, 10cc Syringe, Yellow, 8g/m Flow Rate, 0.015"", 2.4w/mK",,3.289893312103481,0.0,🏆 Best Value
GR-0200,S-PUTTY-100-KIT,Grease,6.49,3.5,ModuleLED_Nano_7050,0.1252,0.0314,PASS,100.0,0.0938,102.21,"Shiu Li Technology Co., Ltd.",Thermal Silicone Putty 100 gram Cartridge,,2.0135687975291283,0.0,🏆 Best Value
GR-0201,N-PUTTY-100-KIT,Grease,6.5,3.5,ModuleLED_Nano_7050,0.1252,0.0313,PASS,100.0,0.0939,102.21,"Shiu Li Technology Co., Ltd.",Thermal Non-Silicone Putty 100 gram Cartridge,,2.0149030205422647,0.0,🏆 Best Value
GR-0204,PK404DM-150,Grease,4.42,3.6,ModuleLED_Nano_7050,0.1252,0.0305,PASS,100.0,0.0946,102.17,"Shiu Li Technology Co., Ltd.","Thermal Liquid Gap Filler, 2 Part 150 gram Cartridge",,1.6900958154515549,0.0,🏆 Best Value
GR-0205,H-PUTTY-100-KIT,Grease,6.68,3.5,ModuleLED_Nano_7050,0.1252,0.0313,PASS,100.0,0.0938,102.21,"Shiu Li Technology Co., Ltd.",Thermal Silicone Putty 100 gram Cartridge,,2.038619547159581,0.0,🏆 Best Value
GR-0206,65-02-GEL75VT-0030,Grease,9.06,7.5,ModuleLED_Nano_7050,0.1252,0.0146,PASS,100.0,0.1106,101.4,Parker Chomerics,Thermal Silicone Gel 30cc Cartridge,,2.3085671646715933,0.0,🏆 Best Value
GR-0207,G3380NC-100,Grease,6.81,4.5,ModuleLED_Nano_7050,0.1252,0.0244,PASS,100.0,0.1007,101.87,"Shiu Li Technology Co., Ltd.",Thermal Non-Silicone Grease 100 gram Cartridge,,2.0554049638515948,0.0,🏆 Best Value
GR-0213,65-00-CIP60-0200,Grease,1.42,6.0,ModuleLED_Nano_7050,0.1252,0.0183,PASS,100.0,0.1069,101.58,Parker Chomerics,"Thermal Silicone Compound, 2 Part 200cc Cartridge",,0.883767540168595,0.0,🏆 Best Value
GR-0215,8617-1P,Grease,0.61,1.0,ModuleLED_Nano_7050,0.1252,0.1099,FAIL,71.23,0.0153,106.01,MG Chemicals,Thermal Non-Silicone Grease 473 ml Jar,,0.4762341789963716,0.0,🏆 Best Value
GR-0218,2456616,Grease,5.82,3.5,ModuleLED_Nano_7050,0.1252,0.0313,PASS,100.0,0.0938,102.21,Bergquist,"Thermal Liquid Gap Filler, 2 Part 50cc Cartridge",,1.9198594718553708,0.0,🏆 Best Value
GR-0225,SH-PUTTY3-100,Grease,7.53,8.0,ModuleLED_Nano_7050,0.1252,0.0137,PASS,100.0,0.1115,101.36,"Shiu Li Technology Co., Ltd.",Thermal Silicone Putty 100 gram Cartridge,,2.143589361503588,0.0,🏆 Best Value
GR-0227,65-02-GEL75-0030,Grease,10.24,7.5,ModuleLED_Nano_7050,0.1252,0.0146,PASS,100.0,0.1105,101.4,Parker Chomerics,Thermal Silicone Gel 30cc Syringe,,2.419478844465545,0.0,🏆 Best Value
GR-0230,A16872-02,Grease,4.2,2.3,ModuleLED_Nano_7050,0.1252,0.0475,PASS,100.0,0.0777,103.0,Laird Technologies - Thermal Materials,Thermal Liquid Gap Filler 75cc Cartridge,,1.6486586255873816,0.0,🏆 Best Value
GR-0231,8327GL3-180ML,Grease,1.77,3.5,ModuleLED_Nano_7050,0.1252,0.0313,PASS,100.0,0.0938,102.21,MG Chemicals,Thermal Non-Silicone Gel 180 ml Cartridge,,1.0188473201992472,0.0,🏆 Best Value
GR-0234,S-PUTTY2-100-KIT,Grease,8.0,6.0,ModuleLED_Nano_7050,0.1252,0.0183,PASS,100.0,0.1068,101.58,"Shiu Li Technology Co., Ltd.",Thermal Silicone Putty 100 gram Cartridge,,2.1972245773362196,0.0,🏆 Best Value
GR-0236,H-PUTTY2-100-KIT,Grease,8.27,6.0,ModuleLED_Nano_7050,0.1252,0.0183,PASS,100.0,0.1069,101.58,"Shiu Li Technology Co., Ltd.",Thermal Silicone Putty 100 gram Cartridge,,2.2267833795777636,0.0,🏆 Best Value
GR-0237,G3380NA-120-KIT,Grease,6.9,1.3,ModuleLED_Nano_7050,0.1252,0.0845,PASS,100.0,0.0407,104.78,"Shiu Li Technology Co., Ltd.",Thermal Non-Silicone Grease 120 gram Cartridge,,2.066862759472976,0.0,🏆 Best Value
GR-0247,EPDM30-135,Grease,6.93,3.0,ModuleLED_Nano_7050,0.1252,0.0366,PASS,100.0,0.0886,102.46,"Shiu Li Technology Co., Ltd.","Thermal Liquid Gap Filler, 2 Part 50 ml Cartridges",,2.0706530356467567,0.0,🏆 Best Value
GR-0250,LF2000-00-00-30CC,Grease,11.74,2.0,ModuleLED_Nano_7050,0.1252,0.0549,PASS,100.0,0.0703,103.35,Bergquist Company,"Thermal Interface Products 1-Part, Liquid Formable Material, 30CC Cartridge, 2 W/m-K, Liqui-Form",,2.5447466501440172,0.0,🏆 Best Value
GR-0251,TG-N4000-55CC,Grease,6.41,4.0,ModuleLED_Nano_7050,0.1252,0.0274,PASS,100.0,0.0978,102.02,t-Global Technology,Thermal Non-Silicone Putty 55cc Syringe,,2.0028304393079956,0.0,🏆 Best Value
GR-0252,A17170-02,Grease,1.97,3.7,ModuleLED_Nano_7050,0.1252,0.0297,PASS,100.0,0.0954,102.13,Laird Technologies - Thermal Materials,Thermal Silicone Compound 180cc Cartridge,,1.0885619528146082,0.0,🏆 Best Value
GR-0253,TG-A7000-55CC,Grease,7.09,7.0,ModuleLED_Nano_7050,0.1252,0.0157,PASS,100.0,0.1095,101.46,t-Global Technology,Thermal Silicone Putty 50cc Syringe,,2.0906287310704004,0.0,🏆 Best Value
GR-0254,GCS-NSP30-100ML,Grease,3.55,3.0,ModuleLED_Nano_7050,0.1252,0.0366,PASS,100.0,0.0885,102.46,European Thermodynamics Ltd,Thermal Non-Silicone Putty 100 ml Syringe,,1.5151272329628591,0.0,🏆 Best Value
GR-0255,TG-N8000-30CC,Grease,11.91,8.0,ModuleLED_Nano_7050,0.1252,0.0137,PASS,100.0,0.1115,101.36,t-Global Technology,Thermal Non-Silicone Putty 30cc Syringe,,2.558002204858551,0.0,🏆 Best Value
GR-0258,N-PUTTY2-100-KIT,Grease,9.15,5.0,ModuleLED_Nano_7050,0.1252,0.0219,PASS,100.0,0.1032,101.76,"Shiu Li Technology Co., Ltd.",Thermal Non-Silicone Putty 100 gram Cartridge,,2.3174737054877963,0.0,🏆 Best Value
GR-0261,TC2-50G,Grease,18.81,4.3,ModuleLED_Nano_7050,0.1252,0.0256,PASS,100.0,0.0996,101.93,Chip Quik Inc.,Thermal Silicone Compound 50 gram Jar,,2.9861868607104594,0.0,🏆 Best Value
GR-0263,8618-85ML,Grease,4.44,6.0,ModuleLED_Nano_7050,0.1252,0.0183,PASS,100.0,0.1068,101.58,MG Chemicals,Thermal Non-Silicone Grease 85 ml Syringe,,1.6937790608678513,0.0,🏆 Best Value
GR-0265,EPDM20-135-KIT,Grease,7.61,2.2,ModuleLED_Nano_7050,0.1252,0.0499,PASS,100.0,0.0752,103.11,"Shiu Li Technology Co., Ltd.","Thermal Liquid Gap Filler, 2 Part 50 ml Cartridges",,2.1529243184396396,0.0,🏆 Best Value
GR-0266,GCS-NSP75 - 50ML,Grease,7.67,7.5,ModuleLED_Nano_7050,0.1252,0.0146,PASS,100.0,0.1105,101.4,European Thermodynamics Ltd,Thermal Non-Silicone Putty 50 ml Syringe,,2.1598687907924505,0.0,🏆 Best Value
GR-0270,G3380D-100-KIT,Grease,9.69,6.0,ModuleLED_Nano_7050,0.1252,0.0183,PASS,100.0,0.1069,101.58,"Shiu Li Technology Co., Ltd.",Thermal Silicone Grease 100 gram Cartridge,,2.3693087250369538,0.0,🏆 Best Value
GR-0271,2292097,Grease,8.0,3.5,ModuleLED_Nano_7050,0.1252,0.0313,PASS,100.0,0.0938,102.21,Bergquist,"Thermal Silicone Compound, 2 Part 50cc Cartridge",,2.1972245773362196,0.0,🏆 Best Value
GR-0275,PK404DM-150-KIT,Grease,6.76,3.6,ModuleLED_Nano_7050,0.1252,0.0304,PASS,100.0,0.0947,102.17,"Shiu Li Technology Co., Ltd.","Thermal Liquid Gap Filler, 2 Part 150 gram Cartridge",,2.048982334195127,0.0,🏆 Best Value
GR-0276,S-PUTTY5-100,Grease,13.64,10.0,ModuleLED_Nano_7050,0.1252,0.0109,PASS,100.0,0.1142,101.22,"Shiu Li Technology Co., Ltd.",Thermal Silicone Putty 30cc Tube,,2.6837575085331657,0.0,🏆 Best Value
GR-0277,G3380NC-100-KIT,Grease,10.31,4.5,ModuleLED_Nano_7050,0.1252,0.0244,PASS,100.0,0.1008,101.87,"Shiu Li Technology Co., Ltd.",Thermal Non-Silicone Grease 100 gram Cartridge,,2.425687290128029,0.0,🏆 Best Value
GR-0280,D2000-140,Grease,7.52,2.0,ModuleLED_Nano_7050,0.1252,0.0547,PASS,100.0,0.0704,103.36,"Shiu Li Technology Co., Ltd.","Thermal Silicone Grease, 2 Part 140 gram Cartridge",,2.1424163408412245,0.0,🏆 Best Value
GR-0281,SH-PUTTY3-100-KIT,Grease,10.68,8.0,ModuleLED_Nano_7050,0.1252,0.0137,PASS,100.0,0.1114,101.36,"Shiu Li Technology Co., Ltd.",Thermal Silicone Putty 100 gram Cartridge,,2.457877977400081,0.0,🏆 Best Value
GR-0285,2167388,Grease,8.81,3.5,ModuleLED_Nano_7050,0.1252,0.0314,PASS,100.0,0.0937,102.22,Bergquist,"Thermal Silicone Compound, 2 Part 50cc Cartridge",,2.2834022735772717,0.0,🏆 Best Value
GR-0286,A17262-01,Grease,8.82,6.4,ModuleLED_Nano_7050,0.1252,0.0171,PASS,100.0,0.108,101.53,Laird Technologies - Thermal Materials,Thermal Silicone Gap Filler 50cc Cartridge,,2.2844211223663744,0.0,🏆 Best Value
GR-0292,TG-N8000-55CC,Grease,8.37,8.0,ModuleLED_Nano_7050,0.1252,0.0138,PASS,100.0,0.1114,101.36,t-Global Technology,Thermal Non-Silicone Putty 55cc Syringe,,2.2375130962503307,0.0,🏆 Best Value
GR-0294,PK605DM-160,Grease,7.52,5.0,ModuleLED_Nano_7050,0.1252,0.0219,PASS,100.0,0.1032,101.75,"Shiu Li Technology Co., Ltd.","Thermal Liquid Gap Filler, 2 Part 160 gram Cartridge",,2.1424163408412245,0.0,🏆 Best Value
GR-0295,2179547,Grease,9.68,3.5,ModuleLED_Nano_7050,0.1252,0.0313,PASS,100.0,0.0939,102.21,Bergquist,"Thermal Silicone Compound, 2 Part 50cc Cartridge",,2.3683728335320486,0.0,🏆 Best Value
GR-0296,EPDM30-135-KIT,Grease,9.74,3.0,ModuleLED_Nano_7050,0.1252,0.0366,PASS,100.0,0.0886,102.46,"Shiu Li Technology Co., Ltd.","Thermal Liquid Gap Filler, 2 Part 50 ml Cartridges",,2.3739750890807185,0.0,🏆 Best Value
GR-0298,S-PUTTY5-100-KIT,Grease,16.28,10.0,ModuleLED_Nano_7050,0.1252,0.011,PASS,100.0,0.1142,101.23,"Shiu Li Technology Co., Ltd.",Thermal Silicone Putty 30cc Tube,,2.8495497633759097,0.0,🏆 Best Value
GR-0299,A16872-03,Grease,2.74,2.3,ModuleLED_Nano_7050,0.1252,0.0475,PASS,100.0,0.0777,103.0,Laird Technologies - Thermal Materials,Thermal Liquid Gap Filler 180cc Cartridge,,1.3190856114264407,0.0,🏆 Best Value
GR-0302,65-00-GREASE15-0160,Grease,3.13,1.5,ModuleLED_Nano_7050,0.1252,0.0731,PASS,100.0,0.0521,104.24,Parker Chomerics,Thermal Silicone Grease 160cc Container,,1.4182774069729414,0.0,🏆 Best Value
GR-0311,TT3000-150,Grease,8.4,6.0,ModuleLED_Nano_7050,0.1252,0.0183,PASS,100.0,0.1068,101.58,"Shiu Li Technology Co., Ltd.",Thermal Silicone Grease 150 gram Cartridge,,2.2407096892759584,0.0,🏆 Best Value
GR-0312,DP-100,Grease,17.06,6.5,ModuleLED_Nano_7050,0.1252,0.0169,PASS,100.0,0.1083,101.51,Taica,"Thermal Interface Products Thermal Conductive GEL, 6.5W/mK, 5.0kV/mm, 30ml Syringe, Lamda Gel DP",,2.8936995479888394,0.0,🏆 Best Value
GR-0313,LF3500-00-00-30CC,Grease,17.26,3.5,ModuleLED_Nano_7050,0.1252,0.0312,PASS,100.0,0.094,102.2,Bergquist Company,"Thermal Interface Products 1-Part, Liquid Formable Material, 30CC Cartridge, 3.5 W/m-K, Liqui-Form",,2.9047128751668225,0.0,🏆 Best Value
GR-0315,127-12-10,Grease,1307.58,12.0,ModuleLED_Nano_7050,0.1252,0.0091,PASS,100.0,0.116,101.14,Wakefield Thermal Solutions,Thermal Non-Silicone Grease 1 gram Syringe,,7.17669785880975,1.0,✅ Standard
GR-0316,127-12-10,Grease,52.3,12.0,ModuleLED_Nano_7050,0.1252,0.0091,PASS,100.0,0.116,101.13,Wakefield Thermal,"Thermal Interface Products Thermal Grease, Extreme Performance, Non-Silicone, 12 W/m-K, 10cc Syringe",,3.975936331171799,1.0,✅ Standard
GR-0317,65-00-GREASE30-0160,Grease,3.29,3.0,ModuleLED_Nano_7050,0.1252,0.0365,PASS,100.0,0.0887,102.46,Parker Chomerics,Thermal Silicone Grease 160cc Container,,1.4562867329399256,0.0,🏆 Best Value
GR-0318,127-20-10,Grease,1362.89,20.0,ModuleLED_Nano_7050,0.1252,0.0055,PASS,100.0,0.1197,100.96,Wakefield Thermal Solutions,Thermal Non-Silicone Grease 1 gram Syringe,,7.2180961899901215,1.0,✅ Standard
GR-0319,127-20-10,Grease,54.52,20.0,ModuleLED_Nano_7050,0.1252,0.0055,PASS,100.0,0.1197,100.96,Wakefield Thermal,"Thermal Interface Products Thermal Grease, Extreme Performance, Non-Silicone, 20 W/m-K, 10cc Syringe",,4.016743316198549,1.0,✅ Standard
GR-0321,65-00-GREASE50-0160,Grease,3.45,5.0,ModuleLED_Nano_7050,0.1252,0.0219,PASS,100.0,0.1033,101.75,Parker Chomerics,Thermal Silicone Grease 160cc Container,,1.4929040961781488,0.0,🏆 Best Value
GR-0322,A14855-02,Grease,1.38,1.2,ModuleLED_Nano_7050,0.1252,0.0914,FAIL,97.8,0.0337,105.1,Laird Technologies,Thermal Interface Products Tgrease 1500 1kg 1.2 W/mK,,0.8671004876833833,0.0,🏆 Best Value
GR-0324,A18560-09,Grease,18.48,9.1,ModuleLED_Nano_7050,0.1252,0.0121,PASS,100.0,0.1131,101.28,Laird Technologies - Thermal Materials,Thermal Liquid Gap Filler 30cc Cartridge,,2.969388298214389,0.0,🏆 Best Value
GR-0325,A18835-02,Grease,2.79,5.4,ModuleLED_Nano_7050,0.1252,0.0203,PASS,100.0,0.1049,101.68,Laird Technologies - Thermal Materials,Thermal Liquid Gap Filler 200cc Cartridge,,1.332366019094335,0.0,🏆 Best Value
GR-0326,D2000-140-KIT,Grease,10.02,2.0,ModuleLED_Nano_7050,0.1252,0.0547,PASS,100.0,0.0704,103.35,"Shiu Li Technology Co., Ltd.","Thermal Silicone Grease, 2 Part 140 gram Cartridge",,2.3997118037247684,0.0,🏆 Best Value
GR-0331,65-00-GREASE70-0160,Grease,3.55,7.0,ModuleLED_Nano_7050,0.1252,0.0157,PASS,100.0,0.1095,101.46,Parker Chomerics,Thermal Silicone Grease 160cc Container,,1.5151272329628591,0.0,🏆 Best Value
GR-0334,A10548-5,Grease,5.92,3.0,ModuleLED_Nano_7050,0.1252,0.0366,PASS,100.0,0.0886,102.46,Laird Technologies - Thermal Materials,Thermal Silicone Putty 100cc Jar,,1.9344157696295783,0.0,🏆 Best Value
GR-0336,TLF6000HG-00-00-150CC,Grease,3.35,6.0,ModuleLED_Nano_7050,0.1252,0.0183,PASS,100.0,0.1068,101.58,Bergquist Company,"Thermal Interface Products Conductive, 1-Part, Liquid Formable, 180ml Cartridge, 6 W/m-K, Liqui-Form",,1.4701758451005928,0.0,🏆 Best Value
GR-0337,65-01-GEL37-0180,Grease,3.37,3.7,ModuleLED_Nano_7050,0.1252,0.0296,PASS,100.0,0.0955,102.13,Parker Chomerics,Thermal Silicone Gel 180cc Syringe,,1.4747630091074988,0.0,🏆 Best Value
GR-0338,TGF3000SF-00-1500-200CC,Grease,3.03,3.0,ModuleLED_Nano_7050,0.1252,0.0366,PASS,100.0,0.0886,102.46,Bergquist Company,"Thermal Interface Products Gap Filler, 2-Part, Sil-Free, Room Temp Cure, 3W/mK, 200ml Cartridge, TGF3000SF",,1.3937663759585917,0.0,🏆 Best Value
GR-0339,PK605DM-160-KIT,Grease,9.71,5.0,ModuleLED_Nano_7050,0.1252,0.022,PASS,100.0,0.1032,101.76,"Shiu Li Technology Co., Ltd.","Thermal Liquid Gap Filler, 2 Part 160 gram Cartridge",,2.3711778844596574,0.0,🏆 Best Value
GR-0340,GF4500CVO-00-240-200CC,Grease,3.14,4.5,ModuleLED_Nano_7050,0.1252,0.0243,PASS,100.0,0.1008,101.87,Bergquist Company,"Thermal Interface Products Liquid Gap-Filling Material, 2-Part, 4.5W/m-K, 200ml Cartridge, TGF4500CVO",,1.420695787837223,0.0,🏆 Best Value
GR-0341,2624519,Grease,4.26,6.0,ModuleLED_Nano_7050,0.1252,0.0183,PASS,100.0,0.1069,101.58,Bergquist,Thermal Silicone Gel 150cc Cartridge,,1.6601310267496185,0.0,🏆 Best Value
GR-0343,GF4500CVO-00-240-400CC,Grease,1.72,4.5,ModuleLED_Nano_7050,0.1252,0.0244,PASS,100.0,0.1008,101.88,Bergquist Company,"Thermal Interface Products Liquid Gap-Filling Material, 2-Part, 4.5W/m-K, 400ml Cartridge, TGF4500CVO",,1.000631880307906,0.0,🏆 Best Value
GR-0345,65-02-GEL20-0180,Grease,4.24,2.4,ModuleLED_Nano_7050,0.1252,0.0458,PASS,100.0,0.0794,102.9,Parker Chomerics,Thermal Gel Gap Filler 180cc Cartridge,,1.6563214983329508,0.0,🏆 Best Value
GR-0346,X-PUTTY-900,Grease,2.15,3.0,ModuleLED_Nano_7050,0.1252,0.0366,PASS,100.0,0.0886,102.47,"Shiu Li Technology Co., Ltd.",Thermal Silicone Putty 900 gram Container,,1.1474024528375417,0.0,🏆 Best Value
GR-0350,A16872-04,Grease,2.2,2.3,ModuleLED_Nano_7050,0.1252,0.0476,PASS,100.0,0.0776,103.0,Laird Technologies - Thermal Materials,Thermal Liquid Gap Filler 360cc Cartridge,,1.1631508098056809,0.0,🏆 Best Value
GR-0353,65-02-GEL50VT-0180,Grease,4.57,5.2,ModuleLED_Nano_7050,0.1252,0.0212,PASS,100.0,0.104,101.72,Parker Chomerics,Thermal Silicone Gel 180cc Syringe,,1.7173950539391927,0.0,🏆 Best Value
GR-0358,PK700DM-140,Grease,17.33,7.0,ModuleLED_Nano_7050,0.1252,0.0157,PASS,100.0,0.1095,101.45,"Shiu Li Technology Co., Ltd.","Thermal Liquid Gap Filler, 2 Part 50 ml, 400 ml Cartridges",,2.9085390618516134,0.0,🏆 Best Value
GR-0360,A18578-08,Grease,11.71,9.1,ModuleLED_Nano_7050,0.1252,0.0121,PASS,100.0,0.1131,101.28,Laird Technologies - Thermal Materials,Thermal Liquid Gap Filler 75cc Cartridge,,2.542389085201363,0.0,🏆 Best Value
GR-0363,65-02-GEL75VT-0180,Grease,5.13,7.5,ModuleLED_Nano_7050,0.1252,0.0145,PASS,100.0,0.1106,101.4,Parker Chomerics,Thermal Silicone Gel 180cc Cartridge,,1.81319474994812,0.0,🏆 Best Value
GR-0366,A17064-00,Grease,2.41,1.5,ModuleLED_Nano_7050,0.1252,0.073,PASS,100.0,0.0521,104.23,Laird Technologies - Thermal Materials,Thermal Phase Change Thermal Compound 1 kg Can,,1.2267122912954254,0.0,🏆 Best Value
GR-0367,A18835-03,Grease,2.43,5.4,ModuleLED_Nano_7050,0.1252,0.0203,PASS,100.0,0.1049,101.68,Laird Technologies - Thermal Materials,Thermal Liquid Gap Filler 400cc Cartridge,,1.2325602611778486,0.0,🏆 Best Value
GR-0369,PK700DM-140-KIT,Grease,20.13,7.0,ModuleLED_Nano_7050,0.1252,0.0157,PASS,100.0,0.1095,101.45,"Shiu Li Technology Co., Ltd.","Thermal Liquid Gap Filler, 2 Part 50 ml, 400 ml Cartridges",,3.0506938316279655,0.0,🏆 Best Value
GR-0370,GCS-040-GNS-1KG,Grease,2.55,4.0,ModuleLED_Nano_7050,0.1252,0.0273,PASS,100.0,0.0978,102.02,European Thermodynamics Ltd,Thermal Non-Silicone Grease 1 kg Container,,1.2669476034873244,0.0,🏆 Best Value
GR-0371,GF3500S35-00-60-400CC,Grease,2.57,3.6,ModuleLED_Nano_7050,0.1252,0.0304,PASS,100.0,0.0947,102.17,Bergquist,"Thermal Liquid Gap Filler, 2 Part 400cc Cartridge",,1.2725655957915476,0.0,🏆 Best Value
GR-0374,TG4040-D-1000,Grease,2.71,3.0,ModuleLED_Nano_7050,0.1252,0.0365,PASS,100.0,0.0886,102.46,t-Global Technology,Thermal Silicone Putty 1 kg Container,,1.3110318766193438,0.0,🏆 Best Value
GR-0376,S-PUTTY-950,Grease,2.97,3.5,ModuleLED_Nano_7050,0.1252,0.0313,PASS,100.0,0.0938,102.21,"Shiu Li Technology Co., Ltd.",Thermal Silicone Putty 950 gram Container,,1.3787660946990992,0.0,🏆 Best Value
GR-0385,H-PUTTY-950,Grease,3.13,3.5,ModuleLED_Nano_7050,0.1252,0.0313,PASS,100.0,0.0939,102.21,"Shiu Li Technology Co., Ltd.",Thermal Silicone Putty 950 gram Container,,1.4182774069729414,0.0,🏆 Best Value
GR-0387,TGF3000SF-00-1500-400CC,Grease,2.99,3.0,ModuleLED_Nano_7050,0.1252,0.0365,PASS,100.0,0.0886,102.47,Bergquist Company,"Thermal Interface Products Gap Filler, 2-Part, Sil-Free, Room Temp Cure, 3W/mK, 400ml Cartridge, TGF3000SF",,1.3837912309017721,0.0,🏆 Best Value
GR-0388,2761872,Grease,2.99,3.0,ModuleLED_Nano_7050,0.1252,0.0365,PASS,100.0,0.0886,102.47,Bergquist,"Thermal Liquid Gap Filler, 2 Part 400cc Cartridge",,1.3837912309017721,0.0,🏆 Best Value
GR-0389,A14259-01,Grease,3.01,3.8,ModuleLED_Nano_7050,0.1252,0.029,PASS,100.0,0.0962,102.09,Laird Technologies,Thermal Interface Products Tgrease 2500 1kg 3.8W/mK Sil Free,,1.3887912413184778,0.0,🏆 Best Value
GR-0390,65-00-GEL20-0300,Grease,4.06,2.4,ModuleLED_Nano_7050,0.1252,0.0457,PASS,100.0,0.0794,102.91,Parker Chomerics,Thermal Gel Gap Filler 300cc Cartridge,,1.6213664832993742,0.0,🏆 Best Value
GR-0398,TLF10000L150CC,Grease,8.63,10.0,ModuleLED_Nano_7050,0.1252,0.011,PASS,100.0,0.1142,101.22,Bergquist Company,"Thermal Interface Products Thermally Conductive Gel Interface Material, 10 W/m-K, 150ml Cartridge",,2.2648832258100344,0.0,🏆 Best Value
GR-0402,65-00-GEL50VT-0300,Grease,4.55,5.2,ModuleLED_Nano_7050,0.1252,0.021,PASS,100.0,0.1041,101.72,Parker Chomerics,Thermal Silicone Gel 300cc Syringe,,1.713797927758343,0.0,🏆 Best Value
GR-0404,TG-N4000-330CC,Grease,4.27,4.0,ModuleLED_Nano_7050,0.1252,0.0274,PASS,100.0,0.0978,102.02,t-Global Technology,Thermal Non-Silicone Putty 330cc Syringe,,1.6620303625532709,0.0,🏆 Best Value
GR-0405,TG-N4000-1000,Grease,3.52,4.0,ModuleLED_Nano_7050,0.1252,0.0274,PASS,100.0,0.0978,102.02,t-Global Technology,Thermal Non-Silicone Putty 1 kg Jar,,1.5085119938441398,0.0,🏆 Best Value
GR-0406,TG6060-D-1000,Grease,3.77,6.3,ModuleLED_Nano_7050,0.1252,0.0175,PASS,100.0,0.1077,101.54,t-Global Technology,Thermal Silicone Putty 1 kg Container,,1.56234630490025,0.0,🏆 Best Value
GR-0408,TG-N909-1000,Grease,3.79,9.0,ModuleLED_Nano_7050,0.1252,0.0122,PASS,100.0,0.113,101.28,t-Global Technology,Thermal Non-Silicone Grease 1 kg Container,,1.5665304114228238,0.0,🏆 Best Value
GR-0411,TG-A7000-1000,Grease,3.9,7.0,ModuleLED_Nano_7050,0.1252,0.0156,PASS,100.0,0.1095,101.45,t-Global Technology,Thermal Silicone Putty 1 kg Container,,1.589235205116581,0.0,🏆 Best Value
GR-0412,TG-A7000-330CC,Grease,4.73,7.0,ModuleLED_Nano_7050,0.1252,0.0156,PASS,100.0,0.1095,101.45,t-Global Technology,Thermal Silicone Putty 330cc Syringe,,1.7457155307266483,0.0,🏆 Best Value
GR-0414,S-PUTTY2-985,Grease,4.1,6.0,ModuleLED_Nano_7050,0.1252,0.0183,PASS,100.0,0.1068,101.58,"Shiu Li Technology Co., Ltd.",Thermal Silicone Putty 985 gram Container,,1.62924053973028,0.0,🏆 Best Value
GR-0415,TGF 2900LVO-00-400CC,Grease,4.11,2.9,ModuleLED_Nano_7050,0.1252,0.0378,PASS,100.0,0.0874,102.53,Bergquist Company,"Thermal Interface Products Gap Filler, 2-Part, 2.9 W/m-K, Silicone, 400CC Cartridge, IDH 2859942",,1.631199404215613,0.0,🏆 Best Value
GR-0418,H-PUTTY2-1000,Grease,4.24,6.0,ModuleLED_Nano_7050,0.1252,0.0182,PASS,100.0,0.1069,101.58,"Shiu Li Technology Co., Ltd.",Thermal Silicone Putty 1 kg Container,,1.6563214983329508,0.0,🏆 Best Value
GR-0420,TG-N8000-330CC,Grease,5.37,8.0,ModuleLED_Nano_7050,0.1252,0.0137,PASS,100.0,0.1115,101.36,t-Global Technology,Thermal Non-Silicone Putty 330cc Syringe,,1.851599469584072,0.0,🏆 Best Value
GR-0421,TG-N8000-1000,Grease,4.43,8.0,ModuleLED_Nano_7050,0.1252,0.0137,PASS,100.0,0.1114,101.36,t-Global Technology,Thermal Non-Silicone Putty 1 kg Jar,,1.691939133945844,0.0,🏆 Best Value
GR-0425,A18578-02,Grease,10.68,9.1,ModuleLED_Nano_7050,0.1252,0.012,PASS,100.0,0.1131,101.28,Laird Technologies - Thermal Materials,Thermal Liquid Gap Filler 180cc Cartridge,,2.457877977400081,0.0,🏆 Best Value
GR-0437,TGF3000SF-00-1500-1200CC,Grease,2.03,3.0,ModuleLED_Nano_7050,0.1252,0.0365,PASS,100.0,0.0886,102.47,Bergquist Company,"Thermal Interface Products Gap Filler, 2-Part, Sil-Free, Room Temp Cure, 3W/mK, 1200ml Cartridge, TGF3000SF",,1.1085626195212777,0.0,🏆 Best Value
GR-0439,A14855-01,Grease,0.91,1.2,ModuleLED_Nano_7050,0.1252,0.0916,FAIL,97.4,0.0336,105.11,Laird Technologies,Thermal Interface Products Tgrease 1500 7kg can 1.2 W/mK,,0.6471032420585385,0.0,🏆 Best Value
GR-0448,GF4500CVO-00-240-1200CC,Grease,2.71,4.5,ModuleLED_Nano_7050,0.1252,0.0244,PASS,100.0,0.1008,101.87,Bergquist Company,"Thermal Interface Products Liquid Gap-Filling Material, 2-Part, 4.5W/m-K, 1200ml Cartridge, TGF4500CVO",,1.3110318766193438,0.0,🏆 Best Value
GR-0457,TLF6000HG-00-00-0.7G,Grease,15691.74,6.0,ModuleLED_Nano_7050,0.1252,0.0182,PASS,100.0,0.1069,101.58,Bergquist Company,"Thermal Interface Products Conductive, 1-Part, Liquid Formable, 1 Gallon Pail, 6 W/m-K, Liqui-Form",,9.660953464004958,3.0,🏭 Industrial
GR-0470,2580287,Grease,26440.03,6.0,ModuleLED_Nano_7050,0.1252,0.0183,PASS,100.0,0.1068,101.58,Bergquist Company,"Thermal Interface Products Conductive, 1-Part, Liquid Formable, 1 Gallon, 6.0 W/m-K, Liqui-Form TLF 6000HG",,10.182672249333933,3.0,🏭 Industrial
GR-0488,2956733,Grease,12474.78,4.5,ModuleLED_Nano_7050,0.1252,0.0243,PASS,100.0,0.1009,101.87,Bergquist Company,"Thermal Interface Products Liquid Gap-Filling Material, 2-Part, 4.5W/m-K, 5 Gallon Hobbock/Pail, TGF4500CVO",,9.431544443715211,3.0,🏭 Industrial
GR-0489,GF4500CVO-00-240-6G,Grease,10395.65,4.5,ModuleLED_Nano_7050,0.1252,0.0243,PASS,100.0,0.1009,101.87,Bergquist Company,"Thermal Interface Products Liquid Gap-Filling Material, 2-Part, 4.5W/m-K, 6 Gallon Pail Kit, TGF4500CVO",,9.249238917854544,3.0,🏭 Industrial
GR-0491,LF3500-00-00-4.33G,Grease,16815.24,3.5,ModuleLED_Nano_7050,0.1252,0.0314,PASS,100.0,0.0938,102.21,Bergquist Company,"Thermal Interface Products 1-Part, Liquid Formable Material, 4.33 Gallon Pail, 3.5 W/m-K, Liqui-Form",,9.730100365136675,3.0,🏭 Industrial
OT-0159,9460TC-3ML,Other,32.15,0.8,ModuleLED_Nano_7050,0.1252,0.1217,FAIL,65.51,0.0034,105.33,MG Chemicals,Thermal Epoxy Adhesive 3 ml Syringe,,3.5010427166318716,1.0,✅ Standard
OT-0205,8329TCS-6ML,Other,22.09,1.4,ModuleLED_Nano_7050,0.1252,0.0697,PASS,100.0,0.0555,103.34,MG Chemicals,"Thermal Epoxy, 2 Part 6 ml Syringe",,3.139399623366404,0.0,🏆 Best Value
OT-0264,8349TFM-25ML,Other,7.43,0.9,ModuleLED_Nano_7050,0.1252,0.1084,PASS,100.0,0.0168,104.81,MG Chemicals,"Thermal Epoxy, 2 Part 25 ml Syringe",,2.131796772013764,0.0,🏆 Best Value
OT-0266,8329TFS-25ML,Other,7.53,1.2,ModuleLED_Nano_7050,0.1252,0.0812,PASS,100.0,0.0439,103.78,MG Chemicals,"Thermal Epoxy, 2 Part 25 ml Syringe",,2.143589361503588,0.0,🏆 Best Value
OT-0311,8349TFM-50ML,Other,5.33,0.9,ModuleLED_Nano_7050,0.1252,0.1083,PASS,100.0,0.0169,104.81,MG Chemicals,"Thermal Epoxy, 2 Part 50 ml Cartridges",,1.8453002361560848,0.0,🏆 Best Value
OT-0312,8329TFS-50ML,Other,5.97,1.2,ModuleLED_Nano_7050,0.1252,0.0813,PASS,100.0,0.0439,103.78,MG Chemicals,"Thermal Epoxy, 2 Part 45 ml Cartridge",,1.9416152247724325,0.0,🏆 Best Value
OT-0317,8329TCS-50ML,Other,5.59,1.4,ModuleLED_Nano_7050,0.1252,0.0696,PASS,100.0,0.0555,103.34,MG Chemicals,"Thermal Epoxy, 2 Part 50 ml Jar",,1.8855533485144158,0.0,🏆 Best Value
OT-0329,8349TFM-45ML,Other,7.35,0.9,ModuleLED_Nano_7050,0.1252,0.1083,PASS,100.0,0.0169,104.81,MG Chemicals,"Thermal Epoxy, 2 Part 45 ml Jar",,2.122261538862764,0.0,🏆 Best Value
OT-0349,TGF35-07870787-020,Other,27.66,3.5,ModuleLED_Nano_7050,0.1252,0.0278,PASS,100.0,0.0973,101.75,LeaderTech,Thermal Interface Products 3.5W/m-K 200*200*0.5 TGF35 Green,,3.3555024224000256,0.0,🏆 Best Value
OT-0353,TGF35-07870787-039,Other,27.66,3.5,ModuleLED_Nano_7050,0.1252,0.0279,PASS,100.0,0.0973,101.75,LeaderTech,Thermal Interface Products 3.5W/m-K 200*200*1 TGF35 Green,,3.3555024224000256,0.0,🏆 Best Value
OT-0364,2193454,Other,9.02,1.8,ModuleLED_Nano_7050,0.1252,0.0542,PASS,100.0,0.071,102.75,Bergquist,"Thermal Epoxy, 2 Part 50cc Cartridge",,2.3045830956567186,0.0,🏆 Best Value
OT-0368,EP770-1100,Other,1.15,2.5,ModuleLED_Nano_7050,0.1252,0.039,PASS,100.0,0.0861,102.18,"Shiu Li Technology Co., Ltd.","Thermal Epoxy, 2 Part 1 kg Can",,0.7654678421395714,0.0,🏆 Best Value
OT-0376,8329TCM-200ML,Other,2.44,1.4,ModuleLED_Nano_7050,0.1252,0.0696,PASS,100.0,0.0555,103.34,MG Chemicals,"Thermal Epoxy, 2 Part 200 ml Jar",,1.235471471385307,0.0,🏆 Best Value
OT-0377,8329TCS-200ML,Other,2.44,1.4,ModuleLED_Nano_7050,0.1252,0.0697,PASS,100.0,0.0555,103.34,MG Chemicals,"Thermal Epoxy, 2 Part 200 ml Jar",,1.235471471385307,0.0,🏆 Best Value
OT-0383,2194122,Other,10.01,1.8,ModuleLED_Nano_7050,0.1252,0.0542,PASS,100.0,0.071,102.75,Bergquist,"Thermal Epoxy, 2 Part 50cc Cartridge",,2.3988039507345884,0.0,🏆 Best Value
OT-0396,1188099,Other,1.07,1.34,ModuleLED_Nano_7050,0.1252,0.0726,PASS,100.0,0.0525,103.46,LOCTITE,"Thermal Epoxy, 2 Part (Order Catalyst Separately) 3 lb Container",,0.7275486072772778,0.0,🏆 Best Value
OT-0422,TGF60-07870787-039,Other,35.08,6.0,ModuleLED_Nano_7050,0.1252,0.0162,PASS,100.0,0.1089,101.31,LeaderTech,Thermal Interface Products 6W/m-K 200*200*1 TGF60 Gray,,3.585738695194423,1.0,✅ Standard
OT-0423,1188134,Other,1.57,2.78,ModuleLED_Nano_7050,0.1252,0.0351,PASS,100.0,0.0901,102.03,LOCTITE,"Thermal Epoxy, 2 Part (Order Catalyst Separately) 3 lb Container",,0.9439058989071285,0.0,🏆 Best Value
OT-0437,TGF60-07870787-020,Other,48.58,6.0,ModuleLED_Nano_7050,0.1252,0.0162,PASS,100.0,0.1089,101.31,LeaderTech,Thermal Interface Products 6W/m-K 200*200*0.5 TGF60 Gray,,3.9035875266070446,1.0,✅ Standard
OT-0457,1188135,Other,0.47,2.78,ModuleLED_Nano_7050,0.1252,0.0351,PASS,100.0,0.0901,102.03,LOCTITE,"Thermal Epoxy, 2 Part (Order Catalyst Separately) 20 lb Container",,0.3852624007906449,0.0,🏆 Best Value
OT-0523,TGF3000SF-00-1500-7GAL,Other,12622.86,3.0,ModuleLED_Nano_7050,0.1252,0.0325,PASS,100.0,0.0927,101.93,Bergquist Company,"Thermal Interface Products Gap Filler, 2-Part, Sil-Free, Room Temp Cure, 3W/mK, 7 Gallon Pail, TGF3000SF",,9.443343953036836,3.0,🏭 Industrial
TP-0001,TG-A1250-5-5-1.0,Thermal Pad,133.8,12.5,ModuleLED_Nano_7050,0.1252,0.0778,PASS,100.0,0.0474,103.87,t-Global Technology,Thermal Pad Green 5.00mm x 5.00mm Square,1.0,4.9037921984782065,1.0,✅ Standard
TP-0002,TG-A2200-5-5-2.0,Thermal Pad,133.8,2.2,ModuleLED_Nano_7050,0.1252,0.8896,FAIL,0.0,-0.7645,136.93,t-Global Technology,Thermal Pad Gray 5.00mm x 5.00mm Square Tacky - One Side,2.01,4.9037921984782065,1.0,✅ Standard
TP-0003,TG-A6200-7.2-6.3-1.0,Thermal Pad,73.74,6.2,ModuleLED_Nano_7050,0.1252,0.1573,FAIL,0.0,-0.0322,107.1,t-Global Technology,Thermal Pad Blue 7.20mm x 6.30mm Rectangular Tacky - Both Sides,1.0,4.314015424057338,1.0,✅ Standard
TP-0004,TG-A2200-10-10-1.0,Thermal Pad,33.45,2.2,ModuleLED_Nano_7050,0.1252,0.4437,FAIL,0.0,-0.3185,118.78,t-Global Technology,Thermal Pad Gray 10.00mm x 10.00mm Square Tacky - One Side,1.0,3.539508997459668,1.0,✅ Standard
TP-0005,TG-A4500-10-10-0.5,Thermal Pad,33.45,4.5,ModuleLED_Nano_7050,0.1252,0.1082,FAIL,96.63,0.0169,105.09,t-Global Technology,Thermal Pad Purple 10.00mm x 10.00mm Square Tacky - Both Sides,0.5,3.539508997459668,1.0,✅ Standard
TP-0006,TG-A6200-5-5-1.0,Thermal Pad,133.8,6.2,ModuleLED_Nano_7050,0.1252,0.1571,FAIL,0.0,-0.032,107.08,t-Global Technology,Thermal Pad Blue 5.00mm x 5.00mm Square Tacky - Both Sides,1.0,4.9037921984782065,1.0,✅ Standard
TP-0008,TG-A2200-10-10-1.5,Thermal Pad,36.85,2.2,ModuleLED_Nano_7050,0.1252,0.6644,FAIL,0.0,-0.5393,127.75,t-Global Technology,Thermal Pad Gray 10.00mm x 10.00mm Square Tacky - One Side,1.5,3.6336309798834576,1.0,✅ Standard
TP-0009,TG-A6200-10-10-0.5,Thermal Pad,40.14,6.2,ModuleLED_Nano_7050,0.1252,0.0786,PASS,100.0,0.0465,103.89,t-Global Technology,Thermal Pad Blue 10.00mm x 10.00mm Square Tacky - Both Sides,0.5,3.716980884224811,1.0,✅ Standard
TP-0012,TG-A2200-10-10-2.0,Thermal Pad,43.54,2.2,ModuleLED_Nano_7050,0.1252,0.8918,FAIL,0.0,-0.7666,137.02,t-Global Technology,Thermal Pad Gray 10.00mm x 10.00mm Square Tacky - One Side,2.01,3.7963876618292214,1.0,✅ Standard
TP-0013,TG-ALC-15-15-0.2-0,Thermal Pad,19.35,4.2,ModuleLED_Nano_7050,0.1252,0.0464,PASS,100.0,0.0788,102.58,t-Global Technology,Thermal Pad Green 15.00mm x 15.00mm Square Tacky - Both Sides,0.2,3.013080911888604,0.0,🏆 Best Value
TP-0014,TG-A3500-10-10-2.0,Thermal Pad,43.54,3.5,ModuleLED_Nano_7050,0.1252,0.5599,FAIL,0.0,-0.4347,123.5,t-Global Technology,Thermal Pad Yellow 10.00mm x 10.00mm Square Tacky - Both Sides,2.01,3.7963876618292214,1.0,✅ Standard
TP-0015,SPK4-0.006-00-58,Thermal Pad,19.36,0.9,ModuleLED_Nano_7050,0.1252,0.1625,FAIL,0.0,-0.0373,107.31,Bergquist,Thermal Pad Gray 19.05mm x 12.70mm Rectangular,0.15,3.013572191682322,0.0,🏆 Best Value
TP-0016,T62-1-15-15-0.16,Thermal Pad,20.81,15.0,ModuleLED_Nano_7050,0.1252,0.0104,PASS,100.0,0.1148,101.12,t-Global Technology,Thermal Pad Black 15.00mm x 15.00mm Square Adhesive - One Side,0.16,3.0823685802135374,0.0,🏆 Best Value
TP-0017,DC0011/08-TG-A373F-0.25-2A,Thermal Pad,20.76,1.4,ModuleLED_Nano_7050,0.1252,0.174,FAIL,0.0,-0.0488,107.79,t-Global Technology,Thermal Pad Yellow 19.05mm x 12.70mm Rectangular Adhesive - Both Sides,0.25,3.080073421987742,0.0,🏆 Best Value
TP-0018,Q3-0.005-00-104,Thermal Pad,11.06,2.0,ModuleLED_Nano_7050,0.1252,0.0634,PASS,100.0,0.0618,103.27,Bergquist,Thermal Pad Black 25.40mm x 19.05mm Rectangular,0.13,2.4898941912990393,0.0,🏆 Best Value
TP-0019,TG-A6200-10-5-2.0,Thermal Pad,107.04,6.2,ModuleLED_Nano_7050,0.1252,0.3159,FAIL,0.0,-0.1907,113.56,t-Global Technology,Thermal Pad Blue 10.00mm x 5.00mm Rectangular Tacky - Both Sides,2.01,4.682501528924415,1.0,✅ Standard
TP-0020,Q3-0.005-00-51,Thermal Pad,22.86,2.0,ModuleLED_Nano_7050,0.1252,0.0634,PASS,100.0,0.0618,103.28,Bergquist,Thermal Pad Black 17.45mm x 14.27mm Rectangular,0.13,3.17220341666977,0.0,🏆 Best Value
TP-0021,TG-A3500-10-10-3.0,Thermal Pad,60.21,3.5,ModuleLED_Nano_7050,0.1252,0.8368,FAIL,0.0,-0.7117,134.7,t-Global Technology,Thermal Pad Yellow 10.00mm x 10.00mm Square Tacky - Both Sides,3.0,4.114310574862978,1.0,✅ Standard
TP-0022,TG-A6200-10-10-1.0,Thermal Pad,60.21,6.2,ModuleLED_Nano_7050,0.1252,0.1572,FAIL,0.0,-0.0321,107.1,t-Global Technology,Thermal Pad Blue 10.00mm x 10.00mm Square Tacky - Both Sides,1.0,4.114310574862978,1.0,✅ Standard
TP-0023,SP600-90,Thermal Pad,16.29,1.0,ModuleLED_Nano_7050,0.1252,0.2242,FAIL,0.0,-0.0991,109.82,Bergquist,Thermal Pad Green 21.84mm x 18.80mm Rectangular,0.23,2.850128299695199,0.0,🏆 Best Value
TP-0024,TG-A1250-10-10-0.5,Thermal Pad,66.9,12.5,ModuleLED_Nano_7050,0.1252,0.039,PASS,100.0,0.0861,102.28,t-Global Technology,Thermal Pad Green 10.00mm x 10.00mm Square,0.5,4.21803603456465,1.0,✅ Standard
TP-0025,TG-A2200-15-15-1.0,Thermal Pad,29.73,2.2,ModuleLED_Nano_7050,0.1252,0.4432,FAIL,0.0,-0.318,118.74,t-Global Technology,Thermal Pad Gray 15.00mm x 15.00mm Square Tacky - One Side,1.0,3.425239376142393,1.0,✅ Standard
TP-0026,TG-A4500-10-10-2.0,Thermal Pad,66.9,4.5,ModuleLED_Nano_7050,0.1252,0.4356,FAIL,0.0,-0.3104,118.45,t-Global Technology,Thermal Pad Purple 10.00mm x 10.00mm Square Tacky - Both Sides,2.01,4.21803603456465,1.0,✅ Standard
TP-0029,SP400-0.009-00-58,Thermal Pad,29.06,0.9,ModuleLED_Nano_7050,0.1252,0.249,FAIL,0.0,-0.1238,110.83,Bergquist,Thermal Pad Gray 19.05mm x 12.70mm Rectangular,0.23,3.4031953843248286,1.0,✅ Standard
TP-0030,SP400-0.009-00-54,Thermal Pad,29.06,0.9,ModuleLED_Nano_7050,0.1252,0.2494,FAIL,0.0,-0.1243,110.85,Bergquist,Thermal Pad Gray 19.05mm x 12.70mm Rectangular,0.23,3.4031953843248286,1.0,✅ Standard
TP-0031,SP400-0.007-00-54,Thermal Pad,30.42,0.9,ModuleLED_Nano_7050,0.1252,0.1949,FAIL,0.0,-0.0698,108.64,Bergquist,Thermal Pad Gray 19.05mm x 12.70mm Rectangular,0.18,3.4474446328274753,1.0,✅ Standard
TP-0032,TG-A6200-11-11-1.0,Thermal Pad,60.82,6.2,ModuleLED_Nano_7050,0.1252,0.1574,FAIL,0.0,-0.0322,107.08,t-Global Technology,Thermal Pad Blue 11.00mm x 11.00mm Square Tacky - Both Sides,1.0,4.124226936703971,1.0,✅ Standard
TP-0033,TG-A3500-10-10-4.0,Thermal Pad,73.59,3.5,ModuleLED_Nano_7050,0.1252,1.1121,FAIL,0.0,-0.9869,145.99,t-Global Technology,Thermal Pad Yellow 10.00mm x 10.00mm Square Tacky - Both Sides,3.99,4.312006449967072,1.0,✅ Standard
TP-0034,LI98-28-28-0.25,Thermal Pad,9.39,1.0,ModuleLED_Nano_7050,0.1252,0.2435,FAIL,0.0,-0.1184,110.62,t-Global Technology,Thermal Pad White 28.00mm x 28.00mm Square Adhesive - Both Sides,0.25,2.340843805111136,0.0,🏆 Best Value
TP-0035,TG-T1000-10-10-0.25-5PT,Thermal Pad,73.59,1.0,ModuleLED_Nano_7050,0.1252,0.2436,FAIL,0.0,-0.1185,110.61,t-Global Technology,Thermal Pad White 10.00mm x 10.00mm Square Adhesive - Both Sides,0.25,4.312006449967072,1.0,✅ Standard
TP-0037,SP400-0.007-AC-54,Thermal Pad,31.82,0.9,ModuleLED_Nano_7050,0.1252,0.1948,FAIL,0.0,-0.0697,108.63,Bergquist,Thermal Pad Gray 19.05mm x 12.70mm Rectangular Adhesive - One Side,0.18,3.4910380856619447,1.0,✅ Standard
TP-0038,TG-A9000-10-10-1.0,Thermal Pad,76.99,9.0,ModuleLED_Nano_7050,0.1252,0.1084,FAIL,96.48,0.0168,105.1,t-Global Technology,Thermal Pad Pink 10.00mm x 10.00mm Square,1.0,4.356580613342406,1.0,✅ Standard
TP-0042,SP400-0.007-00-104,Thermal Pad,17.29,0.9,ModuleLED_Nano_7050,0.1252,0.1948,FAIL,0.0,-0.0697,108.63,Bergquist,Thermal Pad Gray 25.40mm x 19.05mm Rectangular,0.18,2.906354462402774,0.0,🏆 Best Value
TP-0043,T62-30-30-0.13,Thermal Pad,9.3,20.0,ModuleLED_Nano_7050,0.1252,0.0063,PASS,100.0,0.1188,100.95,t-Global Technology,Thermal Pad Black 30.00mm x 30.00mm Square,0.13,2.33214389523559,0.0,🏆 Best Value
TP-0044,TG-A6200-15-15-0.5,Thermal Pad,37.19,6.2,ModuleLED_Nano_7050,0.1252,0.0786,PASS,100.0,0.0465,103.9,t-Global Technology,Thermal Pad Blue 15.00mm x 15.00mm Square Tacky - Both Sides,0.5,3.6425737012374246,1.0,✅ Standard
TP-0045,TG-A3500-10-10-5.0,Thermal Pad,86.97,3.5,ModuleLED_Nano_7050,0.1252,1.3932,FAIL,0.0,-1.2681,157.47,t-Global Technology,Thermal Pad Yellow 10.00mm x 10.00mm Square Tacky - Both Sides,5.0,4.476995847264583,2.0,❌ Avoid
TP-0046,SP400-0.009-00-90,Thermal Pad,22.01,0.9,ModuleLED_Nano_7050,0.1252,0.2492,FAIL,0.0,-0.124,110.84,Bergquist,Thermal Pad Gray 21.84mm x 18.80mm Rectangular,0.23,3.1359289040472746,0.0,🏆 Best Value
TP-0047,TG-A6200-10-10-1.5,Thermal Pad,90.37,6.2,ModuleLED_Nano_7050,0.1252,0.2359,FAIL,0.0,-0.1108,110.28,t-Global Technology,Thermal Pad Blue 10.00mm x 10.00mm Square Tacky - Both Sides,1.5,4.514917197010529,1.0,✅ Standard
TP-0054,SP900S-0.009-AC-54,Thermal Pad,40.12,1.6,ModuleLED_Nano_7050,0.1252,0.1401,FAIL,10.1,-0.0149,106.4,Bergquist,Thermal Pad Pink 19.05mm x 12.70mm Rectangular Adhesive - One Side,0.23,3.7164946211469094,1.0,✅ Standard
TP-0055,SP900S-0.009-00-54,Thermal Pad,40.12,1.6,ModuleLED_Nano_7050,0.1252,0.1401,FAIL,10.14,-0.0149,106.41,Bergquist,Thermal Pad Pink 19.05mm x 12.70mm Rectangular,0.23,3.7164946211469094,1.0,✅ Standard
TP-0057,SP400-0.009-00-51,Thermal Pad,40.3,0.9,ModuleLED_Nano_7050,0.1252,0.2487,FAIL,0.0,-0.1236,110.82,Bergquist,Thermal Pad Gray 17.45mm x 14.27mm Rectangular,0.23,3.720862499966987,1.0,✅ Standard
TP-0059,TG-A1250-10-10-1.0,Thermal Pad,107.04,12.5,ModuleLED_Nano_7050,0.1252,0.078,PASS,100.0,0.0472,103.87,t-Global Technology,Thermal Pad Green 10.00mm x 10.00mm Square,1.0,4.682501528924415,1.0,✅ Standard
TP-0062,HF115AC-0.0055-AC-54,Thermal Pad,45.65,0.8,ModuleLED_Nano_7050,0.1252,0.1705,FAIL,0.0,-0.0453,107.64,Bergquist,Thermal Pad Gray 19.05mm x 12.70mm Rectangular Adhesive - One Side,0.14,3.8426729272933526,1.0,✅ Standard
TP-0063,1009-54,Thermal Pad,45.65,1.2,ModuleLED_Nano_7050,0.1252,0.1867,FAIL,0.0,-0.0616,108.31,Bergquist,Thermal Pad Pink 19.05mm x 12.70mm Rectangular,0.23,3.8426729272933526,1.0,✅ Standard
TP-0065,SPK10-0.006-00-54,Thermal Pad,48.41,1.3,ModuleLED_Nano_7050,0.1252,0.1125,FAIL,90.28,0.0127,105.27,Bergquist,Thermal Pad Beige 19.05mm x 12.70mm Rectangular,0.15,3.9001528328576587,1.0,✅ Standard
TP-0066,SP900S-0.009-00-90,Thermal Pad,28.53,1.6,ModuleLED_Nano_7050,0.1252,0.1402,FAIL,9.92,-0.0151,106.39,Bergquist,Thermal Pad Pink 21.84mm x 18.80mm Rectangular,0.23,3.3854066957558313,1.0,✅ Standard
TP-0069,SP900S-0.009-00-104,Thermal Pad,24.89,1.6,ModuleLED_Nano_7050,0.1252,0.14,FAIL,10.94,-0.0148,106.4,Bergquist,Thermal Pad Pink 25.40mm x 19.05mm Rectangular,0.23,3.2538567937634464,0.0,🏆 Best Value
TP-0073,SP900S-0.009-AC-58,Thermal Pad,52.54,1.6,ModuleLED_Nano_7050,0.1252,0.1401,FAIL,10.45,-0.015,106.41,Bergquist,Thermal Pad Pink 19.05mm x 12.70mm Rectangular Adhesive - One Side,0.23,3.9804290380922063,1.0,✅ Standard
TP-0081,2188938,Thermal Pad,52.28,0.9,ModuleLED_Nano_7050,0.1252,0.3252,FAIL,0.0,-0.2,113.95,Bergquist,"Thermal Pad Gray, Green 25.02mm x 11.00mm Round",0.3,3.9755610262321337,1.0,✅ Standard
TP-0082,TG-A1250-15-15-0.5,Thermal Pad,65.41,12.5,ModuleLED_Nano_7050,0.1252,0.039,PASS,100.0,0.0862,102.28,t-Global Technology,Thermal Pad Green 15.00mm x 15.00mm Square,0.5,4.195847647552622,1.0,✅ Standard
TP-0086,CP23-TO220-21.5-11.4-5.8-0.45,Thermal Pad,65.51,1.9,ModuleLED_Nano_7050,0.1252,0.231,FAIL,0.0,-0.1059,110.08,t-Global Technology,Thermal Pad Gray 21.50mm x 11.40mm x 5.80mm Rectangular,0.45,4.19735231229633,1.0,✅ Standard
TP-0097,THJP0603AST1,Thermal Pad,13873.09,70.0,ModuleLED_Nano_7050,0.1252,0.0106,PASS,100.0,0.1146,101.12,Vishay Dale Thin Film,Thermal Pad 1.55mm x 0.84mm Rectangular,0.76,9.537778350878222,3.0,🏭 Industrial
TP-0109,53-77-9G,Thermal Pad,79.73,0.9,ModuleLED_Nano_7050,0.1252,0.1625,FAIL,0.0,-0.0374,107.32,"Boyd Laconia, LLC","Thermal Pad Gray, Green 18.42mm x 13.21mm Rectangular",0.15,4.391110253406924,1.0,✅ Standard
TP-0122,CP33-TO247-28.5-17.5-5.8-0.45,Thermal Pad,42.92,1.9,ModuleLED_Nano_7050,0.1252,0.2308,FAIL,0.0,-0.1056,110.11,t-Global Technology,Thermal Pad Gray 28.50mm x 17.50mm x 5.80mm Rectangular,0.45,3.7823697972012753,1.0,✅ Standard
TP-0129,SPK10-0.006-00-58,Thermal Pad,92.65,1.3,ModuleLED_Nano_7050,0.1252,0.1126,FAIL,89.55,0.0126,105.28,Bergquist,Thermal Pad Beige 19.05mm x 12.70mm Rectangular,0.15,4.539564428890097,1.0,✅ Standard
TP-0131,Q3-0.005-00-54,Thermal Pad,94.02,2.0,ModuleLED_Nano_7050,0.1252,0.0634,PASS,100.0,0.0618,103.28,Bergquist,Thermal Pad Black 19.05mm x 12.70mm Rectangular,0.13,4.554087395758775,1.0,✅ Standard
TP-0139,SPT400-12-13.5-25,Thermal Pad,69.32,0.9,ModuleLED_Nano_7050,0.1252,0.3251,FAIL,0.0,-0.1999,113.95,Bergquist,"Thermal Pad Gray, Green 25.02mm x 13.50mm Round",0.3,4.253056253376921,1.0,✅ Standard
TP-0140,TG-A1250-15-15-1.0,Thermal Pad,104.07,12.5,ModuleLED_Nano_7050,0.1252,0.078,PASS,100.0,0.0471,103.88,t-Global Technology,Thermal Pad Green 15.00mm x 15.00mm Square,1.0,4.654626794700683,1.0,✅ Standard
TP-0143,60-11-8302-1674,Thermal Pad,103.74,1.0,ModuleLED_Nano_7050,0.1252,0.2435,FAIL,0.0,-0.1183,110.61,Parker Chomerics,Thermal Pad Blue 18.03mm x 12.70mm Rectangular,0.25,4.651481088851342,1.0,✅ Standard
TP-0145,SPK10-0.006-00-90,Thermal Pad,58.66,1.3,ModuleLED_Nano_7050,0.1252,0.1125,FAIL,89.89,0.0127,105.27,Bergquist,Thermal Pad Beige 21.84mm x 18.80mm Rectangular,0.15,4.088661779086602,1.0,✅ Standard
TP-0148,175-6-220P,Thermal Pad,106.84,0.5,ModuleLED_Nano_7050,0.1252,0.2925,FAIL,0.0,-0.1673,112.6,Wakefield Thermal Solutions,Thermal Pad Gray 18.00mm x 12.70mm Rectangular,0.15,4.680648647163997,1.0,✅ Standard
TP-0150,SPK10-0.006-00-104,Thermal Pad,51.86,1.3,ModuleLED_Nano_7050,0.1252,0.1124,FAIL,89.96,0.0128,105.28,Bergquist,Thermal Pad Beige 25.40mm x 19.05mm Rectangular,0.15,3.967646909176143,1.0,✅ Standard
TP-0152,53-77-4G,Thermal Pad,107.84,0.9,ModuleLED_Nano_7050,0.1252,0.1625,FAIL,0.0,-0.0374,107.3,"Boyd Laconia, LLC","Thermal Pad Gray, Green 19.05mm x 12.70mm Rectangular",0.15,4.689878913915045,1.0,✅ Standard
TP-0155,THJP0612AST1,Thermal Pad,7889.05,259.0,ModuleLED_Nano_7050,0.1252,0.0029,PASS,100.0,0.1223,100.81,Vishay Dale Thin Film,Thermal Pad 1.06mm x 3.20mm Rectangular,0.76,8.973357750955454,3.0,🏭 Industrial
TP-0160,HF115AC-0.0055-AC-90,Thermal Pad,66.04,0.8,ModuleLED_Nano_7050,0.1252,0.1707,FAIL,0.0,-0.0455,107.63,Bergquist,Thermal Pad Gray 21.84mm x 18.79mm Rectangular Adhesive - One Side,0.14,4.205289456173828,1.0,✅ Standard
TP-0164,53-77-4ACG,Thermal Pad,116.14,0.9,ModuleLED_Nano_7050,0.1252,0.1625,FAIL,0.0,-0.0373,107.32,"Boyd Laconia, LLC","Thermal Pad Gray, Green 19.05mm x 12.70mm Rectangular Adhesive - One Side",0.15,4.7633698006616365,1.0,✅ Standard
TP-0177,173-7-240A,Thermal Pad,125.51,1.2,ModuleLED_Nano_7050,0.1252,0.1465,FAIL,3.07,-0.0213,106.65,Wakefield Thermal Solutions,Thermal Pad Gray 19.10mm x 12.70mm Rectangular Adhesive - One Side,0.18,4.840321356426578,1.0,✅ Standard
TP-0188,TG-APC93-20-20-2.0-0,Thermal Pad,81.13,2.0,ModuleLED_Nano_7050,0.1252,0.9797,FAIL,0.0,-0.8545,140.7,t-Global Technology,Thermal Pad Gray 20.00mm x 20.00mm Square,2.01,4.408303357752101,1.0,✅ Standard
TP-0196,TG-A3500-25-25-3.0,Thermal Pad,55.13,3.5,ModuleLED_Nano_7050,0.1252,0.8371,FAIL,0.0,-0.7119,134.74,t-Global Technology,Thermal Pad Yellow 25.00mm x 25.00mm Square Tacky - Both Sides,3.0,4.027670428954108,1.0,✅ Standard
TP-0197,53-77-9ACG,Thermal Pad,142.97,0.9,ModuleLED_Nano_7050,0.1252,0.1627,FAIL,0.0,-0.0375,107.33,"Boyd Laconia, LLC","Thermal Pad Gray, Green 18.42mm x 13.21mm Rectangular Adhesive - One Side",0.15,4.969604944538264,1.0,✅ Standard
TP-0214,TG-A6200-20-20-2.0,Thermal Pad,101.2,6.2,ModuleLED_Nano_7050,0.1252,0.3165,FAIL,0.0,-0.1913,113.56,t-Global Technology,Thermal Pad Blue 20.00mm x 20.00mm Square Tacky - Both Sides,2.01,4.626931677769604,1.0,✅ Standard
TP-0222,SP600-104,Thermal Pad,89.87,1.0,ModuleLED_Nano_7050,0.1252,0.2241,FAIL,0.0,-0.099,109.83,Bergquist,Thermal Pad Green 25.40mm x 19.05mm Rectangular,0.23,4.5094299137072555,1.0,✅ Standard
TP-0228,TG-A1250-15-15-2.0,Thermal Pad,197.75,12.5,ModuleLED_Nano_7050,0.1252,0.1568,FAIL,0.0,-0.0316,107.08,t-Global Technology,Thermal Pad Green 15.00mm x 15.00mm Square,2.01,5.292047753534441,1.0,✅ Standard
TP-0238,SP2000-0.015-00-104,Thermal Pad,100.93,3.5,ModuleLED_Nano_7050,0.1252,0.1058,FAIL,98.72,0.0193,105.02,Bergquist,Thermal Pad White 25.40mm x 19.05mm Rectangular,0.38,4.624286303180321,1.0,✅ Standard
TP-0249,TG-AH486-21-15-13.0-1A,Thermal Pad,161.6,3.2,ModuleLED_Nano_7050,0.1252,3.9546,FAIL,0.0,-3.8295,261.71,t-Global Technology,Thermal Pad Gray 21.00mm x 15.00mm Rectangular Adhesive - One Side,13.0,5.0912931971137105,2.0,❌ Avoid
TP-0255,QB0603B25WYT,Thermal Pad,45749.91,50.0,ModuleLED_Nano_7050,0.1252,0.0012,PASS,100.0,0.124,100.74,KYOCERA AVX,Thermal Pad 1.52mm x 0.76mm Rectangular,0.06,10.730966961216232,3.0,🏭 Industrial
TP-0260,TG-A1250-30-30-0.5,Thermal Pad,60.21,12.5,ModuleLED_Nano_7050,0.1252,0.039,PASS,100.0,0.0862,102.28,t-Global Technology,Thermal Pad Green 30.00mm x 30.00mm Square,0.5,4.114310574862978,1.0,✅ Standard
TP-0273,THJP1225AST1,Thermal Pad,2989.15,259.0,ModuleLED_Nano_7050,0.1252,0.0029,PASS,100.0,0.1223,100.81,Vishay Dale Thin Film,Thermal Pad 3.20mm x 6.40mm Rectangular,0.76,8.003078832350479,3.0,🏭 Industrial
TP-0277,TG-AH486-35-10-7.0-0,Thermal Pad,184.47,3.2,ModuleLED_Nano_7050,0.1252,2.1341,FAIL,0.0,-2.0089,187.55,t-Global Technology,Thermal Pad Gray 35.00mm x 10.00mm Rectangular,7.01,5.222893143901196,2.0,❌ Avoid
TP-0282,HSP-2,Thermal Pad,26.73,2.0,ModuleLED_Nano_7050,0.1252,0.0634,PASS,100.0,0.0618,103.28,Sensata-Crydom,Thermal Pad Black 57.15mm x 44.45mm Rectangular Adhesive - One Side,0.13,3.322514859627687,0.0,🏆 Best Value
TP-0283,TG-A486G-20-20-2.5-0,Thermal Pad,169.77,6.3,ModuleLED_Nano_7050,0.1252,0.3866,FAIL,0.0,-0.2614,116.45,t-Global Technology,Thermal Pad Gray 20.00mm x 20.00mm Square Tacky - Both Sides,2.5,5.140317621899148,1.0,✅ Standard
TP-0287,407150015050,Thermal Pad,325.6,400.0,ModuleLED_Nano_7050,0.1252,0.0122,PASS,100.0,0.1129,101.19,Würth Elektronik,Thermal Pad Black 15.00mm x 15.00mm Square Adhesive - Both Sides,5.0,5.788736180536365,1.0,✅ Standard
TP-0288,407150015030,Thermal Pad,325.6,400.0,ModuleLED_Nano_7050,0.1252,0.0073,PASS,100.0,0.1179,100.99,Würth Elektronik,Thermal Pad Black 15.00mm x 15.00mm Square Adhesive - Both Sides,3.0,5.788736180536365,1.0,✅ Standard
TP-0303,TG-AH486-45-25-6.0-0,Thermal Pad,72.85,3.2,ModuleLED_Nano_7050,0.1252,1.8246,FAIL,0.0,-1.6994,175.01,t-Global Technology,Thermal Pad Gray 45.00mm x 25.00mm Rectangular,5.99,4.302036008977389,2.0,❌ Avoid
TP-0305,407150015200,Thermal Pad,367.22,400.0,ModuleLED_Nano_7050,0.1252,0.0487,PASS,100.0,0.0765,102.68,Würth Elektronik,Thermal Pad Black 15.00mm x 15.00mm Square Adhesive - Both Sides,19.99,5.90868058562906,1.0,✅ Standard
TP-0307,QB0805A40WYT,Thermal Pad,32308.5,100.0,ModuleLED_Nano_7050,0.1252,0.0099,PASS,100.0,0.1152,101.1,KYOCERA AVX,Thermal Pad 2.03mm x 1.27mm Rectangular,1.02,10.38311658361369,3.0,🏭 Industrial
TP-0308,QB0805B40WYT,Thermal Pad,32308.5,100.0,ModuleLED_Nano_7050,0.1252,0.0099,PASS,100.0,0.1152,101.1,KYOCERA AVX,Thermal Pad 2.03mm x 1.27mm Rectangular,1.02,10.38311658361369,3.0,🏭 Industrial
TP-0309,TG-AH486-25-25-9.0-0,Thermal Pad,135.41,3.2,ModuleLED_Nano_7050,0.1252,2.7376,FAIL,0.0,-2.6124,212.3,t-Global Technology,Thermal Pad Gray 25.00mm x 25.00mm Square,8.99,4.915665056505029,2.0,❌ Avoid
TP-0310,407150045015,Thermal Pad,127.36,400.0,ModuleLED_Nano_7050,0.1252,0.0037,PASS,100.0,0.1215,100.84,Würth Elektronik,Thermal Pad Black 45.00mm x 15.00mm Rectangular Adhesive - Both Sides,1.5,4.8548388162416565,1.0,✅ Standard
TP-0319,EAPUS SARCON GR-HM 10.8X10.8X0.5MM,Thermal Pad,816.21,6.0,ModuleLED_Nano_7050,0.1252,0.0812,PASS,100.0,0.044,104.0,ADLINK Technology,"Thermal Interface Products Pad,Type=GR-Hm,Size=10.8x10.8x0.5mm,K=6W/mK,Color=Reddish Gray",0.5,6.7058960997751065,1.0,✅ Standard
TP-0320,EAPUS SARCON XR-Hl 16.5X7.5X2.0MM,Thermal Pad,769.31,1.2,ModuleLED_Nano_7050,0.1252,1.6231,FAIL,0.0,-1.498,166.79,ADLINK Technology,"Thermal Interface Products Pad,Type=XR-HL,Size=16.5x7.5x2.0mm,K=1.2W/mK,Color=Black",2.0,6.646793031229738,2.0,❌ Avoid
TP-0321,EAPUS SARCON XR-Hl 20X10X2.5MM,Thermal Pad,476.01,1.2,ModuleLED_Nano_7050,0.1252,2.0276,FAIL,0.0,-1.9024,183.32,ADLINK Technology,"Thermal Interface Products Pad,Type=XR-HL,Size=20x10x2.5mm,K=1.2W/mK,Color=Black",2.5,6.167537455029179,2.0,❌ Avoid
TP-0322,EAPUS SARCON XR-Hl 35X11X2.5MM,Thermal Pad,247.28,1.2,ModuleLED_Nano_7050,0.1252,2.0302,FAIL,0.0,-1.905,183.34,ADLINK Technology,"Thermal Interface Products Pad,Type=XR-HL,Size=35x11x2.5mm,K=1.2W/mK,Color=Black",2.5,5.514557141545452,2.0,❌ Avoid
TP-0323,EAPUS SARCON XR-Hl 12X14X3.0MM,Thermal Pad,566.68,1.2,ModuleLED_Nano_7050,0.1252,2.4364,FAIL,0.0,-2.3113,199.91,ADLINK Technology,"Thermal Interface Products Pad,Type=XR-HL,Size=12x14x3.0mm,K=1.2W/mK,Color=Black",3.0,6.34155787968116,2.0,❌ Avoid
TP-0325,60-11-5791-1671,Thermal Pad,385.28,2.6,ModuleLED_Nano_7050,0.1252,0.1427,FAIL,6.74,-0.0176,106.5,Parker Chomerics,Thermal Pad White 17.45mm x 14.28mm Rectangular,0.38,5.956562495098717,1.0,✅ Standard
TP-0326,PL-05-3-254,Thermal Pad,150.36,3.0,ModuleLED_Nano_7050,0.1252,0.1624,FAIL,0.0,-0.0373,107.3,Wakefield Thermal,"Thermal Interface Products ulTIMiFlux Gap Pad, Silicone, 0.5mm Thickness, 3 W/m-K, 25.4x25.4mm, Green",0.5,5.019661105303568,1.0,✅ Standard
TP-0328,60-11-8302-1671,Thermal Pad,425.12,2.6,ModuleLED_Nano_7050,0.1252,0.1425,FAIL,6.99,-0.0173,106.51,Parker Chomerics,Thermal Pad White 18.03mm x 12.70mm Rectangular,0.38,6.054720996742997,1.0,✅ Standard
TP-0332,TG-A1250-40-40-0.5,Thermal Pad,61.68,12.5,ModuleLED_Nano_7050,0.1252,0.039,PASS,100.0,0.0862,102.28,t-Global Technology,Thermal Pad Green 40.00mm x 40.00mm Square,0.5,4.13804241748782,1.0,✅ Standard
TP-0334,PL-05-5-254,Thermal Pad,156.58,5.0,ModuleLED_Nano_7050,0.1252,0.0975,PASS,100.0,0.0276,104.67,Wakefield Thermal,"Thermal Interface Products ulTIMiFlux Gap Pad, Silicone, 0.5mm Thickness, 5 W/m-K, 25.4x25.4mm, Gold",0.5,5.059933265817542,1.0,✅ Standard
TP-0335,PL-05-3-254-H,Thermal Pad,157.1,3.0,ModuleLED_Nano_7050,0.1252,0.1623,FAIL,0.0,-0.0372,107.29,Wakefield Thermal,"Thermal Interface Products ulTIMiFlux Gap Pad, Silicone, 0.5mm Thickness, 3 W/m-K, 25.4x25.4mm, Hyper Soft",0.5,5.0632277442154265,1.0,✅ Standard
TP-0338,PL-05-5-254-H,Thermal Pad,162.8,5.0,ModuleLED_Nano_7050,0.1252,0.0974,PASS,100.0,0.0277,104.66,Wakefield Thermal,"Thermal Interface Products ulTIMiFlux Gap Pad, Silicone, 0.5mm Thickness, 5 W/m-K, 25.4x25.4mm, Hyper Soft",0.5,5.098646171418969,1.0,✅ Standard
TP-0340,PL-2-1-254,Thermal Pad,163.84,1.0,ModuleLED_Nano_7050,0.1252,1.949,FAIL,0.0,-1.8239,179.81,Wakefield Thermal,"Thermal Interface Products ulTIMiFlux Gap Pad, Silicone, 2mm Thickness, 1 W/m-K, 25.4x25.4mm, Grey",2.0,5.1049753064706165,2.0,❌ Avoid
TP-0346,PL-2-3-254,Thermal Pad,175.24,3.0,ModuleLED_Nano_7050,0.1252,0.65,FAIL,0.0,-0.5248,127.19,Wakefield Thermal,"Thermal Interface Products ulTIMiFlux Gap Pad, Silicone, 2mm Thickness, 3 W/m-K, 25.4x25.4mm, Green",2.0,5.171846702494088,1.0,✅ Standard
TP-0347,PL-2-3-254-H,Thermal Pad,181.99,3.0,ModuleLED_Nano_7050,0.1252,0.6503,FAIL,0.0,-0.5251,127.18,Wakefield Thermal,"Thermal Interface Products ulTIMiFlux Gap Pad, Silicone, 2mm Thickness, 3 W/m-K, 25.4x25.4mm, Hyper Soft",2.0,5.2094315065395955,1.0,✅ Standard
TP-0348,PL-1-5-254,Thermal Pad,185.1,5.0,ModuleLED_Nano_7050,0.1252,0.1948,FAIL,0.0,-0.0697,108.65,Wakefield Thermal,"Thermal Interface Products ulTIMiFlux Gap Pad, Silicone, 1mm Thickness, 5 W/m-K, 25.4x25.4mm, Gold",1.0,5.226284163648205,1.0,✅ Standard
TP-0352,SP2000-0.015-00-58,Thermal Pad,529.55,3.5,ModuleLED_Nano_7050,0.1252,0.1058,FAIL,98.83,0.0194,105.01,Bergquist,Thermal Pad White 19.05mm x 12.70mm Rectangular,0.38,6.273914204319599,1.0,✅ Standard
TP-0354,TG-A3500-40-40-5.0,Thermal Pad,80.49,3.5,ModuleLED_Nano_7050,0.1252,1.3927,FAIL,0.0,-1.2676,157.41,t-Global Technology,Thermal Pad Yellow 40.00mm x 40.00mm Square Tacky - Both Sides,5.0,4.400480313332128,2.0,❌ Avoid
TP-0372,TG-AH486-100-100-1.0-0,Thermal Pad,15.86,3.2,ModuleLED_Nano_7050,0.1252,0.3046,FAIL,0.0,-0.1795,113.09,t-Global Technology,Thermal Pad Gray 100.00mm x 100.00mm Square,1.0,2.8249439525737094,0.0,🏆 Best Value
TP-0375,PL-2-5-254-H,Thermal Pad,253.54,5.0,ModuleLED_Nano_7050,0.1252,0.3906,FAIL,0.0,-0.2654,116.59,Wakefield Thermal,"Thermal Interface Products ulTIMiFlux Gap Pad, Silicone, 2mm Thickness, 5 W/m-K, 25.4x25.4mm, Hyper Soft",2.0,5.539457994563901,1.0,✅ Standard
TP-0376,TG-A1250-30-30-2.0,Thermal Pad,182.49,12.5,ModuleLED_Nano_7050,0.1252,0.1568,FAIL,0.0,-0.0316,107.07,t-Global Technology,Thermal Pad Green 30.00mm x 30.00mm Square,2.01,5.212160170096862,1.0,✅ Standard
TP-0380,PL-05-1-1016,Thermal Pad,16.79,1.0,ModuleLED_Nano_7050,0.1252,0.4877,FAIL,0.0,-0.3626,120.54,Wakefield Thermal,"Thermal Interface Products ulTIMiFlux Gap Pad, Silicone, 0.5mm Thickness, 1 W/m-K, 101.6x101.6mm, Grey",0.5,2.8786365016777435,1.0,✅ Standard
TP-0381,TG-A1250-25-25-3.0,Thermal Pad,279.91,12.5,ModuleLED_Nano_7050,0.1252,0.234,FAIL,0.0,-0.1088,110.21,t-Global Technology,Thermal Pad Green 25.00mm x 25.00mm Square,3.0,5.638034333334139,1.0,✅ Standard
TP-0384,PL-2-5-254,Thermal Pad,281.01,5.0,ModuleLED_Nano_7050,0.1252,0.3904,FAIL,0.0,-0.2652,116.61,Wakefield Thermal,"Thermal Interface Products ulTIMiFlux Gap Pad, Silicone, 2mm Thickness, 5 W/m-K, 25.4x25.4mm, Gold",2.0,5.641942531302295,1.0,✅ Standard
TP-0386,TG-A1780-25-25-0.5,Thermal Pad,294.36,17.8,ModuleLED_Nano_7050,0.1252,0.0273,PASS,100.0,0.0978,101.81,t-Global Technology,Thermal Pad Gray 25.00mm x 25.00mm Square,0.5,5.688194951314488,1.0,✅ Standard
TP-0393,PL-1-1.5-76X127-15,Thermal Pad,21.88,1.5,ModuleLED_Nano_7050,0.1252,0.6502,FAIL,0.0,-0.525,127.12,Wakefield Thermal,"Thermal Interface Products ulTIMiFlux Gap Pad, Silicone, 1mm Thickness, 1.5 W/mK, 76.2x127mm, Grey",1.0,3.130263166511597,1.0,✅ Standard
TP-0395,4051100100017,Thermal Pad,22.41,1800.0,ModuleLED_Nano_7050,0.1252,0.0,PASS,100.0,0.1251,100.69,Würth Elektronik,Thermal Pad 100.00mm x 100.00mm Square Acrylic,0.04,3.1531632815028194,0.0,🏆 Best Value
TP-0396,TG-A1250-40-40-1.5,Thermal Pad,143.21,12.5,ModuleLED_Nano_7050,0.1252,0.1172,FAIL,78.45,0.008,105.45,t-Global Technology,Thermal Pad Green 40.00mm x 40.00mm Square,1.5,4.971270570573979,1.0,✅ Standard
TP-0397,PL-1-1-1016,Thermal Pad,22.42,1.0,ModuleLED_Nano_7050,0.1252,0.9754,FAIL,0.0,-0.8502,140.4,Wakefield Thermal,"Thermal Interface Products ulTIMiFlux Gap Pad, Silicone, 1mm Thickness, 1 W/m-K, 101.6x101.6mm, Grey",1.0,3.1535903581695712,1.0,✅ Standard
TP-0399,COH-1706-200-05,Thermal Pad,5.81,1.7,ModuleLED_Nano_7050,0.1252,0.2929,FAIL,0.0,-0.1677,112.62,Taica North America Corporation,Thermal Pad Gray 200.00mm x 200.00mm Square Tacky - Both Sides,0.51,1.918392120161421,0.0,🏆 Best Value
TP-0407,SoftFlex-B016-20-01-0762-0762,Thermal Pad,44.07,1.6,ModuleLED_Nano_7050,0.1252,1.217,FAIL,0.0,-1.0918,150.34,Aavid,"Thermal Interface Products SoftFlex Pad, 1.6 W/mK Conductivity, 2mm Thick, 1-Side Adhesive, 76.2x76.2mm",2.0,3.808216836702557,1.0,✅ Standard
TP-0409,TG-A1780-30-30-0.5,Thermal Pad,288.41,17.8,ModuleLED_Nano_7050,0.1252,0.0274,PASS,100.0,0.0978,101.81,t-Global Technology,Thermal Pad Gray 30.00mm x 30.00mm Square,0.5,5.667844367850572,1.0,✅ Standard
TP-0413,TG-A6200F-100-100-0.5,Thermal Pad,28.2,5.0,ModuleLED_Nano_7050,0.1252,0.0973,PASS,100.0,0.0279,104.66,t-Global Technology,Thermal Pad Blue 100.00mm x 100.00mm Square Tacky - One Side,0.5,3.374168709274236,0.0,🏆 Best Value
TP-0423,SP2000-0.015-00-54,Thermal Pad,1349.4,3.5,ModuleLED_Nano_7050,0.1252,0.1058,FAIL,98.94,0.0193,105.01,Bergquist,Thermal Pad White 19.05mm x 12.70mm Rectangular,0.38,7.208156123841693,1.0,✅ Standard
TP-0424,PL-05-5-1016,Thermal Pad,31.79,5.0,ModuleLED_Nano_7050,0.1252,0.0975,PASS,100.0,0.0276,104.67,Wakefield Thermal,"Thermal Interface Products ulTIMiFlux Gap Pad, Silicone, 0.5mm Thickness, 5 W/m-K, 101.6x101.6mm, Gold",0.5,3.4901235908565567,1.0,✅ Standard
TP-0425,GP1500-0.080-02-0404,Thermal Pad,33.77,1.5,ModuleLED_Nano_7050,0.1252,1.3202,FAIL,0.0,-1.195,154.62,Bergquist,Thermal Pad Black 101.60mm x 101.60mm Square Tacky - Both Sides,2.03,3.5487549460197703,2.0,❌ Avoid
TP-0426,PL-05-3-1016-H,Thermal Pad,35.09,3.0,ModuleLED_Nano_7050,0.1252,0.1623,FAIL,0.0,-0.0371,107.31,Wakefield Thermal,"Thermal Interface Products ulTIMiFlux Gap Pad, Silicone, 0.5mm Thick, 3 W/m-K, 101.6x101.6mm, Hyper Soft",0.5,3.586015818654697,1.0,✅ Standard
TP-0429,PLF-1-1-76X127-40,Thermal Pad,38.19,1.0,ModuleLED_Nano_7050,0.1252,0.9748,FAIL,0.0,-0.8496,140.44,Wakefield Thermal,"Thermal Interface Products ulTIMiFlux Gap Pad, Silicone-Free, 1mm Thickness, 1 W/m-K, 76x127mm, White",1.0,3.66842161221154,1.0,✅ Standard
TP-0433,PL-1-3-76X127-30,Thermal Pad,39.27,3.0,ModuleLED_Nano_7050,0.1252,0.3248,FAIL,0.0,-0.1997,113.93,Wakefield Thermal,"Thermal Interface Products ulTIMiFlux Gap Pad, Silicone, 1mm Thickness, 3 W/m-K, 76.2x127mm, Blue",1.0,3.695606774863363,1.0,✅ Standard
TP-0435,TG-A6200-100-100-1.0,Thermal Pad,39.0,6.2,ModuleLED_Nano_7050,0.1252,0.1573,FAIL,0.0,-0.0322,107.11,t-Global Technology,Thermal Pad Blue 100.00mm x 100.00mm Square Tacky - Both Sides,1.0,3.6888794541139363,1.0,✅ Standard
TP-0437,TG-A1780-40-40-0.5,Thermal Pad,247.32,17.8,ModuleLED_Nano_7050,0.1252,0.0274,PASS,100.0,0.0978,101.81,t-Global Technology,Thermal Pad Gray 40.00mm x 40.00mm Square,0.5,5.514718236994854,1.0,✅ Standard
TP-0443,GP1500-0.020-02-0404,Thermal Pad,40.18,1.5,ModuleLED_Nano_7050,0.1252,0.3317,FAIL,0.0,-0.2066,114.17,Bergquist,Thermal Pad Black 101.60mm x 101.60mm Square Tacky - Both Sides,0.51,3.717952701599643,1.0,✅ Standard
TP-0445,PL-1-3-1016-H,Thermal Pad,41.09,3.0,ModuleLED_Nano_7050,0.1252,0.3252,FAIL,0.0,-0.2,113.94,Wakefield Thermal,"Thermal Interface Products ulTIMiFlux Gap Pad, Silicone, 1mm Thickness, 3 W/m-K, 101.6x101.6mm, Hyper Soft",1.0,3.7398101827824792,1.0,✅ Standard
TP-0446,PL-2-1-1016,Thermal Pad,41.35,1.0,ModuleLED_Nano_7050,0.1252,1.9489,FAIL,0.0,-1.8237,180.14,Wakefield Thermal,"Thermal Interface Products ulTIMiFlux Gap Pad, Silicone, 2mm Thickness, 1 W/m-K, 101.6x101.6mm, Grey",2.0,3.7459684210980635,2.0,❌ Avoid
TP-0447,QB0603A25WYT,Thermal Pad,370632.22,50.0,ModuleLED_Nano_7050,0.1252,0.0012,PASS,100.0,0.124,100.74,KYOCERA AVX,Thermal Pad 1.52mm x 0.76mm Rectangular,0.06,12.82296822724029,3.0,🏭 Industrial
TP-0455,PL-05-5-1016-H,Thermal Pad,43.52,5.0,ModuleLED_Nano_7050,0.1252,0.0975,PASS,100.0,0.0277,104.66,Wakefield Thermal,"Thermal Interface Products ulTIMiFlux Gap Pad, Silicone, 0.5mm Thick, 5 W/m-K, 101.6x101.6mm, Hyper Soft",0.5,3.795938526407344,1.0,✅ Standard
TP-0456,A18197-05,Thermal Pad,8.71,5.3,ModuleLED_Nano_7050,0.1252,0.0221,PASS,100.0,0.1031,101.59,Laird Technologies - Thermal Materials,Thermal Pad Gray 228.60mm x 228.60mm Square Tacky - Both Sides,0.12,2.2731562823032334,0.0,🏆 Best Value
TP-0460,69-13-42348-T412,Thermal Pad,615.67,1.4,ModuleLED_Nano_7050,0.1252,0.1599,FAIL,0.0,-0.0348,107.22,Parker Chomerics,Thermal Pad Gray 28.00mm x 28.00mm Square Adhesive - Both Sides,0.23,6.424334034795057,1.0,✅ Standard
TP-0465,T62-310-310-0.13,Thermal Pad,5.25,20.0,ModuleLED_Nano_7050,0.1252,0.0063,PASS,100.0,0.1188,100.95,t-Global Technology,Thermal Pad Black 310.00mm x 310.00mm Square,0.13,1.8325814637483102,0.0,🏆 Best Value
TP-0471,A18197-08,Thermal Pad,9.86,5.3,ModuleLED_Nano_7050,0.1252,0.0368,PASS,100.0,0.0884,102.19,Laird Technologies - Thermal Materials,Thermal Pad Gray 228.60mm x 228.60mm Square Tacky - Both Sides,0.2,2.3850863145057892,0.0,🏆 Best Value
TP-0476,TG-A6200-150-150-0.5,Thermal Pad,23.74,6.2,ModuleLED_Nano_7050,0.1252,0.0787,PASS,100.0,0.0465,103.9,t-Global Technology,Thermal Pad Blue 150.00mm x 150.00mm Square Tacky - Both Sides,0.5,3.208421366964342,0.0,🏆 Best Value
TP-0482,A18197-10,Thermal Pad,10.66,5.3,ModuleLED_Nano_7050,0.1252,0.046,PASS,100.0,0.0791,102.56,Laird Technologies - Thermal Materials,Thermal Pad Gray 228.60mm x 228.60mm Square Tacky - Both Sides,0.25,2.4561641809223462,0.0,🏆 Best Value
TP-0483,A17916-08,Thermal Pad,10.67,2.0,ModuleLED_Nano_7050,0.1252,0.9903,FAIL,0.0,-0.8651,141.03,Laird Technologies - Thermal Materials,Thermal Pad Gray 228.60mm x 228.60mm Square Tacky - Both Sides,2.03,2.4570214462984645,1.0,✅ Standard
TP-0486,BP100-0.005-00-1112,Thermal Pad,6.65,0.8,ModuleLED_Nano_7050,0.1252,0.1583,FAIL,0.0,-0.0331,107.15,Bergquist,Thermal Pad White 304.80mm x 279.40mm Rectangular Adhesive - Both Sides,0.13,2.0347056478384444,0.0,🏆 Best Value
TP-0492,PL-2-3-1016-H,Thermal Pad,57.1,3.0,ModuleLED_Nano_7050,0.1252,0.6492,FAIL,0.0,-0.5241,127.1,Wakefield Thermal,"Thermal Interface Products ulTIMiFlux Gap Pad, Silicone, 2mm Thickness, 3 W/m-K, 101.6x101.6mm, Hyper Soft",2.0,4.062165663857866,1.0,✅ Standard
TP-0495,T62-1-310-310-0.16,Thermal Pad,6.15,15.0,ModuleLED_Nano_7050,0.1252,0.0104,PASS,100.0,0.1148,101.12,t-Global Technology,Thermal Pad Black 310.00mm x 310.00mm Square Adhesive - One Side,0.16,1.9671123567059163,0.0,🏆 Best Value
TP-0502,PL-1-5-76X127-60,Thermal Pad,65.47,5.0,ModuleLED_Nano_7050,0.1252,0.1953,FAIL,0.0,-0.0701,108.64,Wakefield Thermal,"Thermal Interface Products ulTIMiFlux Gap Pad, Silicone, 1mm Thickness, 5 W/m-K, 76.2x127mm, Brown",1.0,4.19675071805349,1.0,✅ Standard
TP-0509,GP1500-0.040-02-0404,Thermal Pad,66.2,1.5,ModuleLED_Nano_7050,0.1252,0.6624,FAIL,0.0,-0.5373,127.64,Bergquist,Thermal Pad Black 101.60mm x 101.60mm Square Tacky - Both Sides,1.02,4.207673247529104,1.0,✅ Standard
TP-0510,PLF-1-3-76X127-70,Thermal Pad,71.04,3.0,ModuleLED_Nano_7050,0.1252,0.3246,FAIL,0.0,-0.1995,113.95,Wakefield Thermal,"Thermal Interface Products ulTIMiFlux Gap Pad, Silicone-Free, 1mm Thickness, 3 W/m-K, 76x127mm, White",1.0,4.277221520307755,1.0,✅ Standard
TP-0520,GT10D-300-300-0.25-1A,Thermal Pad,7.83,1.5,ModuleLED_Nano_7050,0.1252,0.1624,FAIL,0.0,-0.0372,107.32,t-Global Technology,Thermal Pad Pink 300.00mm x 300.00mm Square Adhesive - One Side,0.25,2.178155014615869,0.0,🏆 Best Value
TP-0522,SF400-505005,Thermal Pad,289.54,2.5,ModuleLED_Nano_7050,0.1252,0.1952,FAIL,0.0,-0.0701,108.64,Same Sky (Formerly CUI Devices),Thermal Pad Gray 50.00mm x 50.00mm Square Tacky - Both Sides,0.5,5.671741260444738,1.0,✅ Standard
TP-0524,A18197-16,Thermal Pad,14.0,5.3,ModuleLED_Nano_7050,0.1252,0.0756,PASS,100.0,0.0496,103.76,Laird Technologies - Thermal Materials,Thermal Pad Gray 228.60mm x 228.60mm Square Tacky - Both Sides,0.41,2.70805020110221,0.0,🏆 Best Value
TP-0527,GPVOUS-0.020-01-0816,Thermal Pad,8.95,1.0,ModuleLED_Nano_7050,0.1252,0.4967,FAIL,0.0,-0.3715,120.95,Bergquist,Thermal Pad Pink 406.40mm x 203.20mm Rectangular Tacky - One Side,0.51,2.2975725511705014,0.0,🏆 Best Value
TP-0531,A17733-04,Thermal Pad,14.33,1.2,ModuleLED_Nano_7050,0.1252,0.8279,FAIL,0.0,-0.7028,134.4,Laird Technologies - Thermal Materials,Thermal Pad Yellow 228.60mm x 228.60mm Square Adhesive - One Side,1.02,2.7298116928837226,1.0,✅ Standard
TP-0533,2191342,Thermal Pad,8.43,0.9,ModuleLED_Nano_7050,0.1252,0.1625,FAIL,0.0,-0.0374,107.3,Bergquist,Thermal Pad Gray 304.80mm x 292.10mm Rectangular,0.15,2.2438960966453663,0.0,🏆 Best Value
TP-0535,TG-A1250-125-125-0.5,Thermal Pad,48.51,12.5,ModuleLED_Nano_7050,0.1252,0.039,PASS,100.0,0.0861,102.28,t-Global Technology,Thermal Pad Green 125.00mm x 125.00mm Square,0.5,3.9021746693733315,1.0,✅ Standard
TP-0538,A18172-16,Thermal Pad,14.75,7.5,ModuleLED_Nano_7050,0.1252,0.052,PASS,100.0,0.0731,102.81,Laird Technologies - Thermal Materials,Thermal Pad Gray 228.60mm x 228.60mm Square Tacky - Both Sides,0.4,2.7568403652716422,0.0,🏆 Best Value
TP-0544,69-12-42355-1674,Thermal Pad,18.99,1.0,ModuleLED_Nano_7050,0.1252,0.2439,FAIL,0.0,-0.1188,110.61,Parker Chomerics,Thermal Pad Blue 203.20mm x 203.20mm Square Adhesive - One Side,0.25,2.995232148512309,0.0,🏆 Best Value
TP-0546,TG-A6200-100-100-2.5,Thermal Pad,78.67,6.2,ModuleLED_Nano_7050,0.1252,0.3933,FAIL,0.0,-0.2681,116.71,t-Global Technology,Thermal Pad Blue 100.00mm x 100.00mm Square Tacky - Both Sides,2.5,4.3778931033922746,1.0,✅ Standard
TP-0554,PL-1-6-76X127-60,Thermal Pad,83.78,6.0,ModuleLED_Nano_7050,0.1252,0.1623,FAIL,0.0,-0.0372,107.31,Wakefield Thermal,"Thermal Interface Products ulTIMiFlux Gap Pad, Silicone, 1mm Thickness, 6 W/mK, 76.2x127mm, Grey",1.0,4.440059665924491,1.0,✅ Standard
TP-0555,GP1500-0.040-02-0816,Thermal Pad,9.85,1.5,ModuleLED_Nano_7050,0.1252,0.6627,FAIL,0.0,-0.5375,127.69,Bergquist,Thermal Pad Black 406.40mm x 203.20mm Rectangular Tacky - Both Sides,1.02,2.3841650799864684,0.0,🏆 Best Value
TP-0558,GPVOUS-0.040-01-0816,Thermal Pad,10.0,1.0,ModuleLED_Nano_7050,0.1252,0.9952,FAIL,0.0,-0.8701,141.23,Bergquist,Thermal Pad Pink 406.40mm x 203.20mm Rectangular Tacky - One Side,1.02,2.3978952727983707,1.0,✅ Standard
TP-0565,A18172-05,Thermal Pad,16.03,7.5,ModuleLED_Nano_7050,0.1252,0.0156,PASS,100.0,0.1096,101.33,Laird Technologies - Thermal Materials,Thermal Pad Gray 228.60mm x 228.60mm Square Tacky - Both Sides,0.12,2.834976494674597,0.0,🏆 Best Value
TP-0566,TG-A6200-150-150-1.0,Thermal Pad,37.27,6.2,ModuleLED_Nano_7050,0.1252,0.1573,FAIL,0.0,-0.0321,107.1,t-Global Technology,Thermal Pad Blue 150.00mm x 150.00mm Square Tacky - Both Sides,1.0,3.644666299437611,1.0,✅ Standard
TP-0570,A15993-00,Thermal Pad,16.3,3.0,ModuleLED_Nano_7050,0.1252,0.1657,FAIL,0.0,-0.0406,107.45,Laird Technologies - Thermal Materials,Thermal Pad Gray 228.60mm x 228.60mm Square Tacky - Both Sides,0.51,2.8507065015037334,0.0,🏆 Best Value
TP-0578,A18172-10,Thermal Pad,17.04,7.5,ModuleLED_Nano_7050,0.1252,0.0325,PASS,100.0,0.0926,102.01,Laird Technologies - Thermal Materials,Thermal Pad Gray 228.60mm x 228.60mm Square Tacky - Both Sides,0.25,2.8925915146344776,0.0,🏆 Best Value
TP-0583,PL-1-5-1016-H,Thermal Pad,87.98,5.0,ModuleLED_Nano_7050,0.1252,0.195,FAIL,0.0,-0.0699,108.63,Wakefield Thermal,"Thermal Interface Products ulTIMiFlux Gap Pad, Silicone, 1mm Thickness, 5 W/m-K, 101.6x101.6mm, Hyper Soft",1.0,4.488411625377895,1.0,✅ Standard
TP-0586,TG-A1250-100-100-1.0,Thermal Pad,92.89,12.5,ModuleLED_Nano_7050,0.1252,0.0781,PASS,100.0,0.047,103.88,t-Global Technology,Thermal Pad Green 100.00mm x 100.00mm Square,1.0,4.542123884270456,1.0,✅ Standard
TP-0592,PLX-1-6-76X127-48,Thermal Pad,97.73,6.0,ModuleLED_Nano_7050,0.1252,0.1625,FAIL,0.0,-0.0374,107.29,Wakefield Thermal,"Thermal Interface Products ulTIMiFlux Gap Pad, Silicone, 1mm Thickness, 6 W/mK, 76x127mm, Grey",1.0,4.592388851623358,1.0,✅ Standard
TP-0595,BP100-0.011-00-1010,Thermal Pad,14.71,0.8,ModuleLED_Nano_7050,0.1252,0.3412,FAIL,0.0,-0.216,114.6,Bergquist,Thermal Pad White 254.00mm x 254.00mm Square Adhesive - Both Sides,0.28,2.75429745226753,0.0,🏆 Best Value
TP-0600,PL-1-5-1016,Thermal Pad,94.2,5.0,ModuleLED_Nano_7050,0.1252,0.1951,FAIL,0.0,-0.0699,108.62,Wakefield Thermal,"Thermal Interface Products ulTIMiFlux Gap Pad, Silicone, 1mm Thickness, 5 W/m-K, 101.6x101.6mm, Gold",1.0,4.55597994179732,1.0,✅ Standard
TP-0601,PL-1-5-1016-H,Thermal Pad,94.23,5.0,ModuleLED_Nano_7050,0.1252,0.1931,FAIL,0.0,-0.068,108.56,Wakefield Thermal Solutions,Thermal Pad Gold 101.60mm x 101.60mm Square Tacky - One Side,0.99,4.5562950182059545,1.0,✅ Standard
TP-0605,GP1500R-0.020-02-0816,Thermal Pad,12.05,1.5,ModuleLED_Nano_7050,0.1252,0.3314,FAIL,0.0,-0.2062,114.22,Bergquist,Thermal Pad Black 406.40mm x 203.20mm Rectangular Tacky - Both Sides,0.51,2.5687881337687024,0.0,🏆 Best Value
TP-0608,4051210297017,Thermal Pad,15.99,1800.0,ModuleLED_Nano_7050,0.1252,0.0,PASS,100.0,0.1251,100.69,Würth Elektronik,Thermal Pad 297.00mm x 210.00mm Rectangular Acrylic,0.04,2.8326249356838407,0.0,🏆 Best Value
TP-0614,BP100-0.008-00-1010,Thermal Pad,15.64,0.8,ModuleLED_Nano_7050,0.1252,0.2438,FAIL,0.0,-0.1187,110.64,Bergquist,Thermal Pad White 254.00mm x 254.00mm Square Adhesive - Both Sides,0.2,2.8118094353930627,0.0,🏆 Best Value
TP-0620,2191191,Thermal Pad,12.56,1.0,ModuleLED_Nano_7050,0.1252,1.4839,FAIL,0.0,-1.3587,160.95,Bergquist,Thermal Pad Pink 406.40mm x 203.20mm Rectangular Tacky - One Side,1.52,2.6071242825122494,2.0,❌ Avoid
TP-0624,69-13-42350-T412,Thermal Pad,45.12,1.4,ModuleLED_Nano_7050,0.1252,0.1599,FAIL,0.0,-0.0348,107.21,Parker Chomerics,Thermal Pad Gray 152.40mm x 152.40mm Square Adhesive - Both Sides,0.23,3.8312466954008584,1.0,✅ Standard
TP-0625,A14556-01,Thermal Pad,20.11,2.8,ModuleLED_Nano_7050,0.1252,0.1779,FAIL,0.0,-0.0527,107.94,Laird Technologies - Thermal Materials,Thermal Pad Blue 228.60mm x 228.60mm Square Tacky - Both Sides,0.51,3.0497468618602293,0.0,🏆 Best Value
TP-0632,A17690-02,Thermal Pad,20.66,5.0,ModuleLED_Nano_7050,0.1252,0.0994,PASS,100.0,0.0257,104.75,Laird Technologies - Thermal Materials,Thermal Pad Pink 228.60mm x 228.60mm Square Tacky - One Side,0.51,3.0754672415728446,0.0,🏆 Best Value
TP-0633,PLX-1-7-76X127-68,Thermal Pad,112.15,7.0,ModuleLED_Nano_7050,0.1252,0.1392,FAIL,12.08,-0.014,106.37,Wakefield Thermal,"Thermal Interface Products ulTIMiFlux Gap Pad, Silicone, 1mm Thickness, 7 W/mK, 76x127mm, Grey",1.0,4.728714372079547,1.0,✅ Standard
TP-0639,SPK10-0.006-00-11.512,Thermal Pad,12.48,1.3,ModuleLED_Nano_7050,0.1252,0.1124,FAIL,89.67,0.0127,105.28,Bergquist,Thermal Pad Beige 304.80mm x 292.10mm Rectangular,0.15,2.601207105484161,0.0,🏆 Best Value
TP-0653,A10464-07,Thermal Pad,4.17,5.0,ModuleLED_Nano_7050,0.1252,0.0995,PASS,100.0,0.0257,104.74,Laird Technologies - Thermal Materials,Thermal Pad Gray 609.60mm x 457.20mm Rectangular,0.51,1.6428726885203377,0.0,🏆 Best Value
TP-0662,COH-4065LVC-200-10,Thermal Pad,30.3,2.2,ModuleLED_Nano_7050,0.1252,0.4391,FAIL,0.0,-0.3139,118.57,Taica North America Corporation,Thermal Pad Reddish Brown 200.00mm x 200.00mm Square Tacky - Both Sides,0.99,3.4436180975461075,1.0,✅ Standard
TP-0664,GP1500-0.080-02-0816,Thermal Pad,14.69,1.5,ModuleLED_Nano_7050,0.1252,1.3184,FAIL,0.0,-1.1933,154.41,Bergquist,Thermal Pad Black 406.40mm x 203.20mm Rectangular Tacky - Both Sides,2.03,2.753023566744941,2.0,❌ Avoid
TP-0665,PLX-1-1.5-210X310-40,Thermal Pad,18.75,1.5,ModuleLED_Nano_7050,0.1252,0.6499,FAIL,0.0,-0.5248,127.13,Wakefield Thermal,"Thermal Interface Products ulTIMiFlux Gap Pad, Silicone, 1mm Thickness, 1.5 W/mK, 210x310mm, White",1.0,2.9831534913471307,1.0,✅ Standard
TP-0669,TG-A486G-150-150-1.0-1A,Thermal Pad,55.51,6.3,ModuleLED_Nano_7050,0.1252,0.1549,FAIL,0.0,-0.0297,107.02,t-Global Technology,Thermal Pad Gray 150.00mm x 150.00mm Square Adhesive - One Side,1.0,4.034417613641752,1.0,✅ Standard
TP-0671,SP900S-0.009-AC-1212,Thermal Pad,13.65,1.6,ModuleLED_Nano_7050,0.1252,0.1402,FAIL,9.91,-0.015,106.41,Bergquist,Thermal Pad Pink 304.80mm x 304.80mm Square Adhesive - One Side,0.23,2.6844403354630764,0.0,🏆 Best Value
TP-0687,A17653-03,Thermal Pad,25.85,5.0,ModuleLED_Nano_7050,0.1252,0.1482,FAIL,1.54,-0.023,106.72,Laird Technologies - Thermal Materials,Thermal Pad Pink 228.60mm x 228.60mm Square Tacky - Both Sides,0.76,3.2902658209548736,0.0,🏆 Best Value
TP-0693,PLX-1-2-210X310-80,Thermal Pad,21.0,2.0,ModuleLED_Nano_7050,0.1252,0.4874,FAIL,0.0,-0.3622,120.53,Wakefield Thermal,"Thermal Interface Products ulTIMiFlux Gap Pad, Silicone, 1mm Thickness, 2 W/mK, 210x310mm, Grey",1.0,3.091042453358316,1.0,✅ Standard
TP-0698,PL-1-8-76X127-50,Thermal Pad,142.3,8.0,ModuleLED_Nano_7050,0.1252,0.122,FAIL,62.99,0.0032,105.66,Wakefield Thermal,"Thermal Interface Products ulTIMiFlux Gap Pad, Silicone, 1mm Thickness, 8 W/mK, 76.2x127mm, Grey",1.0,4.964940334834126,1.0,✅ Standard
TP-0704,PL-2-5-1016-H,Thermal Pad,137.65,5.0,ModuleLED_Nano_7050,0.1252,0.3905,FAIL,0.0,-0.2653,116.58,Wakefield Thermal,"Thermal Interface Products ulTIMiFlux Gap Pad, Silicone, 2mm Thickness, 5 W/m-K, 101.6x101.6mm, Hyper Soft",2.0,4.931952772061787,1.0,✅ Standard
TP-0722,2165804,Thermal Pad,16.64,1.3,ModuleLED_Nano_7050,0.1252,0.1125,FAIL,89.94,0.0126,105.26,Bergquist,Thermal Pad Beige 304.80mm x 292.10mm Rectangular Adhesive - One Side,0.15,2.8701690505786455,0.0,🏆 Best Value
TP-0725,5549S-05,Thermal Pad,45.7,3.5,ModuleLED_Nano_7050,0.1252,0.1391,FAIL,11.82,-0.0139,106.36,3M,Thermal Pad Gray 210.00mm x 155.00mm Rectangular Tacky - One Side,0.5,3.8437441646748516,1.0,✅ Standard
TP-0731,61-02-0909-G579,Thermal Pad,28.89,3.0,ModuleLED_Nano_7050,0.1252,0.1658,FAIL,0.0,-0.0406,107.43,Parker Chomerics,Thermal Pad Pink 228.60mm x 228.60mm Square,0.51,3.3975239762958465,1.0,✅ Standard
TP-0733,A18330-04,Thermal Pad,158.24,34.0,ModuleLED_Nano_7050,0.1252,0.0287,PASS,100.0,0.0964,101.86,Laird Technologies - Thermal Materials,Thermal Pad Gray 127.00mm x 76.00mm Rectangular,1.0,5.070412498132116,1.0,✅ Standard
TP-0742,PLX-1-8-76x127-40,Thermal Pad,163.37,8.0,ModuleLED_Nano_7050,0.1252,0.1217,FAIL,64.72,0.0035,105.63,Wakefield Thermal,"Thermal Interface Products ulTIMiFlux Gap Pad, Silicone, 1mm Thickness, 8 W/mK, 76x127mm, Grey",1.0,5.102119984218434,1.0,✅ Standard
TP-0746,TG-APC94-150-150-2.0-0,Thermal Pad,71.08,4.0,ModuleLED_Nano_7050,0.1252,0.4893,FAIL,0.0,-0.3642,120.63,t-Global Technology,Thermal Pad Red 150.00mm x 150.00mm Square,2.01,4.277776613300082,1.0,✅ Standard
TP-0752,A15340-01,Thermal Pad,31.27,1.2,ModuleLED_Nano_7050,0.1252,4.1276,FAIL,0.0,-4.0024,268.58,Laird Technologies - Thermal Materials,Thermal Pad Green 228.60mm x 228.60mm Square,5.08,3.4741380060638702,2.0,❌ Avoid
TP-0757,A10832-02,Thermal Pad,31.86,2.2,ModuleLED_Nano_7050,0.1252,0.1107,FAIL,93.23,0.0145,105.2,Laird Technologies - Thermal Materials,Thermal Pad Yellow 228.60mm x 228.60mm Square Tacky - Both Sides,0.25,3.492256112609122,1.0,✅ Standard
TP-0760,GP1500-0.125-02-0816,Thermal Pad,20.41,1.5,ModuleLED_Nano_7050,0.1252,2.0693,FAIL,0.0,-1.9441,184.85,Bergquist,Thermal Pad Black 406.40mm x 203.20mm Rectangular Tacky - Both Sides,3.18,3.0638581026015914,2.0,❌ Avoid
TP-0761,A10464-10,Thermal Pad,6.06,5.0,ModuleLED_Nano_7050,0.1252,0.0994,PASS,100.0,0.0258,104.74,Laird Technologies - Thermal Materials,Thermal Pad Gray 609.60mm x 457.20mm Rectangular Adhesive - One Side,0.51,1.9544450515051506,0.0,🏆 Best Value
TP-0769,5583S 210 MM X 300 MM X 2.0 MM,Thermal Pad,27.48,1.0,ModuleLED_Nano_7050,0.1252,1.96,FAIL,0.0,-1.8349,180.5,3M,Thermal Pad White 300.00mm x 210.00mm Rectangular Tacky - One Side,2.01,3.349202086543775,2.0,❌ Avoid
TP-0774,A18213-02,Thermal Pad,33.08,10.0,ModuleLED_Nano_7050,0.1252,0.0488,PASS,100.0,0.0764,102.68,Laird Technologies - Thermal Materials,Thermal Pad Gray 229.00mm x 229.00mm Square,0.5,3.528710701961115,1.0,✅ Standard
TP-0778,TG-A1450-100-100-1.0,Thermal Pad,175.38,14.5,ModuleLED_Nano_7050,0.1252,0.0672,PASS,100.0,0.058,103.43,t-Global Technology,Thermal Pad Red 100.00mm x 100.00mm Square,1.0,5.172640758460035,1.0,✅ Standard
TP-0781,A17653-04,Thermal Pad,33.8,5.0,ModuleLED_Nano_7050,0.1252,0.1991,FAIL,0.0,-0.074,108.82,Laird Technologies - Thermal Materials,Thermal Pad Pink 228.60mm x 228.60mm Square Tacky - Both Sides,1.02,3.5496173867804286,1.0,✅ Standard
TP-0782,TG-A1250-100-100-2.0,Thermal Pad,176.71,12.5,ModuleLED_Nano_7050,0.1252,0.1567,FAIL,0.0,-0.0316,107.09,t-Global Technology,Thermal Pad Green 100.00mm x 100.00mm Square,2.01,5.1801530081973945,1.0,✅ Standard
TP-0785,A10092-01,Thermal Pad,42.98,6.0,ModuleLED_Nano_7050,0.1252,0.0407,PASS,100.0,0.0845,102.35,Laird Technologies - Thermal Materials,Thermal Pad Pink 203.20mm x 203.20mm Square,0.25,3.783734985126615,1.0,✅ Standard
TP-0788,TGP 40000SF-0.020-00-0406,Thermal Pad,74202.27,40.0,ModuleLED_Nano_7050,0.1252,0.0124,PASS,100.0,0.1127,101.2,Bergquist Company,"Thermal Interface Products GAP PAD, Sil-Free, 40W/m-K, 4x6"" Sheet, 0.020"" Thickness, Thermexit, IDH 2972783",0.51,11.214563498265276,3.0,🏭 Industrial
TP-0791,A15340-03,Thermal Pad,34.17,1.2,ModuleLED_Nano_7050,0.1252,4.1275,FAIL,0.0,-4.0024,268.43,Laird Technologies - Thermal Materials,Thermal Pad Green 228.60mm x 228.60mm Square Tacky - One Side,5.08,3.5601934464858913,2.0,❌ Avoid
TP-0794,A16367-02,Thermal Pad,36.57,2.8,ModuleLED_Nano_7050,0.1252,0.1777,FAIL,0.0,-0.0525,107.93,Laird Technologies - Thermal Materials,Thermal Pad Pink 228.60mm x 215.90mm Rectangular Tacky - One Side,0.51,3.6262058595858777,1.0,✅ Standard
TP-0800,5519 210 MM X 155 MM X 1.0 MM,Thermal Pad,56.45,4.9,ModuleLED_Nano_7050,0.1252,0.1967,FAIL,0.0,-0.0715,108.71,3M,Thermal Pad Gray 210.00mm x 155.00mm Rectangular Tacky - Both Sides,0.99,4.050915004294764,1.0,✅ Standard
TP-0806,GP1000SF-0.020-02-0816,Thermal Pad,22.44,0.9,ModuleLED_Nano_7050,0.1252,0.5523,FAIL,0.0,-0.4272,123.21,Bergquist,Thermal Pad Green 406.40mm x 203.20mm Rectangular Tacky - Both Sides,0.51,3.154443964708812,1.0,✅ Standard
TP-0816,TG-A1660-125-125-0.5,Thermal Pad,121.49,16.6,ModuleLED_Nano_7050,0.1252,0.03,PASS,100.0,0.0952,101.91,t-Global Technology,Thermal Pad Gray 125.00mm x 125.00mm Square,0.51,4.808029393999594,1.0,✅ Standard
TP-0820,TG-A486G-150-150-2.0-1A,Thermal Pad,84.71,6.3,ModuleLED_Nano_7050,0.1252,0.3111,FAIL,0.0,-0.1859,113.38,t-Global Technology,Thermal Pad Gray 150.00mm x 150.00mm Square Adhesive - One Side,2.01,4.450969504910791,1.0,✅ Standard
TP-0826,A17690-04,Thermal Pad,36.98,5.0,ModuleLED_Nano_7050,0.1252,0.1989,FAIL,0.0,-0.0738,108.77,Laird Technologies - Thermal Materials,Thermal Pad Pink 228.60mm x 228.60mm Square Tacky - One Side,1.02,3.63705970538414,1.0,✅ Standard
TP-0833,62-02-0909-A579,Thermal Pad,37.77,3.0,ModuleLED_Nano_7050,0.1252,0.1658,FAIL,0.0,-0.0406,107.44,Parker Chomerics,Thermal Pad Pink 228.60mm x 228.60mm Square Adhesive - One Side,0.51,3.657646751682838,1.0,✅ Standard
TP-0840,A18238-02,Thermal Pad,38.05,10.0,ModuleLED_Nano_7050,0.1252,0.0498,PASS,100.0,0.0754,102.72,Laird Technologies - Thermal Materials,Thermal Pad Gray 229.00mm x 229.00mm Square Tacky - One Side,0.51,3.664842876285695,1.0,✅ Standard
TP-0842,TG-A1250-150-150-1.0,Thermal Pad,88.75,12.5,ModuleLED_Nano_7050,0.1252,0.0779,PASS,100.0,0.0473,103.88,t-Global Technology,Thermal Pad Green 150.00mm x 150.00mm Square,1.0,4.497028027368389,1.0,✅ Standard
TP-0843,PL-1-10-76X127-55,Thermal Pad,207.32,10.0,ModuleLED_Nano_7050,0.1252,0.0975,PASS,100.0,0.0277,104.66,Wakefield Thermal,"Thermal Interface Products ulTIMiFlux Gap Pad, Silicone, 1mm Thickness, 10 W/mK, 76.2x127mm, Grey",1.0,5.339075359020204,1.0,✅ Standard
TP-0844,GPVOUS-0.100-01-0816,Thermal Pad,24.38,1.0,ModuleLED_Nano_7050,0.1252,2.4731,FAIL,0.0,-2.3479,201.61,Bergquist,Thermal Pad Pink 406.40mm x 203.20mm Rectangular Tacky - One Side,2.54,3.2339614622862416,2.0,❌ Avoid
TP-0845,5516-10,Thermal Pad,27.39,3.1,ModuleLED_Nano_7050,0.1252,0.3117,FAIL,0.0,-0.1865,113.37,3M,Thermal Pad Gray 320.00mm x 230.00mm Rectangular Tacky - Both Sides,0.99,3.34603697048488,1.0,✅ Standard
TP-0848,COH-3114LVC-200-10,Thermal Pad,50.91,3.1,ModuleLED_Nano_7050,0.1252,0.3116,FAIL,0.0,-0.1864,113.37,Taica North America Corporation,Thermal Pad Gray 200.00mm x 200.00mm Square Tacky - Both Sides,0.99,3.9495114498391377,1.0,✅ Standard
TP-0862,GPHC3.0-0.020-02-0816,Thermal Pad,25.23,3.0,ModuleLED_Nano_7050,0.1252,0.1655,FAIL,0.0,-0.0404,107.42,Bergquist,Thermal Pad Blue 406.40mm x 203.20mm Rectangular Tacky - Both Sides,0.51,3.2669037938787824,0.0,🏆 Best Value
TP-0870,COH-4065LVC-200-20,Thermal Pad,53.13,2.2,ModuleLED_Nano_7050,0.1252,0.8908,FAIL,0.0,-0.7657,136.95,Taica North America Corporation,Thermal Pad Reddish Brown 200.00mm x 200.00mm Square Tacky - Both Sides,2.01,3.9913885608088866,1.0,✅ Standard
TP-0871,GP5000S35-0.020-02-0816,Thermal Pad,25.77,5.0,ModuleLED_Nano_7050,0.1252,0.0994,PASS,100.0,0.0257,104.75,Bergquist,Thermal Pad Green 406.40mm x 203.20mm Rectangular Tacky - Both Sides,0.51,3.2872818575322613,0.0,🏆 Best Value
TP-0879,A12618-01,Thermal Pad,41.43,3.0,ModuleLED_Nano_7050,0.1252,0.3317,FAIL,0.0,-0.2066,114.23,Laird Technologies - Thermal Materials,Thermal Pad Blue-Violet 228.60mm x 228.60mm Square Tacky - Both Sides,1.02,3.7478556592142334,1.0,✅ Standard
TP-0883,TG-A1250-100-100-2.5,Thermal Pad,217.59,12.5,ModuleLED_Nano_7050,0.1252,0.1947,FAIL,0.0,-0.0696,108.64,t-Global Technology,Thermal Pad Green 100.00mm x 100.00mm Square,2.5,5.387197829041911,1.0,✅ Standard
TP-0888,61-04-0909-G579,Thermal Pad,42.31,3.0,ModuleLED_Nano_7050,0.1252,0.3313,FAIL,0.0,-0.2062,114.18,Parker Chomerics,Thermal Pad Pink 228.60mm x 228.60mm Square,1.02,3.7683835552265355,1.0,✅ Standard
TP-0891,61-04-0909-HCS10G,Thermal Pad,42.35,1.0,ModuleLED_Nano_7050,0.1252,0.9932,FAIL,0.0,-0.8681,141.13,Parker Chomerics,Thermal Pad Orange 228.60mm x 228.60mm Square,1.02,3.769306703226551,1.0,✅ Standard
TP-0893,A14412-01,Thermal Pad,42.55,3.0,ModuleLED_Nano_7050,0.1252,0.3312,FAIL,0.0,-0.2061,114.18,Laird Technologies - Thermal Materials,Thermal Pad Blue-Violet 228.60mm x 228.60mm Square Tacky - One Side,1.02,3.7739097032985116,1.0,✅ Standard
TP-0897,2191193,Thermal Pad,27.18,1.0,ModuleLED_Nano_7050,0.1252,3.101,FAIL,0.0,-2.9758,226.96,Bergquist,Thermal Pad Pink 406.40mm x 203.20mm Rectangular Tacky - One Side,3.18,3.3386125064705343,2.0,❌ Avoid
TP-0899,TGP40000SF-0.020-01-0406-NA,Thermal Pad,93881.76,40.0,ModuleLED_Nano_7050,0.1252,0.0124,PASS,100.0,0.1127,101.2,Bergquist Company,"Thermal Interface Products GAP PAD, Sil-Free, 40W/m-K, 4 x 6"" Sheet, Tacky Pad, 0.020"" Thickness, Thermexit",0.51,11.449802048765875,3.0,🏭 Industrial
TP-0900,TG-A6200-310-310-0.5,Thermal Pad,23.46,6.2,ModuleLED_Nano_7050,0.1252,0.0786,PASS,100.0,0.0466,103.9,t-Global Technology,Thermal Pad Blue 310.00mm x 310.00mm Square Tacky - Both Sides,0.5,3.1970391302590264,0.0,🏆 Best Value
TP-0904,PLX-1-3-210X310-30,Thermal Pad,35.0,3.0,ModuleLED_Nano_7050,0.1252,0.3253,FAIL,0.0,-0.2001,113.97,Wakefield Thermal,"Thermal Interface Products ulTIMiFlux Gap Pad, Silicone, 1mm Thickness, 3 W/m-K, 210x310mm, Blue",1.0,3.58351893845611,1.0,✅ Standard
TP-0920,TG-A1660-100-100-1.0,Thermal Pad,240.34,16.6,ModuleLED_Nano_7050,0.1252,0.0587,PASS,100.0,0.0664,103.09,t-Global Technology,Thermal Pad Gray 100.00mm x 100.00mm Square,1.0,5.486206727645455,1.0,✅ Standard
TP-0923,A10080-01,Thermal Pad,58.38,6.0,ModuleLED_Nano_7050,0.1252,0.0829,PASS,100.0,0.0422,104.07,Laird Technologies - Thermal Materials,Thermal Pad Blue 203.20mm x 203.20mm Square,0.51,4.083957469335614,1.0,✅ Standard
TP-0927,PL-1-12-76X127-75,Thermal Pad,255.64,12.0,ModuleLED_Nano_7050,0.1252,0.0813,PASS,100.0,0.0439,104.01,Wakefield Thermal Solutions,Thermal Pad Gray 127.00mm x 76.20mm Rectangular Tacky - One Side,1.0,5.54767432467815,1.0,✅ Standard
TP-0938,62-04-0909-A579,Thermal Pad,48.16,3.0,ModuleLED_Nano_7050,0.1252,0.3312,FAIL,0.0,-0.206,114.17,Parker Chomerics,Thermal Pad Pink 228.60mm x 228.60mm Square Adhesive - One Side,1.02,3.895080284697834,1.0,✅ Standard
TP-0939,TG-A4500-310-310-1.0,Thermal Pad,26.2,4.5,ModuleLED_Nano_7050,0.1252,0.2165,FAIL,0.0,-0.0913,109.54,t-Global Technology,Thermal Pad Purple 310.00mm x 310.00mm Square Tacky - Both Sides,1.0,3.3032169733019514,1.0,✅ Standard
TP-0943,5519 210 MM X 155 MM X 2.0 MM,Thermal Pad,78.16,4.9,ModuleLED_Nano_7050,0.1252,0.3997,FAIL,0.0,-0.2746,116.99,3M,Thermal Pad Gray 210.00mm x 155.00mm Rectangular Tacky - Both Sides,2.01,4.371471120734365,1.0,✅ Standard
TP-0945,A10538-17,Thermal Pad,48.86,3.0,ModuleLED_Nano_7050,0.1252,0.1656,FAIL,0.0,-0.0404,107.44,Laird Technologies - Thermal Materials,Thermal Pad White 228.60mm x 228.60mm Square Tacky - Both Sides,0.51,3.9092190780954117,1.0,✅ Standard
TP-0950,TG-A1250-100-100-3.0,Thermal Pad,258.03,12.5,ModuleLED_Nano_7050,0.1252,0.234,FAIL,0.0,-0.1088,110.22,t-Global Technology,Thermal Pad Green 100.00mm x 100.00mm Square,3.0,5.556943885107578,1.0,✅ Standard
TP-0968,GPHC5.0-0.020-02-0816,Thermal Pad,32.86,5.0,ModuleLED_Nano_7050,0.1252,0.0994,PASS,100.0,0.0257,104.74,Bergquist,Thermal Pad Gray 406.40mm x 203.20mm Rectangular Tacky - Both Sides,0.51,3.522234376704989,1.0,✅ Standard
TP-0976,A17690-06,Thermal Pad,53.1,5.0,ModuleLED_Nano_7050,0.1252,0.2964,FAIL,0.0,-0.1713,112.75,Laird Technologies - Thermal Materials,Thermal Pad Pink 228.60mm x 228.60mm Square Tacky - One Side,1.52,3.9908341858524357,1.0,✅ Standard
TP-0985,A12619-01,Thermal Pad,54.66,3.0,ModuleLED_Nano_7050,0.1252,0.4129,FAIL,0.0,-0.2877,117.49,Laird Technologies - Thermal Materials,Thermal Pad Blue-Violet 228.60mm x 228.60mm Square Tacky - Both Sides,1.27,4.019261756097745,1.0,✅ Standard
TP-0997,TG-A1250-150-150-1.5,Thermal Pad,129.2,12.5,ModuleLED_Nano_7050,0.1252,0.1169,FAIL,79.36,0.0082,105.46,t-Global Technology,Thermal Pad Green 150.00mm x 150.00mm Square,1.5,4.869071729774468,1.0,✅ Standard
TP-1001,5549S 210 MM X 155MM X 1.5MM,Thermal Pad,89.69,3.5,ModuleLED_Nano_7050,0.1252,0.4178,FAIL,0.0,-0.2926,117.7,3M,Thermal Pad Gray 210.00mm x 155.00mm Rectangular Tacky - One Side,1.5,4.507447097459476,1.0,✅ Standard
TP-1003,A16104-10,Thermal Pad,55.94,3.0,ModuleLED_Nano_7050,0.1252,0.8254,FAIL,0.0,-0.7003,134.36,Laird Technologies - Thermal Materials,Thermal Pad Gray 228.60mm x 228.60mm Square Tacky - Both Sides,2.54,4.041998081849892,1.0,✅ Standard
TP-1008,A17653-07,Thermal Pad,56.36,5.0,ModuleLED_Nano_7050,0.1252,0.3473,FAIL,0.0,-0.2221,114.82,Laird Technologies - Thermal Materials,Thermal Pad Pink 228.60mm x 228.60mm Square Tacky - Both Sides,1.78,4.0493471962913645,1.0,✅ Standard
TP-1014,PLX-1-12-76X127-58,Thermal Pad,310.93,12.0,ModuleLED_Nano_7050,0.1252,0.0812,PASS,100.0,0.044,104.0,Wakefield Thermal,"Thermal Interface Products ulTIMiFlux Gap Pad, Silicone, 1mm Thickness, 12 W/mK, 76x127mm, Grey",1.0,5.742778803662883,1.0,✅ Standard
TP-1016,PLF-1-8-76X127-70,Thermal Pad,311.81,8.0,ModuleLED_Nano_7050,0.1252,0.1218,FAIL,63.84,0.0033,105.66,Wakefield Thermal,"Thermal Interface Products ulTIMiFlux Gap Pad, Silicone-Free, 1mm Thickness, 8 W/mK, 76.2x127mm, Grey",1.0,5.745595977469612,1.0,✅ Standard
TP-1022,TGP7000ULM-0.040-02-0808,Thermal Pad,74.44,7.0,ModuleLED_Nano_7050,0.1252,0.142,FAIL,7.59,-0.0168,106.47,Bergquist Company,"Thermal Interface Products GAP PAD, 7W/m-K, 8"" x 8"" Sheet, 0.040"" Thickness, TGP7000ULM, IDH 2261480",1.02,4.323337638325202,1.0,✅ Standard
TP-1026,TG-A1780-125-125-0.5,Thermal Pad,198.9,18.0,ModuleLED_Nano_7050,0.1252,0.0271,PASS,100.0,0.0981,101.8,t-Global Technology,Thermal Pad Gray 125.00mm x 125.00mm Square,0.5,5.297817241506355,1.0,✅ Standard
TP-1028,TG-A1250-250-250-0.5,Thermal Pad,49.93,12.5,ModuleLED_Nano_7050,0.1252,0.039,PASS,100.0,0.0861,102.28,t-Global Technology,Thermal Pad Green 250.00mm x 250.00mm Square,0.5,3.9304521408965134,1.0,✅ Standard
TP-1030,A12620-34,Thermal Pad,59.93,3.0,ModuleLED_Nano_7050,0.1252,0.4945,FAIL,0.0,-0.3693,120.78,Laird Technologies - Thermal Materials,Thermal Pad Blue-Violet 228.60mm x 228.60mm Square Tacky - One Side,1.52,4.109725664260403,1.0,✅ Standard
TP-1040,A17883-04,Thermal Pad,61.12,6.0,ModuleLED_Nano_7050,0.1252,0.1659,FAIL,0.0,-0.0408,107.44,Laird Technologies - Thermal Materials,Thermal Pad Teal 228.60mm x 228.60mm Square,1.02,4.129067998280486,1.0,✅ Standard
TP-1057,TGP7000ULM-0.020-02-0808,Thermal Pad,81.03,7.0,ModuleLED_Nano_7050,0.1252,0.071,PASS,100.0,0.0542,103.59,Bergquist Company,"Thermal Interface Products GAP PAD, 7W/m-K, 8"" x 8"" Sheet, 0.020"" Thickness, TGP7000ULM, IDH 2563017",0.51,4.407085034014658,1.0,✅ Standard
TP-1060,TG-A1450-100-100-2.0,Thermal Pad,335.9,14.5,ModuleLED_Nano_7050,0.1252,0.135,FAIL,20.7,-0.0099,106.19,t-Global Technology,Thermal Pad Red 100.00mm x 100.00mm Square,2.01,5.819786150412507,1.0,✅ Standard
TP-1080,GPHC5.0-0.060-02-0816,Thermal Pad,42.47,5.0,ModuleLED_Nano_7050,0.1252,0.2963,FAIL,0.0,-0.1711,112.76,Bergquist,Thermal Pad Gray 406.40mm x 203.20mm Rectangular Tacky - Both Sides,1.52,3.772071045000701,1.0,✅ Standard
TP-1087,TG-A6200-310-310-1.0,Thermal Pad,36.84,6.2,ModuleLED_Nano_7050,0.1252,0.1573,FAIL,0.0,-0.0321,107.11,t-Global Technology,Thermal Pad Blue 310.00mm x 310.00mm Square Tacky - Both Sides,1.0,3.6333667441836774,1.0,✅ Standard
TP-1092,A18213-04,Thermal Pad,68.55,10.0,ModuleLED_Nano_7050,0.1252,0.0974,PASS,100.0,0.0278,104.66,Laird Technologies - Thermal Materials,Thermal Pad Gray 229.00mm x 229.00mm Square,1.0,4.242045918369452,1.0,✅ Standard
TP-1099,A18171-05,Thermal Pad,17.39,7.5,ModuleLED_Nano_7050,0.1252,0.0156,PASS,100.0,0.1095,101.33,Laird Technologies - Thermal Materials,Thermal Pad Gray 457.20mm x 457.20mm Square Tacky - Both Sides,0.12,2.91180703861623,0.0,🏆 Best Value
TP-1108,61-06-0909-G579,Thermal Pad,70.94,3.0,ModuleLED_Nano_7050,0.1252,0.4943,FAIL,0.0,-0.3692,120.81,Parker Chomerics,Thermal Pad Pink 228.60mm x 228.60mm Square,1.52,4.275832438267478,1.0,✅ Standard
TP-1120,A18171-08,Thermal Pad,17.99,7.5,ModuleLED_Nano_7050,0.1252,0.026,PASS,100.0,0.0992,101.75,Laird Technologies - Thermal Materials,Thermal Pad Gray 457.20mm x 457.20mm Square Tacky - Both Sides,0.2,2.9439125248241944,0.0,🏆 Best Value
TP-1127,TG-A1250-150-150-2.0,Thermal Pad,168.82,12.5,ModuleLED_Nano_7050,0.1252,0.1566,FAIL,0.0,-0.0314,107.08,t-Global Technology,Thermal Pad Green 150.00mm x 150.00mm Square,2.01,5.134739052571217,1.0,✅ Standard
TP-1130,PLX-1-5-210X310-40,Thermal Pad,58.8,5.0,ModuleLED_Nano_7050,0.1252,0.1949,FAIL,0.0,-0.0697,108.61,Wakefield Thermal,"Thermal Interface Products ulTIMiFlux Gap Pad, Silicone, 1mm Thickness, 5 W/m-K, 210x310mm, Grey",1.0,4.091005660956586,1.0,✅ Standard
TP-1137,61-06-1015-PAD60,Thermal Pad,40.12,6.0,ModuleLED_Nano_7050,0.1252,0.2472,FAIL,0.0,-0.122,110.76,Parker Chomerics,Thermal Pad Green 381.00mm x 254.00mm Rectangular,1.52,3.7164946211469094,1.0,✅ Standard
TP-1143,COH-4000LVC-400-05,Thermal Pad,24.51,2.3,ModuleLED_Nano_7050,0.1252,0.2159,FAIL,0.0,-0.0907,109.49,Taica North America Corporation,Thermal Pad Gray 400.00mm x 400.00mm Square Tacky - Both Sides,0.51,3.23907053215372,1.0,✅ Standard
TP-1147,A17883-06,Thermal Pad,75.74,6.0,ModuleLED_Nano_7050,0.1252,0.2471,FAIL,0.0,-0.122,110.77,Laird Technologies - Thermal Materials,Thermal Pad Teal 228.60mm x 228.60mm Square,1.52,4.340423084818807,1.0,✅ Standard
TP-1162,62-06-0909-A579,Thermal Pad,77.26,3.0,ModuleLED_Nano_7050,0.1252,0.4939,FAIL,0.0,-0.3687,120.84,Parker Chomerics,Thermal Pad Pink 228.60mm x 228.60mm Square Adhesive - One Side,1.52,4.360036616782266,1.0,✅ Standard
TP-1165,A11809-02,Thermal Pad,19.41,0.7,ModuleLED_Nano_7050,0.1252,0.1808,FAIL,0.0,-0.0556,108.05,Laird Technologies - Thermal Materials,Thermal Pad Yellow 457.20mm x 457.20mm Square Tacky - Both Sides,0.13,3.0160249768217535,0.0,🏆 Best Value
TP-1168,A18171-10,Thermal Pad,19.59,7.5,ModuleLED_Nano_7050,0.1252,0.0324,PASS,100.0,0.0927,102.02,Laird Technologies - Thermal Materials,Thermal Pad Gray 457.20mm x 457.20mm Square Tacky - Both Sides,0.25,3.0248055210396982,0.0,🏆 Best Value
TP-1180,A10233-30,Thermal Pad,81.29,3.0,ModuleLED_Nano_7050,0.1252,0.3311,FAIL,0.0,-0.206,114.21,Laird Technologies - Thermal Materials,Thermal Pad White 228.60mm x 228.60mm Square Tacky - Both Sides,1.02,4.410249593617622,1.0,✅ Standard
TP-1206,A17156-06,Thermal Pad,21.01,2.7,ModuleLED_Nano_7050,0.1252,0.549,FAIL,0.0,-0.4239,123.1,Laird Technologies - Thermal Materials,Thermal Pad Pink 457.20mm x 457.20mm Square Tacky - Both Sides,1.52,3.0914968955383704,1.0,✅ Standard
TP-1212,61-08-0909-G579,Thermal Pad,85.5,3.0,ModuleLED_Nano_7050,0.1252,0.6592,FAIL,0.0,-0.5341,127.54,Parker Chomerics,Thermal Pad Pink 228.60mm x 228.60mm Square,2.03,4.460144413937834,1.0,✅ Standard
TP-1215,TGP6000ULM-0.040-12-0816,Thermal Pad,54.22,6.0,ModuleLED_Nano_7050,0.1252,0.1659,FAIL,0.0,-0.0408,107.45,Bergquist Company,"Thermal Interface Products GAP PAD, 6W/m-K, 8"" x 16"" Sheet, 0.040"" Thickness, TGP6000ULM, IDH 2195666",1.02,4.011325206502009,1.0,✅ Standard
TP-1217,A18171-16,Thermal Pad,21.48,7.5,ModuleLED_Nano_7050,0.1252,0.052,PASS,100.0,0.0731,102.81,Laird Technologies - Thermal Materials,Thermal Pad Gray 457.20mm x 457.20mm Square Tacky - Both Sides,0.4,3.1126260250254902,0.0,🏆 Best Value
TP-1237,61-04-1015-PAD80G,Thermal Pad,48.56,8.3,ModuleLED_Nano_7050,0.1252,0.1198,FAIL,70.94,0.0053,105.59,Parker Chomerics,Thermal Pad Dark Gray 381.00mm x 254.00mm Rectangular,1.02,3.9031840567609417,1.0,✅ Standard
TP-1244,61-08-1015-PAD60,Thermal Pad,49.62,6.0,ModuleLED_Nano_7050,0.1252,0.3303,FAIL,0.0,-0.2051,114.16,Parker Chomerics,Thermal Pad Green 381.00mm x 254.00mm Rectangular,2.03,3.9243467551169777,1.0,✅ Standard
TP-1248,A12624-01,Thermal Pad,92.08,3.0,ModuleLED_Nano_7050,0.1252,0.8256,FAIL,0.0,-0.7005,134.34,Laird Technologies - Thermal Materials,Thermal Pad Blue-Violet 228.60mm x 228.60mm Square Tacky - Both Sides,2.54,4.533459338434091,1.0,✅ Standard
TP-1249,A18213-06,Thermal Pad,91.8,10.0,ModuleLED_Nano_7050,0.1252,0.1463,FAIL,2.82,-0.0211,106.63,Laird Technologies - Thermal Materials,Thermal Pad Gray 229.00mm x 229.00mm Square,1.5,4.530446639792155,1.0,✅ Standard
TP-1269,A12616-08,Thermal Pad,23.67,3.0,ModuleLED_Nano_7050,0.1252,0.1658,FAIL,0.0,-0.0406,107.44,Laird Technologies - Thermal Materials,Thermal Pad Blue-Violet 457.20mm x 457.20mm Square Tacky - Both Sides,0.51,3.2055879305412653,0.0,🏆 Best Value
TP-1274,A10832-09,Thermal Pad,23.79,2.2,ModuleLED_Nano_7050,0.1252,0.1109,FAIL,93.03,0.0143,105.21,Laird Technologies - Thermal Materials,Thermal Pad Yellow 457.20mm x 457.20mm Square Tacky - Both Sides,0.25,3.210440346047099,0.0,🏆 Best Value
TP-1286,A15896-05,Thermal Pad,96.88,5.0,ModuleLED_Nano_7050,0.1252,0.248,FAIL,0.0,-0.1229,110.8,Laird Technologies - Thermal Materials,Thermal Pad Gray 228.60mm x 228.60mm Square Tacky - Both Sides,1.27,4.583742238574471,1.0,✅ Standard
TP-1290,A15726-00,Thermal Pad,24.32,3.8,ModuleLED_Nano_7050,0.1252,0.0641,PASS,100.0,0.0611,103.31,Laird Technologies - Thermal Materials,Thermal Pad Gray 457.20mm x 457.20mm Square Tacky - Both Sides,0.25,3.2315945972759756,0.0,🏆 Best Value
TP-1294,TG-A1450-250-250-0.5,Thermal Pad,82.36,14.5,ModuleLED_Nano_7050,0.1252,0.0336,PASS,100.0,0.0915,102.06,t-Global Technology,Thermal Pad Red 250.00mm x 250.00mm Square,0.5,4.423168578005057,1.0,✅ Standard
TP-1296,TGP7000ULM-0.060-02-0808,Thermal Pad,125.02,7.0,ModuleLED_Nano_7050,0.1252,0.2118,FAIL,0.0,-0.0866,109.31,Bergquist Company,"Thermal Interface Products GAP PAD, 7W/m-K, 8"" x 8"" Sheet, 0.060"" Thickness, TGP7000ULM, IDH 2474875",1.52,4.8364406245139095,1.0,✅ Standard
TP-1297,A17752-04,Thermal Pad,98.92,7.5,ModuleLED_Nano_7050,0.1252,0.1325,FAIL,26.58,-0.0074,106.1,Laird Technologies - Thermal Materials,Thermal Pad Gray 228.60mm x 228.60mm Square Tacky - Both Sides,1.02,4.604369865817322,1.0,✅ Standard
TP-1301,61-10-0808-T500,Thermal Pad,126.07,2.1,ModuleLED_Nano_7050,0.1252,0.116,FAIL,81.73,0.0091,105.42,Parker Chomerics,Thermal Pad Green 203.20mm x 203.20mm Square,0.25,4.844738115716443,1.0,✅ Standard
TP-1302,61-06-1015-PAD80G,Thermal Pad,53.86,8.3,ModuleLED_Nano_7050,0.1252,0.1786,FAIL,0.0,-0.0534,107.99,Parker Chomerics,Thermal Pad Dark Gray 381.00mm x 254.00mm Rectangular,1.52,4.004784485509457,1.0,✅ Standard
TP-1312,62-10-0909-A579,Thermal Pad,101.5,3.0,ModuleLED_Nano_7050,0.1252,0.8259,FAIL,0.0,-0.7007,134.29,Parker Chomerics,Thermal Pad Pink 228.60mm x 228.60mm Square Adhesive - One Side,2.54,4.629862798578463,1.0,✅ Standard
TP-1314,SPA2000-0.015-00-1012-NA,Thermal Pad,68.87,3.0,ModuleLED_Nano_7050,0.1252,0.1234,FAIL,58.43,0.0018,105.72,Bergquist,Thermal Pad White 304.80mm x 254.00mm Rectangular,0.38,4.246636372564359,1.0,✅ Standard
TP-1316,A18444-04,Thermal Pad,102.3,7.5,ModuleLED_Nano_7050,0.1252,0.1326,FAIL,26.04,-0.0075,106.1,Laird Technologies - Thermal Materials,Thermal Pad Gray 228.60mm x 228.60mm Square,1.02,4.637637376125593,1.0,✅ Standard
TP-1318,GPHC3.0-0.125-02-0816,Thermal Pad,64.91,3.0,ModuleLED_Nano_7050,0.1252,1.0337,FAIL,0.0,-0.9085,142.82,Bergquist,Thermal Pad Blue 406.40mm x 203.20mm Rectangular Tacky - Both Sides,3.18,4.188290175064629,1.0,✅ Standard
TP-1331,62-03-1015-PAD80A,Thermal Pad,57.11,8.3,ModuleLED_Nano_7050,0.1252,0.0892,PASS,100.0,0.0359,104.33,Parker Chomerics,Thermal Pad Dark Gray 381.00mm x 254.00mm Rectangular Adhesive - One Side,0.76,4.062337766087015,1.0,✅ Standard
TP-1332,GPTGP7000ULM-0.100-02-0808,Thermal Pad,133.96,7.0,ModuleLED_Nano_7050,0.1252,0.3535,FAIL,0.0,-0.2284,115.09,Bergquist,Thermal Pad Gray 203.20mm x 203.20mm Square Tacky - Both Sides,2.54,4.904978438237713,1.0,✅ Standard
TP-1337,61-10-0909-G579,Thermal Pad,106.46,3.0,ModuleLED_Nano_7050,0.1252,0.8255,FAIL,0.0,-0.7003,134.31,Parker Chomerics,Thermal Pad Pink 228.60mm x 228.60mm Square,2.54,4.677118685300675,1.0,✅ Standard
TP-1339,62-04-1015-PAD80A,Thermal Pad,57.89,8.3,ModuleLED_Nano_7050,0.1252,0.1198,FAIL,70.65,0.0054,105.57,Parker Chomerics,Thermal Pad Dark Gray 381.00mm x 254.00mm Rectangular Adhesive - One Side,1.02,4.07567129695648,1.0,✅ Standard
TP-1347,TGP 40000SF-0.040-00-0606,Thermal Pad,158978.32,40.0,ModuleLED_Nano_7050,0.1252,0.0248,PASS,100.0,0.1003,101.71,Bergquist Company,"Thermal Interface Products GAP PAD, Sil-Free, 40W/m-K, 6x6"" Sheet, 0.040"" Thickness, Thermexit, IDH 2972782",1.02,11.976529409850375,3.0,🏭 Industrial
TP-1360,A10235-31,Thermal Pad,111.51,3.0,ModuleLED_Nano_7050,0.1252,0.4932,FAIL,0.0,-0.3681,120.74,Laird Technologies - Thermal Materials,Thermal Pad White 228.60mm x 228.60mm Square Tacky - Both Sides,1.52,4.72304210658298,1.0,✅ Standard
TP-1365,TGP12000ULM-0.040-00-0808,Thermal Pad,142.53,12.0,ModuleLED_Nano_7050,0.1252,0.0828,PASS,100.0,0.0423,104.06,Bergquist Company,"Thermal Interface Products GAP PAD, 12W/m-K, Ultra-Low Modulus, 8""x8"" Sheet, 0.040"" Thickness, TGP12000ULM",1.02,4.966544072583289,1.0,✅ Standard
TP-1370,A18500-01,Thermal Pad,31.82,5.0,ModuleLED_Nano_7050,0.1252,0.0487,PASS,100.0,0.0764,102.68,Laird Technologies - Thermal Materials,Thermal Pad White 431.80mm x 431.80mm Rectangular,0.25,3.4910380856619447,0.0,🏆 Best Value
TP-1381,A18213-08,Thermal Pad,114.73,10.2,ModuleLED_Nano_7050,0.1252,0.1922,FAIL,0.0,-0.067,108.53,Laird Technologies - Thermal Materials,Thermal Pad Gray 229.00mm x 229.00mm Square,2.01,4.751259891859986,1.0,✅ Standard
TP-1383,GP3000S30-0.125-02-0816,Thermal Pad,73.13,3.0,ModuleLED_Nano_7050,0.1252,1.0339,FAIL,0.0,-0.9088,142.71,Bergquist,Thermal Pad Blue 406.40mm x 203.20mm Rectangular Tacky - Both Sides,3.18,4.305820308668628,1.0,✅ Standard
TP-1384,A17752-05,Thermal Pad,115.75,7.5,ModuleLED_Nano_7050,0.1252,0.1624,FAIL,0.0,-0.0372,107.32,Laird Technologies - Thermal Materials,Thermal Pad Gray 228.60mm x 228.60mm Square Tacky - Both Sides,1.25,4.760034896549007,1.0,✅ Standard
TP-1386,GPHC5.0-0.100-02-0816,Thermal Pad,73.31,5.0,ModuleLED_Nano_7050,0.1252,0.4956,FAIL,0.0,-0.3705,120.87,Bergquist,Thermal Pad Gray 406.40mm x 203.20mm Rectangular Tacky - Both Sides,2.54,4.308245532169378,1.0,✅ Standard
TP-1401,TGP6000ULM-0.060-12-0816,Thermal Pad,75.23,6.0,ModuleLED_Nano_7050,0.1252,0.2469,FAIL,0.0,-0.1217,110.74,Bergquist Company,"Thermal Interface Products GAP PAD, 6W/m-K, 8"" x 16"" Sheet, 0.060"" Thickness, TGP6000ULM, IDH 2195667",1.52,4.333755086000182,1.0,✅ Standard
TP-1404,TGP7000ULM-0.080-02-0808,Thermal Pad,152.13,7.0,ModuleLED_Nano_7050,0.1252,0.283,FAIL,0.0,-0.1579,112.2,Bergquist Company,"Thermal Interface Products GAP PAD, 7W/m-K, 8"" x 8"" Sheet, 0.080"" Thickness, TGP7000ULM, IDH 2474885",2.03,5.031287233827117,1.0,✅ Standard
TP-1407,TGP40000SF-0.040-01-0606-NA,Thermal Pad,174885.44,40.0,ModuleLED_Nano_7050,0.1252,0.0249,PASS,100.0,0.1003,101.71,Bergquist Company,"Thermal Interface Products GAP PAD, Sil-Free, 40W/m-K, 6 x 6"" Sheet, Tacky Pad, 0.040"" Thickness, Thermexit",1.02,12.071892127983933,3.0,🏭 Industrial
TP-1420,A17536-04,Thermal Pad,31.26,5.0,ModuleLED_Nano_7050,0.1252,0.199,FAIL,0.0,-0.0738,108.78,Laird Technologies - Thermal Materials,Thermal Pad Pink 457.20mm x 457.20mm Square Tacky - Both Sides,1.02,3.4738280726970627,1.0,✅ Standard
TP-1423,A17690-13,Thermal Pad,125.05,5.0,ModuleLED_Nano_7050,0.1252,0.644,FAIL,0.0,-0.5188,126.91,Laird Technologies - Thermal Materials,Thermal Pad Pink 228.60mm x 228.60mm Square Tacky - One Side,3.3,4.836678653633929,1.0,✅ Standard
TP-1436,TG-A1780-150-150-0.8,Thermal Pad,297.55,17.8,ModuleLED_Nano_7050,0.1252,0.0433,PASS,100.0,0.0819,102.46,t-Global Technology,Thermal Pad Gray 150.00mm x 150.00mm Square,0.79,5.698937422993001,1.0,✅ Standard
TP-1442,61-15-0808-1671,Thermal Pad,163.25,2.6,ModuleLED_Nano_7050,0.1252,0.1426,FAIL,7.17,-0.0174,106.52,Parker Chomerics,Thermal Pad White 203.20mm x 203.20mm Square,0.38,5.10138965736472,1.0,✅ Standard
TP-1449,A12617-25,Thermal Pad,32.91,3.0,ModuleLED_Nano_7050,0.1252,0.2473,FAIL,0.0,-0.1221,110.77,Laird Technologies - Thermal Materials,Thermal Pad Blue-Violet 457.20mm x 457.20mm Square Tacky - Both Sides,0.76,3.523709956137547,1.0,✅ Standard
TP-1451,SuperThermal-B132-10-02-1500-1500,Thermal Pad,306.64,13.2,ModuleLED_Nano_7050,0.1252,0.0738,PASS,100.0,0.0513,103.7,Aavid,"Thermal Interface Products SuperThermal Pad, 13.2 W/mK Conductivity, 1mm Thick, 2-Side Adhesive, 150x150mm",1.0,5.728930268188853,1.0,✅ Standard
TP-1452,A17752-06,Thermal Pad,132.45,7.5,ModuleLED_Nano_7050,0.1252,0.195,FAIL,0.0,-0.0698,108.64,Laird Technologies - Thermal Materials,Thermal Pad Gray 228.60mm x 228.60mm Square Tacky - Both Sides,1.5,4.8937268758505335,1.0,✅ Standard
TP-1453,62-15-0808-1671,Thermal Pad,168.39,2.6,ModuleLED_Nano_7050,0.1252,0.1423,FAIL,6.85,-0.0171,106.49,Parker Chomerics,Thermal Pad White 203.20mm x 203.20mm Square,0.38,5.1322037485982905,1.0,✅ Standard
TP-1460,TG-A1660-250-250-0.5,Thermal Pad,112.34,16.6,ModuleLED_Nano_7050,0.1252,0.0294,PASS,100.0,0.0958,101.89,t-Global Technology,Thermal Pad Gray 250.00mm x 250.00mm Square,0.5,4.730392150741473,1.0,✅ Standard
TP-1461,TGP 40000SF-0.060-00-0606,Thermal Pad,195875.18,40.0,ModuleLED_Nano_7050,0.1252,0.037,PASS,100.0,0.0881,102.2,Bergquist Company,"Thermal Interface Products GAP PAD, Sil-Free, 40W/m-K, 6x6"" Sheet, 0.060"" Thickness, Thermexit, IDH 2972780",1.52,12.185238003890335,3.0,🏭 Industrial
TP-1476,TGP12000ULM-0.060-00-0808,Thermal Pad,175.62,12.0,ModuleLED_Nano_7050,0.1252,0.1236,FAIL,57.08,0.0016,105.72,Bergquist Company,"Thermal Interface Products GAP PAD, 12W/m-K, Ultra-Low Modulus, 8""x8"" Sheet, 0.060"" Thickness, TGP12000ULM",1.52,5.174000532040656,1.0,✅ Standard
TP-1491,A10237-21,Thermal Pad,142.96,3.0,ModuleLED_Nano_7050,0.1252,0.6599,FAIL,0.0,-0.5347,127.56,Laird Technologies - Thermal Materials,Thermal Pad White 228.60mm x 228.60mm Square Tacky - Both Sides,2.03,4.96953548321083,1.0,✅ Standard
TP-1493,61-08-1015-PAD80G,Thermal Pad,78.1,8.3,ModuleLED_Nano_7050,0.1252,0.2384,FAIL,0.0,-0.1132,110.39,Parker Chomerics,Thermal Pad Dark Gray 381.00mm x 254.00mm Rectangular,2.03,4.370712874773608,1.0,✅ Standard
TP-1499,2722287,Thermal Pad,186.02,12.0,ModuleLED_Nano_7050,0.1252,0.0829,PASS,100.0,0.0422,104.07,Bergquist Company,"Thermal Interface Products GAP PAD, 12 W/m-K, Ultra-Low Modulus, 8"" x 8"" Sheet, 0.040"" Thickness",1.02,5.231215563007301,1.0,✅ Standard
TP-1503,TGP40000SF-0.060-01-0606-NA,Thermal Pad,215470.9,40.0,ModuleLED_Nano_7050,0.1252,0.037,PASS,100.0,0.0882,102.2,Bergquist Company,"Thermal Interface Products GAP PAD, Sil-Free, 40W/m-K, 6 x 6"" Sheet, Tacky Pad, 0.060"" Thickness, Thermexit",1.52,12.280585785592292,3.0,🏭 Industrial
TP-1509,GP7000ULM-0.100-02-0808,Thermal Pad,190.29,7.0,ModuleLED_Nano_7050,0.1252,0.3537,FAIL,0.0,-0.2285,115.11,Bergquist Company,"Thermal Interface Products GAP PAD, Silicone Thermal Interface, 7 W/m-K Thermal Conductivity, Ultra-Low Modulus, 8"" x 8"" Sheet, 0.100"" Thickness, GAP PAD TGP 7000ULM Series, IDH 2474876",2.54,5.253790601164562,1.0,✅ Standard
TP-1517,A10833-06,Thermal Pad,38.32,2.2,ModuleLED_Nano_7050,0.1252,0.2263,FAIL,0.0,-0.1012,109.92,Laird Technologies - Thermal Materials,Thermal Pad Yellow 457.20mm x 457.20mm Square Tacky - Both Sides,0.51,3.671733295278966,1.0,✅ Standard
TP-1526,SP2000-0.020-00-1212,Thermal Pad,87.36,3.5,ModuleLED_Nano_7050,0.1252,0.1421,FAIL,7.22,-0.017,106.48,Bergquist,Thermal Pad White 304.80mm x 304.80mm Square,0.51,4.481419378551917,1.0,✅ Standard
TP-1533,TG-A1250-310-310-1.0,Thermal Pad,85.56,12.5,ModuleLED_Nano_7050,0.1252,0.078,PASS,100.0,0.0471,103.87,t-Global Technology,Thermal Pad Green 310.00mm x 310.00mm Square,1.0,4.460837815098172,1.0,✅ Standard
TP-1534,TG-A1780-150-150-1.0,Thermal Pad,366.04,17.8,ModuleLED_Nano_7050,0.1252,0.0548,PASS,100.0,0.0703,102.93,t-Global Technology,Thermal Pad Gray 150.00mm x 150.00mm Square,1.0,5.905470833941006,1.0,✅ Standard
TP-1537,TGP10000ULM-0.040-02-0808,Thermal Pad,200.96,10.0,ModuleLED_Nano_7050,0.1252,0.0994,PASS,100.0,0.0258,104.75,Bergquist Company,"Thermal Interface Products GAP PAD, 10W/m-K, 8"" x 8"" Sheet, 0.040"" Thickness, TGP10000ULM, IDH 2591008",1.02,5.308069657990715,1.0,✅ Standard
TP-1546,TGP 40000SF-0.080-00-0606,Thermal Pad,232994.75,40.0,ModuleLED_Nano_7050,0.1252,0.0494,PASS,100.0,0.0757,102.7,Bergquist Company,"Thermal Interface Products GAP PAD, Sil-Free, 40W/m-K, 6x6"" Sheet, 0.080"" Thickness, Thermexit, IDH 2972781",2.03,12.358775492038133,3.0,🏭 Industrial
TP-1559,A17752-08,Thermal Pad,165.49,7.5,ModuleLED_Nano_7050,0.1252,0.2611,FAIL,0.0,-0.136,111.33,Laird Technologies - Thermal Materials,Thermal Pad Gray 228.60mm x 228.60mm Square Tacky - Both Sides,2.01,5.114935247556761,1.0,✅ Standard
TP-1568,TGP12000ULM-0.080-00-0808,Thermal Pad,213.63,12.0,ModuleLED_Nano_7050,0.1252,0.1648,FAIL,0.0,-0.0397,107.39,Bergquist Company,"Thermal Interface Products GAP PAD, 12W/m-K, Ultra-Low Modulus, 8""x8"" Sheet, 0.080"" Thickness, TGP12000ULM",2.03,5.368915615393574,1.0,✅ Standard
TP-1582,TGP40000SF-0.080-01-0606-NA,Thermal Pad,253603.4,40.0,ModuleLED_Nano_7050,0.1252,0.0494,PASS,100.0,0.0757,102.71,Bergquist Company,"Thermal Interface Products GAP PAD, Sil-Free, 40W/m-K, 6 x 6"" Sheet, Tacky Pad, 0.080"" Thickness, Thermexit",2.03,12.443530851552424,3.0,🏭 Industrial
TP-1587,62-08-1015-PAD80A,Thermal Pad,94.84,8.3,ModuleLED_Nano_7050,0.1252,0.2384,FAIL,0.0,-0.1132,110.38,Parker Chomerics,Thermal Pad Dark Gray 381.00mm x 254.00mm Rectangular Adhesive - One Side,2.03,4.562680134367139,1.0,✅ Standard
TP-1603,A18213-10,Thermal Pad,179.49,10.0,ModuleLED_Nano_7050,0.1252,0.244,FAIL,0.0,-0.1188,110.62,Laird Technologies - Thermal Materials,Thermal Pad Gray 229.00mm x 229.00mm Square,2.5,5.195675374576157,1.0,✅ Standard
TP-1605,2722288,Thermal Pad,228.07,12.0,ModuleLED_Nano_7050,0.1252,0.1236,FAIL,57.7,0.0016,105.72,Bergquist Company,"Thermal Interface Products GAP PAD, 12 W/m-K, Ultra-Low Modulus, 8"" x 8"" Sheet, 0.060"" Thickness",1.52,5.434027633700484,1.0,✅ Standard
TP-1614,TGP7000ULM-0.125-02-0808,Thermal Pad,233.28,7.0,ModuleLED_Nano_7050,0.1252,0.4428,FAIL,0.0,-0.3176,118.73,Bergquist Company,"Thermal Interface Products GAP PAD, 7W/m-K, 8"" x 8"" Sheet, 0.125"" Thickness, TGP7000ULM, IDH 2474886",3.18,5.456516981221582,1.0,✅ Standard
TP-1637,GP3004SF-0.040-01-0918,Thermal Pad,98.35,3.0,ModuleLED_Nano_7050,0.1252,0.3315,FAIL,0.0,-0.2063,114.21,Bergquist,Thermal Pad Gray 457.20mm x 228.60mm Rectangular Tacky - One Side,1.02,4.598648968997826,1.0,✅ Standard
TP-1643,TGP 40000SF-0.100-00-0606,Thermal Pad,287601.3,40.0,ModuleLED_Nano_7050,0.1252,0.0618,PASS,100.0,0.0633,103.22,Bergquist Company,"Thermal Interface Products GAP PAD, Sil-Free, 40W/m-K, 6x6"" Sheet, 0.100"" Thickness, Thermexit, IDH 2964639",2.54,12.56933390201541,3.0,🏭 Industrial
TP-1656,A14428-01,Thermal Pad,201.4,3.0,ModuleLED_Nano_7050,0.1252,1.6476,FAIL,0.0,-1.5225,167.8,Laird Technologies - Thermal Materials,Thermal Pad Blue-Violet 228.60mm x 228.60mm Square Tacky - One Side,5.08,5.310245937413311,2.0,❌ Avoid
TP-1661,TGP6000ULM-0.080-12-0816,Thermal Pad,128.08,6.0,ModuleLED_Nano_7050,0.1252,0.3297,FAIL,0.0,-0.2045,114.12,Bergquist Company,"Thermal Interface Products GAP PAD, 6W/m-K, 8"" x 16"" Sheet, 0.080"" Thickness, TGP6000ULM, IDH 2195669",2.03,4.860432367183761,1.0,✅ Standard
TP-1663,TGP10000ULM-0.060-02-0808,Thermal Pad,257.41,10.0,ModuleLED_Nano_7050,0.1252,0.1482,FAIL,1.58,-0.0231,106.75,Bergquist Company,"Thermal Interface Products GAP PAD, 10W/m-K, 8"" x 8"" Sheet, 0.060"" Thickness, TGP10000ULM, IDH 2591009",1.52,5.554547470850036,1.0,✅ Standard
TP-1686,TGP40000SF-0.100-01-0606-NA,Thermal Pad,316349.34,40.0,ModuleLED_Nano_7050,0.1252,0.0651,PASS,100.0,0.06,103.34,Bergquist Company,"Thermal Interface Products GAP PAD, Sil-Free, 40W/m-K, 6 x 6"" Sheet, Tacky Pad, 0.105"" Thickness, Thermexit",2.67,12.664605549333423,3.0,🏭 Industrial
TP-1690,2722289,Thermal Pad,278.43,12.0,ModuleLED_Nano_7050,0.1252,0.1648,FAIL,0.0,-0.0397,107.43,Bergquist Company,"Thermal Interface Products GAP PAD, 12 W/m-K, Ultra-Low Modulus, 8"" x 8"" Sheet, 0.080"" Thickness",2.03,5.632751814000819,1.0,✅ Standard
TP-1691,TG-A1780-250-250-0.5,Thermal Pad,183.97,18.0,ModuleLED_Nano_7050,0.1252,0.0271,PASS,100.0,0.0981,101.8,t-Global Technology,Thermal Pad Gray 250.00mm x 250.00mm Square,0.5,5.220193649766458,1.0,✅ Standard
TP-1702,TG-A1780-150-150-1.5,Thermal Pad,533.9,17.8,ModuleLED_Nano_7050,0.1252,0.0821,PASS,100.0,0.0431,104.04,t-Global Technology,Thermal Pad Gray 150.00mm x 150.00mm Square,1.5,6.282079813537204,1.0,✅ Standard
TP-1708,2214846,Thermal Pad,147.17,6.0,ModuleLED_Nano_7050,0.1252,0.5166,FAIL,0.0,-0.3914,121.71,Bergquist,Thermal Pad Gray 406.40mm x 203.20mm Rectangular Tacky - Both Sides,3.18,4.998360263220643,1.0,✅ Standard
TP-1717,TGP 40000SF-0.125-00-0606,Thermal Pad,344818.63,40.0,ModuleLED_Nano_7050,0.1252,0.0775,PASS,100.0,0.0477,103.85,Bergquist Company,"Thermal Interface Products GAP PAD, Sil-Free, 40W/m-K, 6x6"" Sheet, 0.125"" Thickness, Thermexit, IDH 2964638",3.18,12.75077674770566,3.0,🏭 Industrial
TP-1723,TGF30SF-07870787-039,Thermal Pad,318.13,3.0,ModuleLED_Nano_7050,0.1252,0.3216,FAIL,0.0,-0.1964,113.76,Leader Tech Inc.,Thermal Pad Gray 199.90mm x 199.90mm Square Tacky - Both Sides,0.99,5.765598543280663,1.0,✅ Standard
TP-1733,TGP6000ULM-0.100-12-0816,Thermal Pad,157.23,6.0,ModuleLED_Nano_7050,0.1252,0.4132,FAIL,0.0,-0.288,117.5,Bergquist Company,"Thermal Interface Products GAP PAD, 6W/m-K, 8"" x 16"" Sheet, 0.100"" Thickness, TGP6000ULM, IDH 2196912",2.54,5.064049670730892,1.0,✅ Standard
TP-1736,TGP10000ULM-0.080-02-0808,Thermal Pad,315.96,10.0,ModuleLED_Nano_7050,0.1252,0.1977,FAIL,0.0,-0.0725,108.75,Bergquist Company,"Thermal Interface Products GAP PAD, 10W/m-K, 8"" x 8"" Sheet, 0.080"" Thickness, TGP10000ULM, IDH 2591010",2.03,5.758775582950241,1.0,✅ Standard
TP-1753,TGP40000SF-0.125-01-0606-NA,Thermal Pad,379290.26,40.0,ModuleLED_Nano_7050,0.1252,0.0775,PASS,100.0,0.0477,103.85,Bergquist Company,"Thermal Interface Products GAP PAD, Sil-Free, 40W/m-K, 6 x 6"" Sheet, Tacky Pad, 0.125"" Thickness, Thermexit",3.18,12.846059684964898,3.0,🏭 Industrial
TP-1760,2722290,Thermal Pad,342.0,12.0,ModuleLED_Nano_7050,0.1252,0.2062,FAIL,0.0,-0.081,109.11,Bergquist Company,"Thermal Interface Products GAP PAD, 12 W/m-K, Ultra-Low Modulus, 8"" x 8"" Sheet, 0.100"" Thickness",2.54,5.8377304471659395,1.0,✅ Standard
TP-1791,TG-A1250-310-310-2.0,Thermal Pad,162.72,12.5,ModuleLED_Nano_7050,0.1252,0.1568,FAIL,0.0,-0.0316,107.08,t-Global Technology,Thermal Pad Green 310.00mm x 310.00mm Square,2.01,5.098157651624202,1.0,✅ Standard
TP-1794,TG-A1780-150-150-2.0,Thermal Pad,698.59,17.8,ModuleLED_Nano_7050,0.1252,0.1101,FAIL,93.81,0.015,105.19,t-Global Technology,Thermal Pad Gray 150.00mm x 150.00mm Square,2.01,6.5504944491600705,1.0,✅ Standard
TP-1808,TGP6000ULM-0.125-12-0816,Thermal Pad,200.59,6.0,ModuleLED_Nano_7050,0.1252,0.5175,FAIL,0.0,-0.3924,121.8,Bergquist Company,"Thermal Interface Products GAP PAD, 6W/m-K, 8"" x 16"" Sheet, 0.125"" Thickness, TGP6000ULM, IDH 2214846",3.18,5.306235931792332,1.0,✅ Standard
TP-1833,2722291,Thermal Pad,435.61,12.0,ModuleLED_Nano_7050,0.1252,0.2478,FAIL,0.0,-0.1226,110.77,Bergquist Company,"Thermal Interface Products GAP PAD, 12 W/m-K, Ultra-Low Modulus, 8"" x 8"" Sheet, 0.120"" Thickness",3.05,6.079040348113737,1.0,✅ Standard
TP-1838,TGP12000ULM-0.100-00-0808,Thermal Pad,442.31,12.0,ModuleLED_Nano_7050,0.1252,0.2062,FAIL,0.0,-0.0811,109.09,Bergquist Company,"Thermal Interface Products GAP PAD, 12W/m-K, Ultra-Low Modulus, 8""x8"" Sheet, 0.100"" Thickness, TGP12000ULM",2.54,6.094269299583652,1.0,✅ Standard
TP-1845,TGP12000ULM-0.125-00-0808,Thermal Pad,453.59,12.0,ModuleLED_Nano_7050,0.1252,0.2583,FAIL,0.0,-0.1331,111.21,Bergquist Company,"Thermal Interface Products GAP PAD, 12W/m-K, Ultra-Low Modulus, 8""x8"" Sheet, 0.125"" Thickness, TGP12000ULM",3.18,6.119395913816181,1.0,✅ Standard
TP-1853,A17751-04,Thermal Pad,91.47,7.5,ModuleLED_Nano_7050,0.1252,0.1325,FAIL,27.0,-0.0073,106.08,Laird Technologies - Thermal Materials,Thermal Pad Gray 457.20mm x 457.20mm Square Tacky - Both Sides,1.02,4.526884267589547,1.0,✅ Standard
TP-1856,2722292,Thermal Pad,471.75,12.0,ModuleLED_Nano_7050,0.1252,0.289,FAIL,0.0,-0.1638,112.5,Bergquist Company,"Thermal Interface Products GAP PAD, 12 W/m-K, Ultra-Low Modulus, 8"" x 8"" Sheet, 0.140"" Thickness",3.56,6.158566707538567,1.0,✅ Standard
TP-1860,TGP10000ULM-0.100-02-0808,Thermal Pad,478.76,10.0,ModuleLED_Nano_7050,0.1252,0.2479,FAIL,0.0,-0.1228,110.78,Bergquist Company,"Thermal Interface Products GAP PAD, 10W/m-K, 8"" x 8"" Sheet, 0.100"" Thickness, TGP10000ULM, IDH 2599712",2.54,6.173285978860254,1.0,✅ Standard
TP-1890,TGP10000ULM-0.125-02-0808,Thermal Pad,527.01,10.0,ModuleLED_Nano_7050,0.1252,0.3101,FAIL,0.0,-0.185,113.33,Bergquist Company,"Thermal Interface Products GAP PAD, 10W/m-K, 8"" x 8"" Sheet, 0.125"" Thickness, TGP10000ULM, IDH 2599713",3.18,6.269115222920853,1.0,✅ Standard
TP-1896,2722293,Thermal Pad,539.28,12.0,ModuleLED_Nano_7050,0.1252,0.3297,FAIL,0.0,-0.2045,114.15,Bergquist Company,"Thermal Interface Products GAP PAD, 12 W/m-K, Ultra-Low Modulus, 8"" x 8"" Sheet, 0.160"" Thickness",4.06,6.2920875236925635,1.0,✅ Standard
