recommendation_group,tim_id,mpn,manufacturer,description,type,cost_per_app,calculated_tim_r_cw,pass_probability_pct,heatsink_model,heatsink_r_th,reliability_status,avg_margin_cw,k_wmk,thickness_mm,threshold_limit_cw,max_t_case_99
🏆 Best Value,GR-0001,09599,SparkFun Electronics,Thermal Silicone Compound 5 gram Syringe,Grease,5.95,0.0936,100.0,ModuleLED_Micro_8680,1.2,PASS,1.0315,1.17,,1.1252,70.83
✅ Standard,GR-0002,TC3-1G,Chip Quik Inc.,Thermal Silicone Compound 1 gram Syringe,Grease,55.98,0.0129,100.0,ModuleLED_Micro_8680,1.2,PASS,1.1123,8.5,,1.1252,66.91
🏆 Best Value,GR-0003,8615,MG Chemicals,Thermal Non-Silicone Grease 3.5 gram Syringe,Grease,17.58,0.0366,100.0,ModuleLED_Micro_8680,1.2,PASS,1.0886,3.0,,1.1252,68.06
✅ Standard,GR-0004,SILVGREASE1,StarTech.com,Thermal Silicone Compound 1.5 gram Syringe,Grease,51.05,0.0567,100.0,ModuleLED_Micro_8680,1.2,PASS,1.0685,1.93,,1.1252,69.03
🏆 Best Value,GR-0005,TC1-10G,Chip Quik Inc.,Thermal Silicone Compound 10 gram Syringe,Grease,8.42,0.1635,100.0,ModuleLED_Micro_8680,1.2,PASS,0.9617,0.67,,1.1252,74.21
🏆 Best Value,GR-0006,HEATGREASE20,StarTech.com,Thermal Silicone Compound 20 gram Tube,Grease,4.37,0.1026,100.0,ModuleLED_Micro_8680,1.2,PASS,1.0225,1.07,,1.1252,71.27
🏆 Best Value,GR-0007,8610-60G,MG Chemicals,Thermal Non-Silicone Compound 2 oz Tube,Grease,1.9,0.1428,100.0,ModuleLED_Micro_8680,1.2,PASS,0.9824,0.77,,1.1252,73.2
✅ Standard,GR-0008,TC4-1G,Chip Quik,Thermal Interface Products Heat Sink Thermal Compound - Deep-Space Liquid Metal 79 W/mK 1g/1cc Syringe,Grease,109.41,0.0014,100.0,ModuleLED_Micro_8680,1.2,PASS,1.1238,79.0,,1.1252,66.35
✅ Standard,GR-0009,TC4-1G,Chip Quik Inc.,"Thermal Thermal Compound, Liquid Metal 1 gram Syringe",Grease,113.46,0.0014,100.0,ModuleLED_Micro_8680,1.2,PASS,1.1238,79.0,,1.1252,66.35
🏆 Best Value,GR-0010,TC1-20G,Chip Quik Inc.,Thermal Silicone Compound 20 gram Syringe,Grease,6.09,0.1638,100.0,ModuleLED_Micro_8680,1.2,PASS,0.9614,0.67,,1.1252,74.24
🏆 Best Value,GR-0011,250G,"Boyd Laconia, LLC",Thermal Silicone Compound 2 oz Tube,Grease,2.25,0.1451,100.0,ModuleLED_Micro_8680,1.2,PASS,0.9801,0.76,,1.1252,73.28
🏆 Best Value,GR-0012,TG-N909-30,t-Global Technology,Thermal Non-Silicone Grease 30 gram Container,Grease,4.65,0.0122,100.0,ModuleLED_Micro_8680,1.2,PASS,1.113,9.0,,1.1252,66.88
✅ Standard,GR-0013,TC3-3.5G,Chip Quik Inc.,Thermal Silicone Compound 3.5 gram Syringe,Grease,40.18,0.0129,100.0,ModuleLED_Micro_8680,1.2,PASS,1.1123,8.5,,1.1252,66.91
🏆 Best Value,GR-0014,CW7270,Chemtronics,Thermal Non-Silicone Grease 7 gram Syringe,Grease,20.85,0.1545,100.0,ModuleLED_Micro_8680,1.2,PASS,0.9707,0.71,,1.1252,73.77
🏆 Best Value,GR-0015,65-00-GREASE15-0010,Parker Chomerics,Thermal Silicone Grease 10cc Syringe,Grease,6.4,0.0733,100.0,ModuleLED_Micro_8680,1.2,PASS,1.0519,1.5,,1.1252,69.84
✅ Standard,GR-0016,TC4-2G,Chip Quik,Thermal Interface Products Heat Sink Thermal Compound - Deep-Space Liquid Metal 79 W/mK 2g/1cc Syringe,Grease,82.22,0.0014,100.0,ModuleLED_Micro_8680,1.2,PASS,1.1238,79.0,,1.1252,66.35
✅ Standard,GR-0017,TC4-2G,Chip Quik Inc.,"Thermal Thermal Compound, Liquid Metal 2 gram Syringe",Grease,83.35,0.0014,100.0,ModuleLED_Micro_8680,1.2,PASS,1.1238,79.0,,1.1252,66.35
🏆 Best Value,GR-0018,65-00-GREASE30-0010,Parker Chomerics,Thermal Silicone Grease 10cc Syringe,Grease,6.73,0.0365,100.0,ModuleLED_Micro_8680,1.2,PASS,1.0887,3.0,,1.1252,68.05
🏆 Best Value,GR-0019,65-00-GREASE50-0010,Parker Chomerics,Thermal Silicone Grease 10cc Jar,Grease,7.06,0.022,100.0,ModuleLED_Micro_8680,1.2,PASS,1.1032,5.0,,1.1252,67.35
🏆 Best Value,GR-0020,65-00-GREASE70-0010,Parker Chomerics,Thermal Silicone Grease 10cc Syringe,Grease,7.26,0.0157,100.0,ModuleLED_Micro_8680,1.2,PASS,1.1095,7.0,,1.1252,67.05
🏆 Best Value,GR-0021,65-00-CIP60-0045,Parker Chomerics,"Thermal Silicone Compound, 2 Part 50cc Cartridge",Grease,1.56,0.0183,100.0,ModuleLED_Micro_8680,1.2,PASS,1.1069,6.0,,1.1252,67.17
🏆 Best Value,GR-0022,TC2-10G,Chip Quik Inc.,Thermal Silicone Compound 10 gram Syringe,Grease,20.65,0.0255,100.0,ModuleLED_Micro_8680,1.2,PASS,1.0997,4.3,,1.1252,67.53
✅ Standard,GR-0023,CW7250,Chemtronics,Thermal Non-Silicone Grease 3.4 gram Syringe,Grease,62.15,0.0591,100.0,ModuleLED_Micro_8680,1.2,PASS,1.066,1.85,,1.1252,69.17
✅ Standard,GR-0024,TC4-5G,Chip Quik Inc.,"Thermal Thermal Compound, Liquid Metal 5 gram Syringe",Grease,43.78,0.0014,100.0,ModuleLED_Micro_8680,1.2,PASS,1.1238,79.0,,1.1252,66.35
✅ Standard,GR-0025,TC4-5G,Chip Quik,Thermal Interface Products Heat Sink Thermal Compound - Deep-Space Liquid Metal 79 W/mK 5g/1cc Syringe,Grease,43.9,0.0014,100.0,ModuleLED_Micro_8680,1.2,PASS,1.1238,79.0,,1.1252,66.35
🏆 Best Value,GR-0026,8617-85ML,MG Chemicals,Thermal Non-Silicone Grease 85 ml Tube,Grease,1.12,0.1094,100.0,ModuleLED_Micro_8680,1.2,PASS,1.0158,1.0,,1.1252,71.59
🏆 Best Value,GR-0027,GF1000-00-15-50CC,Bergquist,"Thermal Liquid Gap Filler, 2 Part 50cc Cartridge",Grease,1.91,0.1095,100.0,ModuleLED_Micro_8680,1.2,PASS,1.0157,1.0,,1.1252,71.58
🏆 Best Value,GR-0028,X-PUTTY-100,"Shiu Li Technology Co., Ltd.",Thermal Silicone Putty 100 gram Cartridge,Grease,2.64,0.0365,100.0,ModuleLED_Micro_8680,1.2,PASS,1.0886,3.0,,1.1252,68.06
🏆 Best Value,GR-0029,8327GF25-50CC,MG Chemicals,Thermal Silicone Gap Filler 50 ml Cartridges,Grease,2.2,0.0438,100.0,ModuleLED_Micro_8680,1.2,PASS,1.0814,2.5,,1.1252,68.41
🏆 Best Value,GR-0030,65-00-GEL37-0010,Parker Chomerics,Thermal Silicone Gel 10cc Syringe,Grease,11.07,0.0295,100.0,ModuleLED_Micro_8680,1.2,PASS,1.0956,3.7,,1.1252,67.73
🏆 Best Value,GR-0031,PK223DM-110,"Shiu Li Technology Co., Ltd.","Thermal Liquid Gap Filler, 2 Part 110 gram Cartridge",Grease,2.65,0.055,100.0,ModuleLED_Micro_8680,1.2,PASS,1.0702,2.0,,1.1252,68.95
✅ Standard,GR-0032,SILV5-THERMAL-PASTE,StarTech.com,Thermal Silicone Compound 1.5 gram Syringe,Grease,196.47,0.0342,100.0,ModuleLED_Micro_8680,1.2,PASS,1.0909,3.2,,1.1252,67.95
🏆 Best Value,GR-0033,65-00-GEL35VT-0010,Parker Chomerics,Thermal Silicone Gel 10cc Syringe,Grease,12.11,0.0313,100.0,ModuleLED_Micro_8680,1.2,PASS,1.0938,3.5,,1.1252,67.8
🏆 Best Value,GR-0034,TC4-10G,Chip Quik,Thermal Interface Products Heat Sink Thermal Compound - Deep-Space Liquid Metal 79 W/mK 10g/3cc Syringe,Grease,31.12,0.0014,100.0,ModuleLED_Micro_8680,1.2,PASS,1.1238,79.0,,1.1252,66.36
🏆 Best Value,GR-0035,TC4-10G,Chip Quik Inc.,"Thermal Thermal Compound, Liquid Metal 10 gram Syringe",Grease,32.14,0.0014,100.0,ModuleLED_Micro_8680,1.2,PASS,1.1238,79.0,,1.1252,66.35
🏆 Best Value,GR-0036,CT40-5,Chemtronics,Thermal Silicone Compound 5 oz Tube,Grease,2.28,0.1743,100.0,ModuleLED_Micro_8680,1.2,PASS,0.9508,0.63,,1.1252,74.76
🏆 Best Value,GR-0037,GF4500CVO-00-240-50CC,Bergquist Company,"Thermal Interface Products Liquid Gap-Filling Material, 2-Part, 4.5W/m-K, 50ml Cartridge, TGF4500CVO",Grease,2.6,0.0243,100.0,ModuleLED_Micro_8680,1.2,PASS,1.1008,4.5,,1.1252,67.47
🏆 Best Value,GR-0038,GF1500-00-60-50CC,Bergquist,"Thermal Liquid Gap Filler, 2 Part 50cc Cartridge",Grease,2.61,0.0609,100.0,ModuleLED_Micro_8680,1.2,PASS,1.0642,1.8,,1.1252,69.25
🏆 Best Value,GR-0039,S-PUTTY-100,"Shiu Li Technology Co., Ltd.",Thermal Silicone Putty 100 gram Cartridge,Grease,3.53,0.0314,100.0,ModuleLED_Micro_8680,1.2,PASS,1.0938,3.5,,1.1252,67.8
🏆 Best Value,GR-0040,N-PUTTY-100,"Shiu Li Technology Co., Ltd.",Thermal Non-Silicone Putty 100 gram Cartridge,Grease,3.54,0.0313,100.0,ModuleLED_Micro_8680,1.2,PASS,1.0939,3.5,,1.1252,67.8
🏆 Best Value,GR-0041,TC3-10G,Chip Quik Inc.,Thermal Silicone Compound 5cc Syringe,Grease,28.56,0.0129,100.0,ModuleLED_Micro_8680,1.2,PASS,1.1122,8.5,,1.1252,66.91
🏆 Best Value,GR-0042,65-00-GEL20-0010,Parker Chomerics,Thermal Gel Gap Filler 10cc Syringe,Grease,14.76,0.0457,100.0,ModuleLED_Micro_8680,1.2,PASS,1.0795,2.4,,1.1252,68.5
🏆 Best Value,GR-0043,H-PUTTY-100,"Shiu Li Technology Co., Ltd.",Thermal Silicone Putty 100 gram Cartridge,Grease,3.71,0.0313,100.0,ModuleLED_Micro_8680,1.2,PASS,1.0938,3.5,,1.1252,67.81
🏆 Best Value,GR-0044,127-6-10,Wakefield Thermal Solutions,Thermal Non-Silicone Grease 10cc Syringe,Grease,15.05,0.0183,100.0,ModuleLED_Micro_8680,1.2,PASS,1.1068,6.0,,1.1252,67.17
🏆 Best Value,GR-0045,127-6-10,Wakefield Thermal,"Thermal Interface Products Thermal Grease, High Performance, Non-Silicone, 6 W/m-K, 10cc Syringe",Grease,15.35,0.0182,100.0,ModuleLED_Micro_8680,1.2,PASS,1.1069,6.0,,1.1252,67.17
🏆 Best Value,GR-0046,TC2-20G,Chip Quik Inc.,Thermal Silicone Compound 20 gram Syringe,Grease,19.26,0.0255,100.0,ModuleLED_Micro_8680,1.2,PASS,1.0997,4.3,,1.1252,67.52
🏆 Best Value,GR-0047,65-02-GREASE15-0030,Parker Chomerics,Thermal Silicone Grease 30cc Cartridge,Grease,5.42,0.0729,100.0,ModuleLED_Micro_8680,1.2,PASS,1.0522,1.5,,1.1252,69.84
🏆 Best Value,GR-0048,65-02-GEL35VT-0030,Parker Chomerics,Thermal Silicone Gel 30cc Syringe,Grease,5.51,0.0313,100.0,ModuleLED_Micro_8680,1.2,PASS,1.0938,3.5,,1.1252,67.81
🏆 Best Value,GR-0049,65-00-GEL50TBL-0010,Parker Chomerics,Thermal Silicone Gel 10cc Syringe,Grease,16.63,0.022,100.0,ModuleLED_Micro_8680,1.2,PASS,1.1032,5.0,,1.1252,67.35
🏆 Best Value,GR-0050,8327GF41-50CC,MG Chemicals,Thermal Silicone Gap Filler 50 ml Cartridges,Grease,3.36,0.0268,100.0,ModuleLED_Micro_8680,1.2,PASS,1.0984,4.1,,1.1252,67.58
🏆 Best Value,GR-0051,65-02-GREASE30-0030,Parker Chomerics,Thermal Silicone Grease 30cc Cartridge,Grease,5.71,0.0364,100.0,ModuleLED_Micro_8680,1.2,PASS,1.0887,3.0,,1.1252,68.05
✅ Standard,GR-0052,8463-7G,MG Chemicals,Thermal Silicone Grease 7 gram Syringe,Grease,62.82,0.2381,100.0,ModuleLED_Micro_8680,1.2,PASS,0.8871,0.46,,1.1252,77.87
🏆 Best Value,GR-0053,GCS-NSP15-100ML,European Thermodynamics Ltd,Thermal Non-Silicone Putty 100 ml Syringe,Grease,1.78,0.073,100.0,ModuleLED_Micro_8680,1.2,PASS,1.0521,1.5,,1.1252,69.83
🏆 Best Value,GR-0054,65-02-GREASE50-0030,Parker Chomerics,Thermal Silicone Grease 30cc Cartridge,Grease,5.99,0.0219,100.0,ModuleLED_Micro_8680,1.2,PASS,1.1032,5.0,,1.1252,67.35
🏆 Best Value,GR-0055,TGF3000SF-00-1500-50CC,Bergquist Company,"Thermal Interface Products Gap Filler, 2-Part, Sil-Free, Room Temp Cure, 3W/mK, 50ml Cartridge, TGF3000SF",Grease,3.67,0.0366,100.0,ModuleLED_Micro_8680,1.2,PASS,1.0886,3.0,,1.1252,68.06
🏆 Best Value,GR-0056,65-02-GREASE70-0030,Parker Chomerics,Thermal Silicone Grease 30cc Cartridge,Grease,6.16,0.0156,100.0,ModuleLED_Micro_8680,1.2,PASS,1.1095,7.0,,1.1252,67.05
🏆 Best Value,GR-0057,TC1-200G,Chip Quik Inc.,Thermal Silicone Compound 200 gram Jar,Grease,2.35,0.1627,100.0,ModuleLED_Micro_8680,1.2,PASS,0.9624,0.67,,1.1252,74.16
🏆 Best Value,GR-0058,TG-N8000-30,t-Global Technology,Thermal Non-Silicone Putty 30 gram Jar,Grease,15.74,0.0138,100.0,ModuleLED_Micro_8680,1.2,PASS,1.1114,8.0,,1.1252,66.95
🏆 Best Value,GR-0059,G3380NA-120,"Shiu Li Technology Co., Ltd.",Thermal Non-Silicone Grease 120 gram Cartridge,Grease,3.98,0.0844,100.0,ModuleLED_Micro_8680,1.2,PASS,1.0408,1.3,,1.1252,70.39
🏆 Best Value,GR-0060,GF3500S35-07-60-50CC,Bergquist,"Thermal Liquid Gap Filler, 2 Part 50cc Cartridge",Grease,3.88,0.0304,100.0,ModuleLED_Micro_8680,1.2,PASS,1.0947,3.6,,1.1252,67.76
🏆 Best Value,GR-0061,TG4040-D-30CC,t-Global Technology,Thermal Silicone Putty 30cc Syringe,Grease,6.65,0.0367,100.0,ModuleLED_Micro_8680,1.2,PASS,1.0885,3.0,,1.1252,68.06
🏆 Best Value,GR-0062,S-PUTTY2-100,"Shiu Li Technology Co., Ltd.",Thermal Silicone Putty 100 gram Cartridge,Grease,5.04,0.0183,100.0,ModuleLED_Micro_8680,1.2,PASS,1.1068,6.0,,1.1252,67.17
🏆 Best Value,GR-0063,GF3500S35-00-60-50CC,Bergquist,"Thermal Liquid Gap Filler, 2 Part 50cc Cartridge",Grease,4.06,0.0304,100.0,ModuleLED_Micro_8680,1.2,PASS,1.0947,3.6,,1.1252,67.76
🏆 Best Value,GR-0064,65-00-GEL75VT-0010,Parker Chomerics,Thermal Silicone Gel 10cc Syringe,Grease,20.32,0.0146,100.0,ModuleLED_Micro_8680,1.2,PASS,1.1105,7.5,,1.1252,67.0
🏆 Best Value,GR-0065,65-02-GEL50TBL-0030,Parker Chomerics,Thermal Silicone Gel 30cc Syringe,Grease,6.79,0.0219,100.0,ModuleLED_Micro_8680,1.2,PASS,1.1032,5.0,,1.1252,67.35
🏆 Best Value,GR-0066,GL-20-10,Wakefield Thermal,"Thermal Interface Products ulTIMiFlux Gel, 10cc Syringe, Pink, 20g/m Flow Rate, 0.004"", 3.5w/mK",Grease,20.5,0.0314,100.0,ModuleLED_Micro_8680,1.2,PASS,1.0937,3.5,,1.1252,67.81
🏆 Best Value,GR-0067,TG-N4000-30CC,t-Global Technology,Thermal Non-Silicone Putty 30cc Syringe,Grease,6.87,0.0273,100.0,ModuleLED_Micro_8680,1.2,PASS,1.0978,4.0,,1.1252,67.61
🏆 Best Value,GR-0068,A18835-01,Laird Technologies - Thermal Materials,Thermal Liquid Gap Filler 50cc Cartridge,Grease,4.13,0.0204,100.0,ModuleLED_Micro_8680,1.2,PASS,1.1048,5.4,,1.1252,67.27
🏆 Best Value,GR-0069,TC4-20G,Chip Quik Inc.,"Thermal Thermal Compound, Liquid Metal 20 gram Syringe",Grease,26.04,0.0014,100.0,ModuleLED_Micro_8680,1.2,PASS,1.1238,79.0,,1.1252,66.35
🏆 Best Value,GR-0070,65-02-GEL50VT-0030,Parker Chomerics,Thermal Silicone Gel 30cc Syringe,Grease,6.98,0.0211,100.0,ModuleLED_Micro_8680,1.2,PASS,1.1041,5.2,,1.1252,67.31
🏆 Best Value,GR-0071,8327GL6-30ML,MG Chemicals,Thermal Non-Silicone Gel 30 ml Cartridge,Grease,7.05,0.0182,100.0,ModuleLED_Micro_8680,1.2,PASS,1.1069,6.0,,1.1252,67.17
🏆 Best Value,GR-0072,H-PUTTY2-100,"Shiu Li Technology Co., Ltd.",Thermal Silicone Putty 100 gram Cartridge,Grease,5.31,0.0183,100.0,ModuleLED_Micro_8680,1.2,PASS,1.1068,6.0,,1.1252,67.18
🏆 Best Value,GR-0073,TC4-20G,Chip Quik,Thermal Interface Products Heat Sink Thermal Compound - Deep-Space Liquid Metal 79 W/mK 20g/3cc Syringe,Grease,26.74,0.0014,100.0,ModuleLED_Micro_8680,1.2,PASS,1.1238,79.0,,1.1252,66.35
🏆 Best Value,GR-0074,65-02-GEL20-0030,Parker Chomerics,Thermal Gel Gap Filler 30cc Cartridge,Grease,7.15,0.0459,100.0,ModuleLED_Micro_8680,1.2,PASS,1.0793,2.4,,1.1252,68.5
🏆 Best Value,GR-0075,X-PUTTY-100-KIT,"Shiu Li Technology Co., Ltd.",Thermal Silicone Putty 100 gram Cartridge,Grease,5.61,0.0366,100.0,ModuleLED_Micro_8680,1.2,PASS,1.0886,3.0,,1.1252,68.07
🏆 Best Value,GR-0076,A17170-01,Laird Technologies - Thermal Materials,Thermal Silicone Compound 75cc Cartridge,Grease,2.99,0.0297,100.0,ModuleLED_Micro_8680,1.2,PASS,1.0954,3.7,,1.1252,67.72
🏆 Best Value,GR-0077,65-00-GEL75-0010,Parker Chomerics,Thermal Silicone Gel 10cc Syringe,Grease,22.96,0.0146,100.0,ModuleLED_Micro_8680,1.2,PASS,1.1105,7.5,,1.1252,67.0
🏆 Best Value,GR-0078,G3380D-100,"Shiu Li Technology Co., Ltd.",Thermal Silicone Grease 100 gram Cartridge,Grease,6.0,0.0183,100.0,ModuleLED_Micro_8680,1.2,PASS,1.1068,6.0,,1.1252,67.17
🏆 Best Value,GR-0079,EPDM20-135,"Shiu Li Technology Co., Ltd.","Thermal Liquid Gap Filler, 2 Part 50 ml Cartridges",Grease,4.81,0.0498,100.0,ModuleLED_Micro_8680,1.2,PASS,1.0754,2.2,,1.1252,68.69
🏆 Best Value,GR-0080,N-PUTTY2-100,"Shiu Li Technology Co., Ltd.",Thermal Non-Silicone Putty 100 gram Cartridge,Grease,6.19,0.0219,100.0,ModuleLED_Micro_8680,1.2,PASS,1.1033,5.0,,1.1252,67.35
✅ Standard,GR-0081,CW7100,Chemtronics,Thermal Silicone Grease 6.5 gram Syringe,Grease,98.45,0.0196,100.0,ModuleLED_Micro_8680,1.2,PASS,1.1056,5.6,,1.1252,67.24
🏆 Best Value,GR-0082,PK223DM-110-KIT,"Shiu Li Technology Co., Ltd.","Thermal Liquid Gap Filler, 2 Part 110 gram Cartridge",Grease,5.84,0.0547,100.0,ModuleLED_Micro_8680,1.2,PASS,1.0705,2.0,,1.1252,68.94
🏆 Best Value,GR-0083,GCS-018-GS-WE-1KG,European Thermodynamics Ltd,Thermal Silicone Grease 1 kg Container,Grease,0.64,0.0606,100.0,ModuleLED_Micro_8680,1.2,PASS,1.0645,1.8,,1.1252,69.24
🏆 Best Value,GR-0084,GL-08-10,Wakefield Thermal,"Thermal Interface Products ulTIMiFlux Gel, 10cc Syringe, Yellow, 8g/m Flow Rate, 0.015"", 2.4w/mK",Grease,25.84,0.0458,100.0,ModuleLED_Micro_8680,1.2,PASS,1.0794,2.4,,1.1252,68.5
🏆 Best Value,GR-0085,S-PUTTY-100-KIT,"Shiu Li Technology Co., Ltd.",Thermal Silicone Putty 100 gram Cartridge,Grease,6.49,0.0314,100.0,ModuleLED_Micro_8680,1.2,PASS,1.0938,3.5,,1.1252,67.81
🏆 Best Value,GR-0086,N-PUTTY-100-KIT,"Shiu Li Technology Co., Ltd.",Thermal Non-Silicone Putty 100 gram Cartridge,Grease,6.5,0.0314,100.0,ModuleLED_Micro_8680,1.2,PASS,1.0937,3.5,,1.1252,67.81
🏆 Best Value,GR-0087,PK404DM-150,"Shiu Li Technology Co., Ltd.","Thermal Liquid Gap Filler, 2 Part 150 gram Cartridge",Grease,4.42,0.0306,100.0,ModuleLED_Micro_8680,1.2,PASS,1.0946,3.6,,1.1252,67.77
🏆 Best Value,GR-0088,H-PUTTY-100-KIT,"Shiu Li Technology Co., Ltd.",Thermal Silicone Putty 100 gram Cartridge,Grease,6.68,0.0314,100.0,ModuleLED_Micro_8680,1.2,PASS,1.0937,3.5,,1.1252,67.81
🏆 Best Value,GR-0089,65-02-GEL75VT-0030,Parker Chomerics,Thermal Silicone Gel 30cc Cartridge,Grease,9.06,0.0146,100.0,ModuleLED_Micro_8680,1.2,PASS,1.1105,7.5,,1.1252,67.0
🏆 Best Value,GR-0090,G3380NC-100,"Shiu Li Technology Co., Ltd.",Thermal Non-Silicone Grease 100 gram Cartridge,Grease,6.81,0.0243,100.0,ModuleLED_Micro_8680,1.2,PASS,1.1009,4.5,,1.1252,67.47
🏆 Best Value,GR-0091,65-00-CIP60-0200,Parker Chomerics,"Thermal Silicone Compound, 2 Part 200cc Cartridge",Grease,1.42,0.0183,100.0,ModuleLED_Micro_8680,1.2,PASS,1.1068,6.0,,1.1252,67.17
🏆 Best Value,GR-0092,8617-1P,MG Chemicals,Thermal Non-Silicone Grease 473 ml Jar,Grease,0.61,0.1097,100.0,ModuleLED_Micro_8680,1.2,PASS,1.0155,1.0,,1.1252,71.6
🏆 Best Value,GR-0093,2456616,Bergquist,"Thermal Liquid Gap Filler, 2 Part 50cc Cartridge",Grease,5.82,0.0314,100.0,ModuleLED_Micro_8680,1.2,PASS,1.0938,3.5,,1.1252,67.8
🏆 Best Value,GR-0094,SH-PUTTY3-100,"Shiu Li Technology Co., Ltd.",Thermal Silicone Putty 100 gram Cartridge,Grease,7.53,0.0137,100.0,ModuleLED_Micro_8680,1.2,PASS,1.1115,8.0,,1.1252,66.95
🏆 Best Value,GR-0095,65-02-GEL75-0030,Parker Chomerics,Thermal Silicone Gel 30cc Syringe,Grease,10.24,0.0146,100.0,ModuleLED_Micro_8680,1.2,PASS,1.1106,7.5,,1.1252,67.0
🏆 Best Value,GR-0096,A16872-02,Laird Technologies - Thermal Materials,Thermal Liquid Gap Filler 75cc Cartridge,Grease,4.2,0.0477,100.0,ModuleLED_Micro_8680,1.2,PASS,1.0774,2.3,,1.1252,68.6
🏆 Best Value,GR-0097,8327GL3-180ML,MG Chemicals,Thermal Non-Silicone Gel 180 ml Cartridge,Grease,1.77,0.0313,100.0,ModuleLED_Micro_8680,1.2,PASS,1.0939,3.5,,1.1252,67.81
🏆 Best Value,GR-0098,S-PUTTY2-100-KIT,"Shiu Li Technology Co., Ltd.",Thermal Silicone Putty 100 gram Cartridge,Grease,8.0,0.0183,100.0,ModuleLED_Micro_8680,1.2,PASS,1.1069,6.0,,1.1252,67.17
🏆 Best Value,GR-0099,H-PUTTY2-100-KIT,"Shiu Li Technology Co., Ltd.",Thermal Silicone Putty 100 gram Cartridge,Grease,8.27,0.0182,100.0,ModuleLED_Micro_8680,1.2,PASS,1.1069,6.0,,1.1252,67.18
🏆 Best Value,GR-0100,G3380NA-120-KIT,"Shiu Li Technology Co., Ltd.",Thermal Non-Silicone Grease 120 gram Cartridge,Grease,6.9,0.0843,100.0,ModuleLED_Micro_8680,1.2,PASS,1.0408,1.3,,1.1252,70.38
🏆 Best Value,GR-0101,EPDM30-135,"Shiu Li Technology Co., Ltd.","Thermal Liquid Gap Filler, 2 Part 50 ml Cartridges",Grease,6.93,0.0365,100.0,ModuleLED_Micro_8680,1.2,PASS,1.0887,3.0,,1.1252,68.06
🏆 Best Value,GR-0102,LF2000-00-00-30CC,Bergquist Company,"Thermal Interface Products 1-Part, Liquid Formable Material, 30CC Cartridge, 2 W/m-K, Liqui-Form",Grease,11.74,0.0548,100.0,ModuleLED_Micro_8680,1.2,PASS,1.0704,2.0,,1.1252,68.95
🏆 Best Value,GR-0103,TG-N4000-55CC,t-Global Technology,Thermal Non-Silicone Putty 55cc Syringe,Grease,6.41,0.0275,100.0,ModuleLED_Micro_8680,1.2,PASS,1.0977,4.0,,1.1252,67.61
🏆 Best Value,GR-0104,A17170-02,Laird Technologies - Thermal Materials,Thermal Silicone Compound 180cc Cartridge,Grease,1.97,0.0298,100.0,ModuleLED_Micro_8680,1.2,PASS,1.0954,3.7,,1.1252,67.73
🏆 Best Value,GR-0105,TG-A7000-55CC,t-Global Technology,Thermal Silicone Putty 50cc Syringe,Grease,7.09,0.0157,100.0,ModuleLED_Micro_8680,1.2,PASS,1.1095,7.0,,1.1252,67.05
🏆 Best Value,GR-0106,GCS-NSP30-100ML,European Thermodynamics Ltd,Thermal Non-Silicone Putty 100 ml Syringe,Grease,3.55,0.0366,100.0,ModuleLED_Micro_8680,1.2,PASS,1.0885,3.0,,1.1252,68.06
🏆 Best Value,GR-0107,TG-N8000-30CC,t-Global Technology,Thermal Non-Silicone Putty 30cc Syringe,Grease,11.91,0.0137,100.0,ModuleLED_Micro_8680,1.2,PASS,1.1115,8.0,,1.1252,66.95
🏆 Best Value,GR-0108,N-PUTTY2-100-KIT,"Shiu Li Technology Co., Ltd.",Thermal Non-Silicone Putty 100 gram Cartridge,Grease,9.15,0.0219,100.0,ModuleLED_Micro_8680,1.2,PASS,1.1032,5.0,,1.1252,67.35
🏆 Best Value,GR-0109,TC2-50G,Chip Quik Inc.,Thermal Silicone Compound 50 gram Jar,Grease,18.81,0.0256,100.0,ModuleLED_Micro_8680,1.2,PASS,1.0996,4.3,,1.1252,67.53
🏆 Best Value,GR-0110,8618-85ML,MG Chemicals,Thermal Non-Silicone Grease 85 ml Syringe,Grease,4.44,0.0183,100.0,ModuleLED_Micro_8680,1.2,PASS,1.1068,6.0,,1.1252,67.17
🏆 Best Value,GR-0111,EPDM20-135-KIT,"Shiu Li Technology Co., Ltd.","Thermal Liquid Gap Filler, 2 Part 50 ml Cartridges",Grease,7.61,0.0499,100.0,ModuleLED_Micro_8680,1.2,PASS,1.0752,2.2,,1.1252,68.71
🏆 Best Value,GR-0112,GCS-NSP75 - 50ML,European Thermodynamics Ltd,Thermal Non-Silicone Putty 50 ml Syringe,Grease,7.67,0.0147,100.0,ModuleLED_Micro_8680,1.2,PASS,1.1105,7.5,,1.1252,67.0
🏆 Best Value,GR-0113,G3380D-100-KIT,"Shiu Li Technology Co., Ltd.",Thermal Silicone Grease 100 gram Cartridge,Grease,9.69,0.0183,100.0,ModuleLED_Micro_8680,1.2,PASS,1.1069,6.0,,1.1252,67.17
🏆 Best Value,GR-0114,2292097,Bergquist,"Thermal Silicone Compound, 2 Part 50cc Cartridge",Grease,8.0,0.0313,100.0,ModuleLED_Micro_8680,1.2,PASS,1.0938,3.5,,1.1252,67.81
🏆 Best Value,GR-0115,PK404DM-150-KIT,"Shiu Li Technology Co., Ltd.","Thermal Liquid Gap Filler, 2 Part 150 gram Cartridge",Grease,6.76,0.0305,100.0,ModuleLED_Micro_8680,1.2,PASS,1.0947,3.6,,1.1252,67.76
🏆 Best Value,GR-0116,S-PUTTY5-100,"Shiu Li Technology Co., Ltd.",Thermal Silicone Putty 30cc Tube,Grease,13.64,0.011,100.0,ModuleLED_Micro_8680,1.2,PASS,1.1141,10.0,,1.1252,66.82
🏆 Best Value,GR-0117,G3380NC-100-KIT,"Shiu Li Technology Co., Ltd.",Thermal Non-Silicone Grease 100 gram Cartridge,Grease,10.31,0.0244,100.0,ModuleLED_Micro_8680,1.2,PASS,1.1007,4.5,,1.1252,67.47
🏆 Best Value,GR-0118,D2000-140,"Shiu Li Technology Co., Ltd.","Thermal Silicone Grease, 2 Part 140 gram Cartridge",Grease,7.52,0.0547,100.0,ModuleLED_Micro_8680,1.2,PASS,1.0705,2.0,,1.1252,68.94
🏆 Best Value,GR-0119,SH-PUTTY3-100-KIT,"Shiu Li Technology Co., Ltd.",Thermal Silicone Putty 100 gram Cartridge,Grease,10.68,0.0137,100.0,ModuleLED_Micro_8680,1.2,PASS,1.1114,8.0,,1.1252,66.95
🏆 Best Value,GR-0120,2167388,Bergquist,"Thermal Silicone Compound, 2 Part 50cc Cartridge",Grease,8.81,0.0314,100.0,ModuleLED_Micro_8680,1.2,PASS,1.0937,3.5,,1.1252,67.81
🏆 Best Value,GR-0121,A17262-01,Laird Technologies - Thermal Materials,Thermal Silicone Gap Filler 50cc Cartridge,Grease,8.82,0.0171,100.0,ModuleLED_Micro_8680,1.2,PASS,1.1081,6.4,,1.1252,67.12
🏆 Best Value,GR-0122,TG-N8000-55CC,t-Global Technology,Thermal Non-Silicone Putty 55cc Syringe,Grease,8.37,0.0137,100.0,ModuleLED_Micro_8680,1.2,PASS,1.1114,8.0,,1.1252,66.95
🏆 Best Value,GR-0123,PK605DM-160,"Shiu Li Technology Co., Ltd.","Thermal Liquid Gap Filler, 2 Part 160 gram Cartridge",Grease,7.52,0.0219,100.0,ModuleLED_Micro_8680,1.2,PASS,1.1032,5.0,,1.1252,67.35
🏆 Best Value,GR-0124,2179547,Bergquist,"Thermal Silicone Compound, 2 Part 50cc Cartridge",Grease,9.68,0.0313,100.0,ModuleLED_Micro_8680,1.2,PASS,1.0938,3.5,,1.1252,67.81
🏆 Best Value,GR-0125,EPDM30-135-KIT,"Shiu Li Technology Co., Ltd.","Thermal Liquid Gap Filler, 2 Part 50 ml Cartridges",Grease,9.74,0.0366,100.0,ModuleLED_Micro_8680,1.2,PASS,1.0886,3.0,,1.1252,68.06
🏆 Best Value,GR-0126,S-PUTTY5-100-KIT,"Shiu Li Technology Co., Ltd.",Thermal Silicone Putty 30cc Tube,Grease,16.28,0.011,100.0,ModuleLED_Micro_8680,1.2,PASS,1.1142,10.0,,1.1252,66.82
🏆 Best Value,GR-0127,A16872-03,Laird Technologies - Thermal Materials,Thermal Liquid Gap Filler 180cc Cartridge,Grease,2.74,0.0478,100.0,ModuleLED_Micro_8680,1.2,PASS,1.0773,2.3,,1.1252,68.6
🏆 Best Value,GR-0128,65-00-GREASE15-0160,Parker Chomerics,Thermal Silicone Grease 160cc Container,Grease,3.13,0.073,100.0,ModuleLED_Micro_8680,1.2,PASS,1.0522,1.5,,1.1252,69.82
🏆 Best Value,GR-0129,TT3000-150,"Shiu Li Technology Co., Ltd.",Thermal Silicone Grease 150 gram Cartridge,Grease,8.4,0.0182,100.0,ModuleLED_Micro_8680,1.2,PASS,1.107,6.0,,1.1252,67.17
🏆 Best Value,GR-0130,DP-100,Taica,"Thermal Interface Products Thermal Conductive GEL, 6.5W/mK, 5.0kV/mm, 30ml Syringe, Lamda Gel DP",Grease,17.06,0.0169,100.0,ModuleLED_Micro_8680,1.2,PASS,1.1083,6.5,,1.1252,67.11
🏆 Best Value,GR-0131,LF3500-00-00-30CC,Bergquist Company,"Thermal Interface Products 1-Part, Liquid Formable Material, 30CC Cartridge, 3.5 W/m-K, Liqui-Form",Grease,17.26,0.0313,100.0,ModuleLED_Micro_8680,1.2,PASS,1.0939,3.5,,1.1252,67.81
✅ Standard,GR-0132,127-12-10,Wakefield Thermal Solutions,Thermal Non-Silicone Grease 1 gram Syringe,Grease,1307.58,0.0091,100.0,ModuleLED_Micro_8680,1.2,PASS,1.1161,12.0,,1.1252,66.73
✅ Standard,GR-0133,127-12-10,Wakefield Thermal,"Thermal Interface Products Thermal Grease, Extreme Performance, Non-Silicone, 12 W/m-K, 10cc Syringe",Grease,52.3,0.0091,100.0,ModuleLED_Micro_8680,1.2,PASS,1.116,12.0,,1.1252,66.73
🏆 Best Value,GR-0134,65-00-GREASE30-0160,Parker Chomerics,Thermal Silicone Grease 160cc Container,Grease,3.29,0.0365,100.0,ModuleLED_Micro_8680,1.2,PASS,1.0887,3.0,,1.1252,68.06
✅ Standard,GR-0135,127-20-10,Wakefield Thermal Solutions,Thermal Non-Silicone Grease 1 gram Syringe,Grease,1362.89,0.0055,100.0,ModuleLED_Micro_8680,1.2,PASS,1.1197,20.0,,1.1252,66.55
✅ Standard,GR-0136,127-20-10,Wakefield Thermal,"Thermal Interface Products Thermal Grease, Extreme Performance, Non-Silicone, 20 W/m-K, 10cc Syringe",Grease,54.52,0.0055,100.0,ModuleLED_Micro_8680,1.2,PASS,1.1197,20.0,,1.1252,66.55
🏆 Best Value,GR-0137,65-00-GREASE50-0160,Parker Chomerics,Thermal Silicone Grease 160cc Container,Grease,3.45,0.022,100.0,ModuleLED_Micro_8680,1.2,PASS,1.1032,5.0,,1.1252,67.36
🏆 Best Value,GR-0138,A14855-02,Laird Technologies,Thermal Interface Products Tgrease 1500 1kg 1.2 W/mK,Grease,1.38,0.0912,100.0,ModuleLED_Micro_8680,1.2,PASS,1.0339,1.2,,1.1252,70.71
🏆 Best Value,GR-0139,A18560-09,Laird Technologies - Thermal Materials,Thermal Liquid Gap Filler 30cc Cartridge,Grease,18.48,0.012,100.0,ModuleLED_Micro_8680,1.2,PASS,1.1131,9.1,,1.1252,66.87
🏆 Best Value,GR-0140,A18835-02,Laird Technologies - Thermal Materials,Thermal Liquid Gap Filler 200cc Cartridge,Grease,2.79,0.0204,100.0,ModuleLED_Micro_8680,1.2,PASS,1.1048,5.4,,1.1252,67.27
🏆 Best Value,GR-0141,D2000-140-KIT,"Shiu Li Technology Co., Ltd.","Thermal Silicone Grease, 2 Part 140 gram Cartridge",Grease,10.02,0.0549,100.0,ModuleLED_Micro_8680,1.2,PASS,1.0703,2.0,,1.1252,68.94
🏆 Best Value,GR-0142,65-00-GREASE70-0160,Parker Chomerics,Thermal Silicone Grease 160cc Container,Grease,3.55,0.0157,100.0,ModuleLED_Micro_8680,1.2,PASS,1.1095,7.0,,1.1252,67.05
🏆 Best Value,GR-0143,A10548-5,Laird Technologies - Thermal Materials,Thermal Silicone Putty 100cc Jar,Grease,5.92,0.0366,100.0,ModuleLED_Micro_8680,1.2,PASS,1.0886,3.0,,1.1252,68.06
🏆 Best Value,GR-0144,TLF6000HG-00-00-150CC,Bergquist Company,"Thermal Interface Products Conductive, 1-Part, Liquid Formable, 180ml Cartridge, 6 W/m-K, Liqui-Form",Grease,3.35,0.0183,100.0,ModuleLED_Micro_8680,1.2,PASS,1.1069,6.0,,1.1252,67.17
🏆 Best Value,GR-0145,65-01-GEL37-0180,Parker Chomerics,Thermal Silicone Gel 180cc Syringe,Grease,3.37,0.0296,100.0,ModuleLED_Micro_8680,1.2,PASS,1.0956,3.7,,1.1252,67.72
🏆 Best Value,GR-0146,TGF3000SF-00-1500-200CC,Bergquist Company,"Thermal Interface Products Gap Filler, 2-Part, Sil-Free, Room Temp Cure, 3W/mK, 200ml Cartridge, TGF3000SF",Grease,3.03,0.0366,100.0,ModuleLED_Micro_8680,1.2,PASS,1.0885,3.0,,1.1252,68.06
🏆 Best Value,GR-0147,PK605DM-160-KIT,"Shiu Li Technology Co., Ltd.","Thermal Liquid Gap Filler, 2 Part 160 gram Cartridge",Grease,9.71,0.022,100.0,ModuleLED_Micro_8680,1.2,PASS,1.1032,5.0,,1.1252,67.35
🏆 Best Value,GR-0148,GF4500CVO-00-240-200CC,Bergquist Company,"Thermal Interface Products Liquid Gap-Filling Material, 2-Part, 4.5W/m-K, 200ml Cartridge, TGF4500CVO",Grease,3.14,0.0243,100.0,ModuleLED_Micro_8680,1.2,PASS,1.1009,4.5,,1.1252,67.46
🏆 Best Value,GR-0149,2624519,Bergquist,Thermal Silicone Gel 150cc Cartridge,Grease,4.26,0.0183,100.0,ModuleLED_Micro_8680,1.2,PASS,1.1068,6.0,,1.1252,67.17
🏆 Best Value,GR-0150,GF4500CVO-00-240-400CC,Bergquist Company,"Thermal Interface Products Liquid Gap-Filling Material, 2-Part, 4.5W/m-K, 400ml Cartridge, TGF4500CVO",Grease,1.72,0.0243,100.0,ModuleLED_Micro_8680,1.2,PASS,1.1008,4.5,,1.1252,67.47
🏆 Best Value,GR-0151,65-02-GEL20-0180,Parker Chomerics,Thermal Gel Gap Filler 180cc Cartridge,Grease,4.24,0.0457,100.0,ModuleLED_Micro_8680,1.2,PASS,1.0794,2.4,,1.1252,68.5
🏆 Best Value,GR-0152,X-PUTTY-900,"Shiu Li Technology Co., Ltd.",Thermal Silicone Putty 900 gram Container,Grease,2.15,0.0365,100.0,ModuleLED_Micro_8680,1.2,PASS,1.0886,3.0,,1.1252,68.06
🏆 Best Value,GR-0153,A16872-04,Laird Technologies - Thermal Materials,Thermal Liquid Gap Filler 360cc Cartridge,Grease,2.2,0.0474,100.0,ModuleLED_Micro_8680,1.2,PASS,1.0777,2.3,,1.1252,68.6
🏆 Best Value,GR-0154,65-02-GEL50VT-0180,Parker Chomerics,Thermal Silicone Gel 180cc Syringe,Grease,4.57,0.0211,100.0,ModuleLED_Micro_8680,1.2,PASS,1.1041,5.2,,1.1252,67.31
🏆 Best Value,GR-0155,PK700DM-140,"Shiu Li Technology Co., Ltd.","Thermal Liquid Gap Filler, 2 Part 50 ml, 400 ml Cartridges",Grease,17.33,0.0157,100.0,ModuleLED_Micro_8680,1.2,PASS,1.1094,7.0,,1.1252,67.05
🏆 Best Value,GR-0156,A18578-08,Laird Technologies - Thermal Materials,Thermal Liquid Gap Filler 75cc Cartridge,Grease,11.71,0.0121,100.0,ModuleLED_Micro_8680,1.2,PASS,1.1131,9.1,,1.1252,66.87
🏆 Best Value,GR-0157,65-02-GEL75VT-0180,Parker Chomerics,Thermal Silicone Gel 180cc Cartridge,Grease,5.13,0.0146,100.0,ModuleLED_Micro_8680,1.2,PASS,1.1105,7.5,,1.1252,66.99
🏆 Best Value,GR-0158,A17064-00,Laird Technologies - Thermal Materials,Thermal Phase Change Thermal Compound 1 kg Can,Grease,2.41,0.0731,100.0,ModuleLED_Micro_8680,1.2,PASS,1.052,1.5,,1.1252,69.83
🏆 Best Value,GR-0159,A18835-03,Laird Technologies - Thermal Materials,Thermal Liquid Gap Filler 400cc Cartridge,Grease,2.43,0.0203,100.0,ModuleLED_Micro_8680,1.2,PASS,1.1049,5.4,,1.1252,67.27
🏆 Best Value,GR-0160,PK700DM-140-KIT,"Shiu Li Technology Co., Ltd.","Thermal Liquid Gap Filler, 2 Part 50 ml, 400 ml Cartridges",Grease,20.13,0.0157,100.0,ModuleLED_Micro_8680,1.2,PASS,1.1095,7.0,,1.1252,67.05
🏆 Best Value,GR-0161,GCS-040-GNS-1KG,European Thermodynamics Ltd,Thermal Non-Silicone Grease 1 kg Container,Grease,2.55,0.0275,100.0,ModuleLED_Micro_8680,1.2,PASS,1.0977,4.0,,1.1252,67.62
🏆 Best Value,GR-0162,GF3500S35-00-60-400CC,Bergquist,"Thermal Liquid Gap Filler, 2 Part 400cc Cartridge",Grease,2.57,0.0305,100.0,ModuleLED_Micro_8680,1.2,PASS,1.0947,3.6,,1.1252,67.77
🏆 Best Value,GR-0163,TG4040-D-1000,t-Global Technology,Thermal Silicone Putty 1 kg Container,Grease,2.71,0.0364,100.0,ModuleLED_Micro_8680,1.2,PASS,1.0887,3.0,,1.1252,68.06
🏆 Best Value,GR-0164,S-PUTTY-950,"Shiu Li Technology Co., Ltd.",Thermal Silicone Putty 950 gram Container,Grease,2.97,0.0314,100.0,ModuleLED_Micro_8680,1.2,PASS,1.0938,3.5,,1.1252,67.8
🏆 Best Value,GR-0165,H-PUTTY-950,"Shiu Li Technology Co., Ltd.",Thermal Silicone Putty 950 gram Container,Grease,3.13,0.0313,100.0,ModuleLED_Micro_8680,1.2,PASS,1.0938,3.5,,1.1252,67.81
🏆 Best Value,GR-0166,TGF3000SF-00-1500-400CC,Bergquist Company,"Thermal Interface Products Gap Filler, 2-Part, Sil-Free, Room Temp Cure, 3W/mK, 400ml Cartridge, TGF3000SF",Grease,2.99,0.0366,100.0,ModuleLED_Micro_8680,1.2,PASS,1.0886,3.0,,1.1252,68.06
🏆 Best Value,GR-0167,2761872,Bergquist,"Thermal Liquid Gap Filler, 2 Part 400cc Cartridge",Grease,2.99,0.0365,100.0,ModuleLED_Micro_8680,1.2,PASS,1.0887,3.0,,1.1252,68.05
🏆 Best Value,GR-0168,A14259-01,Laird Technologies,Thermal Interface Products Tgrease 2500 1kg 3.8W/mK Sil Free,Grease,3.01,0.0288,100.0,ModuleLED_Micro_8680,1.2,PASS,1.0964,3.8,,1.1252,67.68
🏆 Best Value,GR-0169,65-00-GEL20-0300,Parker Chomerics,Thermal Gel Gap Filler 300cc Cartridge,Grease,4.06,0.0458,100.0,ModuleLED_Micro_8680,1.2,PASS,1.0794,2.4,,1.1252,68.5
🏆 Best Value,GR-0170,TLF10000L150CC,Bergquist Company,"Thermal Interface Products Thermally Conductive Gel Interface Material, 10 W/m-K, 150ml Cartridge",Grease,8.63,0.011,100.0,ModuleLED_Micro_8680,1.2,PASS,1.1142,10.0,,1.1252,66.82
🏆 Best Value,GR-0171,65-00-GEL50VT-0300,Parker Chomerics,Thermal Silicone Gel 300cc Syringe,Grease,4.55,0.0211,100.0,ModuleLED_Micro_8680,1.2,PASS,1.1041,5.2,,1.1252,67.3
🏆 Best Value,GR-0172,TG-N4000-330CC,t-Global Technology,Thermal Non-Silicone Putty 330cc Syringe,Grease,4.27,0.0274,100.0,ModuleLED_Micro_8680,1.2,PASS,1.0978,4.0,,1.1252,67.62
🏆 Best Value,GR-0173,TG-N4000-1000,t-Global Technology,Thermal Non-Silicone Putty 1 kg Jar,Grease,3.52,0.0274,100.0,ModuleLED_Micro_8680,1.2,PASS,1.0977,4.0,,1.1252,67.61
🏆 Best Value,GR-0174,TG6060-D-1000,t-Global Technology,Thermal Silicone Putty 1 kg Container,Grease,3.77,0.0174,100.0,ModuleLED_Micro_8680,1.2,PASS,1.1078,6.3,,1.1252,67.13
🏆 Best Value,GR-0175,TG-N909-1000,t-Global Technology,Thermal Non-Silicone Grease 1 kg Container,Grease,3.79,0.0122,100.0,ModuleLED_Micro_8680,1.2,PASS,1.113,9.0,,1.1252,66.88
🏆 Best Value,GR-0176,TG-A7000-1000,t-Global Technology,Thermal Silicone Putty 1 kg Container,Grease,3.9,0.0157,100.0,ModuleLED_Micro_8680,1.2,PASS,1.1094,7.0,,1.1252,67.05
🏆 Best Value,GR-0177,TG-A7000-330CC,t-Global Technology,Thermal Silicone Putty 330cc Syringe,Grease,4.73,0.0157,100.0,ModuleLED_Micro_8680,1.2,PASS,1.1095,7.0,,1.1252,67.05
🏆 Best Value,GR-0178,S-PUTTY2-985,"Shiu Li Technology Co., Ltd.",Thermal Silicone Putty 985 gram Container,Grease,4.1,0.0183,100.0,ModuleLED_Micro_8680,1.2,PASS,1.1069,6.0,,1.1252,67.17
🏆 Best Value,GR-0179,TGF 2900LVO-00-400CC,Bergquist Company,"Thermal Interface Products Gap Filler, 2-Part, 2.9 W/m-K, Silicone, 400CC Cartridge, IDH 2859942",Grease,4.11,0.038,100.0,ModuleLED_Micro_8680,1.2,PASS,1.0872,2.9,,1.1252,68.12
🏆 Best Value,GR-0180,H-PUTTY2-1000,"Shiu Li Technology Co., Ltd.",Thermal Silicone Putty 1 kg Container,Grease,4.24,0.0182,100.0,ModuleLED_Micro_8680,1.2,PASS,1.1069,6.0,,1.1252,67.17
🏆 Best Value,GR-0181,TG-N8000-330CC,t-Global Technology,Thermal Non-Silicone Putty 330cc Syringe,Grease,5.37,0.0137,100.0,ModuleLED_Micro_8680,1.2,PASS,1.1114,8.0,,1.1252,66.95
🏆 Best Value,GR-0182,TG-N8000-1000,t-Global Technology,Thermal Non-Silicone Putty 1 kg Jar,Grease,4.43,0.0137,100.0,ModuleLED_Micro_8680,1.2,PASS,1.1114,8.0,,1.1252,66.95
🏆 Best Value,GR-0183,A18578-02,Laird Technologies - Thermal Materials,Thermal Liquid Gap Filler 180cc Cartridge,Grease,10.68,0.0121,100.0,ModuleLED_Micro_8680,1.2,PASS,1.1131,9.1,,1.1252,66.87
🏆 Best Value,GR-0184,TGF3000SF-00-1500-1200CC,Bergquist Company,"Thermal Interface Products Gap Filler, 2-Part, Sil-Free, Room Temp Cure, 3W/mK, 1200ml Cartridge, TGF3000SF",Grease,2.03,0.0366,100.0,ModuleLED_Micro_8680,1.2,PASS,1.0886,3.0,,1.1252,68.06
🏆 Best Value,GR-0185,A14855-01,Laird Technologies,Thermal Interface Products Tgrease 1500 7kg can 1.2 W/mK,Grease,0.91,0.0911,100.0,ModuleLED_Micro_8680,1.2,PASS,1.034,1.2,,1.1252,70.69
🏆 Best Value,GR-0186,GF4500CVO-00-240-1200CC,Bergquist Company,"Thermal Interface Products Liquid Gap-Filling Material, 2-Part, 4.5W/m-K, 1200ml Cartridge, TGF4500CVO",Grease,2.71,0.0243,100.0,ModuleLED_Micro_8680,1.2,PASS,1.1008,4.5,,1.1252,67.47
🏭 Industrial,GR-0187,TLF6000HG-00-00-0.7G,Bergquist Company,"Thermal Interface Products Conductive, 1-Part, Liquid Formable, 1 Gallon Pail, 6 W/m-K, Liqui-Form",Grease,15691.74,0.0182,100.0,ModuleLED_Micro_8680,1.2,PASS,1.1069,6.0,,1.1252,67.17
🏭 Industrial,GR-0188,2580287,Bergquist Company,"Thermal Interface Products Conductive, 1-Part, Liquid Formable, 1 Gallon, 6.0 W/m-K, Liqui-Form TLF 6000HG",Grease,26440.03,0.0183,100.0,ModuleLED_Micro_8680,1.2,PASS,1.1068,6.0,,1.1252,67.17
🏭 Industrial,GR-0189,2956733,Bergquist Company,"Thermal Interface Products Liquid Gap-Filling Material, 2-Part, 4.5W/m-K, 5 Gallon Hobbock/Pail, TGF4500CVO",Grease,12474.78,0.0244,100.0,ModuleLED_Micro_8680,1.2,PASS,1.1007,4.5,,1.1252,67.47
🏭 Industrial,GR-0190,GF4500CVO-00-240-6G,Bergquist Company,"Thermal Interface Products Liquid Gap-Filling Material, 2-Part, 4.5W/m-K, 6 Gallon Pail Kit, TGF4500CVO",Grease,10395.65,0.0244,100.0,ModuleLED_Micro_8680,1.2,PASS,1.1008,4.5,,1.1252,67.46
🏭 Industrial,GR-0191,LF3500-00-00-4.33G,Bergquist Company,"Thermal Interface Products 1-Part, Liquid Formable Material, 4.33 Gallon Pail, 3.5 W/m-K, Liqui-Form",Grease,16815.24,0.0313,100.0,ModuleLED_Micro_8680,1.2,PASS,1.0938,3.5,,1.1252,67.8
✅ Standard,OT-0001,9460TC-3ML,MG Chemicals,Thermal Epoxy Adhesive 3 ml Syringe,Other,32.15,0.122,100.0,ModuleLED_Micro_8680,1.2,PASS,1.0032,0.8,,1.1252,70.92
🏆 Best Value,OT-0002,8329TCS-6ML,MG Chemicals,"Thermal Epoxy, 2 Part 6 ml Syringe",Other,22.09,0.0696,100.0,ModuleLED_Micro_8680,1.2,PASS,1.0555,1.4,,1.1252,68.93
🏆 Best Value,OT-0003,8349TFM-25ML,MG Chemicals,"Thermal Epoxy, 2 Part 25 ml Syringe",Other,7.43,0.1083,100.0,ModuleLED_Micro_8680,1.2,PASS,1.0169,0.9,,1.1252,70.41
🏆 Best Value,OT-0004,8329TFS-25ML,MG Chemicals,"Thermal Epoxy, 2 Part 25 ml Syringe",Other,7.53,0.0812,100.0,ModuleLED_Micro_8680,1.2,PASS,1.044,1.2,,1.1252,69.38
🏆 Best Value,OT-0005,8349TFM-50ML,MG Chemicals,"Thermal Epoxy, 2 Part 50 ml Cartridges",Other,5.33,0.1082,100.0,ModuleLED_Micro_8680,1.2,PASS,1.017,0.9,,1.1252,70.4
🏆 Best Value,OT-0006,8329TFS-50ML,MG Chemicals,"Thermal Epoxy, 2 Part 45 ml Cartridge",Other,5.97,0.0813,100.0,ModuleLED_Micro_8680,1.2,PASS,1.0439,1.2,,1.1252,69.38
🏆 Best Value,OT-0007,8329TCS-50ML,MG Chemicals,"Thermal Epoxy, 2 Part 50 ml Jar",Other,5.59,0.0696,100.0,ModuleLED_Micro_8680,1.2,PASS,1.0555,1.4,,1.1252,68.93
🏆 Best Value,OT-0008,8349TFM-45ML,MG Chemicals,"Thermal Epoxy, 2 Part 45 ml Jar",Other,7.35,0.1084,100.0,ModuleLED_Micro_8680,1.2,PASS,1.0168,0.9,,1.1252,70.4
🏆 Best Value,OT-0009,TGF35-07870787-020,LeaderTech,Thermal Interface Products 3.5W/m-K 200*200*0.5 TGF35 Green,Other,27.66,0.0279,100.0,ModuleLED_Micro_8680,1.2,PASS,1.0973,3.5,,1.1252,67.35
🏆 Best Value,OT-0010,TGF35-07870787-039,LeaderTech,Thermal Interface Products 3.5W/m-K 200*200*1 TGF35 Green,Other,27.66,0.0279,100.0,ModuleLED_Micro_8680,1.2,PASS,1.0973,3.5,,1.1252,67.35
🏆 Best Value,OT-0011,2193454,Bergquist,"Thermal Epoxy, 2 Part 50cc Cartridge",Other,9.02,0.0541,100.0,ModuleLED_Micro_8680,1.2,PASS,1.0711,1.8,,1.1252,68.35
🏆 Best Value,OT-0012,EP770-1100,"Shiu Li Technology Co., Ltd.","Thermal Epoxy, 2 Part 1 kg Can",Other,1.15,0.039,100.0,ModuleLED_Micro_8680,1.2,PASS,1.0861,2.5,,1.1252,67.77
🏆 Best Value,OT-0013,8329TCM-200ML,MG Chemicals,"Thermal Epoxy, 2 Part 200 ml Jar",Other,2.44,0.0696,100.0,ModuleLED_Micro_8680,1.2,PASS,1.0555,1.4,,1.1252,68.93
🏆 Best Value,OT-0014,8329TCS-200ML,MG Chemicals,"Thermal Epoxy, 2 Part 200 ml Jar",Other,2.44,0.0697,100.0,ModuleLED_Micro_8680,1.2,PASS,1.0555,1.4,,1.1252,68.94
🏆 Best Value,OT-0015,2194122,Bergquist,"Thermal Epoxy, 2 Part 50cc Cartridge",Other,10.01,0.0542,100.0,ModuleLED_Micro_8680,1.2,PASS,1.071,1.8,,1.1252,68.35
🏆 Best Value,OT-0016,1188099,LOCTITE,"Thermal Epoxy, 2 Part (Order Catalyst Separately) 3 lb Container",Other,1.07,0.0727,100.0,ModuleLED_Micro_8680,1.2,PASS,1.0524,1.34,,1.1252,69.05
✅ Standard,OT-0017,TGF60-07870787-039,LeaderTech,Thermal Interface Products 6W/m-K 200*200*1 TGF60 Gray,Other,35.08,0.0162,100.0,ModuleLED_Micro_8680,1.2,PASS,1.1089,6.0,,1.1252,66.9
🏆 Best Value,OT-0018,1188134,LOCTITE,"Thermal Epoxy, 2 Part (Order Catalyst Separately) 3 lb Container",Other,1.57,0.0351,100.0,ModuleLED_Micro_8680,1.2,PASS,1.0901,2.78,,1.1252,67.62
✅ Standard,OT-0019,TGF60-07870787-020,LeaderTech,Thermal Interface Products 6W/m-K 200*200*0.5 TGF60 Gray,Other,48.58,0.0163,100.0,ModuleLED_Micro_8680,1.2,PASS,1.1089,6.0,,1.1252,66.91
🏆 Best Value,OT-0020,1188135,LOCTITE,"Thermal Epoxy, 2 Part (Order Catalyst Separately) 20 lb Container",Other,0.47,0.0351,100.0,ModuleLED_Micro_8680,1.2,PASS,1.0901,2.78,,1.1252,67.62
🏭 Industrial,OT-0021,TGF3000SF-00-1500-7GAL,Bergquist Company,"Thermal Interface Products Gap Filler, 2-Part, Sil-Free, Room Temp Cure, 3W/mK, 7 Gallon Pail, TGF3000SF",Other,12622.86,0.0325,100.0,ModuleLED_Micro_8680,1.2,PASS,1.0927,3.0,,1.1252,67.52
✅ Standard,TP-0001,TG-A1250-5-5-1.0,t-Global Technology,Thermal Pad Green 5.00mm x 5.00mm Square,Thermal Pad,133.8,0.078,100.0,ModuleLED_Micro_8680,1.2,PASS,1.0472,12.5,1.0,1.1252,69.47
✅ Standard,TP-0002,TG-A2200-5-5-2.0,t-Global Technology,Thermal Pad Gray 5.00mm x 5.00mm Square Tacky - One Side,Thermal Pad,133.8,0.8915,100.0,ModuleLED_Micro_8680,1.2,PASS,0.2336,2.2,2.01,1.1252,102.54
✅ Standard,TP-0003,TG-A6200-7.2-6.3-1.0,t-Global Technology,Thermal Pad Blue 7.20mm x 6.30mm Rectangular Tacky - Both Sides,Thermal Pad,73.74,0.1574,100.0,ModuleLED_Micro_8680,1.2,PASS,0.9678,6.2,1.0,1.1252,72.69
✅ Standard,TP-0004,TG-A2200-10-10-1.0,t-Global Technology,Thermal Pad Gray 10.00mm x 10.00mm Square Tacky - One Side,Thermal Pad,33.45,0.4426,100.0,ModuleLED_Micro_8680,1.2,PASS,0.6825,2.2,1.0,1.1252,84.35
✅ Standard,TP-0005,TG-A4500-10-10-0.5,t-Global Technology,Thermal Pad Purple 10.00mm x 10.00mm Square Tacky - Both Sides,Thermal Pad,33.45,0.1083,100.0,ModuleLED_Micro_8680,1.2,PASS,1.0169,4.5,0.5,1.1252,70.7
✅ Standard,TP-0006,TG-A6200-5-5-1.0,t-Global Technology,Thermal Pad Blue 5.00mm x 5.00mm Square Tacky - Both Sides,Thermal Pad,133.8,0.1573,100.0,ModuleLED_Micro_8680,1.2,PASS,0.9678,6.2,1.0,1.1252,72.67
✅ Standard,TP-0007,TG-A2200-10-10-1.5,t-Global Technology,Thermal Pad Gray 10.00mm x 10.00mm Square Tacky - One Side,Thermal Pad,36.85,0.6656,100.0,ModuleLED_Micro_8680,1.2,PASS,0.4596,2.2,1.5,1.1252,93.32
✅ Standard,TP-0008,TG-A6200-10-10-0.5,t-Global Technology,Thermal Pad Blue 10.00mm x 10.00mm Square Tacky - Both Sides,Thermal Pad,40.14,0.0786,100.0,ModuleLED_Micro_8680,1.2,PASS,1.0465,6.2,0.5,1.1252,69.5
✅ Standard,TP-0009,TG-A2200-10-10-2.0,t-Global Technology,Thermal Pad Gray 10.00mm x 10.00mm Square Tacky - One Side,Thermal Pad,43.54,0.892,100.0,ModuleLED_Micro_8680,1.2,PASS,0.2331,2.2,2.01,1.1252,102.54
🏆 Best Value,TP-0010,TG-ALC-15-15-0.2-0,t-Global Technology,Thermal Pad Green 15.00mm x 15.00mm Square Tacky - Both Sides,Thermal Pad,19.35,0.0464,100.0,ModuleLED_Micro_8680,1.2,PASS,1.0788,4.2,0.2,1.1252,68.18
✅ Standard,TP-0011,TG-A3500-10-10-2.0,t-Global Technology,Thermal Pad Yellow 10.00mm x 10.00mm Square Tacky - Both Sides,Thermal Pad,43.54,0.5601,100.0,ModuleLED_Micro_8680,1.2,PASS,0.565,3.5,2.01,1.1252,89.1
🏆 Best Value,TP-0012,SPK4-0.006-00-58,Bergquist,Thermal Pad Gray 19.05mm x 12.70mm Rectangular,Thermal Pad,19.36,0.1624,100.0,ModuleLED_Micro_8680,1.2,PASS,0.9628,0.9,0.15,1.1252,72.9
🏆 Best Value,TP-0013,T62-1-15-15-0.16,t-Global Technology,Thermal Pad Black 15.00mm x 15.00mm Square Adhesive - One Side,Thermal Pad,20.81,0.0104,100.0,ModuleLED_Micro_8680,1.2,PASS,1.1148,15.0,0.16,1.1252,66.71
🏆 Best Value,TP-0014,DC0011/08-TG-A373F-0.25-2A,t-Global Technology,Thermal Pad Yellow 19.05mm x 12.70mm Rectangular Adhesive - Both Sides,Thermal Pad,20.76,0.1737,100.0,ModuleLED_Micro_8680,1.2,PASS,0.9514,1.4,0.25,1.1252,73.37
🏆 Best Value,TP-0015,Q3-0.005-00-104,Bergquist,Thermal Pad Black 25.40mm x 19.05mm Rectangular,Thermal Pad,11.06,0.0634,100.0,ModuleLED_Micro_8680,1.2,PASS,1.0618,2.0,0.13,1.1252,68.86
✅ Standard,TP-0016,TG-A6200-10-5-2.0,t-Global Technology,Thermal Pad Blue 10.00mm x 5.00mm Rectangular Tacky - Both Sides,Thermal Pad,107.04,0.3161,100.0,ModuleLED_Micro_8680,1.2,PASS,0.809,6.2,2.01,1.1252,79.18
🏆 Best Value,TP-0017,Q3-0.005-00-51,Bergquist,Thermal Pad Black 17.45mm x 14.27mm Rectangular,Thermal Pad,22.86,0.0633,100.0,ModuleLED_Micro_8680,1.2,PASS,1.0618,2.0,0.13,1.1252,68.86
✅ Standard,TP-0018,TG-A3500-10-10-3.0,t-Global Technology,Thermal Pad Yellow 10.00mm x 10.00mm Square Tacky - Both Sides,Thermal Pad,60.21,0.8359,100.0,ModuleLED_Micro_8680,1.2,PASS,0.2893,3.5,3.0,1.1252,100.33
✅ Standard,TP-0019,TG-A6200-10-10-1.0,t-Global Technology,Thermal Pad Blue 10.00mm x 10.00mm Square Tacky - Both Sides,Thermal Pad,60.21,0.1574,100.0,ModuleLED_Micro_8680,1.2,PASS,0.9677,6.2,1.0,1.1252,72.69
🏆 Best Value,TP-0020,SP600-90,Bergquist,Thermal Pad Green 21.84mm x 18.80mm Rectangular,Thermal Pad,16.29,0.2242,100.0,ModuleLED_Micro_8680,1.2,PASS,0.901,1.0,0.23,1.1252,75.41
✅ Standard,TP-0021,TG-A1250-10-10-0.5,t-Global Technology,Thermal Pad Green 10.00mm x 10.00mm Square,Thermal Pad,66.9,0.039,100.0,ModuleLED_Micro_8680,1.2,PASS,1.0862,12.5,0.5,1.1252,67.88
✅ Standard,TP-0022,TG-A2200-15-15-1.0,t-Global Technology,Thermal Pad Gray 15.00mm x 15.00mm Square Tacky - One Side,Thermal Pad,29.73,0.4429,100.0,ModuleLED_Micro_8680,1.2,PASS,0.6823,2.2,1.0,1.1252,84.39
✅ Standard,TP-0023,TG-A4500-10-10-2.0,t-Global Technology,Thermal Pad Purple 10.00mm x 10.00mm Square Tacky - Both Sides,Thermal Pad,66.9,0.4355,100.0,ModuleLED_Micro_8680,1.2,PASS,0.6896,4.5,2.01,1.1252,84.04
✅ Standard,TP-0024,SP400-0.009-00-58,Bergquist,Thermal Pad Gray 19.05mm x 12.70mm Rectangular,Thermal Pad,29.06,0.2491,100.0,ModuleLED_Micro_8680,1.2,PASS,0.876,0.9,0.23,1.1252,76.44
✅ Standard,TP-0025,SP400-0.009-00-54,Bergquist,Thermal Pad Gray 19.05mm x 12.70mm Rectangular,Thermal Pad,29.06,0.2492,100.0,ModuleLED_Micro_8680,1.2,PASS,0.8759,0.9,0.23,1.1252,76.43
✅ Standard,TP-0026,SP400-0.007-00-54,Bergquist,Thermal Pad Gray 19.05mm x 12.70mm Rectangular,Thermal Pad,30.42,0.1951,100.0,ModuleLED_Micro_8680,1.2,PASS,0.9301,0.9,0.18,1.1252,74.22
✅ Standard,TP-0027,TG-A6200-11-11-1.0,t-Global Technology,Thermal Pad Blue 11.00mm x 11.00mm Square Tacky - Both Sides,Thermal Pad,60.82,0.1573,100.0,ModuleLED_Micro_8680,1.2,PASS,0.9679,6.2,1.0,1.1252,72.68
✅ Standard,TP-0028,TG-A3500-10-10-4.0,t-Global Technology,Thermal Pad Yellow 10.00mm x 10.00mm Square Tacky - Both Sides,Thermal Pad,73.59,1.1114,57.71,ModuleLED_Micro_8680,1.2,FAIL,0.0138,3.5,3.99,1.1252,111.63
🏆 Best Value,TP-0029,LI98-28-28-0.25,t-Global Technology,Thermal Pad White 28.00mm x 28.00mm Square Adhesive - Both Sides,Thermal Pad,9.39,0.2435,100.0,ModuleLED_Micro_8680,1.2,PASS,0.8817,1.0,0.25,1.1252,76.21
✅ Standard,TP-0030,TG-T1000-10-10-0.25-5PT,t-Global Technology,Thermal Pad White 10.00mm x 10.00mm Square Adhesive - Both Sides,Thermal Pad,73.59,0.244,100.0,ModuleLED_Micro_8680,1.2,PASS,0.8812,1.0,0.25,1.1252,76.24
✅ Standard,TP-0031,SP400-0.007-AC-54,Bergquist,Thermal Pad Gray 19.05mm x 12.70mm Rectangular Adhesive - One Side,Thermal Pad,31.82,0.1946,100.0,ModuleLED_Micro_8680,1.2,PASS,0.9305,0.9,0.18,1.1252,74.2
✅ Standard,TP-0032,TG-A9000-10-10-1.0,t-Global Technology,Thermal Pad Pink 10.00mm x 10.00mm Square,Thermal Pad,76.99,0.1084,100.0,ModuleLED_Micro_8680,1.2,PASS,1.0168,9.0,1.0,1.1252,70.71
🏆 Best Value,TP-0033,SP400-0.007-00-104,Bergquist,Thermal Pad Gray 25.40mm x 19.05mm Rectangular,Thermal Pad,17.29,0.1949,100.0,ModuleLED_Micro_8680,1.2,PASS,0.9302,0.9,0.18,1.1252,74.22
🏆 Best Value,TP-0034,T62-30-30-0.13,t-Global Technology,Thermal Pad Black 30.00mm x 30.00mm Square,Thermal Pad,9.3,0.0063,100.0,ModuleLED_Micro_8680,1.2,PASS,1.1188,20.0,0.13,1.1252,66.55
✅ Standard,TP-0035,TG-A6200-15-15-0.5,t-Global Technology,Thermal Pad Blue 15.00mm x 15.00mm Square Tacky - Both Sides,Thermal Pad,37.19,0.0786,100.0,ModuleLED_Micro_8680,1.2,PASS,1.0465,6.2,0.5,1.1252,69.49
❌ Avoid,TP-0036,TG-A3500-10-10-5.0,t-Global Technology,Thermal Pad Yellow 10.00mm x 10.00mm Square Tacky - Both Sides,Thermal Pad,86.97,1.3931,0.0,ModuleLED_Micro_8680,1.2,FAIL,-0.268,3.5,5.0,1.1252,122.93
🏆 Best Value,TP-0037,SP400-0.009-00-90,Bergquist,Thermal Pad Gray 21.84mm x 18.80mm Rectangular,Thermal Pad,22.01,0.2492,100.0,ModuleLED_Micro_8680,1.2,PASS,0.8759,0.9,0.23,1.1252,76.44
✅ Standard,TP-0038,TG-A6200-10-10-1.5,t-Global Technology,Thermal Pad Blue 10.00mm x 10.00mm Square Tacky - Both Sides,Thermal Pad,90.37,0.2359,100.0,ModuleLED_Micro_8680,1.2,PASS,0.8893,6.2,1.5,1.1252,75.91
✅ Standard,TP-0039,SP900S-0.009-AC-54,Bergquist,Thermal Pad Pink 19.05mm x 12.70mm Rectangular Adhesive - One Side,Thermal Pad,40.12,0.1402,100.0,ModuleLED_Micro_8680,1.2,PASS,0.985,1.6,0.23,1.1252,72.01
✅ Standard,TP-0040,SP900S-0.009-00-54,Bergquist,Thermal Pad Pink 19.05mm x 12.70mm Rectangular,Thermal Pad,40.12,0.1402,100.0,ModuleLED_Micro_8680,1.2,PASS,0.985,1.6,0.23,1.1252,72.0
✅ Standard,TP-0041,SP400-0.009-00-51,Bergquist,Thermal Pad Gray 17.45mm x 14.27mm Rectangular,Thermal Pad,40.3,0.2492,100.0,ModuleLED_Micro_8680,1.2,PASS,0.8759,0.9,0.23,1.1252,76.4
✅ Standard,TP-0042,TG-A1250-10-10-1.0,t-Global Technology,Thermal Pad Green 10.00mm x 10.00mm Square,Thermal Pad,107.04,0.0779,100.0,ModuleLED_Micro_8680,1.2,PASS,1.0472,12.5,1.0,1.1252,69.47
✅ Standard,TP-0043,HF115AC-0.0055-AC-54,Bergquist,Thermal Pad Gray 19.05mm x 12.70mm Rectangular Adhesive - One Side,Thermal Pad,45.65,0.1705,100.0,ModuleLED_Micro_8680,1.2,PASS,0.9547,0.8,0.14,1.1252,73.22
✅ Standard,TP-0044,1009-54,Bergquist,Thermal Pad Pink 19.05mm x 12.70mm Rectangular,Thermal Pad,45.65,0.1869,100.0,ModuleLED_Micro_8680,1.2,PASS,0.9382,1.2,0.23,1.1252,73.91
✅ Standard,TP-0045,SPK10-0.006-00-54,Bergquist,Thermal Pad Beige 19.05mm x 12.70mm Rectangular,Thermal Pad,48.41,0.1124,100.0,ModuleLED_Micro_8680,1.2,PASS,1.0128,1.3,0.15,1.1252,70.87
✅ Standard,TP-0046,SP900S-0.009-00-90,Bergquist,Thermal Pad Pink 21.84mm x 18.80mm Rectangular,Thermal Pad,28.53,0.1402,100.0,ModuleLED_Micro_8680,1.2,PASS,0.985,1.6,0.23,1.1252,71.99
🏆 Best Value,TP-0047,SP900S-0.009-00-104,Bergquist,Thermal Pad Pink 25.40mm x 19.05mm Rectangular,Thermal Pad,24.89,0.1401,100.0,ModuleLED_Micro_8680,1.2,PASS,0.985,1.6,0.23,1.1252,72.01
✅ Standard,TP-0048,SP900S-0.009-AC-58,Bergquist,Thermal Pad Pink 19.05mm x 12.70mm Rectangular Adhesive - One Side,Thermal Pad,52.54,0.1404,100.0,ModuleLED_Micro_8680,1.2,PASS,0.9848,1.6,0.23,1.1252,71.99
✅ Standard,TP-0049,2188938,Bergquist,"Thermal Pad Gray, Green 25.02mm x 11.00mm Round",Thermal Pad,52.28,0.3252,100.0,ModuleLED_Micro_8680,1.2,PASS,0.7999,0.9,0.3,1.1252,79.53
✅ Standard,TP-0050,TG-A1250-15-15-0.5,t-Global Technology,Thermal Pad Green 15.00mm x 15.00mm Square,Thermal Pad,65.41,0.039,100.0,ModuleLED_Micro_8680,1.2,PASS,1.0861,12.5,0.5,1.1252,67.88
✅ Standard,TP-0051,CP23-TO220-21.5-11.4-5.8-0.45,t-Global Technology,Thermal Pad Gray 21.50mm x 11.40mm x 5.80mm Rectangular,Thermal Pad,65.51,0.2311,100.0,ModuleLED_Micro_8680,1.2,PASS,0.894,1.9,0.45,1.1252,75.7
🏭 Industrial,TP-0052,THJP0603AST1,Vishay Dale Thin Film,Thermal Pad 1.55mm x 0.84mm Rectangular,Thermal Pad,13873.09,0.0106,100.0,ModuleLED_Micro_8680,1.2,PASS,1.1146,70.0,0.76,1.1252,66.72
✅ Standard,TP-0053,53-77-9G,"Boyd Laconia, LLC","Thermal Pad Gray, Green 18.42mm x 13.21mm Rectangular",Thermal Pad,79.73,0.1625,100.0,ModuleLED_Micro_8680,1.2,PASS,0.9626,0.9,0.15,1.1252,72.9
✅ Standard,TP-0054,CP33-TO247-28.5-17.5-5.8-0.45,t-Global Technology,Thermal Pad Gray 28.50mm x 17.50mm x 5.80mm Rectangular,Thermal Pad,42.92,0.2312,100.0,ModuleLED_Micro_8680,1.2,PASS,0.894,1.9,0.45,1.1252,75.7
✅ Standard,TP-0055,SPK10-0.006-00-58,Bergquist,Thermal Pad Beige 19.05mm x 12.70mm Rectangular,Thermal Pad,92.65,0.1122,100.0,ModuleLED_Micro_8680,1.2,PASS,1.013,1.3,0.15,1.1252,70.87
✅ Standard,TP-0056,Q3-0.005-00-54,Bergquist,Thermal Pad Black 19.05mm x 12.70mm Rectangular,Thermal Pad,94.02,0.0634,100.0,ModuleLED_Micro_8680,1.2,PASS,1.0617,2.0,0.13,1.1252,68.86
✅ Standard,TP-0057,SPT400-12-13.5-25,Bergquist,"Thermal Pad Gray, Green 25.02mm x 13.50mm Round",Thermal Pad,69.32,0.325,100.0,ModuleLED_Micro_8680,1.2,PASS,0.8001,0.9,0.3,1.1252,79.53
✅ Standard,TP-0058,TG-A1250-15-15-1.0,t-Global Technology,Thermal Pad Green 15.00mm x 15.00mm Square,Thermal Pad,104.07,0.078,100.0,ModuleLED_Micro_8680,1.2,PASS,1.0472,12.5,1.0,1.1252,69.46
✅ Standard,TP-0059,60-11-8302-1674,Parker Chomerics,Thermal Pad Blue 18.03mm x 12.70mm Rectangular,Thermal Pad,103.74,0.2435,100.0,ModuleLED_Micro_8680,1.2,PASS,0.8816,1.0,0.25,1.1252,76.22
✅ Standard,TP-0060,SPK10-0.006-00-90,Bergquist,Thermal Pad Beige 21.84mm x 18.80mm Rectangular,Thermal Pad,58.66,0.1125,100.0,ModuleLED_Micro_8680,1.2,PASS,1.0126,1.3,0.15,1.1252,70.87
✅ Standard,TP-0061,175-6-220P,Wakefield Thermal Solutions,Thermal Pad Gray 18.00mm x 12.70mm Rectangular,Thermal Pad,106.84,0.2923,100.0,ModuleLED_Micro_8680,1.2,PASS,0.8329,0.5,0.15,1.1252,78.19
✅ Standard,TP-0062,SPK10-0.006-00-104,Bergquist,Thermal Pad Beige 25.40mm x 19.05mm Rectangular,Thermal Pad,51.86,0.1126,100.0,ModuleLED_Micro_8680,1.2,PASS,1.0126,1.3,0.15,1.1252,70.86
✅ Standard,TP-0063,53-77-4G,"Boyd Laconia, LLC","Thermal Pad Gray, Green 19.05mm x 12.70mm Rectangular",Thermal Pad,107.84,0.1626,100.0,ModuleLED_Micro_8680,1.2,PASS,0.9625,0.9,0.15,1.1252,72.91
🏭 Industrial,TP-0064,THJP0612AST1,Vishay Dale Thin Film,Thermal Pad 1.06mm x 3.20mm Rectangular,Thermal Pad,7889.05,0.0029,100.0,ModuleLED_Micro_8680,1.2,PASS,1.1223,259.0,0.76,1.1252,66.4
✅ Standard,TP-0065,HF115AC-0.0055-AC-90,Bergquist,Thermal Pad Gray 21.84mm x 18.79mm Rectangular Adhesive - One Side,Thermal Pad,66.04,0.1705,100.0,ModuleLED_Micro_8680,1.2,PASS,0.9546,0.8,0.14,1.1252,73.23
✅ Standard,TP-0066,53-77-4ACG,"Boyd Laconia, LLC","Thermal Pad Gray, Green 19.05mm x 12.70mm Rectangular Adhesive - One Side",Thermal Pad,116.14,0.1623,100.0,ModuleLED_Micro_8680,1.2,PASS,0.9629,0.9,0.15,1.1252,72.9
✅ Standard,TP-0067,173-7-240A,Wakefield Thermal Solutions,Thermal Pad Gray 19.10mm x 12.70mm Rectangular Adhesive - One Side,Thermal Pad,125.51,0.1461,100.0,ModuleLED_Micro_8680,1.2,PASS,0.9791,1.2,0.18,1.1252,72.23
✅ Standard,TP-0068,TG-APC93-20-20-2.0-0,t-Global Technology,Thermal Pad Gray 20.00mm x 20.00mm Square,Thermal Pad,81.13,0.9794,95.69,ModuleLED_Micro_8680,1.2,FAIL,0.1458,2.0,2.01,1.1252,106.21
✅ Standard,TP-0069,TG-A3500-25-25-3.0,t-Global Technology,Thermal Pad Yellow 25.00mm x 25.00mm Square Tacky - Both Sides,Thermal Pad,55.13,0.8358,100.0,ModuleLED_Micro_8680,1.2,PASS,0.2894,3.5,3.0,1.1252,100.32
✅ Standard,TP-0070,53-77-9ACG,"Boyd Laconia, LLC","Thermal Pad Gray, Green 18.42mm x 13.21mm Rectangular Adhesive - One Side",Thermal Pad,142.97,0.1625,100.0,ModuleLED_Micro_8680,1.2,PASS,0.9626,0.9,0.15,1.1252,72.9
✅ Standard,TP-0071,TG-A6200-20-20-2.0,t-Global Technology,Thermal Pad Blue 20.00mm x 20.00mm Square Tacky - Both Sides,Thermal Pad,101.2,0.3163,100.0,ModuleLED_Micro_8680,1.2,PASS,0.8089,6.2,2.01,1.1252,79.17
✅ Standard,TP-0072,SP600-104,Bergquist,Thermal Pad Green 25.40mm x 19.05mm Rectangular,Thermal Pad,89.87,0.2243,100.0,ModuleLED_Micro_8680,1.2,PASS,0.9009,1.0,0.23,1.1252,75.41
✅ Standard,TP-0073,TG-A1250-15-15-2.0,t-Global Technology,Thermal Pad Green 15.00mm x 15.00mm Square,Thermal Pad,197.75,0.1569,100.0,ModuleLED_Micro_8680,1.2,PASS,0.9682,12.5,2.01,1.1252,72.68
✅ Standard,TP-0074,SP2000-0.015-00-104,Bergquist,Thermal Pad White 25.40mm x 19.05mm Rectangular,Thermal Pad,100.93,0.1058,100.0,ModuleLED_Micro_8680,1.2,PASS,1.0194,3.5,0.38,1.1252,70.61
❌ Avoid,TP-0075,TG-AH486-21-15-13.0-1A,t-Global Technology,Thermal Pad Gray 21.00mm x 15.00mm Rectangular Adhesive - One Side,Thermal Pad,161.6,3.9625,0.0,ModuleLED_Micro_8680,1.2,FAIL,-2.8374,3.2,13.0,1.1252,227.11
🏭 Industrial,TP-0076,QB0603B25WYT,KYOCERA AVX,Thermal Pad 1.52mm x 0.76mm Rectangular,Thermal Pad,45749.91,0.0012,100.0,ModuleLED_Micro_8680,1.2,PASS,1.124,50.0,0.06,1.1252,66.34
✅ Standard,TP-0077,TG-A1250-30-30-0.5,t-Global Technology,Thermal Pad Green 30.00mm x 30.00mm Square,Thermal Pad,60.21,0.039,100.0,ModuleLED_Micro_8680,1.2,PASS,1.0861,12.5,0.5,1.1252,67.88
🏭 Industrial,TP-0078,THJP1225AST1,Vishay Dale Thin Film,Thermal Pad 3.20mm x 6.40mm Rectangular,Thermal Pad,2989.15,0.0029,100.0,ModuleLED_Micro_8680,1.2,PASS,1.1223,259.0,0.76,1.1252,66.4
❌ Avoid,TP-0079,TG-AH486-35-10-7.0-0,t-Global Technology,Thermal Pad Gray 35.00mm x 10.00mm Rectangular,Thermal Pad,184.47,2.1381,0.0,ModuleLED_Micro_8680,1.2,FAIL,-1.0129,3.2,7.01,1.1252,153.27
🏆 Best Value,TP-0080,HSP-2,Sensata-Crydom,Thermal Pad Black 57.15mm x 44.45mm Rectangular Adhesive - One Side,Thermal Pad,26.73,0.0634,100.0,ModuleLED_Micro_8680,1.2,PASS,1.0617,2.0,0.13,1.1252,68.87
✅ Standard,TP-0081,TG-A486G-20-20-2.5-0,t-Global Technology,Thermal Pad Gray 20.00mm x 20.00mm Square Tacky - Both Sides,Thermal Pad,169.77,0.387,100.0,ModuleLED_Micro_8680,1.2,PASS,0.7382,6.3,2.5,1.1252,82.06
✅ Standard,TP-0082,407150015050,Würth Elektronik,Thermal Pad Black 15.00mm x 15.00mm Square Adhesive - Both Sides,Thermal Pad,325.6,0.0122,100.0,ModuleLED_Micro_8680,1.2,PASS,1.113,400.0,5.0,1.1252,66.78
✅ Standard,TP-0083,407150015030,Würth Elektronik,Thermal Pad Black 15.00mm x 15.00mm Square Adhesive - Both Sides,Thermal Pad,325.6,0.0073,100.0,ModuleLED_Micro_8680,1.2,PASS,1.1178,400.0,3.0,1.1252,66.59
❌ Avoid,TP-0084,TG-AH486-45-25-6.0-0,t-Global Technology,Thermal Pad Gray 45.00mm x 25.00mm Rectangular,Thermal Pad,72.85,1.8233,0.0,ModuleLED_Micro_8680,1.2,FAIL,-0.6981,3.2,5.99,1.1252,140.51
✅ Standard,TP-0085,407150015200,Würth Elektronik,Thermal Pad Black 15.00mm x 15.00mm Square Adhesive - Both Sides,Thermal Pad,367.22,0.0487,100.0,ModuleLED_Micro_8680,1.2,PASS,1.0765,400.0,19.99,1.1252,68.28
🏭 Industrial,TP-0086,QB0805A40WYT,KYOCERA AVX,Thermal Pad 2.03mm x 1.27mm Rectangular,Thermal Pad,32308.5,0.0099,100.0,ModuleLED_Micro_8680,1.2,PASS,1.1152,100.0,1.02,1.1252,66.69
🏭 Industrial,TP-0087,QB0805B40WYT,KYOCERA AVX,Thermal Pad 2.03mm x 1.27mm Rectangular,Thermal Pad,32308.5,0.0099,100.0,ModuleLED_Micro_8680,1.2,PASS,1.1152,100.0,1.02,1.1252,66.69
❌ Avoid,TP-0088,TG-AH486-25-25-9.0-0,t-Global Technology,Thermal Pad Gray 25.00mm x 25.00mm Square,Thermal Pad,135.41,2.7401,0.0,ModuleLED_Micro_8680,1.2,FAIL,-1.615,3.2,8.99,1.1252,177.74
✅ Standard,TP-0089,407150045015,Würth Elektronik,Thermal Pad Black 45.00mm x 15.00mm Rectangular Adhesive - Both Sides,Thermal Pad,127.36,0.0037,100.0,ModuleLED_Micro_8680,1.2,PASS,1.1215,400.0,1.5,1.1252,66.44
✅ Standard,TP-0090,EAPUS SARCON GR-HM 10.8X10.8X0.5MM,ADLINK Technology,"Thermal Interface Products Pad,Type=GR-Hm,Size=10.8x10.8x0.5mm,K=6W/mK,Color=Reddish Gray",Thermal Pad,816.21,0.0813,100.0,ModuleLED_Micro_8680,1.2,PASS,1.0439,6.0,0.5,1.1252,69.6
❌ Avoid,TP-0091,EAPUS SARCON XR-Hl 16.5X7.5X2.0MM,ADLINK Technology,"Thermal Interface Products Pad,Type=XR-HL,Size=16.5x7.5x2.0mm,K=1.2W/mK,Color=Black",Thermal Pad,769.31,1.6231,0.0,ModuleLED_Micro_8680,1.2,FAIL,-0.498,1.2,2.0,1.1252,132.39
❌ Avoid,TP-0092,EAPUS SARCON XR-Hl 20X10X2.5MM,ADLINK Technology,"Thermal Interface Products Pad,Type=XR-HL,Size=20x10x2.5mm,K=1.2W/mK,Color=Black",Thermal Pad,476.01,2.0316,0.0,ModuleLED_Micro_8680,1.2,FAIL,-0.9064,1.2,2.5,1.1252,148.99
❌ Avoid,TP-0093,EAPUS SARCON XR-Hl 35X11X2.5MM,ADLINK Technology,"Thermal Interface Products Pad,Type=XR-HL,Size=35x11x2.5mm,K=1.2W/mK,Color=Black",Thermal Pad,247.28,2.0307,0.0,ModuleLED_Micro_8680,1.2,FAIL,-0.9056,1.2,2.5,1.1252,149.32
❌ Avoid,TP-0094,EAPUS SARCON XR-Hl 12X14X3.0MM,ADLINK Technology,"Thermal Interface Products Pad,Type=XR-HL,Size=12x14x3.0mm,K=1.2W/mK,Color=Black",Thermal Pad,566.68,2.4388,0.0,ModuleLED_Micro_8680,1.2,FAIL,-1.3136,1.2,3.0,1.1252,165.32
✅ Standard,TP-0095,60-11-5791-1671,Parker Chomerics,Thermal Pad White 17.45mm x 14.28mm Rectangular,Thermal Pad,385.28,0.1425,100.0,ModuleLED_Micro_8680,1.2,PASS,0.9827,2.6,0.38,1.1252,72.09
✅ Standard,TP-0096,PL-05-3-254,Wakefield Thermal,"Thermal Interface Products ulTIMiFlux Gap Pad, Silicone, 0.5mm Thickness, 3 W/m-K, 25.4x25.4mm, Green",Thermal Pad,150.36,0.1625,100.0,ModuleLED_Micro_8680,1.2,PASS,0.9627,3.0,0.5,1.1252,72.91
✅ Standard,TP-0097,60-11-8302-1671,Parker Chomerics,Thermal Pad White 18.03mm x 12.70mm Rectangular,Thermal Pad,425.12,0.1425,100.0,ModuleLED_Micro_8680,1.2,PASS,0.9827,2.6,0.38,1.1252,72.08
✅ Standard,TP-0098,TG-A1250-40-40-0.5,t-Global Technology,Thermal Pad Green 40.00mm x 40.00mm Square,Thermal Pad,61.68,0.0391,100.0,ModuleLED_Micro_8680,1.2,PASS,1.0861,12.5,0.5,1.1252,67.88
✅ Standard,TP-0099,PL-05-5-254,Wakefield Thermal,"Thermal Interface Products ulTIMiFlux Gap Pad, Silicone, 0.5mm Thickness, 5 W/m-K, 25.4x25.4mm, Gold",Thermal Pad,156.58,0.0975,100.0,ModuleLED_Micro_8680,1.2,PASS,1.0276,5.0,0.5,1.1252,70.26
✅ Standard,TP-0100,PL-05-3-254-H,Wakefield Thermal,"Thermal Interface Products ulTIMiFlux Gap Pad, Silicone, 0.5mm Thickness, 3 W/m-K, 25.4x25.4mm, Hyper Soft",Thermal Pad,157.1,0.1624,100.0,ModuleLED_Micro_8680,1.2,PASS,0.9627,3.0,0.5,1.1252,72.9
✅ Standard,TP-0101,PL-05-5-254-H,Wakefield Thermal,"Thermal Interface Products ulTIMiFlux Gap Pad, Silicone, 0.5mm Thickness, 5 W/m-K, 25.4x25.4mm, Hyper Soft",Thermal Pad,162.8,0.0975,100.0,ModuleLED_Micro_8680,1.2,PASS,1.0277,5.0,0.5,1.1252,70.26
❌ Avoid,TP-0102,PL-2-1-254,Wakefield Thermal,"Thermal Interface Products ulTIMiFlux Gap Pad, Silicone, 2mm Thickness, 1 W/m-K, 25.4x25.4mm, Grey",Thermal Pad,163.84,1.9501,0.0,ModuleLED_Micro_8680,1.2,FAIL,-0.825,1.0,2.0,1.1252,145.63
✅ Standard,TP-0103,PL-2-3-254,Wakefield Thermal,"Thermal Interface Products ulTIMiFlux Gap Pad, Silicone, 2mm Thickness, 3 W/m-K, 25.4x25.4mm, Green",Thermal Pad,175.24,0.65,100.0,ModuleLED_Micro_8680,1.2,PASS,0.4751,3.0,2.0,1.1252,92.72
✅ Standard,TP-0104,PL-2-3-254-H,Wakefield Thermal,"Thermal Interface Products ulTIMiFlux Gap Pad, Silicone, 2mm Thickness, 3 W/m-K, 25.4x25.4mm, Hyper Soft",Thermal Pad,181.99,0.6492,100.0,ModuleLED_Micro_8680,1.2,PASS,0.476,3.0,2.0,1.1252,92.72
✅ Standard,TP-0105,PL-1-5-254,Wakefield Thermal,"Thermal Interface Products ulTIMiFlux Gap Pad, Silicone, 1mm Thickness, 5 W/m-K, 25.4x25.4mm, Gold",Thermal Pad,185.1,0.195,100.0,ModuleLED_Micro_8680,1.2,PASS,0.9302,5.0,1.0,1.1252,74.23
✅ Standard,TP-0106,SP2000-0.015-00-58,Bergquist,Thermal Pad White 19.05mm x 12.70mm Rectangular,Thermal Pad,529.55,0.1059,100.0,ModuleLED_Micro_8680,1.2,PASS,1.0193,3.5,0.38,1.1252,70.6
❌ Avoid,TP-0107,TG-A3500-40-40-5.0,t-Global Technology,Thermal Pad Yellow 40.00mm x 40.00mm Square Tacky - Both Sides,Thermal Pad,80.49,1.3933,0.0,ModuleLED_Micro_8680,1.2,FAIL,-0.2682,3.5,5.0,1.1252,123.11
🏆 Best Value,TP-0108,TG-AH486-100-100-1.0-0,t-Global Technology,Thermal Pad Gray 100.00mm x 100.00mm Square,Thermal Pad,15.86,0.3046,100.0,ModuleLED_Micro_8680,1.2,PASS,0.8205,3.2,1.0,1.1252,78.68
✅ Standard,TP-0109,PL-2-5-254-H,Wakefield Thermal,"Thermal Interface Products ulTIMiFlux Gap Pad, Silicone, 2mm Thickness, 5 W/m-K, 25.4x25.4mm, Hyper Soft",Thermal Pad,253.54,0.3901,100.0,ModuleLED_Micro_8680,1.2,PASS,0.7351,5.0,2.0,1.1252,82.17
✅ Standard,TP-0110,TG-A1250-30-30-2.0,t-Global Technology,Thermal Pad Green 30.00mm x 30.00mm Square,Thermal Pad,182.49,0.1568,100.0,ModuleLED_Micro_8680,1.2,PASS,0.9683,12.5,2.01,1.1252,72.68
✅ Standard,TP-0111,PL-05-1-1016,Wakefield Thermal,"Thermal Interface Products ulTIMiFlux Gap Pad, Silicone, 0.5mm Thickness, 1 W/m-K, 101.6x101.6mm, Grey",Thermal Pad,16.79,0.4878,100.0,ModuleLED_Micro_8680,1.2,PASS,0.6373,1.0,0.5,1.1252,86.18
✅ Standard,TP-0112,TG-A1250-25-25-3.0,t-Global Technology,Thermal Pad Green 25.00mm x 25.00mm Square,Thermal Pad,279.91,0.234,100.0,ModuleLED_Micro_8680,1.2,PASS,0.8912,12.5,3.0,1.1252,75.81
✅ Standard,TP-0113,PL-2-5-254,Wakefield Thermal,"Thermal Interface Products ulTIMiFlux Gap Pad, Silicone, 2mm Thickness, 5 W/m-K, 25.4x25.4mm, Gold",Thermal Pad,281.01,0.3902,100.0,ModuleLED_Micro_8680,1.2,PASS,0.735,5.0,2.0,1.1252,82.16
✅ Standard,TP-0114,TG-A1780-25-25-0.5,t-Global Technology,Thermal Pad Gray 25.00mm x 25.00mm Square,Thermal Pad,294.36,0.0273,100.0,ModuleLED_Micro_8680,1.2,PASS,1.0978,17.8,0.5,1.1252,67.4
✅ Standard,TP-0115,PL-1-1.5-76X127-15,Wakefield Thermal,"Thermal Interface Products ulTIMiFlux Gap Pad, Silicone, 1mm Thickness, 1.5 W/mK, 76.2x127mm, Grey",Thermal Pad,21.88,0.6494,100.0,ModuleLED_Micro_8680,1.2,PASS,0.4757,1.5,1.0,1.1252,92.77
🏆 Best Value,TP-0116,4051100100017,Würth Elektronik,Thermal Pad 100.00mm x 100.00mm Square Acrylic,Thermal Pad,22.41,0.0,100.0,ModuleLED_Micro_8680,1.2,PASS,1.1251,1800.0,0.04,1.1252,66.29
✅ Standard,TP-0117,TG-A1250-40-40-1.5,t-Global Technology,Thermal Pad Green 40.00mm x 40.00mm Square,Thermal Pad,143.21,0.1169,100.0,ModuleLED_Micro_8680,1.2,PASS,1.0083,12.5,1.5,1.1252,71.06
✅ Standard,TP-0118,PL-1-1-1016,Wakefield Thermal,"Thermal Interface Products ulTIMiFlux Gap Pad, Silicone, 1mm Thickness, 1 W/m-K, 101.6x101.6mm, Grey",Thermal Pad,22.42,0.9757,96.45,ModuleLED_Micro_8680,1.2,FAIL,0.1495,1.0,1.0,1.1252,105.99
🏆 Best Value,TP-0119,COH-1706-200-05,Taica North America Corporation,Thermal Pad Gray 200.00mm x 200.00mm Square Tacky - Both Sides,Thermal Pad,5.81,0.2922,100.0,ModuleLED_Micro_8680,1.2,PASS,0.8329,1.7,0.51,1.1252,78.21
✅ Standard,TP-0120,SoftFlex-B016-20-01-0762-0762,Aavid,"Thermal Interface Products SoftFlex Pad, 1.6 W/mK Conductivity, 2mm Thick, 1-Side Adhesive, 76.2x76.2mm",Thermal Pad,44.07,1.2206,18.3,ModuleLED_Micro_8680,1.2,FAIL,-0.0955,1.6,2.0,1.1252,116.02
✅ Standard,TP-0121,TG-A1780-30-30-0.5,t-Global Technology,Thermal Pad Gray 30.00mm x 30.00mm Square,Thermal Pad,288.41,0.0274,100.0,ModuleLED_Micro_8680,1.2,PASS,1.0978,17.8,0.5,1.1252,67.4
🏆 Best Value,TP-0122,TG-A6200F-100-100-0.5,t-Global Technology,Thermal Pad Blue 100.00mm x 100.00mm Square Tacky - One Side,Thermal Pad,28.2,0.0975,100.0,ModuleLED_Micro_8680,1.2,PASS,1.0276,5.0,0.5,1.1252,70.27
✅ Standard,TP-0123,SP2000-0.015-00-54,Bergquist,Thermal Pad White 19.05mm x 12.70mm Rectangular,Thermal Pad,1349.4,0.1059,100.0,ModuleLED_Micro_8680,1.2,PASS,1.0192,3.5,0.38,1.1252,70.6
✅ Standard,TP-0124,PL-05-5-1016,Wakefield Thermal,"Thermal Interface Products ulTIMiFlux Gap Pad, Silicone, 0.5mm Thickness, 5 W/m-K, 101.6x101.6mm, Gold",Thermal Pad,31.79,0.0974,100.0,ModuleLED_Micro_8680,1.2,PASS,1.0277,5.0,0.5,1.1252,70.26
❌ Avoid,TP-0125,GP1500-0.080-02-0404,Bergquist,Thermal Pad Black 101.60mm x 101.60mm Square Tacky - Both Sides,Thermal Pad,33.77,1.3177,2.6,ModuleLED_Micro_8680,1.2,FAIL,-0.1926,1.5,2.03,1.1252,119.96
✅ Standard,TP-0126,PL-05-3-1016-H,Wakefield Thermal,"Thermal Interface Products ulTIMiFlux Gap Pad, Silicone, 0.5mm Thick, 3 W/m-K, 101.6x101.6mm, Hyper Soft",Thermal Pad,35.09,0.1627,100.0,ModuleLED_Micro_8680,1.2,PASS,0.9625,3.0,0.5,1.1252,72.9
✅ Standard,TP-0127,PLF-1-1-76X127-40,Wakefield Thermal,"Thermal Interface Products ulTIMiFlux Gap Pad, Silicone-Free, 1mm Thickness, 1 W/m-K, 76x127mm, White",Thermal Pad,38.19,0.9758,96.17,ModuleLED_Micro_8680,1.2,FAIL,0.1493,1.0,1.0,1.1252,105.93
✅ Standard,TP-0128,PL-1-3-76X127-30,Wakefield Thermal,"Thermal Interface Products ulTIMiFlux Gap Pad, Silicone, 1mm Thickness, 3 W/m-K, 76.2x127mm, Blue",Thermal Pad,39.27,0.3249,100.0,ModuleLED_Micro_8680,1.2,PASS,0.8003,3.0,1.0,1.1252,79.52
✅ Standard,TP-0129,TG-A6200-100-100-1.0,t-Global Technology,Thermal Pad Blue 100.00mm x 100.00mm Square Tacky - Both Sides,Thermal Pad,39.0,0.1571,100.0,ModuleLED_Micro_8680,1.2,PASS,0.968,6.2,1.0,1.1252,72.7
✅ Standard,TP-0130,TG-A1780-40-40-0.5,t-Global Technology,Thermal Pad Gray 40.00mm x 40.00mm Square,Thermal Pad,247.32,0.0274,100.0,ModuleLED_Micro_8680,1.2,PASS,1.0978,17.8,0.5,1.1252,67.4
✅ Standard,TP-0131,GP1500-0.020-02-0404,Bergquist,Thermal Pad Black 101.60mm x 101.60mm Square Tacky - Both Sides,Thermal Pad,40.18,0.3311,100.0,ModuleLED_Micro_8680,1.2,PASS,0.7941,1.5,0.51,1.1252,79.77
✅ Standard,TP-0132,PL-1-3-1016-H,Wakefield Thermal,"Thermal Interface Products ulTIMiFlux Gap Pad, Silicone, 1mm Thickness, 3 W/m-K, 101.6x101.6mm, Hyper Soft",Thermal Pad,41.09,0.3242,100.0,ModuleLED_Micro_8680,1.2,PASS,0.801,3.0,1.0,1.1252,79.51
❌ Avoid,TP-0133,PL-2-1-1016,Wakefield Thermal,"Thermal Interface Products ulTIMiFlux Gap Pad, Silicone, 2mm Thickness, 1 W/m-K, 101.6x101.6mm, Grey",Thermal Pad,41.35,1.9505,0.0,ModuleLED_Micro_8680,1.2,FAIL,-0.8253,1.0,2.0,1.1252,145.72
🏭 Industrial,TP-0134,QB0603A25WYT,KYOCERA AVX,Thermal Pad 1.52mm x 0.76mm Rectangular,Thermal Pad,370632.22,0.0012,100.0,ModuleLED_Micro_8680,1.2,PASS,1.124,50.0,0.06,1.1252,66.34
✅ Standard,TP-0135,PL-05-5-1016-H,Wakefield Thermal,"Thermal Interface Products ulTIMiFlux Gap Pad, Silicone, 0.5mm Thick, 5 W/m-K, 101.6x101.6mm, Hyper Soft",Thermal Pad,43.52,0.0976,100.0,ModuleLED_Micro_8680,1.2,PASS,1.0276,5.0,0.5,1.1252,70.26
🏆 Best Value,TP-0136,A18197-05,Laird Technologies - Thermal Materials,Thermal Pad Gray 228.60mm x 228.60mm Square Tacky - Both Sides,Thermal Pad,8.71,0.0221,100.0,ModuleLED_Micro_8680,1.2,PASS,1.1031,5.3,0.12,1.1252,67.19
✅ Standard,TP-0137,69-13-42348-T412,Parker Chomerics,Thermal Pad Gray 28.00mm x 28.00mm Square Adhesive - Both Sides,Thermal Pad,615.67,0.1599,100.0,ModuleLED_Micro_8680,1.2,PASS,0.9652,1.4,0.23,1.1252,72.8
🏆 Best Value,TP-0138,T62-310-310-0.13,t-Global Technology,Thermal Pad Black 310.00mm x 310.00mm Square,Thermal Pad,5.25,0.0063,100.0,ModuleLED_Micro_8680,1.2,PASS,1.1188,20.0,0.13,1.1252,66.55
🏆 Best Value,TP-0139,A18197-08,Laird Technologies - Thermal Materials,Thermal Pad Gray 228.60mm x 228.60mm Square Tacky - Both Sides,Thermal Pad,9.86,0.0368,100.0,ModuleLED_Micro_8680,1.2,PASS,1.0883,5.3,0.2,1.1252,67.79
🏆 Best Value,TP-0140,TG-A6200-150-150-0.5,t-Global Technology,Thermal Pad Blue 150.00mm x 150.00mm Square Tacky - Both Sides,Thermal Pad,23.74,0.0786,100.0,ModuleLED_Micro_8680,1.2,PASS,1.0465,6.2,0.5,1.1252,69.48
🏆 Best Value,TP-0141,A18197-10,Laird Technologies - Thermal Materials,Thermal Pad Gray 228.60mm x 228.60mm Square Tacky - Both Sides,Thermal Pad,10.66,0.046,100.0,ModuleLED_Micro_8680,1.2,PASS,1.0792,5.3,0.25,1.1252,68.16
✅ Standard,TP-0142,A17916-08,Laird Technologies - Thermal Materials,Thermal Pad Gray 228.60mm x 228.60mm Square Tacky - Both Sides,Thermal Pad,10.67,0.989,94.27,ModuleLED_Micro_8680,1.2,FAIL,0.1361,2.0,2.03,1.1252,106.6
🏆 Best Value,TP-0143,BP100-0.005-00-1112,Bergquist,Thermal Pad White 304.80mm x 279.40mm Rectangular Adhesive - Both Sides,Thermal Pad,6.65,0.1585,100.0,ModuleLED_Micro_8680,1.2,PASS,0.9667,0.8,0.13,1.1252,72.75
✅ Standard,TP-0144,PL-2-3-1016-H,Wakefield Thermal,"Thermal Interface Products ulTIMiFlux Gap Pad, Silicone, 2mm Thickness, 3 W/m-K, 101.6x101.6mm, Hyper Soft",Thermal Pad,57.1,0.6495,100.0,ModuleLED_Micro_8680,1.2,PASS,0.4756,3.0,2.0,1.1252,92.78
🏆 Best Value,TP-0145,T62-1-310-310-0.16,t-Global Technology,Thermal Pad Black 310.00mm x 310.00mm Square Adhesive - One Side,Thermal Pad,6.15,0.0104,100.0,ModuleLED_Micro_8680,1.2,PASS,1.1148,15.0,0.16,1.1252,66.71
✅ Standard,TP-0146,PL-1-5-76X127-60,Wakefield Thermal,"Thermal Interface Products ulTIMiFlux Gap Pad, Silicone, 1mm Thickness, 5 W/m-K, 76.2x127mm, Brown",Thermal Pad,65.47,0.1949,100.0,ModuleLED_Micro_8680,1.2,PASS,0.9303,5.0,1.0,1.1252,74.23
✅ Standard,TP-0147,GP1500-0.040-02-0404,Bergquist,Thermal Pad Black 101.60mm x 101.60mm Square Tacky - Both Sides,Thermal Pad,66.2,0.6622,100.0,ModuleLED_Micro_8680,1.2,PASS,0.4629,1.5,1.02,1.1252,93.25
✅ Standard,TP-0148,PLF-1-3-76X127-70,Wakefield Thermal,"Thermal Interface Products ulTIMiFlux Gap Pad, Silicone-Free, 1mm Thickness, 3 W/m-K, 76x127mm, White",Thermal Pad,71.04,0.3246,100.0,ModuleLED_Micro_8680,1.2,PASS,0.8005,3.0,1.0,1.1252,79.52
🏆 Best Value,TP-0149,GT10D-300-300-0.25-1A,t-Global Technology,Thermal Pad Pink 300.00mm x 300.00mm Square Adhesive - One Side,Thermal Pad,7.83,0.1624,100.0,ModuleLED_Micro_8680,1.2,PASS,0.9628,1.5,0.25,1.1252,72.89
✅ Standard,TP-0150,SF400-505005,Same Sky (Formerly CUI Devices),Thermal Pad Gray 50.00mm x 50.00mm Square Tacky - Both Sides,Thermal Pad,289.54,0.1952,100.0,ModuleLED_Micro_8680,1.2,PASS,0.93,2.5,0.5,1.1252,74.23
🏆 Best Value,TP-0151,A18197-16,Laird Technologies - Thermal Materials,Thermal Pad Gray 228.60mm x 228.60mm Square Tacky - Both Sides,Thermal Pad,14.0,0.0753,100.0,ModuleLED_Micro_8680,1.2,PASS,1.0499,5.3,0.41,1.1252,69.36
🏆 Best Value,TP-0152,GPVOUS-0.020-01-0816,Bergquist,Thermal Pad Pink 406.40mm x 203.20mm Rectangular Tacky - One Side,Thermal Pad,8.95,0.4972,100.0,ModuleLED_Micro_8680,1.2,PASS,0.6279,1.0,0.51,1.1252,86.51
✅ Standard,TP-0153,A17733-04,Laird Technologies - Thermal Materials,Thermal Pad Yellow 228.60mm x 228.60mm Square Adhesive - One Side,Thermal Pad,14.33,0.8286,100.0,ModuleLED_Micro_8680,1.2,PASS,0.2965,1.2,1.02,1.1252,99.99
🏆 Best Value,TP-0154,2191342,Bergquist,Thermal Pad Gray 304.80mm x 292.10mm Rectangular,Thermal Pad,8.43,0.1623,100.0,ModuleLED_Micro_8680,1.2,PASS,0.9629,0.9,0.15,1.1252,72.9
✅ Standard,TP-0155,TG-A1250-125-125-0.5,t-Global Technology,Thermal Pad Green 125.00mm x 125.00mm Square,Thermal Pad,48.51,0.039,100.0,ModuleLED_Micro_8680,1.2,PASS,1.0861,12.5,0.5,1.1252,67.87
🏆 Best Value,TP-0156,A18172-16,Laird Technologies - Thermal Materials,Thermal Pad Gray 228.60mm x 228.60mm Square Tacky - Both Sides,Thermal Pad,14.75,0.052,100.0,ModuleLED_Micro_8680,1.2,PASS,1.0732,7.5,0.4,1.1252,68.41
🏆 Best Value,TP-0157,69-12-42355-1674,Parker Chomerics,Thermal Pad Blue 203.20mm x 203.20mm Square Adhesive - One Side,Thermal Pad,18.99,0.2443,100.0,ModuleLED_Micro_8680,1.2,PASS,0.8809,1.0,0.25,1.1252,76.25
✅ Standard,TP-0158,TG-A6200-100-100-2.5,t-Global Technology,Thermal Pad Blue 100.00mm x 100.00mm Square Tacky - Both Sides,Thermal Pad,78.67,0.3933,100.0,ModuleLED_Micro_8680,1.2,PASS,0.7319,6.2,2.5,1.1252,82.33
✅ Standard,TP-0159,PL-1-6-76X127-60,Wakefield Thermal,"Thermal Interface Products ulTIMiFlux Gap Pad, Silicone, 1mm Thickness, 6 W/mK, 76.2x127mm, Grey",Thermal Pad,83.78,0.1624,100.0,ModuleLED_Micro_8680,1.2,PASS,0.9627,6.0,1.0,1.1252,72.91
🏆 Best Value,TP-0160,GP1500-0.040-02-0816,Bergquist,Thermal Pad Black 406.40mm x 203.20mm Rectangular Tacky - Both Sides,Thermal Pad,9.85,0.6635,100.0,ModuleLED_Micro_8680,1.2,PASS,0.4616,1.5,1.02,1.1252,93.28
✅ Standard,TP-0161,GPVOUS-0.040-01-0816,Bergquist,Thermal Pad Pink 406.40mm x 203.20mm Rectangular Tacky - One Side,Thermal Pad,10.0,0.995,93.42,ModuleLED_Micro_8680,1.2,FAIL,0.1302,1.0,1.02,1.1252,106.69
🏆 Best Value,TP-0162,A18172-05,Laird Technologies - Thermal Materials,Thermal Pad Gray 228.60mm x 228.60mm Square Tacky - Both Sides,Thermal Pad,16.03,0.0156,100.0,ModuleLED_Micro_8680,1.2,PASS,1.1095,7.5,0.12,1.1252,66.92
✅ Standard,TP-0163,TG-A6200-150-150-1.0,t-Global Technology,Thermal Pad Blue 150.00mm x 150.00mm Square Tacky - Both Sides,Thermal Pad,37.27,0.1574,100.0,ModuleLED_Micro_8680,1.2,PASS,0.9678,6.2,1.0,1.1252,72.68
🏆 Best Value,TP-0164,A15993-00,Laird Technologies - Thermal Materials,Thermal Pad Gray 228.60mm x 228.60mm Square Tacky - Both Sides,Thermal Pad,16.3,0.1658,100.0,ModuleLED_Micro_8680,1.2,PASS,0.9594,3.0,0.51,1.1252,73.03
🏆 Best Value,TP-0165,A18172-10,Laird Technologies - Thermal Materials,Thermal Pad Gray 228.60mm x 228.60mm Square Tacky - Both Sides,Thermal Pad,17.04,0.0325,100.0,ModuleLED_Micro_8680,1.2,PASS,1.0927,7.5,0.25,1.1252,67.61
✅ Standard,TP-0166,PL-1-5-1016-H,Wakefield Thermal,"Thermal Interface Products ulTIMiFlux Gap Pad, Silicone, 1mm Thickness, 5 W/m-K, 101.6x101.6mm, Hyper Soft",Thermal Pad,87.98,0.195,100.0,ModuleLED_Micro_8680,1.2,PASS,0.9302,5.0,1.0,1.1252,74.24
✅ Standard,TP-0167,TG-A1250-100-100-1.0,t-Global Technology,Thermal Pad Green 100.00mm x 100.00mm Square,Thermal Pad,92.89,0.0779,100.0,ModuleLED_Micro_8680,1.2,PASS,1.0472,12.5,1.0,1.1252,69.47
✅ Standard,TP-0168,PLX-1-6-76X127-48,Wakefield Thermal,"Thermal Interface Products ulTIMiFlux Gap Pad, Silicone, 1mm Thickness, 6 W/mK, 76x127mm, Grey",Thermal Pad,97.73,0.1626,100.0,ModuleLED_Micro_8680,1.2,PASS,0.9626,6.0,1.0,1.1252,72.91
🏆 Best Value,TP-0169,BP100-0.011-00-1010,Bergquist,Thermal Pad White 254.00mm x 254.00mm Square Adhesive - Both Sides,Thermal Pad,14.71,0.3412,100.0,ModuleLED_Micro_8680,1.2,PASS,0.784,0.8,0.28,1.1252,80.19
✅ Standard,TP-0170,PL-1-5-1016,Wakefield Thermal,"Thermal Interface Products ulTIMiFlux Gap Pad, Silicone, 1mm Thickness, 5 W/m-K, 101.6x101.6mm, Gold",Thermal Pad,94.2,0.1952,100.0,ModuleLED_Micro_8680,1.2,PASS,0.93,5.0,1.0,1.1252,74.23
✅ Standard,TP-0171,PL-1-5-1016-H,Wakefield Thermal Solutions,Thermal Pad Gold 101.60mm x 101.60mm Square Tacky - One Side,Thermal Pad,94.23,0.1925,100.0,ModuleLED_Micro_8680,1.2,PASS,0.9327,5.0,0.99,1.1252,74.14
🏆 Best Value,TP-0172,GP1500R-0.020-02-0816,Bergquist,Thermal Pad Black 406.40mm x 203.20mm Rectangular Tacky - Both Sides,Thermal Pad,12.05,0.3309,100.0,ModuleLED_Micro_8680,1.2,PASS,0.7942,1.5,0.51,1.1252,79.78
🏆 Best Value,TP-0173,4051210297017,Würth Elektronik,Thermal Pad 297.00mm x 210.00mm Rectangular Acrylic,Thermal Pad,15.99,0.0,100.0,ModuleLED_Micro_8680,1.2,PASS,1.1251,1800.0,0.04,1.1252,66.29
🏆 Best Value,TP-0174,BP100-0.008-00-1010,Bergquist,Thermal Pad White 254.00mm x 254.00mm Square Adhesive - Both Sides,Thermal Pad,15.64,0.2439,100.0,ModuleLED_Micro_8680,1.2,PASS,0.8812,0.8,0.2,1.1252,76.2
❌ Avoid,TP-0175,2191191,Bergquist,Thermal Pad Pink 406.40mm x 203.20mm Rectangular Tacky - One Side,Thermal Pad,12.56,1.4831,0.0,ModuleLED_Micro_8680,1.2,FAIL,-0.358,1.0,1.52,1.1252,126.62
✅ Standard,TP-0176,69-13-42350-T412,Parker Chomerics,Thermal Pad Gray 152.40mm x 152.40mm Square Adhesive - Both Sides,Thermal Pad,45.12,0.1602,100.0,ModuleLED_Micro_8680,1.2,PASS,0.9649,1.4,0.23,1.1252,72.8
🏆 Best Value,TP-0177,A14556-01,Laird Technologies - Thermal Materials,Thermal Pad Blue 228.60mm x 228.60mm Square Tacky - Both Sides,Thermal Pad,20.11,0.1777,100.0,ModuleLED_Micro_8680,1.2,PASS,0.9474,2.8,0.51,1.1252,73.52
🏆 Best Value,TP-0178,A17690-02,Laird Technologies - Thermal Materials,Thermal Pad Pink 228.60mm x 228.60mm Square Tacky - One Side,Thermal Pad,20.66,0.0994,100.0,ModuleLED_Micro_8680,1.2,PASS,1.0257,5.0,0.51,1.1252,70.33
✅ Standard,TP-0179,PLX-1-7-76X127-68,Wakefield Thermal,"Thermal Interface Products ulTIMiFlux Gap Pad, Silicone, 1mm Thickness, 7 W/mK, 76x127mm, Grey",Thermal Pad,112.15,0.1392,100.0,ModuleLED_Micro_8680,1.2,PASS,0.9859,7.0,1.0,1.1252,71.95
🏆 Best Value,TP-0180,SPK10-0.006-00-11.512,Bergquist,Thermal Pad Beige 304.80mm x 292.10mm Rectangular,Thermal Pad,12.48,0.1124,100.0,ModuleLED_Micro_8680,1.2,PASS,1.0127,1.3,0.15,1.1252,70.86
🏆 Best Value,TP-0181,A10464-07,Laird Technologies - Thermal Materials,Thermal Pad Gray 609.60mm x 457.20mm Rectangular,Thermal Pad,4.17,0.0995,100.0,ModuleLED_Micro_8680,1.2,PASS,1.0256,5.0,0.51,1.1252,70.34
✅ Standard,TP-0182,COH-4065LVC-200-10,Taica North America Corporation,Thermal Pad Reddish Brown 200.00mm x 200.00mm Square Tacky - Both Sides,Thermal Pad,30.3,0.4379,100.0,ModuleLED_Micro_8680,1.2,PASS,0.6872,2.2,0.99,1.1252,84.14
❌ Avoid,TP-0183,GP1500-0.080-02-0816,Bergquist,Thermal Pad Black 406.40mm x 203.20mm Rectangular Tacky - Both Sides,Thermal Pad,14.69,1.3184,2.35,ModuleLED_Micro_8680,1.2,FAIL,-0.1933,1.5,2.03,1.1252,119.94
✅ Standard,TP-0184,PLX-1-1.5-210X310-40,Wakefield Thermal,"Thermal Interface Products ulTIMiFlux Gap Pad, Silicone, 1mm Thickness, 1.5 W/mK, 210x310mm, White",Thermal Pad,18.75,0.6503,100.0,ModuleLED_Micro_8680,1.2,PASS,0.4748,1.5,1.0,1.1252,92.73
✅ Standard,TP-0185,TG-A486G-150-150-1.0-1A,t-Global Technology,Thermal Pad Gray 150.00mm x 150.00mm Square Adhesive - One Side,Thermal Pad,55.51,0.1547,100.0,ModuleLED_Micro_8680,1.2,PASS,0.9705,6.3,1.0,1.1252,72.6
🏆 Best Value,TP-0186,SP900S-0.009-AC-1212,Bergquist,Thermal Pad Pink 304.80mm x 304.80mm Square Adhesive - One Side,Thermal Pad,13.65,0.1401,100.0,ModuleLED_Micro_8680,1.2,PASS,0.985,1.6,0.23,1.1252,71.98
🏆 Best Value,TP-0187,A17653-03,Laird Technologies - Thermal Materials,Thermal Pad Pink 228.60mm x 228.60mm Square Tacky - Both Sides,Thermal Pad,25.85,0.1479,100.0,ModuleLED_Micro_8680,1.2,PASS,0.9772,5.0,0.76,1.1252,72.32
✅ Standard,TP-0188,PLX-1-2-210X310-80,Wakefield Thermal,"Thermal Interface Products ulTIMiFlux Gap Pad, Silicone, 1mm Thickness, 2 W/mK, 210x310mm, Grey",Thermal Pad,21.0,0.4873,100.0,ModuleLED_Micro_8680,1.2,PASS,0.6378,2.0,1.0,1.1252,86.14
✅ Standard,TP-0189,PL-1-8-76X127-50,Wakefield Thermal,"Thermal Interface Products ulTIMiFlux Gap Pad, Silicone, 1mm Thickness, 8 W/mK, 76.2x127mm, Grey",Thermal Pad,142.3,0.1219,100.0,ModuleLED_Micro_8680,1.2,PASS,1.0033,8.0,1.0,1.1252,71.25
✅ Standard,TP-0190,PL-2-5-1016-H,Wakefield Thermal,"Thermal Interface Products ulTIMiFlux Gap Pad, Silicone, 2mm Thickness, 5 W/m-K, 101.6x101.6mm, Hyper Soft",Thermal Pad,137.65,0.39,100.0,ModuleLED_Micro_8680,1.2,PASS,0.7351,5.0,2.0,1.1252,82.15
🏆 Best Value,TP-0191,2165804,Bergquist,Thermal Pad Beige 304.80mm x 292.10mm Rectangular Adhesive - One Side,Thermal Pad,16.64,0.1125,100.0,ModuleLED_Micro_8680,1.2,PASS,1.0127,1.3,0.15,1.1252,70.86
✅ Standard,TP-0192,5549S-05,3M,Thermal Pad Gray 210.00mm x 155.00mm Rectangular Tacky - One Side,Thermal Pad,45.7,0.1394,100.0,ModuleLED_Micro_8680,1.2,PASS,0.9857,3.5,0.5,1.1252,71.97
✅ Standard,TP-0193,61-02-0909-G579,Parker Chomerics,Thermal Pad Pink 228.60mm x 228.60mm Square,Thermal Pad,28.89,0.1656,100.0,ModuleLED_Micro_8680,1.2,PASS,0.9596,3.0,0.51,1.1252,73.03
✅ Standard,TP-0194,A18330-04,Laird Technologies - Thermal Materials,Thermal Pad Gray 127.00mm x 76.00mm Rectangular,Thermal Pad,158.24,0.0286,100.0,ModuleLED_Micro_8680,1.2,PASS,1.0965,34.0,1.0,1.1252,67.45
✅ Standard,TP-0195,PLX-1-8-76x127-40,Wakefield Thermal,"Thermal Interface Products ulTIMiFlux Gap Pad, Silicone, 1mm Thickness, 8 W/mK, 76x127mm, Grey",Thermal Pad,163.37,0.1218,100.0,ModuleLED_Micro_8680,1.2,PASS,1.0034,8.0,1.0,1.1252,71.25
✅ Standard,TP-0196,TG-APC94-150-150-2.0-0,t-Global Technology,Thermal Pad Red 150.00mm x 150.00mm Square,Thermal Pad,71.08,0.49,100.0,ModuleLED_Micro_8680,1.2,PASS,0.6352,4.0,2.01,1.1252,86.24
❌ Avoid,TP-0197,A15340-01,Laird Technologies - Thermal Materials,Thermal Pad Green 228.60mm x 228.60mm Square,Thermal Pad,31.27,4.1292,0.0,ModuleLED_Micro_8680,1.2,FAIL,-3.0041,1.2,5.08,1.1252,234.46
✅ Standard,TP-0198,A10832-02,Laird Technologies - Thermal Materials,Thermal Pad Yellow 228.60mm x 228.60mm Square Tacky - Both Sides,Thermal Pad,31.86,0.1108,100.0,ModuleLED_Micro_8680,1.2,PASS,1.0144,2.2,0.25,1.1252,70.79
❌ Avoid,TP-0199,GP1500-0.125-02-0816,Bergquist,Thermal Pad Black 406.40mm x 203.20mm Rectangular Tacky - Both Sides,Thermal Pad,20.41,2.0659,0.0,ModuleLED_Micro_8680,1.2,FAIL,-0.9408,1.5,3.18,1.1252,150.25
🏆 Best Value,TP-0200,A10464-10,Laird Technologies - Thermal Materials,Thermal Pad Gray 609.60mm x 457.20mm Rectangular Adhesive - One Side,Thermal Pad,6.06,0.0994,100.0,ModuleLED_Micro_8680,1.2,PASS,1.0257,5.0,0.51,1.1252,70.33
❌ Avoid,TP-0201,5583S 210 MM X 300 MM X 2.0 MM,3M,Thermal Pad White 300.00mm x 210.00mm Rectangular Tacky - One Side,Thermal Pad,27.48,1.9582,0.0,ModuleLED_Micro_8680,1.2,FAIL,-0.833,1.0,2.01,1.1252,146.15
✅ Standard,TP-0202,A18213-02,Laird Technologies - Thermal Materials,Thermal Pad Gray 229.00mm x 229.00mm Square,Thermal Pad,33.08,0.0487,100.0,ModuleLED_Micro_8680,1.2,PASS,1.0765,10.0,0.5,1.1252,68.27
✅ Standard,TP-0203,TG-A1450-100-100-1.0,t-Global Technology,Thermal Pad Red 100.00mm x 100.00mm Square,Thermal Pad,175.38,0.0672,100.0,ModuleLED_Micro_8680,1.2,PASS,1.0579,14.5,1.0,1.1252,69.03
✅ Standard,TP-0204,A17653-04,Laird Technologies - Thermal Materials,Thermal Pad Pink 228.60mm x 228.60mm Square Tacky - Both Sides,Thermal Pad,33.8,0.1986,100.0,ModuleLED_Micro_8680,1.2,PASS,0.9265,5.0,1.02,1.1252,74.37
✅ Standard,TP-0205,TG-A1250-100-100-2.0,t-Global Technology,Thermal Pad Green 100.00mm x 100.00mm Square,Thermal Pad,176.71,0.1569,100.0,ModuleLED_Micro_8680,1.2,PASS,0.9683,12.5,2.01,1.1252,72.67
✅ Standard,TP-0206,A10092-01,Laird Technologies - Thermal Materials,Thermal Pad Pink 203.20mm x 203.20mm Square,Thermal Pad,42.98,0.0406,100.0,ModuleLED_Micro_8680,1.2,PASS,1.0845,6.0,0.25,1.1252,67.94
🏭 Industrial,TP-0207,TGP 40000SF-0.020-00-0406,Bergquist Company,"Thermal Interface Products GAP PAD, Sil-Free, 40W/m-K, 4x6"" Sheet, 0.020"" Thickness, Thermexit, IDH 2972783",Thermal Pad,74202.27,0.0124,100.0,ModuleLED_Micro_8680,1.2,PASS,1.1127,40.0,0.51,1.1252,66.79
❌ Avoid,TP-0208,A15340-03,Laird Technologies - Thermal Materials,Thermal Pad Green 228.60mm x 228.60mm Square Tacky - One Side,Thermal Pad,34.17,4.125,0.0,ModuleLED_Micro_8680,1.2,FAIL,-2.9999,1.2,5.08,1.1252,234.17
✅ Standard,TP-0209,A16367-02,Laird Technologies - Thermal Materials,Thermal Pad Pink 228.60mm x 215.90mm Rectangular Tacky - One Side,Thermal Pad,36.57,0.1775,100.0,ModuleLED_Micro_8680,1.2,PASS,0.9476,2.8,0.51,1.1252,73.52
✅ Standard,TP-0210,5519 210 MM X 155 MM X 1.0 MM,3M,Thermal Pad Gray 210.00mm x 155.00mm Rectangular Tacky - Both Sides,Thermal Pad,56.45,0.1967,100.0,ModuleLED_Micro_8680,1.2,PASS,0.9284,4.9,0.99,1.1252,74.31
✅ Standard,TP-0211,GP1000SF-0.020-02-0816,Bergquist,Thermal Pad Green 406.40mm x 203.20mm Rectangular Tacky - Both Sides,Thermal Pad,22.44,0.5523,100.0,ModuleLED_Micro_8680,1.2,PASS,0.5728,0.9,0.51,1.1252,88.8
✅ Standard,TP-0212,TG-A1660-125-125-0.5,t-Global Technology,Thermal Pad Gray 125.00mm x 125.00mm Square,Thermal Pad,121.49,0.0299,100.0,ModuleLED_Micro_8680,1.2,PASS,1.0952,16.6,0.51,1.1252,67.51
✅ Standard,TP-0213,TG-A486G-150-150-2.0-1A,t-Global Technology,Thermal Pad Gray 150.00mm x 150.00mm Square Adhesive - One Side,Thermal Pad,84.71,0.3115,100.0,ModuleLED_Micro_8680,1.2,PASS,0.8137,6.3,2.01,1.1252,78.96
✅ Standard,TP-0214,A17690-04,Laird Technologies - Thermal Materials,Thermal Pad Pink 228.60mm x 228.60mm Square Tacky - One Side,Thermal Pad,36.98,0.1988,100.0,ModuleLED_Micro_8680,1.2,PASS,0.9264,5.0,1.02,1.1252,74.4
✅ Standard,TP-0215,62-02-0909-A579,Parker Chomerics,Thermal Pad Pink 228.60mm x 228.60mm Square Adhesive - One Side,Thermal Pad,37.77,0.1656,100.0,ModuleLED_Micro_8680,1.2,PASS,0.9595,3.0,0.51,1.1252,73.03
✅ Standard,TP-0216,A18238-02,Laird Technologies - Thermal Materials,Thermal Pad Gray 229.00mm x 229.00mm Square Tacky - One Side,Thermal Pad,38.05,0.0497,100.0,ModuleLED_Micro_8680,1.2,PASS,1.0754,10.0,0.51,1.1252,68.31
✅ Standard,TP-0217,TG-A1250-150-150-1.0,t-Global Technology,Thermal Pad Green 150.00mm x 150.00mm Square,Thermal Pad,88.75,0.0779,100.0,ModuleLED_Micro_8680,1.2,PASS,1.0472,12.5,1.0,1.1252,69.47
✅ Standard,TP-0218,PL-1-10-76X127-55,Wakefield Thermal,"Thermal Interface Products ulTIMiFlux Gap Pad, Silicone, 1mm Thickness, 10 W/mK, 76.2x127mm, Grey",Thermal Pad,207.32,0.0975,100.0,ModuleLED_Micro_8680,1.2,PASS,1.0277,10.0,1.0,1.1252,70.25
❌ Avoid,TP-0219,GPVOUS-0.100-01-0816,Bergquist,Thermal Pad Pink 406.40mm x 203.20mm Rectangular Tacky - One Side,Thermal Pad,24.38,2.4787,0.0,ModuleLED_Micro_8680,1.2,FAIL,-1.3535,1.0,2.54,1.1252,167.02
✅ Standard,TP-0220,5516-10,3M,Thermal Pad Gray 320.00mm x 230.00mm Rectangular Tacky - Both Sides,Thermal Pad,27.39,0.3114,100.0,ModuleLED_Micro_8680,1.2,PASS,0.8138,3.1,0.99,1.1252,78.98
✅ Standard,TP-0221,COH-3114LVC-200-10,Taica North America Corporation,Thermal Pad Gray 200.00mm x 200.00mm Square Tacky - Both Sides,Thermal Pad,50.91,0.3113,100.0,ModuleLED_Micro_8680,1.2,PASS,0.8138,3.1,0.99,1.1252,78.95
🏆 Best Value,TP-0222,GPHC3.0-0.020-02-0816,Bergquist,Thermal Pad Blue 406.40mm x 203.20mm Rectangular Tacky - Both Sides,Thermal Pad,25.23,0.1656,100.0,ModuleLED_Micro_8680,1.2,PASS,0.9596,3.0,0.51,1.1252,73.03
✅ Standard,TP-0223,COH-4065LVC-200-20,Taica North America Corporation,Thermal Pad Reddish Brown 200.00mm x 200.00mm Square Tacky - Both Sides,Thermal Pad,53.13,0.8901,100.0,ModuleLED_Micro_8680,1.2,PASS,0.235,2.2,2.01,1.1252,102.55
🏆 Best Value,TP-0224,GP5000S35-0.020-02-0816,Bergquist,Thermal Pad Green 406.40mm x 203.20mm Rectangular Tacky - Both Sides,Thermal Pad,25.77,0.0993,100.0,ModuleLED_Micro_8680,1.2,PASS,1.0259,5.0,0.51,1.1252,70.33
✅ Standard,TP-0225,A12618-01,Laird Technologies - Thermal Materials,Thermal Pad Blue-Violet 228.60mm x 228.60mm Square Tacky - Both Sides,Thermal Pad,41.43,0.3309,100.0,ModuleLED_Micro_8680,1.2,PASS,0.7942,3.0,1.02,1.1252,79.8
✅ Standard,TP-0226,TG-A1250-100-100-2.5,t-Global Technology,Thermal Pad Green 100.00mm x 100.00mm Square,Thermal Pad,217.59,0.1948,100.0,ModuleLED_Micro_8680,1.2,PASS,0.9303,12.5,2.5,1.1252,74.23
✅ Standard,TP-0227,61-04-0909-G579,Parker Chomerics,Thermal Pad Pink 228.60mm x 228.60mm Square,Thermal Pad,42.31,0.3317,100.0,ModuleLED_Micro_8680,1.2,PASS,0.7934,3.0,1.02,1.1252,79.76
✅ Standard,TP-0228,61-04-0909-HCS10G,Parker Chomerics,Thermal Pad Orange 228.60mm x 228.60mm Square,Thermal Pad,42.35,0.9949,93.61,ModuleLED_Micro_8680,1.2,FAIL,0.1302,1.0,1.02,1.1252,106.76
✅ Standard,TP-0229,A14412-01,Laird Technologies - Thermal Materials,Thermal Pad Blue-Violet 228.60mm x 228.60mm Square Tacky - One Side,Thermal Pad,42.55,0.3314,100.0,ModuleLED_Micro_8680,1.2,PASS,0.7938,3.0,1.02,1.1252,79.81
❌ Avoid,TP-0230,2191193,Bergquist,Thermal Pad Pink 406.40mm x 203.20mm Rectangular Tacky - One Side,Thermal Pad,27.18,3.096,0.0,ModuleLED_Micro_8680,1.2,FAIL,-1.9708,1.0,3.18,1.1252,192.68
🏭 Industrial,TP-0231,TGP40000SF-0.020-01-0406-NA,Bergquist Company,"Thermal Interface Products GAP PAD, Sil-Free, 40W/m-K, 4 x 6"" Sheet, Tacky Pad, 0.020"" Thickness, Thermexit",Thermal Pad,93881.76,0.0124,100.0,ModuleLED_Micro_8680,1.2,PASS,1.1127,40.0,0.51,1.1252,66.79
🏆 Best Value,TP-0232,TG-A6200-310-310-0.5,t-Global Technology,Thermal Pad Blue 310.00mm x 310.00mm Square Tacky - Both Sides,Thermal Pad,23.46,0.0786,100.0,ModuleLED_Micro_8680,1.2,PASS,1.0465,6.2,0.5,1.1252,69.49
✅ Standard,TP-0233,PLX-1-3-210X310-30,Wakefield Thermal,"Thermal Interface Products ulTIMiFlux Gap Pad, Silicone, 1mm Thickness, 3 W/m-K, 210x310mm, Blue",Thermal Pad,35.0,0.3249,100.0,ModuleLED_Micro_8680,1.2,PASS,0.8003,3.0,1.0,1.1252,79.52
✅ Standard,TP-0234,TG-A1660-100-100-1.0,t-Global Technology,Thermal Pad Gray 100.00mm x 100.00mm Square,Thermal Pad,240.34,0.0587,100.0,ModuleLED_Micro_8680,1.2,PASS,1.0665,16.6,1.0,1.1252,68.68
✅ Standard,TP-0235,A10080-01,Laird Technologies - Thermal Materials,Thermal Pad Blue 203.20mm x 203.20mm Square,Thermal Pad,58.38,0.0829,100.0,ModuleLED_Micro_8680,1.2,PASS,1.0423,6.0,0.51,1.1252,69.66
✅ Standard,TP-0236,PL-1-12-76X127-75,Wakefield Thermal Solutions,Thermal Pad Gray 127.00mm x 76.20mm Rectangular Tacky - One Side,Thermal Pad,255.64,0.0813,100.0,ModuleLED_Micro_8680,1.2,PASS,1.0439,12.0,1.0,1.1252,69.6
✅ Standard,TP-0237,62-04-0909-A579,Parker Chomerics,Thermal Pad Pink 228.60mm x 228.60mm Square Adhesive - One Side,Thermal Pad,48.16,0.3315,100.0,ModuleLED_Micro_8680,1.2,PASS,0.7936,3.0,1.02,1.1252,79.8
✅ Standard,TP-0238,TG-A4500-310-310-1.0,t-Global Technology,Thermal Pad Purple 310.00mm x 310.00mm Square Tacky - Both Sides,Thermal Pad,26.2,0.2168,100.0,ModuleLED_Micro_8680,1.2,PASS,0.9084,4.5,1.0,1.1252,75.1
✅ Standard,TP-0239,5519 210 MM X 155 MM X 2.0 MM,3M,Thermal Pad Gray 210.00mm x 155.00mm Rectangular Tacky - Both Sides,Thermal Pad,78.16,0.3996,100.0,ModuleLED_Micro_8680,1.2,PASS,0.7256,4.9,2.01,1.1252,82.59
✅ Standard,TP-0240,A10538-17,Laird Technologies - Thermal Materials,Thermal Pad White 228.60mm x 228.60mm Square Tacky - Both Sides,Thermal Pad,48.86,0.1656,100.0,ModuleLED_Micro_8680,1.2,PASS,0.9595,3.0,0.51,1.1252,73.03
✅ Standard,TP-0241,TG-A1250-100-100-3.0,t-Global Technology,Thermal Pad Green 100.00mm x 100.00mm Square,Thermal Pad,258.03,0.2341,100.0,ModuleLED_Micro_8680,1.2,PASS,0.891,12.5,3.0,1.1252,75.82
✅ Standard,TP-0242,GPHC5.0-0.020-02-0816,Bergquist,Thermal Pad Gray 406.40mm x 203.20mm Rectangular Tacky - Both Sides,Thermal Pad,32.86,0.0994,100.0,ModuleLED_Micro_8680,1.2,PASS,1.0257,5.0,0.51,1.1252,70.34
✅ Standard,TP-0243,A17690-06,Laird Technologies - Thermal Materials,Thermal Pad Pink 228.60mm x 228.60mm Square Tacky - One Side,Thermal Pad,53.1,0.2959,100.0,ModuleLED_Micro_8680,1.2,PASS,0.8292,5.0,1.52,1.1252,78.35
✅ Standard,TP-0244,A12619-01,Laird Technologies - Thermal Materials,Thermal Pad Blue-Violet 228.60mm x 228.60mm Square Tacky - Both Sides,Thermal Pad,54.66,0.4127,100.0,ModuleLED_Micro_8680,1.2,PASS,0.7124,3.0,1.27,1.1252,83.1
✅ Standard,TP-0245,TG-A1250-150-150-1.5,t-Global Technology,Thermal Pad Green 150.00mm x 150.00mm Square,Thermal Pad,129.2,0.1171,100.0,ModuleLED_Micro_8680,1.2,PASS,1.0081,12.5,1.5,1.1252,71.05
✅ Standard,TP-0246,5549S 210 MM X 155MM X 1.5MM,3M,Thermal Pad Gray 210.00mm x 155.00mm Rectangular Tacky - One Side,Thermal Pad,89.69,0.4178,100.0,ModuleLED_Micro_8680,1.2,PASS,0.7074,3.5,1.5,1.1252,83.3
✅ Standard,TP-0247,A16104-10,Laird Technologies - Thermal Materials,Thermal Pad Gray 228.60mm x 228.60mm Square Tacky - Both Sides,Thermal Pad,55.94,0.8259,100.0,ModuleLED_Micro_8680,1.2,PASS,0.2993,3.0,2.54,1.1252,99.9
✅ Standard,TP-0248,A17653-07,Laird Technologies - Thermal Materials,Thermal Pad Pink 228.60mm x 228.60mm Square Tacky - Both Sides,Thermal Pad,56.36,0.3469,100.0,ModuleLED_Micro_8680,1.2,PASS,0.7782,5.0,1.78,1.1252,80.44
✅ Standard,TP-0249,PLX-1-12-76X127-58,Wakefield Thermal,"Thermal Interface Products ulTIMiFlux Gap Pad, Silicone, 1mm Thickness, 12 W/mK, 76x127mm, Grey",Thermal Pad,310.93,0.0814,100.0,ModuleLED_Micro_8680,1.2,PASS,1.0438,12.0,1.0,1.1252,69.59
✅ Standard,TP-0250,PLF-1-8-76X127-70,Wakefield Thermal,"Thermal Interface Products ulTIMiFlux Gap Pad, Silicone-Free, 1mm Thickness, 8 W/mK, 76.2x127mm, Grey",Thermal Pad,311.81,0.1218,100.0,ModuleLED_Micro_8680,1.2,PASS,1.0034,8.0,1.0,1.1252,71.26
✅ Standard,TP-0251,TGP7000ULM-0.040-02-0808,Bergquist Company,"Thermal Interface Products GAP PAD, 7W/m-K, 8"" x 8"" Sheet, 0.040"" Thickness, TGP7000ULM, IDH 2261480",Thermal Pad,74.44,0.142,100.0,ModuleLED_Micro_8680,1.2,PASS,0.9832,7.0,1.02,1.1252,72.09
✅ Standard,TP-0252,TG-A1780-125-125-0.5,t-Global Technology,Thermal Pad Gray 125.00mm x 125.00mm Square,Thermal Pad,198.9,0.0271,100.0,ModuleLED_Micro_8680,1.2,PASS,1.0981,18.0,0.5,1.1252,67.39
✅ Standard,TP-0253,TG-A1250-250-250-0.5,t-Global Technology,Thermal Pad Green 250.00mm x 250.00mm Square,Thermal Pad,49.93,0.039,100.0,ModuleLED_Micro_8680,1.2,PASS,1.0861,12.5,0.5,1.1252,67.88
✅ Standard,TP-0254,A12620-34,Laird Technologies - Thermal Materials,Thermal Pad Blue-Violet 228.60mm x 228.60mm Square Tacky - One Side,Thermal Pad,59.93,0.4941,100.0,ModuleLED_Micro_8680,1.2,PASS,0.6311,3.0,1.52,1.1252,86.45
✅ Standard,TP-0255,A17883-04,Laird Technologies - Thermal Materials,Thermal Pad Teal 228.60mm x 228.60mm Square,Thermal Pad,61.12,0.166,100.0,ModuleLED_Micro_8680,1.2,PASS,0.9592,6.0,1.02,1.1252,73.04
✅ Standard,TP-0256,TGP7000ULM-0.020-02-0808,Bergquist Company,"Thermal Interface Products GAP PAD, 7W/m-K, 8"" x 8"" Sheet, 0.020"" Thickness, TGP7000ULM, IDH 2563017",Thermal Pad,81.03,0.0709,100.0,ModuleLED_Micro_8680,1.2,PASS,1.0543,7.0,0.51,1.1252,69.17
✅ Standard,TP-0257,TG-A1450-100-100-2.0,t-Global Technology,Thermal Pad Red 100.00mm x 100.00mm Square,Thermal Pad,335.9,0.1352,100.0,ModuleLED_Micro_8680,1.2,PASS,0.9899,14.5,2.01,1.1252,71.78
✅ Standard,TP-0258,GPHC5.0-0.060-02-0816,Bergquist,Thermal Pad Gray 406.40mm x 203.20mm Rectangular Tacky - Both Sides,Thermal Pad,42.47,0.2964,100.0,ModuleLED_Micro_8680,1.2,PASS,0.8288,5.0,1.52,1.1252,78.33
✅ Standard,TP-0259,TG-A6200-310-310-1.0,t-Global Technology,Thermal Pad Blue 310.00mm x 310.00mm Square Tacky - Both Sides,Thermal Pad,36.84,0.1571,100.0,ModuleLED_Micro_8680,1.2,PASS,0.9681,6.2,1.0,1.1252,72.68
✅ Standard,TP-0260,A18213-04,Laird Technologies - Thermal Materials,Thermal Pad Gray 229.00mm x 229.00mm Square,Thermal Pad,68.55,0.0975,100.0,ModuleLED_Micro_8680,1.2,PASS,1.0277,10.0,1.0,1.1252,70.26
🏆 Best Value,TP-0261,A18171-05,Laird Technologies - Thermal Materials,Thermal Pad Gray 457.20mm x 457.20mm Square Tacky - Both Sides,Thermal Pad,17.39,0.0156,100.0,ModuleLED_Micro_8680,1.2,PASS,1.1096,7.5,0.12,1.1252,66.92
✅ Standard,TP-0262,61-06-0909-G579,Parker Chomerics,Thermal Pad Pink 228.60mm x 228.60mm Square,Thermal Pad,70.94,0.4942,100.0,ModuleLED_Micro_8680,1.2,PASS,0.6309,3.0,1.52,1.1252,86.41
🏆 Best Value,TP-0263,A18171-08,Laird Technologies - Thermal Materials,Thermal Pad Gray 457.20mm x 457.20mm Square Tacky - Both Sides,Thermal Pad,17.99,0.026,100.0,ModuleLED_Micro_8680,1.2,PASS,1.0992,7.5,0.2,1.1252,67.35
✅ Standard,TP-0264,TG-A1250-150-150-2.0,t-Global Technology,Thermal Pad Green 150.00mm x 150.00mm Square,Thermal Pad,168.82,0.1567,100.0,ModuleLED_Micro_8680,1.2,PASS,0.9684,12.5,2.01,1.1252,72.68
✅ Standard,TP-0265,PLX-1-5-210X310-40,Wakefield Thermal,"Thermal Interface Products ulTIMiFlux Gap Pad, Silicone, 1mm Thickness, 5 W/m-K, 210x310mm, Grey",Thermal Pad,58.8,0.195,100.0,ModuleLED_Micro_8680,1.2,PASS,0.9301,5.0,1.0,1.1252,74.23
✅ Standard,TP-0266,61-06-1015-PAD60,Parker Chomerics,Thermal Pad Green 381.00mm x 254.00mm Rectangular,Thermal Pad,40.12,0.2471,100.0,ModuleLED_Micro_8680,1.2,PASS,0.8781,6.0,1.52,1.1252,76.34
✅ Standard,TP-0267,COH-4000LVC-400-05,Taica North America Corporation,Thermal Pad Gray 400.00mm x 400.00mm Square Tacky - Both Sides,Thermal Pad,24.51,0.2158,100.0,ModuleLED_Micro_8680,1.2,PASS,0.9093,2.3,0.51,1.1252,75.09
✅ Standard,TP-0268,A17883-06,Laird Technologies - Thermal Materials,Thermal Pad Teal 228.60mm x 228.60mm Square,Thermal Pad,75.74,0.2467,100.0,ModuleLED_Micro_8680,1.2,PASS,0.8784,6.0,1.52,1.1252,76.36
✅ Standard,TP-0269,62-06-0909-A579,Parker Chomerics,Thermal Pad Pink 228.60mm x 228.60mm Square Adhesive - One Side,Thermal Pad,77.26,0.494,100.0,ModuleLED_Micro_8680,1.2,PASS,0.6312,3.0,1.52,1.1252,86.44
🏆 Best Value,TP-0270,A11809-02,Laird Technologies - Thermal Materials,Thermal Pad Yellow 457.20mm x 457.20mm Square Tacky - Both Sides,Thermal Pad,19.41,0.1811,100.0,ModuleLED_Micro_8680,1.2,PASS,0.9441,0.7,0.13,1.1252,73.66
🏆 Best Value,TP-0271,A18171-10,Laird Technologies - Thermal Materials,Thermal Pad Gray 457.20mm x 457.20mm Square Tacky - Both Sides,Thermal Pad,19.59,0.0325,100.0,ModuleLED_Micro_8680,1.2,PASS,1.0927,7.5,0.25,1.1252,67.61
✅ Standard,TP-0272,A10233-30,Laird Technologies - Thermal Materials,Thermal Pad White 228.60mm x 228.60mm Square Tacky - Both Sides,Thermal Pad,81.29,0.3311,100.0,ModuleLED_Micro_8680,1.2,PASS,0.7941,3.0,1.02,1.1252,79.81
✅ Standard,TP-0273,A17156-06,Laird Technologies - Thermal Materials,Thermal Pad Pink 457.20mm x 457.20mm Square Tacky - Both Sides,Thermal Pad,21.01,0.5486,100.0,ModuleLED_Micro_8680,1.2,PASS,0.5766,2.7,1.52,1.1252,88.66
✅ Standard,TP-0274,61-08-0909-G579,Parker Chomerics,Thermal Pad Pink 228.60mm x 228.60mm Square,Thermal Pad,85.5,0.6589,100.0,ModuleLED_Micro_8680,1.2,PASS,0.4663,3.0,2.03,1.1252,93.1
✅ Standard,TP-0275,TGP6000ULM-0.040-12-0816,Bergquist Company,"Thermal Interface Products GAP PAD, 6W/m-K, 8"" x 16"" Sheet, 0.040"" Thickness, TGP6000ULM, IDH 2195666",Thermal Pad,54.22,0.1657,100.0,ModuleLED_Micro_8680,1.2,PASS,0.9594,6.0,1.02,1.1252,73.02
🏆 Best Value,TP-0276,A18171-16,Laird Technologies - Thermal Materials,Thermal Pad Gray 457.20mm x 457.20mm Square Tacky - Both Sides,Thermal Pad,21.48,0.052,100.0,ModuleLED_Micro_8680,1.2,PASS,1.0732,7.5,0.4,1.1252,68.41
✅ Standard,TP-0277,61-04-1015-PAD80G,Parker Chomerics,Thermal Pad Dark Gray 381.00mm x 254.00mm Rectangular,Thermal Pad,48.56,0.1197,100.0,ModuleLED_Micro_8680,1.2,PASS,1.0055,8.3,1.02,1.1252,71.17
✅ Standard,TP-0278,61-08-1015-PAD60,Parker Chomerics,Thermal Pad Green 381.00mm x 254.00mm Rectangular,Thermal Pad,49.62,0.3298,100.0,ModuleLED_Micro_8680,1.2,PASS,0.7954,6.0,2.03,1.1252,79.74
✅ Standard,TP-0279,A12624-01,Laird Technologies - Thermal Materials,Thermal Pad Blue-Violet 228.60mm x 228.60mm Square Tacky - Both Sides,Thermal Pad,92.08,0.8263,100.0,ModuleLED_Micro_8680,1.2,PASS,0.2989,3.0,2.54,1.1252,99.89
✅ Standard,TP-0280,A18213-06,Laird Technologies - Thermal Materials,Thermal Pad Gray 229.00mm x 229.00mm Square,Thermal Pad,91.8,0.1461,100.0,ModuleLED_Micro_8680,1.2,PASS,0.979,10.0,1.5,1.1252,72.24
🏆 Best Value,TP-0281,A12616-08,Laird Technologies - Thermal Materials,Thermal Pad Blue-Violet 457.20mm x 457.20mm Square Tacky - Both Sides,Thermal Pad,23.67,0.1658,100.0,ModuleLED_Micro_8680,1.2,PASS,0.9594,3.0,0.51,1.1252,73.04
🏆 Best Value,TP-0282,A10832-09,Laird Technologies - Thermal Materials,Thermal Pad Yellow 457.20mm x 457.20mm Square Tacky - Both Sides,Thermal Pad,23.79,0.1111,100.0,ModuleLED_Micro_8680,1.2,PASS,1.0141,2.2,0.25,1.1252,70.79
✅ Standard,TP-0283,A15896-05,Laird Technologies - Thermal Materials,Thermal Pad Gray 228.60mm x 228.60mm Square Tacky - Both Sides,Thermal Pad,96.88,0.2476,100.0,ModuleLED_Micro_8680,1.2,PASS,0.8775,5.0,1.27,1.1252,76.37
🏆 Best Value,TP-0284,A15726-00,Laird Technologies - Thermal Materials,Thermal Pad Gray 457.20mm x 457.20mm Square Tacky - Both Sides,Thermal Pad,24.32,0.0641,100.0,ModuleLED_Micro_8680,1.2,PASS,1.061,3.8,0.25,1.1252,68.9
✅ Standard,TP-0285,TG-A1450-250-250-0.5,t-Global Technology,Thermal Pad Red 250.00mm x 250.00mm Square,Thermal Pad,82.36,0.0336,100.0,ModuleLED_Micro_8680,1.2,PASS,1.0915,14.5,0.5,1.1252,67.66
✅ Standard,TP-0286,TGP7000ULM-0.060-02-0808,Bergquist Company,"Thermal Interface Products GAP PAD, 7W/m-K, 8"" x 8"" Sheet, 0.060"" Thickness, TGP7000ULM, IDH 2474875",Thermal Pad,125.02,0.2116,100.0,ModuleLED_Micro_8680,1.2,PASS,0.9135,7.0,1.52,1.1252,74.91
✅ Standard,TP-0287,A17752-04,Laird Technologies - Thermal Materials,Thermal Pad Gray 228.60mm x 228.60mm Square Tacky - Both Sides,Thermal Pad,98.92,0.1326,100.0,ModuleLED_Micro_8680,1.2,PASS,0.9925,7.5,1.02,1.1252,71.69
✅ Standard,TP-0288,61-10-0808-T500,Parker Chomerics,Thermal Pad Green 203.20mm x 203.20mm Square,Thermal Pad,126.07,0.1161,100.0,ModuleLED_Micro_8680,1.2,PASS,1.0091,2.1,0.25,1.1252,71.0
✅ Standard,TP-0289,61-06-1015-PAD80G,Parker Chomerics,Thermal Pad Dark Gray 381.00mm x 254.00mm Rectangular,Thermal Pad,53.86,0.1783,100.0,ModuleLED_Micro_8680,1.2,PASS,0.9468,8.3,1.52,1.1252,73.54
✅ Standard,TP-0290,62-10-0909-A579,Parker Chomerics,Thermal Pad Pink 228.60mm x 228.60mm Square Adhesive - One Side,Thermal Pad,101.5,0.8248,100.0,ModuleLED_Micro_8680,1.2,PASS,0.3004,3.0,2.54,1.1252,99.91
✅ Standard,TP-0291,SPA2000-0.015-00-1012-NA,Bergquist,Thermal Pad White 304.80mm x 254.00mm Rectangular,Thermal Pad,68.87,0.1235,100.0,ModuleLED_Micro_8680,1.2,PASS,1.0017,3.0,0.38,1.1252,71.31
✅ Standard,TP-0292,A18444-04,Laird Technologies - Thermal Materials,Thermal Pad Gray 228.60mm x 228.60mm Square,Thermal Pad,102.3,0.1328,100.0,ModuleLED_Micro_8680,1.2,PASS,0.9923,7.5,1.02,1.1252,71.68
✅ Standard,TP-0293,GPHC3.0-0.125-02-0816,Bergquist,Thermal Pad Blue 406.40mm x 203.20mm Rectangular Tacky - Both Sides,Thermal Pad,64.91,1.033,84.7,ModuleLED_Micro_8680,1.2,FAIL,0.0922,3.0,3.18,1.1252,108.29
✅ Standard,TP-0294,62-03-1015-PAD80A,Parker Chomerics,Thermal Pad Dark Gray 381.00mm x 254.00mm Rectangular Adhesive - One Side,Thermal Pad,57.11,0.0893,100.0,ModuleLED_Micro_8680,1.2,PASS,1.0359,8.3,0.76,1.1252,69.92
✅ Standard,TP-0295,GPTGP7000ULM-0.100-02-0808,Bergquist,Thermal Pad Gray 203.20mm x 203.20mm Square Tacky - Both Sides,Thermal Pad,133.96,0.3541,100.0,ModuleLED_Micro_8680,1.2,PASS,0.771,7.0,2.54,1.1252,80.69
✅ Standard,TP-0296,61-10-0909-G579,Parker Chomerics,Thermal Pad Pink 228.60mm x 228.60mm Square,Thermal Pad,106.46,0.8265,100.0,ModuleLED_Micro_8680,1.2,PASS,0.2986,3.0,2.54,1.1252,99.88
✅ Standard,TP-0297,62-04-1015-PAD80A,Parker Chomerics,Thermal Pad Dark Gray 381.00mm x 254.00mm Rectangular Adhesive - One Side,Thermal Pad,57.89,0.1197,100.0,ModuleLED_Micro_8680,1.2,PASS,1.0055,8.3,1.02,1.1252,71.16
🏭 Industrial,TP-0298,TGP 40000SF-0.040-00-0606,Bergquist Company,"Thermal Interface Products GAP PAD, Sil-Free, 40W/m-K, 6x6"" Sheet, 0.040"" Thickness, Thermexit, IDH 2972782",Thermal Pad,158978.32,0.0249,100.0,ModuleLED_Micro_8680,1.2,PASS,1.1003,40.0,1.02,1.1252,67.3
✅ Standard,TP-0299,A10235-31,Laird Technologies - Thermal Materials,Thermal Pad White 228.60mm x 228.60mm Square Tacky - Both Sides,Thermal Pad,111.51,0.494,100.0,ModuleLED_Micro_8680,1.2,PASS,0.6311,3.0,1.52,1.1252,86.41
✅ Standard,TP-0300,TGP12000ULM-0.040-00-0808,Bergquist Company,"Thermal Interface Products GAP PAD, 12W/m-K, Ultra-Low Modulus, 8""x8"" Sheet, 0.040"" Thickness, TGP12000ULM",Thermal Pad,142.53,0.0829,100.0,ModuleLED_Micro_8680,1.2,PASS,1.0422,12.0,1.02,1.1252,69.66
🏆 Best Value,TP-0301,A18500-01,Laird Technologies - Thermal Materials,Thermal Pad White 431.80mm x 431.80mm Rectangular,Thermal Pad,31.82,0.0487,100.0,ModuleLED_Micro_8680,1.2,PASS,1.0764,5.0,0.25,1.1252,68.27
✅ Standard,TP-0302,A18213-08,Laird Technologies - Thermal Materials,Thermal Pad Gray 229.00mm x 229.00mm Square,Thermal Pad,114.73,0.192,100.0,ModuleLED_Micro_8680,1.2,PASS,0.9331,10.2,2.01,1.1252,74.1
✅ Standard,TP-0303,GP3000S30-0.125-02-0816,Bergquist,Thermal Pad Blue 406.40mm x 203.20mm Rectangular Tacky - Both Sides,Thermal Pad,73.13,1.0328,84.53,ModuleLED_Micro_8680,1.2,FAIL,0.0924,3.0,3.18,1.1252,108.39
✅ Standard,TP-0304,A17752-05,Laird Technologies - Thermal Materials,Thermal Pad Gray 228.60mm x 228.60mm Square Tacky - Both Sides,Thermal Pad,115.75,0.1629,100.0,ModuleLED_Micro_8680,1.2,PASS,0.9623,7.5,1.25,1.1252,72.9
✅ Standard,TP-0305,GPHC5.0-0.100-02-0816,Bergquist,Thermal Pad Gray 406.40mm x 203.20mm Rectangular Tacky - Both Sides,Thermal Pad,73.31,0.4943,100.0,ModuleLED_Micro_8680,1.2,PASS,0.6309,5.0,2.54,1.1252,86.44
✅ Standard,TP-0306,TGP6000ULM-0.060-12-0816,Bergquist Company,"Thermal Interface Products GAP PAD, 6W/m-K, 8"" x 16"" Sheet, 0.060"" Thickness, TGP6000ULM, IDH 2195667",Thermal Pad,75.23,0.2467,100.0,ModuleLED_Micro_8680,1.2,PASS,0.8785,6.0,1.52,1.1252,76.35
✅ Standard,TP-0307,TGP7000ULM-0.080-02-0808,Bergquist Company,"Thermal Interface Products GAP PAD, 7W/m-K, 8"" x 8"" Sheet, 0.080"" Thickness, TGP7000ULM, IDH 2474885",Thermal Pad,152.13,0.2824,100.0,ModuleLED_Micro_8680,1.2,PASS,0.8427,7.0,2.03,1.1252,77.81
🏭 Industrial,TP-0308,TGP40000SF-0.040-01-0606-NA,Bergquist Company,"Thermal Interface Products GAP PAD, Sil-Free, 40W/m-K, 6 x 6"" Sheet, Tacky Pad, 0.040"" Thickness, Thermexit",Thermal Pad,174885.44,0.0249,100.0,ModuleLED_Micro_8680,1.2,PASS,1.1003,40.0,1.02,1.1252,67.3
✅ Standard,TP-0309,A17536-04,Laird Technologies - Thermal Materials,Thermal Pad Pink 457.20mm x 457.20mm Square Tacky - Both Sides,Thermal Pad,31.26,0.1989,100.0,ModuleLED_Micro_8680,1.2,PASS,0.9263,5.0,1.02,1.1252,74.37
✅ Standard,TP-0310,A17690-13,Laird Technologies - Thermal Materials,Thermal Pad Pink 228.60mm x 228.60mm Square Tacky - One Side,Thermal Pad,125.05,0.6431,100.0,ModuleLED_Micro_8680,1.2,PASS,0.4821,5.0,3.3,1.1252,92.48
✅ Standard,TP-0311,TG-A1780-150-150-0.8,t-Global Technology,Thermal Pad Gray 150.00mm x 150.00mm Square,Thermal Pad,297.55,0.0433,100.0,ModuleLED_Micro_8680,1.2,PASS,1.0819,17.8,0.79,1.1252,68.05
✅ Standard,TP-0312,61-15-0808-1671,Parker Chomerics,Thermal Pad White 203.20mm x 203.20mm Square,Thermal Pad,163.25,0.1423,100.0,ModuleLED_Micro_8680,1.2,PASS,0.9828,2.6,0.38,1.1252,72.09
✅ Standard,TP-0313,A12617-25,Laird Technologies - Thermal Materials,Thermal Pad Blue-Violet 457.20mm x 457.20mm Square Tacky - Both Sides,Thermal Pad,32.91,0.2471,100.0,ModuleLED_Micro_8680,1.2,PASS,0.878,3.0,0.76,1.1252,76.35
✅ Standard,TP-0314,SuperThermal-B132-10-02-1500-1500,Aavid,"Thermal Interface Products SuperThermal Pad, 13.2 W/mK Conductivity, 1mm Thick, 2-Side Adhesive, 150x150mm",Thermal Pad,306.64,0.0739,100.0,ModuleLED_Micro_8680,1.2,PASS,1.0513,13.2,1.0,1.1252,69.29
✅ Standard,TP-0315,A17752-06,Laird Technologies - Thermal Materials,Thermal Pad Gray 228.60mm x 228.60mm Square Tacky - Both Sides,Thermal Pad,132.45,0.1947,100.0,ModuleLED_Micro_8680,1.2,PASS,0.9304,7.5,1.5,1.1252,74.22
✅ Standard,TP-0316,62-15-0808-1671,Parker Chomerics,Thermal Pad White 203.20mm x 203.20mm Square,Thermal Pad,168.39,0.1425,100.0,ModuleLED_Micro_8680,1.2,PASS,0.9826,2.6,0.38,1.1252,72.11
✅ Standard,TP-0317,TG-A1660-250-250-0.5,t-Global Technology,Thermal Pad Gray 250.00mm x 250.00mm Square,Thermal Pad,112.34,0.0294,100.0,ModuleLED_Micro_8680,1.2,PASS,1.0958,16.6,0.5,1.1252,67.49
🏭 Industrial,TP-0318,TGP 40000SF-0.060-00-0606,Bergquist Company,"Thermal Interface Products GAP PAD, Sil-Free, 40W/m-K, 6x6"" Sheet, 0.060"" Thickness, Thermexit, IDH 2972780",Thermal Pad,195875.18,0.037,100.0,ModuleLED_Micro_8680,1.2,PASS,1.0881,40.0,1.52,1.1252,67.8
✅ Standard,TP-0319,TGP12000ULM-0.060-00-0808,Bergquist Company,"Thermal Interface Products GAP PAD, 12W/m-K, Ultra-Low Modulus, 8""x8"" Sheet, 0.060"" Thickness, TGP12000ULM",Thermal Pad,175.62,0.1235,100.0,ModuleLED_Micro_8680,1.2,PASS,1.0016,12.0,1.52,1.1252,71.31
✅ Standard,TP-0320,A10237-21,Laird Technologies - Thermal Materials,Thermal Pad White 228.60mm x 228.60mm Square Tacky - Both Sides,Thermal Pad,142.96,0.6584,100.0,ModuleLED_Micro_8680,1.2,PASS,0.4667,3.0,2.03,1.1252,93.15
✅ Standard,TP-0321,61-08-1015-PAD80G,Parker Chomerics,Thermal Pad Dark Gray 381.00mm x 254.00mm Rectangular,Thermal Pad,78.1,0.2387,100.0,ModuleLED_Micro_8680,1.2,PASS,0.8865,8.3,2.03,1.1252,76.0
✅ Standard,TP-0322,2722287,Bergquist Company,"Thermal Interface Products GAP PAD, 12 W/m-K, Ultra-Low Modulus, 8"" x 8"" Sheet, 0.040"" Thickness",Thermal Pad,186.02,0.0829,100.0,ModuleLED_Micro_8680,1.2,PASS,1.0423,12.0,1.02,1.1252,69.67
🏭 Industrial,TP-0323,TGP40000SF-0.060-01-0606-NA,Bergquist Company,"Thermal Interface Products GAP PAD, Sil-Free, 40W/m-K, 6 x 6"" Sheet, Tacky Pad, 0.060"" Thickness, Thermexit",Thermal Pad,215470.9,0.0371,100.0,ModuleLED_Micro_8680,1.2,PASS,1.0881,40.0,1.52,1.1252,67.8
✅ Standard,TP-0324,GP7000ULM-0.100-02-0808,Bergquist Company,"Thermal Interface Products GAP PAD, Silicone Thermal Interface, 7 W/m-K Thermal Conductivity, Ultra-Low Modulus, 8"" x 8"" Sheet, 0.100"" Thickness, GAP PAD TGP 7000ULM Series, IDH 2474876",Thermal Pad,190.29,0.3539,100.0,ModuleLED_Micro_8680,1.2,PASS,0.7712,7.0,2.54,1.1252,80.7
✅ Standard,TP-0325,A10833-06,Laird Technologies - Thermal Materials,Thermal Pad Yellow 457.20mm x 457.20mm Square Tacky - Both Sides,Thermal Pad,38.32,0.2257,100.0,ModuleLED_Micro_8680,1.2,PASS,0.8994,2.2,0.51,1.1252,75.48
✅ Standard,TP-0326,SP2000-0.020-00-1212,Bergquist,Thermal Pad White 304.80mm x 304.80mm Square,Thermal Pad,87.36,0.1422,100.0,ModuleLED_Micro_8680,1.2,PASS,0.983,3.5,0.51,1.1252,72.07
✅ Standard,TP-0327,TG-A1250-310-310-1.0,t-Global Technology,Thermal Pad Green 310.00mm x 310.00mm Square,Thermal Pad,85.56,0.078,100.0,ModuleLED_Micro_8680,1.2,PASS,1.0472,12.5,1.0,1.1252,69.46
✅ Standard,TP-0328,TG-A1780-150-150-1.0,t-Global Technology,Thermal Pad Gray 150.00mm x 150.00mm Square,Thermal Pad,366.04,0.0548,100.0,ModuleLED_Micro_8680,1.2,PASS,1.0703,17.8,1.0,1.1252,68.52
✅ Standard,TP-0329,TGP10000ULM-0.040-02-0808,Bergquist Company,"Thermal Interface Products GAP PAD, 10W/m-K, 8"" x 8"" Sheet, 0.040"" Thickness, TGP10000ULM, IDH 2591008",Thermal Pad,200.96,0.0994,100.0,ModuleLED_Micro_8680,1.2,PASS,1.0258,10.0,1.02,1.1252,70.33
🏭 Industrial,TP-0330,TGP 40000SF-0.080-00-0606,Bergquist Company,"Thermal Interface Products GAP PAD, Sil-Free, 40W/m-K, 6x6"" Sheet, 0.080"" Thickness, Thermexit, IDH 2972781",Thermal Pad,232994.75,0.0495,100.0,ModuleLED_Micro_8680,1.2,PASS,1.0756,40.0,2.03,1.1252,68.3
✅ Standard,TP-0331,A17752-08,Laird Technologies - Thermal Materials,Thermal Pad Gray 228.60mm x 228.60mm Square Tacky - Both Sides,Thermal Pad,165.49,0.2617,100.0,ModuleLED_Micro_8680,1.2,PASS,0.8635,7.5,2.01,1.1252,76.96
✅ Standard,TP-0332,TGP12000ULM-0.080-00-0808,Bergquist Company,"Thermal Interface Products GAP PAD, 12W/m-K, Ultra-Low Modulus, 8""x8"" Sheet, 0.080"" Thickness, TGP12000ULM",Thermal Pad,213.63,0.1651,100.0,ModuleLED_Micro_8680,1.2,PASS,0.9601,12.0,2.03,1.1252,73.0
🏭 Industrial,TP-0333,TGP40000SF-0.080-01-0606-NA,Bergquist Company,"Thermal Interface Products GAP PAD, Sil-Free, 40W/m-K, 6 x 6"" Sheet, Tacky Pad, 0.080"" Thickness, Thermexit",Thermal Pad,253603.4,0.0494,100.0,ModuleLED_Micro_8680,1.2,PASS,1.0758,40.0,2.03,1.1252,68.31
✅ Standard,TP-0334,62-08-1015-PAD80A,Parker Chomerics,Thermal Pad Dark Gray 381.00mm x 254.00mm Rectangular Adhesive - One Side,Thermal Pad,94.84,0.2387,100.0,ModuleLED_Micro_8680,1.2,PASS,0.8864,8.3,2.03,1.1252,75.99
✅ Standard,TP-0335,A18213-10,Laird Technologies - Thermal Materials,Thermal Pad Gray 229.00mm x 229.00mm Square,Thermal Pad,179.49,0.2439,100.0,ModuleLED_Micro_8680,1.2,PASS,0.8813,10.0,2.5,1.1252,76.18
✅ Standard,TP-0336,2722288,Bergquist Company,"Thermal Interface Products GAP PAD, 12 W/m-K, Ultra-Low Modulus, 8"" x 8"" Sheet, 0.060"" Thickness",Thermal Pad,228.07,0.1234,100.0,ModuleLED_Micro_8680,1.2,PASS,1.0017,12.0,1.52,1.1252,71.32
✅ Standard,TP-0337,TGP7000ULM-0.125-02-0808,Bergquist Company,"Thermal Interface Products GAP PAD, 7W/m-K, 8"" x 8"" Sheet, 0.125"" Thickness, TGP7000ULM, IDH 2474886",Thermal Pad,233.28,0.4433,100.0,ModuleLED_Micro_8680,1.2,PASS,0.6818,7.0,3.18,1.1252,84.35
✅ Standard,TP-0338,GP3004SF-0.040-01-0918,Bergquist,Thermal Pad Gray 457.20mm x 228.60mm Rectangular Tacky - One Side,Thermal Pad,98.35,0.331,100.0,ModuleLED_Micro_8680,1.2,PASS,0.7942,3.0,1.02,1.1252,79.83
🏭 Industrial,TP-0339,TGP 40000SF-0.100-00-0606,Bergquist Company,"Thermal Interface Products GAP PAD, Sil-Free, 40W/m-K, 6x6"" Sheet, 0.100"" Thickness, Thermexit, IDH 2964639",Thermal Pad,287601.3,0.0619,100.0,ModuleLED_Micro_8680,1.2,PASS,1.0632,40.0,2.54,1.1252,68.81
❌ Avoid,TP-0340,A14428-01,Laird Technologies - Thermal Materials,Thermal Pad Blue-Violet 228.60mm x 228.60mm Square Tacky - One Side,Thermal Pad,201.4,1.6511,0.0,ModuleLED_Micro_8680,1.2,FAIL,-0.5259,3.0,5.08,1.1252,133.51
✅ Standard,TP-0341,TGP6000ULM-0.080-12-0816,Bergquist Company,"Thermal Interface Products GAP PAD, 6W/m-K, 8"" x 16"" Sheet, 0.080"" Thickness, TGP6000ULM, IDH 2195669",Thermal Pad,128.08,0.33,100.0,ModuleLED_Micro_8680,1.2,PASS,0.7952,6.0,2.03,1.1252,79.71
✅ Standard,TP-0342,TGP10000ULM-0.060-02-0808,Bergquist Company,"Thermal Interface Products GAP PAD, 10W/m-K, 8"" x 8"" Sheet, 0.060"" Thickness, TGP10000ULM, IDH 2591009",Thermal Pad,257.41,0.1481,100.0,ModuleLED_Micro_8680,1.2,PASS,0.977,10.0,1.52,1.1252,72.31
🏭 Industrial,TP-0343,TGP40000SF-0.100-01-0606-NA,Bergquist Company,"Thermal Interface Products GAP PAD, Sil-Free, 40W/m-K, 6 x 6"" Sheet, Tacky Pad, 0.105"" Thickness, Thermexit",Thermal Pad,316349.34,0.0651,100.0,ModuleLED_Micro_8680,1.2,PASS,1.06,40.0,2.67,1.1252,68.94
✅ Standard,TP-0344,2722289,Bergquist Company,"Thermal Interface Products GAP PAD, 12 W/m-K, Ultra-Low Modulus, 8"" x 8"" Sheet, 0.080"" Thickness",Thermal Pad,278.43,0.165,100.0,ModuleLED_Micro_8680,1.2,PASS,0.9601,12.0,2.03,1.1252,73.03
✅ Standard,TP-0345,TG-A1780-250-250-0.5,t-Global Technology,Thermal Pad Gray 250.00mm x 250.00mm Square,Thermal Pad,183.97,0.0271,100.0,ModuleLED_Micro_8680,1.2,PASS,1.098,18.0,0.5,1.1252,67.39
✅ Standard,TP-0346,TG-A1780-150-150-1.5,t-Global Technology,Thermal Pad Gray 150.00mm x 150.00mm Square,Thermal Pad,533.9,0.0822,100.0,ModuleLED_Micro_8680,1.2,PASS,1.043,17.8,1.5,1.1252,69.62
✅ Standard,TP-0347,2214846,Bergquist,Thermal Pad Gray 406.40mm x 203.20mm Rectangular Tacky - Both Sides,Thermal Pad,147.17,0.517,100.0,ModuleLED_Micro_8680,1.2,PASS,0.6082,6.0,3.18,1.1252,87.36
🏭 Industrial,TP-0348,TGP 40000SF-0.125-00-0606,Bergquist Company,"Thermal Interface Products GAP PAD, Sil-Free, 40W/m-K, 6x6"" Sheet, 0.125"" Thickness, Thermexit, IDH 2964638",Thermal Pad,344818.63,0.0774,100.0,ModuleLED_Micro_8680,1.2,PASS,1.0478,40.0,3.18,1.1252,69.44
✅ Standard,TP-0349,TGF30SF-07870787-039,Leader Tech Inc.,Thermal Pad Gray 199.90mm x 199.90mm Square Tacky - Both Sides,Thermal Pad,318.13,0.3215,100.0,ModuleLED_Micro_8680,1.2,PASS,0.8036,3.0,0.99,1.1252,79.39
✅ Standard,TP-0350,TGP6000ULM-0.100-12-0816,Bergquist Company,"Thermal Interface Products GAP PAD, 6W/m-K, 8"" x 16"" Sheet, 0.100"" Thickness, TGP6000ULM, IDH 2196912",Thermal Pad,157.23,0.4126,100.0,ModuleLED_Micro_8680,1.2,PASS,0.7126,6.0,2.54,1.1252,83.06
✅ Standard,TP-0351,TGP10000ULM-0.080-02-0808,Bergquist Company,"Thermal Interface Products GAP PAD, 10W/m-K, 8"" x 8"" Sheet, 0.080"" Thickness, TGP10000ULM, IDH 2591010",Thermal Pad,315.96,0.1979,100.0,ModuleLED_Micro_8680,1.2,PASS,0.9272,10.0,2.03,1.1252,74.37
🏭 Industrial,TP-0352,TGP40000SF-0.125-01-0606-NA,Bergquist Company,"Thermal Interface Products GAP PAD, Sil-Free, 40W/m-K, 6 x 6"" Sheet, Tacky Pad, 0.125"" Thickness, Thermexit",Thermal Pad,379290.26,0.0775,100.0,ModuleLED_Micro_8680,1.2,PASS,1.0477,40.0,3.18,1.1252,69.44
✅ Standard,TP-0353,2722290,Bergquist Company,"Thermal Interface Products GAP PAD, 12 W/m-K, Ultra-Low Modulus, 8"" x 8"" Sheet, 0.100"" Thickness",Thermal Pad,342.0,0.2061,100.0,ModuleLED_Micro_8680,1.2,PASS,0.919,12.0,2.54,1.1252,74.68
✅ Standard,TP-0354,TG-A1250-310-310-2.0,t-Global Technology,Thermal Pad Green 310.00mm x 310.00mm Square,Thermal Pad,162.72,0.1568,100.0,ModuleLED_Micro_8680,1.2,PASS,0.9683,12.5,2.01,1.1252,72.67
✅ Standard,TP-0355,TG-A1780-150-150-2.0,t-Global Technology,Thermal Pad Gray 150.00mm x 150.00mm Square,Thermal Pad,698.59,0.11,100.0,ModuleLED_Micro_8680,1.2,PASS,1.0152,17.8,2.01,1.1252,70.77
✅ Standard,TP-0356,TGP6000ULM-0.125-12-0816,Bergquist Company,"Thermal Interface Products GAP PAD, 6W/m-K, 8"" x 16"" Sheet, 0.125"" Thickness, TGP6000ULM, IDH 2214846",Thermal Pad,200.59,0.5165,100.0,ModuleLED_Micro_8680,1.2,PASS,0.6086,6.0,3.18,1.1252,87.35
✅ Standard,TP-0357,2722291,Bergquist Company,"Thermal Interface Products GAP PAD, 12 W/m-K, Ultra-Low Modulus, 8"" x 8"" Sheet, 0.120"" Thickness",Thermal Pad,435.61,0.2478,100.0,ModuleLED_Micro_8680,1.2,PASS,0.8774,12.0,3.05,1.1252,76.4
✅ Standard,TP-0358,TGP12000ULM-0.100-00-0808,Bergquist Company,"Thermal Interface Products GAP PAD, 12W/m-K, Ultra-Low Modulus, 8""x8"" Sheet, 0.100"" Thickness, TGP12000ULM",Thermal Pad,442.31,0.2062,100.0,ModuleLED_Micro_8680,1.2,PASS,0.919,12.0,2.54,1.1252,74.7
✅ Standard,TP-0359,TGP12000ULM-0.125-00-0808,Bergquist Company,"Thermal Interface Products GAP PAD, 12W/m-K, Ultra-Low Modulus, 8""x8"" Sheet, 0.125"" Thickness, TGP12000ULM",Thermal Pad,453.59,0.258,100.0,ModuleLED_Micro_8680,1.2,PASS,0.8671,12.0,3.18,1.1252,76.82
✅ Standard,TP-0360,A17751-04,Laird Technologies - Thermal Materials,Thermal Pad Gray 457.20mm x 457.20mm Square Tacky - Both Sides,Thermal Pad,91.47,0.1326,100.0,ModuleLED_Micro_8680,1.2,PASS,0.9925,7.5,1.02,1.1252,71.69
✅ Standard,TP-0361,2722292,Bergquist Company,"Thermal Interface Products GAP PAD, 12 W/m-K, Ultra-Low Modulus, 8"" x 8"" Sheet, 0.140"" Thickness",Thermal Pad,471.75,0.2891,100.0,ModuleLED_Micro_8680,1.2,PASS,0.836,12.0,3.56,1.1252,78.06
✅ Standard,TP-0362,TGP10000ULM-0.100-02-0808,Bergquist Company,"Thermal Interface Products GAP PAD, 10W/m-K, 8"" x 8"" Sheet, 0.100"" Thickness, TGP10000ULM, IDH 2599712",Thermal Pad,478.76,0.2476,100.0,ModuleLED_Micro_8680,1.2,PASS,0.8776,10.0,2.54,1.1252,76.36
✅ Standard,TP-0363,TGP10000ULM-0.125-02-0808,Bergquist Company,"Thermal Interface Products GAP PAD, 10W/m-K, 8"" x 8"" Sheet, 0.125"" Thickness, TGP10000ULM, IDH 2599713",Thermal Pad,527.01,0.3103,100.0,ModuleLED_Micro_8680,1.2,PASS,0.8149,10.0,3.18,1.1252,78.91
✅ Standard,TP-0364,2722293,Bergquist Company,"Thermal Interface Products GAP PAD, 12 W/m-K, Ultra-Low Modulus, 8"" x 8"" Sheet, 0.160"" Thickness",Thermal Pad,539.28,0.3299,100.0,ModuleLED_Micro_8680,1.2,PASS,0.7952,12.0,4.06,1.1252,79.73
🏆 Best Value,GR-0001,09599,SparkFun Electronics,Thermal Silicone Compound 5 gram Syringe,Grease,5.95,0.0935,100.0,ModuleLED_Micro_8560,1.5,PASS,0.7317,1.17,,0.8252,81.17
✅ Standard,GR-0002,TC3-1G,Chip Quik Inc.,Thermal Silicone Compound 1 gram Syringe,Grease,55.98,0.0129,100.0,ModuleLED_Micro_8560,1.5,PASS,0.8123,8.5,,0.8252,77.24
🏆 Best Value,GR-0003,8615,MG Chemicals,Thermal Non-Silicone Grease 3.5 gram Syringe,Grease,17.58,0.0365,100.0,ModuleLED_Micro_8560,1.5,PASS,0.7887,3.0,,0.8252,78.37
✅ Standard,GR-0004,SILVGREASE1,StarTech.com,Thermal Silicone Compound 1.5 gram Syringe,Grease,51.05,0.0567,100.0,ModuleLED_Micro_8560,1.5,PASS,0.7685,1.93,,0.8252,79.37
🏆 Best Value,GR-0005,TC1-10G,Chip Quik Inc.,Thermal Silicone Compound 10 gram Syringe,Grease,8.42,0.1639,100.0,ModuleLED_Micro_8560,1.5,PASS,0.6613,0.67,,0.8252,84.55
🏆 Best Value,GR-0006,HEATGREASE20,StarTech.com,Thermal Silicone Compound 20 gram Tube,Grease,4.37,0.1027,100.0,ModuleLED_Micro_8560,1.5,PASS,0.7224,1.07,,0.8252,81.57
🏆 Best Value,GR-0007,8610-60G,MG Chemicals,Thermal Non-Silicone Compound 2 oz Tube,Grease,1.9,0.1424,100.0,ModuleLED_Micro_8560,1.5,PASS,0.6828,0.77,,0.8252,83.53
✅ Standard,GR-0008,TC4-1G,Chip Quik,Thermal Interface Products Heat Sink Thermal Compound - Deep-Space Liquid Metal 79 W/mK 1g/1cc Syringe,Grease,109.41,0.0014,100.0,ModuleLED_Micro_8560,1.5,PASS,0.8238,79.0,,0.8252,76.68
✅ Standard,GR-0009,TC4-1G,Chip Quik Inc.,"Thermal Thermal Compound, Liquid Metal 1 gram Syringe",Grease,113.46,0.0014,100.0,ModuleLED_Micro_8560,1.5,PASS,0.8238,79.0,,0.8252,76.68
🏆 Best Value,GR-0010,TC1-20G,Chip Quik Inc.,Thermal Silicone Compound 20 gram Syringe,Grease,6.09,0.1642,100.0,ModuleLED_Micro_8560,1.5,PASS,0.661,0.67,,0.8252,84.53
🏆 Best Value,GR-0011,250G,"Boyd Laconia, LLC",Thermal Silicone Compound 2 oz Tube,Grease,2.25,0.1439,100.0,ModuleLED_Micro_8560,1.5,PASS,0.6812,0.76,,0.8252,83.59
🏆 Best Value,GR-0012,TG-N909-30,t-Global Technology,Thermal Non-Silicone Grease 30 gram Container,Grease,4.65,0.0122,100.0,ModuleLED_Micro_8560,1.5,PASS,0.8129,9.0,,0.8252,77.2
✅ Standard,GR-0013,TC3-3.5G,Chip Quik Inc.,Thermal Silicone Compound 3.5 gram Syringe,Grease,40.18,0.0129,100.0,ModuleLED_Micro_8560,1.5,PASS,0.8123,8.5,,0.8252,77.23
🏆 Best Value,GR-0014,CW7270,Chemtronics,Thermal Non-Silicone Grease 7 gram Syringe,Grease,20.85,0.1545,100.0,ModuleLED_Micro_8560,1.5,PASS,0.6707,0.71,,0.8252,84.09
🏆 Best Value,GR-0015,65-00-GREASE15-0010,Parker Chomerics,Thermal Silicone Grease 10cc Syringe,Grease,6.4,0.0731,100.0,ModuleLED_Micro_8560,1.5,PASS,0.752,1.5,,0.8252,80.16
✅ Standard,GR-0016,TC4-2G,Chip Quik,Thermal Interface Products Heat Sink Thermal Compound - Deep-Space Liquid Metal 79 W/mK 2g/1cc Syringe,Grease,82.22,0.0014,100.0,ModuleLED_Micro_8560,1.5,PASS,0.8238,79.0,,0.8252,76.68
✅ Standard,GR-0017,TC4-2G,Chip Quik Inc.,"Thermal Thermal Compound, Liquid Metal 2 gram Syringe",Grease,83.35,0.0014,100.0,ModuleLED_Micro_8560,1.5,PASS,0.8238,79.0,,0.8252,76.68
🏆 Best Value,GR-0018,65-00-GREASE30-0010,Parker Chomerics,Thermal Silicone Grease 10cc Syringe,Grease,6.73,0.0365,100.0,ModuleLED_Micro_8560,1.5,PASS,0.7886,3.0,,0.8252,78.38
🏆 Best Value,GR-0019,65-00-GREASE50-0010,Parker Chomerics,Thermal Silicone Grease 10cc Jar,Grease,7.06,0.0219,100.0,ModuleLED_Micro_8560,1.5,PASS,0.8032,5.0,,0.8252,77.67
🏆 Best Value,GR-0020,65-00-GREASE70-0010,Parker Chomerics,Thermal Silicone Grease 10cc Syringe,Grease,7.26,0.0157,100.0,ModuleLED_Micro_8560,1.5,PASS,0.8095,7.0,,0.8252,77.37
🏆 Best Value,GR-0021,65-00-CIP60-0045,Parker Chomerics,"Thermal Silicone Compound, 2 Part 50cc Cartridge",Grease,1.56,0.0182,100.0,ModuleLED_Micro_8560,1.5,PASS,0.8069,6.0,,0.8252,77.49
🏆 Best Value,GR-0022,TC2-10G,Chip Quik Inc.,Thermal Silicone Compound 10 gram Syringe,Grease,20.65,0.0255,100.0,ModuleLED_Micro_8560,1.5,PASS,0.7997,4.3,,0.8252,77.85
✅ Standard,GR-0023,CW7250,Chemtronics,Thermal Non-Silicone Grease 3.4 gram Syringe,Grease,62.15,0.0593,100.0,ModuleLED_Micro_8560,1.5,PASS,0.7658,1.85,,0.8252,79.49
✅ Standard,GR-0024,TC4-5G,Chip Quik Inc.,"Thermal Thermal Compound, Liquid Metal 5 gram Syringe",Grease,43.78,0.0014,100.0,ModuleLED_Micro_8560,1.5,PASS,0.8238,79.0,,0.8252,76.68
✅ Standard,GR-0025,TC4-5G,Chip Quik,Thermal Interface Products Heat Sink Thermal Compound - Deep-Space Liquid Metal 79 W/mK 5g/1cc Syringe,Grease,43.9,0.0014,100.0,ModuleLED_Micro_8560,1.5,PASS,0.8238,79.0,,0.8252,76.68
🏆 Best Value,GR-0026,8617-85ML,MG Chemicals,Thermal Non-Silicone Grease 85 ml Tube,Grease,1.12,0.1095,100.0,ModuleLED_Micro_8560,1.5,PASS,0.7156,1.0,,0.8252,81.92
🏆 Best Value,GR-0027,GF1000-00-15-50CC,Bergquist,"Thermal Liquid Gap Filler, 2 Part 50cc Cartridge",Grease,1.91,0.1097,100.0,ModuleLED_Micro_8560,1.5,PASS,0.7155,1.0,,0.8252,81.94
🏆 Best Value,GR-0028,X-PUTTY-100,"Shiu Li Technology Co., Ltd.",Thermal Silicone Putty 100 gram Cartridge,Grease,2.64,0.0364,100.0,ModuleLED_Micro_8560,1.5,PASS,0.7888,3.0,,0.8252,78.38
🏆 Best Value,GR-0029,8327GF25-50CC,MG Chemicals,Thermal Silicone Gap Filler 50 ml Cartridges,Grease,2.2,0.0438,100.0,ModuleLED_Micro_8560,1.5,PASS,0.7814,2.5,,0.8252,78.74
🏆 Best Value,GR-0030,65-00-GEL37-0010,Parker Chomerics,Thermal Silicone Gel 10cc Syringe,Grease,11.07,0.0297,100.0,ModuleLED_Micro_8560,1.5,PASS,0.7955,3.7,,0.8252,78.04
🏆 Best Value,GR-0031,PK223DM-110,"Shiu Li Technology Co., Ltd.","Thermal Liquid Gap Filler, 2 Part 110 gram Cartridge",Grease,2.65,0.0549,100.0,ModuleLED_Micro_8560,1.5,PASS,0.7703,2.0,,0.8252,79.27
✅ Standard,GR-0032,SILV5-THERMAL-PASTE,StarTech.com,Thermal Silicone Compound 1.5 gram Syringe,Grease,196.47,0.0343,100.0,ModuleLED_Micro_8560,1.5,PASS,0.7908,3.2,,0.8252,78.27
🏆 Best Value,GR-0033,65-00-GEL35VT-0010,Parker Chomerics,Thermal Silicone Gel 10cc Syringe,Grease,12.11,0.0313,100.0,ModuleLED_Micro_8560,1.5,PASS,0.7938,3.5,,0.8252,78.13
🏆 Best Value,GR-0034,TC4-10G,Chip Quik,Thermal Interface Products Heat Sink Thermal Compound - Deep-Space Liquid Metal 79 W/mK 10g/3cc Syringe,Grease,31.12,0.0014,100.0,ModuleLED_Micro_8560,1.5,PASS,0.8238,79.0,,0.8252,76.68
🏆 Best Value,GR-0035,TC4-10G,Chip Quik Inc.,"Thermal Thermal Compound, Liquid Metal 10 gram Syringe",Grease,32.14,0.0014,100.0,ModuleLED_Micro_8560,1.5,PASS,0.8238,79.0,,0.8252,76.68
🏆 Best Value,GR-0036,CT40-5,Chemtronics,Thermal Silicone Compound 5 oz Tube,Grease,2.28,0.1739,100.0,ModuleLED_Micro_8560,1.5,PASS,0.6512,0.63,,0.8252,85.03
🏆 Best Value,GR-0037,GF4500CVO-00-240-50CC,Bergquist Company,"Thermal Interface Products Liquid Gap-Filling Material, 2-Part, 4.5W/m-K, 50ml Cartridge, TGF4500CVO",Grease,2.6,0.0244,100.0,ModuleLED_Micro_8560,1.5,PASS,0.8008,4.5,,0.8252,77.79
🏆 Best Value,GR-0038,GF1500-00-60-50CC,Bergquist,"Thermal Liquid Gap Filler, 2 Part 50cc Cartridge",Grease,2.61,0.0611,100.0,ModuleLED_Micro_8560,1.5,PASS,0.7641,1.8,,0.8252,79.56
🏆 Best Value,GR-0039,S-PUTTY-100,"Shiu Li Technology Co., Ltd.",Thermal Silicone Putty 100 gram Cartridge,Grease,3.53,0.0313,100.0,ModuleLED_Micro_8560,1.5,PASS,0.7938,3.5,,0.8252,78.13
🏆 Best Value,GR-0040,N-PUTTY-100,"Shiu Li Technology Co., Ltd.",Thermal Non-Silicone Putty 100 gram Cartridge,Grease,3.54,0.0314,100.0,ModuleLED_Micro_8560,1.5,PASS,0.7938,3.5,,0.8252,78.13
🏆 Best Value,GR-0041,TC3-10G,Chip Quik Inc.,Thermal Silicone Compound 5cc Syringe,Grease,28.56,0.0129,100.0,ModuleLED_Micro_8560,1.5,PASS,0.8122,8.5,,0.8252,77.24
🏆 Best Value,GR-0042,65-00-GEL20-0010,Parker Chomerics,Thermal Gel Gap Filler 10cc Syringe,Grease,14.76,0.0458,100.0,ModuleLED_Micro_8560,1.5,PASS,0.7794,2.4,,0.8252,78.81
🏆 Best Value,GR-0043,H-PUTTY-100,"Shiu Li Technology Co., Ltd.",Thermal Silicone Putty 100 gram Cartridge,Grease,3.71,0.0314,100.0,ModuleLED_Micro_8560,1.5,PASS,0.7938,3.5,,0.8252,78.13
🏆 Best Value,GR-0044,127-6-10,Wakefield Thermal Solutions,Thermal Non-Silicone Grease 10cc Syringe,Grease,15.05,0.0183,100.0,ModuleLED_Micro_8560,1.5,PASS,0.8069,6.0,,0.8252,77.49
🏆 Best Value,GR-0045,127-6-10,Wakefield Thermal,"Thermal Interface Products Thermal Grease, High Performance, Non-Silicone, 6 W/m-K, 10cc Syringe",Grease,15.35,0.0183,100.0,ModuleLED_Micro_8560,1.5,PASS,0.8069,6.0,,0.8252,77.49
🏆 Best Value,GR-0046,TC2-20G,Chip Quik Inc.,Thermal Silicone Compound 20 gram Syringe,Grease,19.26,0.0255,100.0,ModuleLED_Micro_8560,1.5,PASS,0.7996,4.3,,0.8252,77.85
🏆 Best Value,GR-0047,65-02-GREASE15-0030,Parker Chomerics,Thermal Silicone Grease 30cc Cartridge,Grease,5.42,0.073,100.0,ModuleLED_Micro_8560,1.5,PASS,0.7522,1.5,,0.8252,80.15
🏆 Best Value,GR-0048,65-02-GEL35VT-0030,Parker Chomerics,Thermal Silicone Gel 30cc Syringe,Grease,5.51,0.0314,100.0,ModuleLED_Micro_8560,1.5,PASS,0.7938,3.5,,0.8252,78.13
🏆 Best Value,GR-0049,65-00-GEL50TBL-0010,Parker Chomerics,Thermal Silicone Gel 10cc Syringe,Grease,16.63,0.0219,100.0,ModuleLED_Micro_8560,1.5,PASS,0.8033,5.0,,0.8252,77.67
🏆 Best Value,GR-0050,8327GF41-50CC,MG Chemicals,Thermal Silicone Gap Filler 50 ml Cartridges,Grease,3.36,0.0267,100.0,ModuleLED_Micro_8560,1.5,PASS,0.7984,4.1,,0.8252,77.9
🏆 Best Value,GR-0051,65-02-GREASE30-0030,Parker Chomerics,Thermal Silicone Grease 30cc Cartridge,Grease,5.71,0.0366,100.0,ModuleLED_Micro_8560,1.5,PASS,0.7885,3.0,,0.8252,78.38
✅ Standard,GR-0052,8463-7G,MG Chemicals,Thermal Silicone Grease 7 gram Syringe,Grease,62.82,0.238,100.0,ModuleLED_Micro_8560,1.5,PASS,0.5871,0.46,,0.8252,88.14
🏆 Best Value,GR-0053,GCS-NSP15-100ML,European Thermodynamics Ltd,Thermal Non-Silicone Putty 100 ml Syringe,Grease,1.78,0.0734,100.0,ModuleLED_Micro_8560,1.5,PASS,0.7518,1.5,,0.8252,80.15
🏆 Best Value,GR-0054,65-02-GREASE50-0030,Parker Chomerics,Thermal Silicone Grease 30cc Cartridge,Grease,5.99,0.0219,100.0,ModuleLED_Micro_8560,1.5,PASS,0.8032,5.0,,0.8252,77.67
🏆 Best Value,GR-0055,TGF3000SF-00-1500-50CC,Bergquist Company,"Thermal Interface Products Gap Filler, 2-Part, Sil-Free, Room Temp Cure, 3W/mK, 50ml Cartridge, TGF3000SF",Grease,3.67,0.0364,100.0,ModuleLED_Micro_8560,1.5,PASS,0.7887,3.0,,0.8252,78.38
🏆 Best Value,GR-0056,65-02-GREASE70-0030,Parker Chomerics,Thermal Silicone Grease 30cc Cartridge,Grease,6.16,0.0156,100.0,ModuleLED_Micro_8560,1.5,PASS,0.8095,7.0,,0.8252,77.37
🏆 Best Value,GR-0057,TC1-200G,Chip Quik Inc.,Thermal Silicone Compound 200 gram Jar,Grease,2.35,0.1637,100.0,ModuleLED_Micro_8560,1.5,PASS,0.6614,0.67,,0.8252,84.54
🏆 Best Value,GR-0058,TG-N8000-30,t-Global Technology,Thermal Non-Silicone Putty 30 gram Jar,Grease,15.74,0.0137,100.0,ModuleLED_Micro_8560,1.5,PASS,0.8115,8.0,,0.8252,77.27
🏆 Best Value,GR-0059,G3380NA-120,"Shiu Li Technology Co., Ltd.",Thermal Non-Silicone Grease 120 gram Cartridge,Grease,3.98,0.0845,100.0,ModuleLED_Micro_8560,1.5,PASS,0.7406,1.3,,0.8252,80.7
🏆 Best Value,GR-0060,GF3500S35-07-60-50CC,Bergquist,"Thermal Liquid Gap Filler, 2 Part 50cc Cartridge",Grease,3.88,0.0305,100.0,ModuleLED_Micro_8560,1.5,PASS,0.7947,3.6,,0.8252,78.09
🏆 Best Value,GR-0061,TG4040-D-30CC,t-Global Technology,Thermal Silicone Putty 30cc Syringe,Grease,6.65,0.0365,100.0,ModuleLED_Micro_8560,1.5,PASS,0.7887,3.0,,0.8252,78.39
🏆 Best Value,GR-0062,S-PUTTY2-100,"Shiu Li Technology Co., Ltd.",Thermal Silicone Putty 100 gram Cartridge,Grease,5.04,0.0183,100.0,ModuleLED_Micro_8560,1.5,PASS,0.8068,6.0,,0.8252,77.5
🏆 Best Value,GR-0063,GF3500S35-00-60-50CC,Bergquist,"Thermal Liquid Gap Filler, 2 Part 50cc Cartridge",Grease,4.06,0.0306,100.0,ModuleLED_Micro_8560,1.5,PASS,0.7946,3.6,,0.8252,78.09
🏆 Best Value,GR-0064,65-00-GEL75VT-0010,Parker Chomerics,Thermal Silicone Gel 10cc Syringe,Grease,20.32,0.0147,100.0,ModuleLED_Micro_8560,1.5,PASS,0.8105,7.5,,0.8252,77.32
🏆 Best Value,GR-0065,65-02-GEL50TBL-0030,Parker Chomerics,Thermal Silicone Gel 30cc Syringe,Grease,6.79,0.0219,100.0,ModuleLED_Micro_8560,1.5,PASS,0.8033,5.0,,0.8252,77.67
🏆 Best Value,GR-0066,GL-20-10,Wakefield Thermal,"Thermal Interface Products ulTIMiFlux Gel, 10cc Syringe, Pink, 20g/m Flow Rate, 0.004"", 3.5w/mK",Grease,20.5,0.0312,100.0,ModuleLED_Micro_8560,1.5,PASS,0.7939,3.5,,0.8252,78.13
🏆 Best Value,GR-0067,TG-N4000-30CC,t-Global Technology,Thermal Non-Silicone Putty 30cc Syringe,Grease,6.87,0.0275,100.0,ModuleLED_Micro_8560,1.5,PASS,0.7977,4.0,,0.8252,77.94
🏆 Best Value,GR-0068,A18835-01,Laird Technologies - Thermal Materials,Thermal Liquid Gap Filler 50cc Cartridge,Grease,4.13,0.0203,100.0,ModuleLED_Micro_8560,1.5,PASS,0.8049,5.4,,0.8252,77.59
🏆 Best Value,GR-0069,TC4-20G,Chip Quik Inc.,"Thermal Thermal Compound, Liquid Metal 20 gram Syringe",Grease,26.04,0.0014,100.0,ModuleLED_Micro_8560,1.5,PASS,0.8238,79.0,,0.8252,76.68
🏆 Best Value,GR-0070,65-02-GEL50VT-0030,Parker Chomerics,Thermal Silicone Gel 30cc Syringe,Grease,6.98,0.0211,100.0,ModuleLED_Micro_8560,1.5,PASS,0.8041,5.2,,0.8252,77.63
🏆 Best Value,GR-0071,8327GL6-30ML,MG Chemicals,Thermal Non-Silicone Gel 30 ml Cartridge,Grease,7.05,0.0183,100.0,ModuleLED_Micro_8560,1.5,PASS,0.8068,6.0,,0.8252,77.49
🏆 Best Value,GR-0072,H-PUTTY2-100,"Shiu Li Technology Co., Ltd.",Thermal Silicone Putty 100 gram Cartridge,Grease,5.31,0.0183,100.0,ModuleLED_Micro_8560,1.5,PASS,0.8069,6.0,,0.8252,77.5
🏆 Best Value,GR-0073,TC4-20G,Chip Quik,Thermal Interface Products Heat Sink Thermal Compound - Deep-Space Liquid Metal 79 W/mK 20g/3cc Syringe,Grease,26.74,0.0014,100.0,ModuleLED_Micro_8560,1.5,PASS,0.8238,79.0,,0.8252,76.68
🏆 Best Value,GR-0074,65-02-GEL20-0030,Parker Chomerics,Thermal Gel Gap Filler 30cc Cartridge,Grease,7.15,0.0456,100.0,ModuleLED_Micro_8560,1.5,PASS,0.7795,2.4,,0.8252,78.82
🏆 Best Value,GR-0075,X-PUTTY-100-KIT,"Shiu Li Technology Co., Ltd.",Thermal Silicone Putty 100 gram Cartridge,Grease,5.61,0.0365,100.0,ModuleLED_Micro_8560,1.5,PASS,0.7886,3.0,,0.8252,78.38
🏆 Best Value,GR-0076,A17170-01,Laird Technologies - Thermal Materials,Thermal Silicone Compound 75cc Cartridge,Grease,2.99,0.0296,100.0,ModuleLED_Micro_8560,1.5,PASS,0.7956,3.7,,0.8252,78.04
🏆 Best Value,GR-0077,65-00-GEL75-0010,Parker Chomerics,Thermal Silicone Gel 10cc Syringe,Grease,22.96,0.0146,100.0,ModuleLED_Micro_8560,1.5,PASS,0.8105,7.5,,0.8252,77.32
🏆 Best Value,GR-0078,G3380D-100,"Shiu Li Technology Co., Ltd.",Thermal Silicone Grease 100 gram Cartridge,Grease,6.0,0.0183,100.0,ModuleLED_Micro_8560,1.5,PASS,0.8069,6.0,,0.8252,77.5
🏆 Best Value,GR-0079,EPDM20-135,"Shiu Li Technology Co., Ltd.","Thermal Liquid Gap Filler, 2 Part 50 ml Cartridges",Grease,4.81,0.0499,100.0,ModuleLED_Micro_8560,1.5,PASS,0.7753,2.2,,0.8252,79.02
🏆 Best Value,GR-0080,N-PUTTY2-100,"Shiu Li Technology Co., Ltd.",Thermal Non-Silicone Putty 100 gram Cartridge,Grease,6.19,0.0219,100.0,ModuleLED_Micro_8560,1.5,PASS,0.8032,5.0,,0.8252,77.67
✅ Standard,GR-0081,CW7100,Chemtronics,Thermal Silicone Grease 6.5 gram Syringe,Grease,98.45,0.0196,100.0,ModuleLED_Micro_8560,1.5,PASS,0.8056,5.6,,0.8252,77.56
🏆 Best Value,GR-0082,PK223DM-110-KIT,"Shiu Li Technology Co., Ltd.","Thermal Liquid Gap Filler, 2 Part 110 gram Cartridge",Grease,5.84,0.0549,100.0,ModuleLED_Micro_8560,1.5,PASS,0.7702,2.0,,0.8252,79.26
🏆 Best Value,GR-0083,GCS-018-GS-WE-1KG,European Thermodynamics Ltd,Thermal Silicone Grease 1 kg Container,Grease,0.64,0.0608,100.0,ModuleLED_Micro_8560,1.5,PASS,0.7643,1.8,,0.8252,79.56
🏆 Best Value,GR-0084,GL-08-10,Wakefield Thermal,"Thermal Interface Products ulTIMiFlux Gel, 10cc Syringe, Yellow, 8g/m Flow Rate, 0.015"", 2.4w/mK",Grease,25.84,0.0458,100.0,ModuleLED_Micro_8560,1.5,PASS,0.7794,2.4,,0.8252,78.83
🏆 Best Value,GR-0085,S-PUTTY-100-KIT,"Shiu Li Technology Co., Ltd.",Thermal Silicone Putty 100 gram Cartridge,Grease,6.49,0.0313,100.0,ModuleLED_Micro_8560,1.5,PASS,0.7938,3.5,,0.8252,78.13
🏆 Best Value,GR-0086,N-PUTTY-100-KIT,"Shiu Li Technology Co., Ltd.",Thermal Non-Silicone Putty 100 gram Cartridge,Grease,6.5,0.0313,100.0,ModuleLED_Micro_8560,1.5,PASS,0.7939,3.5,,0.8252,78.13
🏆 Best Value,GR-0087,PK404DM-150,"Shiu Li Technology Co., Ltd.","Thermal Liquid Gap Filler, 2 Part 150 gram Cartridge",Grease,4.42,0.0304,100.0,ModuleLED_Micro_8560,1.5,PASS,0.7948,3.6,,0.8252,78.09
🏆 Best Value,GR-0088,H-PUTTY-100-KIT,"Shiu Li Technology Co., Ltd.",Thermal Silicone Putty 100 gram Cartridge,Grease,6.68,0.0313,100.0,ModuleLED_Micro_8560,1.5,PASS,0.7938,3.5,,0.8252,78.12
🏆 Best Value,GR-0089,65-02-GEL75VT-0030,Parker Chomerics,Thermal Silicone Gel 30cc Cartridge,Grease,9.06,0.0146,100.0,ModuleLED_Micro_8560,1.5,PASS,0.8105,7.5,,0.8252,77.32
🏆 Best Value,GR-0090,G3380NC-100,"Shiu Li Technology Co., Ltd.",Thermal Non-Silicone Grease 100 gram Cartridge,Grease,6.81,0.0244,100.0,ModuleLED_Micro_8560,1.5,PASS,0.8008,4.5,,0.8252,77.79
🏆 Best Value,GR-0091,65-00-CIP60-0200,Parker Chomerics,"Thermal Silicone Compound, 2 Part 200cc Cartridge",Grease,1.42,0.0182,100.0,ModuleLED_Micro_8560,1.5,PASS,0.8069,6.0,,0.8252,77.49
🏆 Best Value,GR-0092,8617-1P,MG Chemicals,Thermal Non-Silicone Grease 473 ml Jar,Grease,0.61,0.11,100.0,ModuleLED_Micro_8560,1.5,PASS,0.7151,1.0,,0.8252,81.93
🏆 Best Value,GR-0093,2456616,Bergquist,"Thermal Liquid Gap Filler, 2 Part 50cc Cartridge",Grease,5.82,0.0313,100.0,ModuleLED_Micro_8560,1.5,PASS,0.7938,3.5,,0.8252,78.13
🏆 Best Value,GR-0094,SH-PUTTY3-100,"Shiu Li Technology Co., Ltd.",Thermal Silicone Putty 100 gram Cartridge,Grease,7.53,0.0137,100.0,ModuleLED_Micro_8560,1.5,PASS,0.8115,8.0,,0.8252,77.27
🏆 Best Value,GR-0095,65-02-GEL75-0030,Parker Chomerics,Thermal Silicone Gel 30cc Syringe,Grease,10.24,0.0147,100.0,ModuleLED_Micro_8560,1.5,PASS,0.8105,7.5,,0.8252,77.32
🏆 Best Value,GR-0096,A16872-02,Laird Technologies - Thermal Materials,Thermal Liquid Gap Filler 75cc Cartridge,Grease,4.2,0.0476,100.0,ModuleLED_Micro_8560,1.5,PASS,0.7775,2.3,,0.8252,78.91
🏆 Best Value,GR-0097,8327GL3-180ML,MG Chemicals,Thermal Non-Silicone Gel 180 ml Cartridge,Grease,1.77,0.0313,100.0,ModuleLED_Micro_8560,1.5,PASS,0.7939,3.5,,0.8252,78.13
🏆 Best Value,GR-0098,S-PUTTY2-100-KIT,"Shiu Li Technology Co., Ltd.",Thermal Silicone Putty 100 gram Cartridge,Grease,8.0,0.0183,100.0,ModuleLED_Micro_8560,1.5,PASS,0.8069,6.0,,0.8252,77.5
🏆 Best Value,GR-0099,H-PUTTY2-100-KIT,"Shiu Li Technology Co., Ltd.",Thermal Silicone Putty 100 gram Cartridge,Grease,8.27,0.0183,100.0,ModuleLED_Micro_8560,1.5,PASS,0.8069,6.0,,0.8252,77.49
🏆 Best Value,GR-0100,G3380NA-120-KIT,"Shiu Li Technology Co., Ltd.",Thermal Non-Silicone Grease 120 gram Cartridge,Grease,6.9,0.0845,100.0,ModuleLED_Micro_8560,1.5,PASS,0.7407,1.3,,0.8252,80.7
🏆 Best Value,GR-0101,EPDM30-135,"Shiu Li Technology Co., Ltd.","Thermal Liquid Gap Filler, 2 Part 50 ml Cartridges",Grease,6.93,0.0368,100.0,ModuleLED_Micro_8560,1.5,PASS,0.7884,3.0,,0.8252,78.38
🏆 Best Value,GR-0102,LF2000-00-00-30CC,Bergquist Company,"Thermal Interface Products 1-Part, Liquid Formable Material, 30CC Cartridge, 2 W/m-K, Liqui-Form",Grease,11.74,0.0547,100.0,ModuleLED_Micro_8560,1.5,PASS,0.7704,2.0,,0.8252,79.26
🏆 Best Value,GR-0103,TG-N4000-55CC,t-Global Technology,Thermal Non-Silicone Putty 55cc Syringe,Grease,6.41,0.0275,100.0,ModuleLED_Micro_8560,1.5,PASS,0.7977,4.0,,0.8252,77.94
🏆 Best Value,GR-0104,A17170-02,Laird Technologies - Thermal Materials,Thermal Silicone Compound 180cc Cartridge,Grease,1.97,0.0296,100.0,ModuleLED_Micro_8560,1.5,PASS,0.7956,3.7,,0.8252,78.05
🏆 Best Value,GR-0105,TG-A7000-55CC,t-Global Technology,Thermal Silicone Putty 50cc Syringe,Grease,7.09,0.0157,100.0,ModuleLED_Micro_8560,1.5,PASS,0.8095,7.0,,0.8252,77.37
🏆 Best Value,GR-0106,GCS-NSP30-100ML,European Thermodynamics Ltd,Thermal Non-Silicone Putty 100 ml Syringe,Grease,3.55,0.0365,100.0,ModuleLED_Micro_8560,1.5,PASS,0.7887,3.0,,0.8252,78.38
🏆 Best Value,GR-0107,TG-N8000-30CC,t-Global Technology,Thermal Non-Silicone Putty 30cc Syringe,Grease,11.91,0.0137,100.0,ModuleLED_Micro_8560,1.5,PASS,0.8114,8.0,,0.8252,77.27
🏆 Best Value,GR-0108,N-PUTTY2-100-KIT,"Shiu Li Technology Co., Ltd.",Thermal Non-Silicone Putty 100 gram Cartridge,Grease,9.15,0.0219,100.0,ModuleLED_Micro_8560,1.5,PASS,0.8032,5.0,,0.8252,77.67
🏆 Best Value,GR-0109,TC2-50G,Chip Quik Inc.,Thermal Silicone Compound 50 gram Jar,Grease,18.81,0.0255,100.0,ModuleLED_Micro_8560,1.5,PASS,0.7997,4.3,,0.8252,77.84
🏆 Best Value,GR-0110,8618-85ML,MG Chemicals,Thermal Non-Silicone Grease 85 ml Syringe,Grease,4.44,0.0183,100.0,ModuleLED_Micro_8560,1.5,PASS,0.8069,6.0,,0.8252,77.5
🏆 Best Value,GR-0111,EPDM20-135-KIT,"Shiu Li Technology Co., Ltd.","Thermal Liquid Gap Filler, 2 Part 50 ml Cartridges",Grease,7.61,0.0498,100.0,ModuleLED_Micro_8560,1.5,PASS,0.7754,2.2,,0.8252,79.02
🏆 Best Value,GR-0112,GCS-NSP75 - 50ML,European Thermodynamics Ltd,Thermal Non-Silicone Putty 50 ml Syringe,Grease,7.67,0.0147,100.0,ModuleLED_Micro_8560,1.5,PASS,0.8105,7.5,,0.8252,77.32
🏆 Best Value,GR-0113,G3380D-100-KIT,"Shiu Li Technology Co., Ltd.",Thermal Silicone Grease 100 gram Cartridge,Grease,9.69,0.0183,100.0,ModuleLED_Micro_8560,1.5,PASS,0.8069,6.0,,0.8252,77.5
🏆 Best Value,GR-0114,2292097,Bergquist,"Thermal Silicone Compound, 2 Part 50cc Cartridge",Grease,8.0,0.0314,100.0,ModuleLED_Micro_8560,1.5,PASS,0.7938,3.5,,0.8252,78.12
🏆 Best Value,GR-0115,PK404DM-150-KIT,"Shiu Li Technology Co., Ltd.","Thermal Liquid Gap Filler, 2 Part 150 gram Cartridge",Grease,6.76,0.0304,100.0,ModuleLED_Micro_8560,1.5,PASS,0.7948,3.6,,0.8252,78.08
🏆 Best Value,GR-0116,S-PUTTY5-100,"Shiu Li Technology Co., Ltd.",Thermal Silicone Putty 30cc Tube,Grease,13.64,0.011,100.0,ModuleLED_Micro_8560,1.5,PASS,0.8142,10.0,,0.8252,77.14
🏆 Best Value,GR-0117,G3380NC-100-KIT,"Shiu Li Technology Co., Ltd.",Thermal Non-Silicone Grease 100 gram Cartridge,Grease,10.31,0.0244,100.0,ModuleLED_Micro_8560,1.5,PASS,0.8008,4.5,,0.8252,77.79
🏆 Best Value,GR-0118,D2000-140,"Shiu Li Technology Co., Ltd.","Thermal Silicone Grease, 2 Part 140 gram Cartridge",Grease,7.52,0.0548,100.0,ModuleLED_Micro_8560,1.5,PASS,0.7704,2.0,,0.8252,79.26
🏆 Best Value,GR-0119,SH-PUTTY3-100-KIT,"Shiu Li Technology Co., Ltd.",Thermal Silicone Putty 100 gram Cartridge,Grease,10.68,0.0137,100.0,ModuleLED_Micro_8560,1.5,PASS,0.8115,8.0,,0.8252,77.27
🏆 Best Value,GR-0120,2167388,Bergquist,"Thermal Silicone Compound, 2 Part 50cc Cartridge",Grease,8.81,0.0313,100.0,ModuleLED_Micro_8560,1.5,PASS,0.7939,3.5,,0.8252,78.13
🏆 Best Value,GR-0121,A17262-01,Laird Technologies - Thermal Materials,Thermal Silicone Gap Filler 50cc Cartridge,Grease,8.82,0.0171,100.0,ModuleLED_Micro_8560,1.5,PASS,0.808,6.4,,0.8252,77.44
🏆 Best Value,GR-0122,TG-N8000-55CC,t-Global Technology,Thermal Non-Silicone Putty 55cc Syringe,Grease,8.37,0.0137,100.0,ModuleLED_Micro_8560,1.5,PASS,0.8115,8.0,,0.8252,77.27
🏆 Best Value,GR-0123,PK605DM-160,"Shiu Li Technology Co., Ltd.","Thermal Liquid Gap Filler, 2 Part 160 gram Cartridge",Grease,7.52,0.0219,100.0,ModuleLED_Micro_8560,1.5,PASS,0.8033,5.0,,0.8252,77.67
🏆 Best Value,GR-0124,2179547,Bergquist,"Thermal Silicone Compound, 2 Part 50cc Cartridge",Grease,9.68,0.0314,100.0,ModuleLED_Micro_8560,1.5,PASS,0.7938,3.5,,0.8252,78.12
🏆 Best Value,GR-0125,EPDM30-135-KIT,"Shiu Li Technology Co., Ltd.","Thermal Liquid Gap Filler, 2 Part 50 ml Cartridges",Grease,9.74,0.0366,100.0,ModuleLED_Micro_8560,1.5,PASS,0.7886,3.0,,0.8252,78.38
🏆 Best Value,GR-0126,S-PUTTY5-100-KIT,"Shiu Li Technology Co., Ltd.",Thermal Silicone Putty 30cc Tube,Grease,16.28,0.011,100.0,ModuleLED_Micro_8560,1.5,PASS,0.8142,10.0,,0.8252,77.14
🏆 Best Value,GR-0127,A16872-03,Laird Technologies - Thermal Materials,Thermal Liquid Gap Filler 180cc Cartridge,Grease,2.74,0.0477,100.0,ModuleLED_Micro_8560,1.5,PASS,0.7775,2.3,,0.8252,78.92
🏆 Best Value,GR-0128,65-00-GREASE15-0160,Parker Chomerics,Thermal Silicone Grease 160cc Container,Grease,3.13,0.0733,100.0,ModuleLED_Micro_8560,1.5,PASS,0.7519,1.5,,0.8252,80.16
🏆 Best Value,GR-0129,TT3000-150,"Shiu Li Technology Co., Ltd.",Thermal Silicone Grease 150 gram Cartridge,Grease,8.4,0.0183,100.0,ModuleLED_Micro_8560,1.5,PASS,0.8069,6.0,,0.8252,77.5
🏆 Best Value,GR-0130,DP-100,Taica,"Thermal Interface Products Thermal Conductive GEL, 6.5W/mK, 5.0kV/mm, 30ml Syringe, Lamda Gel DP",Grease,17.06,0.0168,100.0,ModuleLED_Micro_8560,1.5,PASS,0.8083,6.5,,0.8252,77.43
🏆 Best Value,GR-0131,LF3500-00-00-30CC,Bergquist Company,"Thermal Interface Products 1-Part, Liquid Formable Material, 30CC Cartridge, 3.5 W/m-K, Liqui-Form",Grease,17.26,0.0312,100.0,ModuleLED_Micro_8560,1.5,PASS,0.7939,3.5,,0.8252,78.12
✅ Standard,GR-0132,127-12-10,Wakefield Thermal Solutions,Thermal Non-Silicone Grease 1 gram Syringe,Grease,1307.58,0.0091,100.0,ModuleLED_Micro_8560,1.5,PASS,0.816,12.0,,0.8252,77.05
✅ Standard,GR-0133,127-12-10,Wakefield Thermal,"Thermal Interface Products Thermal Grease, Extreme Performance, Non-Silicone, 12 W/m-K, 10cc Syringe",Grease,52.3,0.0092,100.0,ModuleLED_Micro_8560,1.5,PASS,0.816,12.0,,0.8252,77.05
🏆 Best Value,GR-0134,65-00-GREASE30-0160,Parker Chomerics,Thermal Silicone Grease 160cc Container,Grease,3.29,0.0367,100.0,ModuleLED_Micro_8560,1.5,PASS,0.7884,3.0,,0.8252,78.39
✅ Standard,GR-0135,127-20-10,Wakefield Thermal Solutions,Thermal Non-Silicone Grease 1 gram Syringe,Grease,1362.89,0.0055,100.0,ModuleLED_Micro_8560,1.5,PASS,0.8197,20.0,,0.8252,76.88
✅ Standard,GR-0136,127-20-10,Wakefield Thermal,"Thermal Interface Products Thermal Grease, Extreme Performance, Non-Silicone, 20 W/m-K, 10cc Syringe",Grease,54.52,0.0055,100.0,ModuleLED_Micro_8560,1.5,PASS,0.8197,20.0,,0.8252,76.88
🏆 Best Value,GR-0137,65-00-GREASE50-0160,Parker Chomerics,Thermal Silicone Grease 160cc Container,Grease,3.45,0.0221,100.0,ModuleLED_Micro_8560,1.5,PASS,0.8031,5.0,,0.8252,77.67
🏆 Best Value,GR-0138,A14855-02,Laird Technologies,Thermal Interface Products Tgrease 1500 1kg 1.2 W/mK,Grease,1.38,0.0911,100.0,ModuleLED_Micro_8560,1.5,PASS,0.734,1.2,,0.8252,81.03
🏆 Best Value,GR-0139,A18560-09,Laird Technologies - Thermal Materials,Thermal Liquid Gap Filler 30cc Cartridge,Grease,18.48,0.0121,100.0,ModuleLED_Micro_8560,1.5,PASS,0.8131,9.1,,0.8252,77.19
🏆 Best Value,GR-0140,A18835-02,Laird Technologies - Thermal Materials,Thermal Liquid Gap Filler 200cc Cartridge,Grease,2.79,0.0203,100.0,ModuleLED_Micro_8560,1.5,PASS,0.8049,5.4,,0.8252,77.59
🏆 Best Value,GR-0141,D2000-140-KIT,"Shiu Li Technology Co., Ltd.","Thermal Silicone Grease, 2 Part 140 gram Cartridge",Grease,10.02,0.0546,100.0,ModuleLED_Micro_8560,1.5,PASS,0.7705,2.0,,0.8252,79.27
🏆 Best Value,GR-0142,65-00-GREASE70-0160,Parker Chomerics,Thermal Silicone Grease 160cc Container,Grease,3.55,0.0157,100.0,ModuleLED_Micro_8560,1.5,PASS,0.8095,7.0,,0.8252,77.37
🏆 Best Value,GR-0143,A10548-5,Laird Technologies - Thermal Materials,Thermal Silicone Putty 100cc Jar,Grease,5.92,0.0366,100.0,ModuleLED_Micro_8560,1.5,PASS,0.7886,3.0,,0.8252,78.38
🏆 Best Value,GR-0144,TLF6000HG-00-00-150CC,Bergquist Company,"Thermal Interface Products Conductive, 1-Part, Liquid Formable, 180ml Cartridge, 6 W/m-K, Liqui-Form",Grease,3.35,0.0183,100.0,ModuleLED_Micro_8560,1.5,PASS,0.8069,6.0,,0.8252,77.49
🏆 Best Value,GR-0145,65-01-GEL37-0180,Parker Chomerics,Thermal Silicone Gel 180cc Syringe,Grease,3.37,0.0296,100.0,ModuleLED_Micro_8560,1.5,PASS,0.7956,3.7,,0.8252,78.05
🏆 Best Value,GR-0146,TGF3000SF-00-1500-200CC,Bergquist Company,"Thermal Interface Products Gap Filler, 2-Part, Sil-Free, Room Temp Cure, 3W/mK, 200ml Cartridge, TGF3000SF",Grease,3.03,0.0365,100.0,ModuleLED_Micro_8560,1.5,PASS,0.7887,3.0,,0.8252,78.38
🏆 Best Value,GR-0147,PK605DM-160-KIT,"Shiu Li Technology Co., Ltd.","Thermal Liquid Gap Filler, 2 Part 160 gram Cartridge",Grease,9.71,0.022,100.0,ModuleLED_Micro_8560,1.5,PASS,0.8032,5.0,,0.8252,77.67
🏆 Best Value,GR-0148,GF4500CVO-00-240-200CC,Bergquist Company,"Thermal Interface Products Liquid Gap-Filling Material, 2-Part, 4.5W/m-K, 200ml Cartridge, TGF4500CVO",Grease,3.14,0.0244,100.0,ModuleLED_Micro_8560,1.5,PASS,0.8007,4.5,,0.8252,77.79
🏆 Best Value,GR-0149,2624519,Bergquist,Thermal Silicone Gel 150cc Cartridge,Grease,4.26,0.0182,100.0,ModuleLED_Micro_8560,1.5,PASS,0.8069,6.0,,0.8252,77.49
🏆 Best Value,GR-0150,GF4500CVO-00-240-400CC,Bergquist Company,"Thermal Interface Products Liquid Gap-Filling Material, 2-Part, 4.5W/m-K, 400ml Cartridge, TGF4500CVO",Grease,1.72,0.0244,100.0,ModuleLED_Micro_8560,1.5,PASS,0.8008,4.5,,0.8252,77.79
🏆 Best Value,GR-0151,65-02-GEL20-0180,Parker Chomerics,Thermal Gel Gap Filler 180cc Cartridge,Grease,4.24,0.0457,100.0,ModuleLED_Micro_8560,1.5,PASS,0.7794,2.4,,0.8252,78.82
🏆 Best Value,GR-0152,X-PUTTY-900,"Shiu Li Technology Co., Ltd.",Thermal Silicone Putty 900 gram Container,Grease,2.15,0.0365,100.0,ModuleLED_Micro_8560,1.5,PASS,0.7887,3.0,,0.8252,78.38
🏆 Best Value,GR-0153,A16872-04,Laird Technologies - Thermal Materials,Thermal Liquid Gap Filler 360cc Cartridge,Grease,2.2,0.0476,100.0,ModuleLED_Micro_8560,1.5,PASS,0.7775,2.3,,0.8252,78.93
🏆 Best Value,GR-0154,65-02-GEL50VT-0180,Parker Chomerics,Thermal Silicone Gel 180cc Syringe,Grease,4.57,0.021,100.0,ModuleLED_Micro_8560,1.5,PASS,0.8041,5.2,,0.8252,77.63
🏆 Best Value,GR-0155,PK700DM-140,"Shiu Li Technology Co., Ltd.","Thermal Liquid Gap Filler, 2 Part 50 ml, 400 ml Cartridges",Grease,17.33,0.0157,100.0,ModuleLED_Micro_8560,1.5,PASS,0.8095,7.0,,0.8252,77.37
🏆 Best Value,GR-0156,A18578-08,Laird Technologies - Thermal Materials,Thermal Liquid Gap Filler 75cc Cartridge,Grease,11.71,0.012,100.0,ModuleLED_Micro_8560,1.5,PASS,0.8132,9.1,,0.8252,77.19
🏆 Best Value,GR-0157,65-02-GEL75VT-0180,Parker Chomerics,Thermal Silicone Gel 180cc Cartridge,Grease,5.13,0.0146,100.0,ModuleLED_Micro_8560,1.5,PASS,0.8106,7.5,,0.8252,77.32
🏆 Best Value,GR-0158,A17064-00,Laird Technologies - Thermal Materials,Thermal Phase Change Thermal Compound 1 kg Can,Grease,2.41,0.0731,100.0,ModuleLED_Micro_8560,1.5,PASS,0.7521,1.5,,0.8252,80.16
🏆 Best Value,GR-0159,A18835-03,Laird Technologies - Thermal Materials,Thermal Liquid Gap Filler 400cc Cartridge,Grease,2.43,0.0203,100.0,ModuleLED_Micro_8560,1.5,PASS,0.8049,5.4,,0.8252,77.59
🏆 Best Value,GR-0160,PK700DM-140-KIT,"Shiu Li Technology Co., Ltd.","Thermal Liquid Gap Filler, 2 Part 50 ml, 400 ml Cartridges",Grease,20.13,0.0157,100.0,ModuleLED_Micro_8560,1.5,PASS,0.8095,7.0,,0.8252,77.37
🏆 Best Value,GR-0161,GCS-040-GNS-1KG,European Thermodynamics Ltd,Thermal Non-Silicone Grease 1 kg Container,Grease,2.55,0.0274,100.0,ModuleLED_Micro_8560,1.5,PASS,0.7977,4.0,,0.8252,77.94
🏆 Best Value,GR-0162,GF3500S35-00-60-400CC,Bergquist,"Thermal Liquid Gap Filler, 2 Part 400cc Cartridge",Grease,2.57,0.0305,100.0,ModuleLED_Micro_8560,1.5,PASS,0.7947,3.6,,0.8252,78.09
🏆 Best Value,GR-0163,TG4040-D-1000,t-Global Technology,Thermal Silicone Putty 1 kg Container,Grease,2.71,0.0365,100.0,ModuleLED_Micro_8560,1.5,PASS,0.7887,3.0,,0.8252,78.38
🏆 Best Value,GR-0164,S-PUTTY-950,"Shiu Li Technology Co., Ltd.",Thermal Silicone Putty 950 gram Container,Grease,2.97,0.0313,100.0,ModuleLED_Micro_8560,1.5,PASS,0.7939,3.5,,0.8252,78.12
🏆 Best Value,GR-0165,H-PUTTY-950,"Shiu Li Technology Co., Ltd.",Thermal Silicone Putty 950 gram Container,Grease,3.13,0.0313,100.0,ModuleLED_Micro_8560,1.5,PASS,0.7939,3.5,,0.8252,78.13
🏆 Best Value,GR-0166,TGF3000SF-00-1500-400CC,Bergquist Company,"Thermal Interface Products Gap Filler, 2-Part, Sil-Free, Room Temp Cure, 3W/mK, 400ml Cartridge, TGF3000SF",Grease,2.99,0.0365,100.0,ModuleLED_Micro_8560,1.5,PASS,0.7887,3.0,,0.8252,78.38
🏆 Best Value,GR-0167,2761872,Bergquist,"Thermal Liquid Gap Filler, 2 Part 400cc Cartridge",Grease,2.99,0.0365,100.0,ModuleLED_Micro_8560,1.5,PASS,0.7887,3.0,,0.8252,78.38
🏆 Best Value,GR-0168,A14259-01,Laird Technologies,Thermal Interface Products Tgrease 2500 1kg 3.8W/mK Sil Free,Grease,3.01,0.0289,100.0,ModuleLED_Micro_8560,1.5,PASS,0.7963,3.8,,0.8252,78.01
🏆 Best Value,GR-0169,65-00-GEL20-0300,Parker Chomerics,Thermal Gel Gap Filler 300cc Cartridge,Grease,4.06,0.0457,100.0,ModuleLED_Micro_8560,1.5,PASS,0.7795,2.4,,0.8252,78.83
🏆 Best Value,GR-0170,TLF10000L150CC,Bergquist Company,"Thermal Interface Products Thermally Conductive Gel Interface Material, 10 W/m-K, 150ml Cartridge",Grease,8.63,0.011,100.0,ModuleLED_Micro_8560,1.5,PASS,0.8142,10.0,,0.8252,77.14
🏆 Best Value,GR-0171,65-00-GEL50VT-0300,Parker Chomerics,Thermal Silicone Gel 300cc Syringe,Grease,4.55,0.0211,100.0,ModuleLED_Micro_8560,1.5,PASS,0.8041,5.2,,0.8252,77.63
🏆 Best Value,GR-0172,TG-N4000-330CC,t-Global Technology,Thermal Non-Silicone Putty 330cc Syringe,Grease,4.27,0.0275,100.0,ModuleLED_Micro_8560,1.5,PASS,0.7977,4.0,,0.8252,77.94
🏆 Best Value,GR-0173,TG-N4000-1000,t-Global Technology,Thermal Non-Silicone Putty 1 kg Jar,Grease,3.52,0.0275,100.0,ModuleLED_Micro_8560,1.5,PASS,0.7977,4.0,,0.8252,77.94
🏆 Best Value,GR-0174,TG6060-D-1000,t-Global Technology,Thermal Silicone Putty 1 kg Container,Grease,3.77,0.0174,100.0,ModuleLED_Micro_8560,1.5,PASS,0.8078,6.3,,0.8252,77.45
🏆 Best Value,GR-0175,TG-N909-1000,t-Global Technology,Thermal Non-Silicone Grease 1 kg Container,Grease,3.79,0.0122,100.0,ModuleLED_Micro_8560,1.5,PASS,0.813,9.0,,0.8252,77.2
🏆 Best Value,GR-0176,TG-A7000-1000,t-Global Technology,Thermal Silicone Putty 1 kg Container,Grease,3.9,0.0157,100.0,ModuleLED_Micro_8560,1.5,PASS,0.8095,7.0,,0.8252,77.37
🏆 Best Value,GR-0177,TG-A7000-330CC,t-Global Technology,Thermal Silicone Putty 330cc Syringe,Grease,4.73,0.0157,100.0,ModuleLED_Micro_8560,1.5,PASS,0.8095,7.0,,0.8252,77.37
🏆 Best Value,GR-0178,S-PUTTY2-985,"Shiu Li Technology Co., Ltd.",Thermal Silicone Putty 985 gram Container,Grease,4.1,0.0183,100.0,ModuleLED_Micro_8560,1.5,PASS,0.8069,6.0,,0.8252,77.49
🏆 Best Value,GR-0179,TGF 2900LVO-00-400CC,Bergquist Company,"Thermal Interface Products Gap Filler, 2-Part, 2.9 W/m-K, Silicone, 400CC Cartridge, IDH 2859942",Grease,4.11,0.0378,100.0,ModuleLED_Micro_8560,1.5,PASS,0.7873,2.9,,0.8252,78.44
🏆 Best Value,GR-0180,H-PUTTY2-1000,"Shiu Li Technology Co., Ltd.",Thermal Silicone Putty 1 kg Container,Grease,4.24,0.0182,100.0,ModuleLED_Micro_8560,1.5,PASS,0.807,6.0,,0.8252,77.49
🏆 Best Value,GR-0181,TG-N8000-330CC,t-Global Technology,Thermal Non-Silicone Putty 330cc Syringe,Grease,5.37,0.0137,100.0,ModuleLED_Micro_8560,1.5,PASS,0.8114,8.0,,0.8252,77.28
🏆 Best Value,GR-0182,TG-N8000-1000,t-Global Technology,Thermal Non-Silicone Putty 1 kg Jar,Grease,4.43,0.0137,100.0,ModuleLED_Micro_8560,1.5,PASS,0.8114,8.0,,0.8252,77.27
🏆 Best Value,GR-0183,A18578-02,Laird Technologies - Thermal Materials,Thermal Liquid Gap Filler 180cc Cartridge,Grease,10.68,0.012,100.0,ModuleLED_Micro_8560,1.5,PASS,0.8131,9.1,,0.8252,77.19
🏆 Best Value,GR-0184,TGF3000SF-00-1500-1200CC,Bergquist Company,"Thermal Interface Products Gap Filler, 2-Part, Sil-Free, Room Temp Cure, 3W/mK, 1200ml Cartridge, TGF3000SF",Grease,2.03,0.0365,100.0,ModuleLED_Micro_8560,1.5,PASS,0.7886,3.0,,0.8252,78.38
🏆 Best Value,GR-0185,A14855-01,Laird Technologies,Thermal Interface Products Tgrease 1500 7kg can 1.2 W/mK,Grease,0.91,0.0912,100.0,ModuleLED_Micro_8560,1.5,PASS,0.7339,1.2,,0.8252,81.03
🏆 Best Value,GR-0186,GF4500CVO-00-240-1200CC,Bergquist Company,"Thermal Interface Products Liquid Gap-Filling Material, 2-Part, 4.5W/m-K, 1200ml Cartridge, TGF4500CVO",Grease,2.71,0.0243,100.0,ModuleLED_Micro_8560,1.5,PASS,0.8008,4.5,,0.8252,77.8
🏭 Industrial,GR-0187,TLF6000HG-00-00-0.7G,Bergquist Company,"Thermal Interface Products Conductive, 1-Part, Liquid Formable, 1 Gallon Pail, 6 W/m-K, Liqui-Form",Grease,15691.74,0.0182,100.0,ModuleLED_Micro_8560,1.5,PASS,0.8069,6.0,,0.8252,77.49
🏭 Industrial,GR-0188,2580287,Bergquist Company,"Thermal Interface Products Conductive, 1-Part, Liquid Formable, 1 Gallon, 6.0 W/m-K, Liqui-Form TLF 6000HG",Grease,26440.03,0.0183,100.0,ModuleLED_Micro_8560,1.5,PASS,0.8069,6.0,,0.8252,77.49
🏭 Industrial,GR-0189,2956733,Bergquist Company,"Thermal Interface Products Liquid Gap-Filling Material, 2-Part, 4.5W/m-K, 5 Gallon Hobbock/Pail, TGF4500CVO",Grease,12474.78,0.0245,100.0,ModuleLED_Micro_8560,1.5,PASS,0.8007,4.5,,0.8252,77.79
🏭 Industrial,GR-0190,GF4500CVO-00-240-6G,Bergquist Company,"Thermal Interface Products Liquid Gap-Filling Material, 2-Part, 4.5W/m-K, 6 Gallon Pail Kit, TGF4500CVO",Grease,10395.65,0.0243,100.0,ModuleLED_Micro_8560,1.5,PASS,0.8008,4.5,,0.8252,77.79
🏭 Industrial,GR-0191,LF3500-00-00-4.33G,Bergquist Company,"Thermal Interface Products 1-Part, Liquid Formable Material, 4.33 Gallon Pail, 3.5 W/m-K, Liqui-Form",Grease,16815.24,0.0314,100.0,ModuleLED_Micro_8560,1.5,PASS,0.7938,3.5,,0.8252,78.13
✅ Standard,OT-0001,9460TC-3ML,MG Chemicals,Thermal Epoxy Adhesive 3 ml Syringe,Other,32.15,0.1219,100.0,ModuleLED_Micro_8560,1.5,PASS,0.7032,0.8,,0.8252,81.24
🏆 Best Value,OT-0002,8329TCS-6ML,MG Chemicals,"Thermal Epoxy, 2 Part 6 ml Syringe",Other,22.09,0.0696,100.0,ModuleLED_Micro_8560,1.5,PASS,0.7555,1.4,,0.8252,79.26
🏆 Best Value,OT-0003,8349TFM-25ML,MG Chemicals,"Thermal Epoxy, 2 Part 25 ml Syringe",Other,7.43,0.1083,100.0,ModuleLED_Micro_8560,1.5,PASS,0.7169,0.9,,0.8252,80.73
🏆 Best Value,OT-0004,8329TFS-25ML,MG Chemicals,"Thermal Epoxy, 2 Part 25 ml Syringe",Other,7.53,0.0813,100.0,ModuleLED_Micro_8560,1.5,PASS,0.7439,1.2,,0.8252,79.7
🏆 Best Value,OT-0005,8349TFM-50ML,MG Chemicals,"Thermal Epoxy, 2 Part 50 ml Cartridges",Other,5.33,0.1084,100.0,ModuleLED_Micro_8560,1.5,PASS,0.7168,0.9,,0.8252,80.73
🏆 Best Value,OT-0006,8329TFS-50ML,MG Chemicals,"Thermal Epoxy, 2 Part 45 ml Cartridge",Other,5.97,0.0812,100.0,ModuleLED_Micro_8560,1.5,PASS,0.744,1.2,,0.8252,79.7
🏆 Best Value,OT-0007,8329TCS-50ML,MG Chemicals,"Thermal Epoxy, 2 Part 50 ml Jar",Other,5.59,0.0696,100.0,ModuleLED_Micro_8560,1.5,PASS,0.7556,1.4,,0.8252,79.26
🏆 Best Value,OT-0008,8349TFM-45ML,MG Chemicals,"Thermal Epoxy, 2 Part 45 ml Jar",Other,7.35,0.1082,100.0,ModuleLED_Micro_8560,1.5,PASS,0.7169,0.9,,0.8252,80.73
🏆 Best Value,OT-0009,TGF35-07870787-020,LeaderTech,Thermal Interface Products 3.5W/m-K 200*200*0.5 TGF35 Green,Other,27.66,0.0278,100.0,ModuleLED_Micro_8560,1.5,PASS,0.7973,3.5,,0.8252,77.67
🏆 Best Value,OT-0010,TGF35-07870787-039,LeaderTech,Thermal Interface Products 3.5W/m-K 200*200*1 TGF35 Green,Other,27.66,0.0279,100.0,ModuleLED_Micro_8560,1.5,PASS,0.7973,3.5,,0.8252,77.67
🏆 Best Value,OT-0011,2193454,Bergquist,"Thermal Epoxy, 2 Part 50cc Cartridge",Other,9.02,0.0541,100.0,ModuleLED_Micro_8560,1.5,PASS,0.771,1.8,,0.8252,78.67
🏆 Best Value,OT-0012,EP770-1100,"Shiu Li Technology Co., Ltd.","Thermal Epoxy, 2 Part 1 kg Can",Other,1.15,0.039,100.0,ModuleLED_Micro_8560,1.5,PASS,0.7862,2.5,,0.8252,78.09
🏆 Best Value,OT-0013,8329TCM-200ML,MG Chemicals,"Thermal Epoxy, 2 Part 200 ml Jar",Other,2.44,0.0696,100.0,ModuleLED_Micro_8560,1.5,PASS,0.7555,1.4,,0.8252,79.26
🏆 Best Value,OT-0014,8329TCS-200ML,MG Chemicals,"Thermal Epoxy, 2 Part 200 ml Jar",Other,2.44,0.0697,100.0,ModuleLED_Micro_8560,1.5,PASS,0.7555,1.4,,0.8252,79.26
🏆 Best Value,OT-0015,2194122,Bergquist,"Thermal Epoxy, 2 Part 50cc Cartridge",Other,10.01,0.0542,100.0,ModuleLED_Micro_8560,1.5,PASS,0.771,1.8,,0.8252,78.67
🏆 Best Value,OT-0016,1188099,LOCTITE,"Thermal Epoxy, 2 Part (Order Catalyst Separately) 3 lb Container",Other,1.07,0.0727,100.0,ModuleLED_Micro_8560,1.5,PASS,0.7524,1.34,,0.8252,79.38
✅ Standard,OT-0017,TGF60-07870787-039,LeaderTech,Thermal Interface Products 6W/m-K 200*200*1 TGF60 Gray,Other,35.08,0.0162,100.0,ModuleLED_Micro_8560,1.5,PASS,0.8089,6.0,,0.8252,77.23
🏆 Best Value,OT-0018,1188134,LOCTITE,"Thermal Epoxy, 2 Part (Order Catalyst Separately) 3 lb Container",Other,1.57,0.035,100.0,ModuleLED_Micro_8560,1.5,PASS,0.7901,2.78,,0.8252,77.94
✅ Standard,OT-0019,TGF60-07870787-020,LeaderTech,Thermal Interface Products 6W/m-K 200*200*0.5 TGF60 Gray,Other,48.58,0.0163,100.0,ModuleLED_Micro_8560,1.5,PASS,0.8089,6.0,,0.8252,77.23
🏆 Best Value,OT-0020,1188135,LOCTITE,"Thermal Epoxy, 2 Part (Order Catalyst Separately) 20 lb Container",Other,0.47,0.0351,100.0,ModuleLED_Micro_8560,1.5,PASS,0.7901,2.78,,0.8252,77.94
🏭 Industrial,OT-0021,TGF3000SF-00-1500-7GAL,Bergquist Company,"Thermal Interface Products Gap Filler, 2-Part, Sil-Free, Room Temp Cure, 3W/mK, 7 Gallon Pail, TGF3000SF",Other,12622.86,0.0325,100.0,ModuleLED_Micro_8560,1.5,PASS,0.7927,3.0,,0.8252,77.84
✅ Standard,TP-0001,TG-A1250-5-5-1.0,t-Global Technology,Thermal Pad Green 5.00mm x 5.00mm Square,Thermal Pad,133.8,0.078,100.0,ModuleLED_Micro_8560,1.5,PASS,0.7472,12.5,1.0,0.8252,79.78
✅ Standard,TP-0002,TG-A2200-5-5-2.0,t-Global Technology,Thermal Pad Gray 5.00mm x 5.00mm Square Tacky - One Side,Thermal Pad,133.8,0.8907,20.5,ModuleLED_Micro_8560,1.5,FAIL,-0.0655,2.2,2.01,0.8252,112.85
✅ Standard,TP-0003,TG-A6200-7.2-6.3-1.0,t-Global Technology,Thermal Pad Blue 7.20mm x 6.30mm Rectangular Tacky - Both Sides,Thermal Pad,73.74,0.1572,100.0,ModuleLED_Micro_8560,1.5,PASS,0.6679,6.2,1.0,0.8252,83.0
✅ Standard,TP-0004,TG-A2200-10-10-1.0,t-Global Technology,Thermal Pad Gray 10.00mm x 10.00mm Square Tacky - One Side,Thermal Pad,33.45,0.4432,100.0,ModuleLED_Micro_8560,1.5,PASS,0.382,2.2,1.0,0.8252,94.65
✅ Standard,TP-0005,TG-A4500-10-10-0.5,t-Global Technology,Thermal Pad Purple 10.00mm x 10.00mm Square Tacky - Both Sides,Thermal Pad,33.45,0.1084,100.0,ModuleLED_Micro_8560,1.5,PASS,0.7168,4.5,0.5,0.8252,81.02
✅ Standard,TP-0006,TG-A6200-5-5-1.0,t-Global Technology,Thermal Pad Blue 5.00mm x 5.00mm Square Tacky - Both Sides,Thermal Pad,133.8,0.1572,100.0,ModuleLED_Micro_8560,1.5,PASS,0.6679,6.2,1.0,0.8252,83.02
✅ Standard,TP-0007,TG-A2200-10-10-1.5,t-Global Technology,Thermal Pad Gray 10.00mm x 10.00mm Square Tacky - One Side,Thermal Pad,36.85,0.6643,100.0,ModuleLED_Micro_8560,1.5,PASS,0.1609,2.2,1.5,0.8252,103.7
✅ Standard,TP-0008,TG-A6200-10-10-0.5,t-Global Technology,Thermal Pad Blue 10.00mm x 10.00mm Square Tacky - Both Sides,Thermal Pad,40.14,0.0786,100.0,ModuleLED_Micro_8560,1.5,PASS,0.7465,6.2,0.5,0.8252,79.82
✅ Standard,TP-0009,TG-A2200-10-10-2.0,t-Global Technology,Thermal Pad Gray 10.00mm x 10.00mm Square Tacky - One Side,Thermal Pad,43.54,0.8919,19.76,ModuleLED_Micro_8560,1.5,FAIL,-0.0668,2.2,2.01,0.8252,112.92
🏆 Best Value,TP-0010,TG-ALC-15-15-0.2-0,t-Global Technology,Thermal Pad Green 15.00mm x 15.00mm Square Tacky - Both Sides,Thermal Pad,19.35,0.0464,100.0,ModuleLED_Micro_8560,1.5,PASS,0.7787,4.2,0.2,0.8252,78.5
✅ Standard,TP-0011,TG-A3500-10-10-2.0,t-Global Technology,Thermal Pad Yellow 10.00mm x 10.00mm Square Tacky - Both Sides,Thermal Pad,43.54,0.5606,100.0,ModuleLED_Micro_8560,1.5,PASS,0.2645,3.5,2.01,0.8252,99.45
🏆 Best Value,TP-0012,SPK4-0.006-00-58,Bergquist,Thermal Pad Gray 19.05mm x 12.70mm Rectangular,Thermal Pad,19.36,0.1624,100.0,ModuleLED_Micro_8560,1.5,PASS,0.6628,0.9,0.15,0.8252,83.23
🏆 Best Value,TP-0013,T62-1-15-15-0.16,t-Global Technology,Thermal Pad Black 15.00mm x 15.00mm Square Adhesive - One Side,Thermal Pad,20.81,0.0104,100.0,ModuleLED_Micro_8560,1.5,PASS,0.8148,15.0,0.16,0.8252,77.03
🏆 Best Value,TP-0014,DC0011/08-TG-A373F-0.25-2A,t-Global Technology,Thermal Pad Yellow 19.05mm x 12.70mm Rectangular Adhesive - Both Sides,Thermal Pad,20.76,0.1743,100.0,ModuleLED_Micro_8560,1.5,PASS,0.6508,1.4,0.25,0.8252,83.7
🏆 Best Value,TP-0015,Q3-0.005-00-104,Bergquist,Thermal Pad Black 25.40mm x 19.05mm Rectangular,Thermal Pad,11.06,0.0634,100.0,ModuleLED_Micro_8560,1.5,PASS,0.7617,2.0,0.13,0.8252,79.19
✅ Standard,TP-0016,TG-A6200-10-5-2.0,t-Global Technology,Thermal Pad Blue 10.00mm x 5.00mm Rectangular Tacky - Both Sides,Thermal Pad,107.04,0.3161,100.0,ModuleLED_Micro_8560,1.5,PASS,0.5091,6.2,2.01,0.8252,89.47
🏆 Best Value,TP-0017,Q3-0.005-00-51,Bergquist,Thermal Pad Black 17.45mm x 14.27mm Rectangular,Thermal Pad,22.86,0.0633,100.0,ModuleLED_Micro_8560,1.5,PASS,0.7618,2.0,0.13,0.8252,79.19
✅ Standard,TP-0018,TG-A3500-10-10-3.0,t-Global Technology,Thermal Pad Yellow 10.00mm x 10.00mm Square Tacky - Both Sides,Thermal Pad,60.21,0.8354,45.84,ModuleLED_Micro_8560,1.5,FAIL,-0.0102,3.5,3.0,0.8252,110.68
✅ Standard,TP-0019,TG-A6200-10-10-1.0,t-Global Technology,Thermal Pad Blue 10.00mm x 10.00mm Square Tacky - Both Sides,Thermal Pad,60.21,0.1573,100.0,ModuleLED_Micro_8560,1.5,PASS,0.6679,6.2,1.0,0.8252,83.02
🏆 Best Value,TP-0020,SP600-90,Bergquist,Thermal Pad Green 21.84mm x 18.80mm Rectangular,Thermal Pad,16.29,0.224,100.0,ModuleLED_Micro_8560,1.5,PASS,0.6012,1.0,0.23,0.8252,85.75
✅ Standard,TP-0021,TG-A1250-10-10-0.5,t-Global Technology,Thermal Pad Green 10.00mm x 10.00mm Square,Thermal Pad,66.9,0.0389,100.0,ModuleLED_Micro_8560,1.5,PASS,0.7862,12.5,0.5,0.8252,78.2
✅ Standard,TP-0022,TG-A2200-15-15-1.0,t-Global Technology,Thermal Pad Gray 15.00mm x 15.00mm Square Tacky - One Side,Thermal Pad,29.73,0.4432,100.0,ModuleLED_Micro_8560,1.5,PASS,0.382,2.2,1.0,0.8252,94.67
✅ Standard,TP-0023,TG-A4500-10-10-2.0,t-Global Technology,Thermal Pad Purple 10.00mm x 10.00mm Square Tacky - Both Sides,Thermal Pad,66.9,0.4354,100.0,ModuleLED_Micro_8560,1.5,PASS,0.3898,4.5,2.01,0.8252,94.31
✅ Standard,TP-0024,SP400-0.009-00-58,Bergquist,Thermal Pad Gray 19.05mm x 12.70mm Rectangular,Thermal Pad,29.06,0.2491,100.0,ModuleLED_Micro_8560,1.5,PASS,0.5761,0.9,0.23,0.8252,86.78
✅ Standard,TP-0025,SP400-0.009-00-54,Bergquist,Thermal Pad Gray 19.05mm x 12.70mm Rectangular,Thermal Pad,29.06,0.2489,100.0,ModuleLED_Micro_8560,1.5,PASS,0.5763,0.9,0.23,0.8252,86.73
✅ Standard,TP-0026,SP400-0.007-00-54,Bergquist,Thermal Pad Gray 19.05mm x 12.70mm Rectangular,Thermal Pad,30.42,0.1949,100.0,ModuleLED_Micro_8560,1.5,PASS,0.6303,0.9,0.18,0.8252,84.57
✅ Standard,TP-0027,TG-A6200-11-11-1.0,t-Global Technology,Thermal Pad Blue 11.00mm x 11.00mm Square Tacky - Both Sides,Thermal Pad,60.82,0.157,100.0,ModuleLED_Micro_8560,1.5,PASS,0.6681,6.2,1.0,0.8252,83.0
✅ Standard,TP-0028,TG-A3500-10-10-4.0,t-Global Technology,Thermal Pad Yellow 10.00mm x 10.00mm Square Tacky - Both Sides,Thermal Pad,73.59,1.1103,0.0,ModuleLED_Micro_8560,1.5,FAIL,-0.2852,3.5,3.99,0.8252,121.88
🏆 Best Value,TP-0029,LI98-28-28-0.25,t-Global Technology,Thermal Pad White 28.00mm x 28.00mm Square Adhesive - Both Sides,Thermal Pad,9.39,0.2437,100.0,ModuleLED_Micro_8560,1.5,PASS,0.5815,1.0,0.25,0.8252,86.53
✅ Standard,TP-0030,TG-T1000-10-10-0.25-5PT,t-Global Technology,Thermal Pad White 10.00mm x 10.00mm Square Adhesive - Both Sides,Thermal Pad,73.59,0.2436,100.0,ModuleLED_Micro_8560,1.5,PASS,0.5815,1.0,0.25,0.8252,86.53
✅ Standard,TP-0031,SP400-0.007-AC-54,Bergquist,Thermal Pad Gray 19.05mm x 12.70mm Rectangular Adhesive - One Side,Thermal Pad,31.82,0.1952,100.0,ModuleLED_Micro_8560,1.5,PASS,0.63,0.9,0.18,0.8252,84.55
✅ Standard,TP-0032,TG-A9000-10-10-1.0,t-Global Technology,Thermal Pad Pink 10.00mm x 10.00mm Square,Thermal Pad,76.99,0.1083,100.0,ModuleLED_Micro_8560,1.5,PASS,0.7169,9.0,1.0,0.8252,81.03
🏆 Best Value,TP-0033,SP400-0.007-00-104,Bergquist,Thermal Pad Gray 25.40mm x 19.05mm Rectangular,Thermal Pad,17.29,0.1952,100.0,ModuleLED_Micro_8560,1.5,PASS,0.63,0.9,0.18,0.8252,84.56
🏆 Best Value,TP-0034,T62-30-30-0.13,t-Global Technology,Thermal Pad Black 30.00mm x 30.00mm Square,Thermal Pad,9.3,0.0063,100.0,ModuleLED_Micro_8560,1.5,PASS,0.8188,20.0,0.13,0.8252,76.87
✅ Standard,TP-0035,TG-A6200-15-15-0.5,t-Global Technology,Thermal Pad Blue 15.00mm x 15.00mm Square Tacky - Both Sides,Thermal Pad,37.19,0.0786,100.0,ModuleLED_Micro_8560,1.5,PASS,0.7466,6.2,0.5,0.8252,79.81
❌ Avoid,TP-0036,TG-A3500-10-10-5.0,t-Global Technology,Thermal Pad Yellow 10.00mm x 10.00mm Square Tacky - Both Sides,Thermal Pad,86.97,1.3933,0.0,ModuleLED_Micro_8560,1.5,FAIL,-0.5682,3.5,5.0,0.8252,133.43
🏆 Best Value,TP-0037,SP400-0.009-00-90,Bergquist,Thermal Pad Gray 21.84mm x 18.80mm Rectangular,Thermal Pad,22.01,0.2491,100.0,ModuleLED_Micro_8560,1.5,PASS,0.5761,0.9,0.23,0.8252,86.76
✅ Standard,TP-0038,TG-A6200-10-10-1.5,t-Global Technology,Thermal Pad Blue 10.00mm x 10.00mm Square Tacky - Both Sides,Thermal Pad,90.37,0.236,100.0,ModuleLED_Micro_8560,1.5,PASS,0.5892,6.2,1.5,0.8252,86.24
✅ Standard,TP-0039,SP900S-0.009-AC-54,Bergquist,Thermal Pad Pink 19.05mm x 12.70mm Rectangular Adhesive - One Side,Thermal Pad,40.12,0.1402,100.0,ModuleLED_Micro_8560,1.5,PASS,0.6849,1.6,0.23,0.8252,82.32
✅ Standard,TP-0040,SP900S-0.009-00-54,Bergquist,Thermal Pad Pink 19.05mm x 12.70mm Rectangular,Thermal Pad,40.12,0.1402,100.0,ModuleLED_Micro_8560,1.5,PASS,0.685,1.6,0.23,0.8252,82.33
✅ Standard,TP-0041,SP400-0.009-00-51,Bergquist,Thermal Pad Gray 17.45mm x 14.27mm Rectangular,Thermal Pad,40.3,0.2492,100.0,ModuleLED_Micro_8560,1.5,PASS,0.576,0.9,0.23,0.8252,86.74
✅ Standard,TP-0042,TG-A1250-10-10-1.0,t-Global Technology,Thermal Pad Green 10.00mm x 10.00mm Square,Thermal Pad,107.04,0.078,100.0,ModuleLED_Micro_8560,1.5,PASS,0.7472,12.5,1.0,0.8252,79.79
✅ Standard,TP-0043,HF115AC-0.0055-AC-54,Bergquist,Thermal Pad Gray 19.05mm x 12.70mm Rectangular Adhesive - One Side,Thermal Pad,45.65,0.1705,100.0,ModuleLED_Micro_8560,1.5,PASS,0.6547,0.8,0.14,0.8252,83.56
✅ Standard,TP-0044,1009-54,Bergquist,Thermal Pad Pink 19.05mm x 12.70mm Rectangular,Thermal Pad,45.65,0.1869,100.0,ModuleLED_Micro_8560,1.5,PASS,0.6382,1.2,0.23,0.8252,84.21
✅ Standard,TP-0045,SPK10-0.006-00-54,Bergquist,Thermal Pad Beige 19.05mm x 12.70mm Rectangular,Thermal Pad,48.41,0.1125,100.0,ModuleLED_Micro_8560,1.5,PASS,0.7127,1.3,0.15,0.8252,81.19
✅ Standard,TP-0046,SP900S-0.009-00-90,Bergquist,Thermal Pad Pink 21.84mm x 18.80mm Rectangular,Thermal Pad,28.53,0.1402,100.0,ModuleLED_Micro_8560,1.5,PASS,0.6849,1.6,0.23,0.8252,82.31
🏆 Best Value,TP-0047,SP900S-0.009-00-104,Bergquist,Thermal Pad Pink 25.40mm x 19.05mm Rectangular,Thermal Pad,24.89,0.1401,100.0,ModuleLED_Micro_8560,1.5,PASS,0.685,1.6,0.23,0.8252,82.32
✅ Standard,TP-0048,SP900S-0.009-AC-58,Bergquist,Thermal Pad Pink 19.05mm x 12.70mm Rectangular Adhesive - One Side,Thermal Pad,52.54,0.1402,100.0,ModuleLED_Micro_8560,1.5,PASS,0.685,1.6,0.23,0.8252,82.31
✅ Standard,TP-0049,2188938,Bergquist,"Thermal Pad Gray, Green 25.02mm x 11.00mm Round",Thermal Pad,52.28,0.3248,100.0,ModuleLED_Micro_8560,1.5,PASS,0.5003,0.9,0.3,0.8252,89.82
✅ Standard,TP-0050,TG-A1250-15-15-0.5,t-Global Technology,Thermal Pad Green 15.00mm x 15.00mm Square,Thermal Pad,65.41,0.039,100.0,ModuleLED_Micro_8560,1.5,PASS,0.7861,12.5,0.5,0.8252,78.2
✅ Standard,TP-0051,CP23-TO220-21.5-11.4-5.8-0.45,t-Global Technology,Thermal Pad Gray 21.50mm x 11.40mm x 5.80mm Rectangular,Thermal Pad,65.51,0.2304,100.0,ModuleLED_Micro_8560,1.5,PASS,0.5947,1.9,0.45,0.8252,86.02
🏭 Industrial,TP-0052,THJP0603AST1,Vishay Dale Thin Film,Thermal Pad 1.55mm x 0.84mm Rectangular,Thermal Pad,13873.09,0.0106,100.0,ModuleLED_Micro_8560,1.5,PASS,0.8146,70.0,0.76,0.8252,77.04
✅ Standard,TP-0053,53-77-9G,"Boyd Laconia, LLC","Thermal Pad Gray, Green 18.42mm x 13.21mm Rectangular",Thermal Pad,79.73,0.1623,100.0,ModuleLED_Micro_8560,1.5,PASS,0.6628,0.9,0.15,0.8252,83.22
✅ Standard,TP-0054,CP33-TO247-28.5-17.5-5.8-0.45,t-Global Technology,Thermal Pad Gray 28.50mm x 17.50mm x 5.80mm Rectangular,Thermal Pad,42.92,0.2309,100.0,ModuleLED_Micro_8560,1.5,PASS,0.5942,1.9,0.45,0.8252,86.0
✅ Standard,TP-0055,SPK10-0.006-00-58,Bergquist,Thermal Pad Beige 19.05mm x 12.70mm Rectangular,Thermal Pad,92.65,0.1125,100.0,ModuleLED_Micro_8560,1.5,PASS,0.7126,1.3,0.15,0.8252,81.18
✅ Standard,TP-0056,Q3-0.005-00-54,Bergquist,Thermal Pad Black 19.05mm x 12.70mm Rectangular,Thermal Pad,94.02,0.0633,100.0,ModuleLED_Micro_8560,1.5,PASS,0.7619,2.0,0.13,0.8252,79.19
✅ Standard,TP-0057,SPT400-12-13.5-25,Bergquist,"Thermal Pad Gray, Green 25.02mm x 13.50mm Round",Thermal Pad,69.32,0.3247,100.0,ModuleLED_Micro_8560,1.5,PASS,0.5005,0.9,0.3,0.8252,89.86
✅ Standard,TP-0058,TG-A1250-15-15-1.0,t-Global Technology,Thermal Pad Green 15.00mm x 15.00mm Square,Thermal Pad,104.07,0.078,100.0,ModuleLED_Micro_8560,1.5,PASS,0.7472,12.5,1.0,0.8252,79.78
✅ Standard,TP-0059,60-11-8302-1674,Parker Chomerics,Thermal Pad Blue 18.03mm x 12.70mm Rectangular,Thermal Pad,103.74,0.2436,100.0,ModuleLED_Micro_8560,1.5,PASS,0.5816,1.0,0.25,0.8252,86.53
✅ Standard,TP-0060,SPK10-0.006-00-90,Bergquist,Thermal Pad Beige 21.84mm x 18.80mm Rectangular,Thermal Pad,58.66,0.1126,100.0,ModuleLED_Micro_8560,1.5,PASS,0.7126,1.3,0.15,0.8252,81.19
✅ Standard,TP-0061,175-6-220P,Wakefield Thermal Solutions,Thermal Pad Gray 18.00mm x 12.70mm Rectangular,Thermal Pad,106.84,0.2927,100.0,ModuleLED_Micro_8560,1.5,PASS,0.5324,0.5,0.15,0.8252,88.55
✅ Standard,TP-0062,SPK10-0.006-00-104,Bergquist,Thermal Pad Beige 25.40mm x 19.05mm Rectangular,Thermal Pad,51.86,0.1124,100.0,ModuleLED_Micro_8560,1.5,PASS,0.7128,1.3,0.15,0.8252,81.2
✅ Standard,TP-0063,53-77-4G,"Boyd Laconia, LLC","Thermal Pad Gray, Green 19.05mm x 12.70mm Rectangular",Thermal Pad,107.84,0.1625,100.0,ModuleLED_Micro_8560,1.5,PASS,0.6627,0.9,0.15,0.8252,83.23
🏭 Industrial,TP-0064,THJP0612AST1,Vishay Dale Thin Film,Thermal Pad 1.06mm x 3.20mm Rectangular,Thermal Pad,7889.05,0.0029,100.0,ModuleLED_Micro_8560,1.5,PASS,0.8223,259.0,0.76,0.8252,76.73
✅ Standard,TP-0065,HF115AC-0.0055-AC-90,Bergquist,Thermal Pad Gray 21.84mm x 18.79mm Rectangular Adhesive - One Side,Thermal Pad,66.04,0.1706,100.0,ModuleLED_Micro_8560,1.5,PASS,0.6545,0.8,0.14,0.8252,83.57
✅ Standard,TP-0066,53-77-4ACG,"Boyd Laconia, LLC","Thermal Pad Gray, Green 19.05mm x 12.70mm Rectangular Adhesive - One Side",Thermal Pad,116.14,0.1628,100.0,ModuleLED_Micro_8560,1.5,PASS,0.6624,0.9,0.15,0.8252,83.24
✅ Standard,TP-0067,173-7-240A,Wakefield Thermal Solutions,Thermal Pad Gray 19.10mm x 12.70mm Rectangular Adhesive - One Side,Thermal Pad,125.51,0.1462,100.0,ModuleLED_Micro_8560,1.5,PASS,0.679,1.2,0.18,0.8252,82.58
✅ Standard,TP-0068,TG-APC93-20-20-2.0-0,t-Global Technology,Thermal Pad Gray 20.00mm x 20.00mm Square,Thermal Pad,81.13,0.9796,1.42,ModuleLED_Micro_8560,1.5,FAIL,-0.1545,2.0,2.01,0.8252,116.45
✅ Standard,TP-0069,TG-A3500-25-25-3.0,t-Global Technology,Thermal Pad Yellow 25.00mm x 25.00mm Square Tacky - Both Sides,Thermal Pad,55.13,0.8368,44.75,ModuleLED_Micro_8560,1.5,FAIL,-0.0117,3.5,3.0,0.8252,110.6
✅ Standard,TP-0070,53-77-9ACG,"Boyd Laconia, LLC","Thermal Pad Gray, Green 18.42mm x 13.21mm Rectangular Adhesive - One Side",Thermal Pad,142.97,0.1626,100.0,ModuleLED_Micro_8560,1.5,PASS,0.6626,0.9,0.15,0.8252,83.22
✅ Standard,TP-0071,TG-A6200-20-20-2.0,t-Global Technology,Thermal Pad Blue 20.00mm x 20.00mm Square Tacky - Both Sides,Thermal Pad,101.2,0.3162,100.0,ModuleLED_Micro_8560,1.5,PASS,0.509,6.2,2.01,0.8252,89.49
✅ Standard,TP-0072,SP600-104,Bergquist,Thermal Pad Green 25.40mm x 19.05mm Rectangular,Thermal Pad,89.87,0.2242,100.0,ModuleLED_Micro_8560,1.5,PASS,0.601,1.0,0.23,0.8252,85.73
✅ Standard,TP-0073,TG-A1250-15-15-2.0,t-Global Technology,Thermal Pad Green 15.00mm x 15.00mm Square,Thermal Pad,197.75,0.1567,100.0,ModuleLED_Micro_8560,1.5,PASS,0.6685,12.5,2.01,0.8252,82.99
✅ Standard,TP-0074,SP2000-0.015-00-104,Bergquist,Thermal Pad White 25.40mm x 19.05mm Rectangular,Thermal Pad,100.93,0.1059,100.0,ModuleLED_Micro_8560,1.5,PASS,0.7193,3.5,0.38,0.8252,80.93
❌ Avoid,TP-0075,TG-AH486-21-15-13.0-1A,t-Global Technology,Thermal Pad Gray 21.00mm x 15.00mm Rectangular Adhesive - One Side,Thermal Pad,161.6,3.9591,0.0,ModuleLED_Micro_8560,1.5,FAIL,-3.1339,3.2,13.0,0.8252,238.25
🏭 Industrial,TP-0076,QB0603B25WYT,KYOCERA AVX,Thermal Pad 1.52mm x 0.76mm Rectangular,Thermal Pad,45749.91,0.0012,100.0,ModuleLED_Micro_8560,1.5,PASS,0.824,50.0,0.06,0.8252,76.66
✅ Standard,TP-0077,TG-A1250-30-30-0.5,t-Global Technology,Thermal Pad Green 30.00mm x 30.00mm Square,Thermal Pad,60.21,0.039,100.0,ModuleLED_Micro_8560,1.5,PASS,0.7862,12.5,0.5,0.8252,78.2
🏭 Industrial,TP-0078,THJP1225AST1,Vishay Dale Thin Film,Thermal Pad 3.20mm x 6.40mm Rectangular,Thermal Pad,2989.15,0.0029,100.0,ModuleLED_Micro_8560,1.5,PASS,0.8223,259.0,0.76,0.8252,76.73
❌ Avoid,TP-0079,TG-AH486-35-10-7.0-0,t-Global Technology,Thermal Pad Gray 35.00mm x 10.00mm Rectangular,Thermal Pad,184.47,2.1374,0.0,ModuleLED_Micro_8560,1.5,FAIL,-1.3122,3.2,7.01,0.8252,163.69
🏆 Best Value,TP-0080,HSP-2,Sensata-Crydom,Thermal Pad Black 57.15mm x 44.45mm Rectangular Adhesive - One Side,Thermal Pad,26.73,0.0634,100.0,ModuleLED_Micro_8560,1.5,PASS,0.7618,2.0,0.13,0.8252,79.19
✅ Standard,TP-0081,TG-A486G-20-20-2.5-0,t-Global Technology,Thermal Pad Gray 20.00mm x 20.00mm Square Tacky - Both Sides,Thermal Pad,169.77,0.387,100.0,ModuleLED_Micro_8560,1.5,PASS,0.4381,6.3,2.5,0.8252,92.33
✅ Standard,TP-0082,407150015050,Würth Elektronik,Thermal Pad Black 15.00mm x 15.00mm Square Adhesive - Both Sides,Thermal Pad,325.6,0.0122,100.0,ModuleLED_Micro_8560,1.5,PASS,0.813,400.0,5.0,0.8252,77.11
✅ Standard,TP-0083,407150015030,Würth Elektronik,Thermal Pad Black 15.00mm x 15.00mm Square Adhesive - Both Sides,Thermal Pad,325.6,0.0073,100.0,ModuleLED_Micro_8560,1.5,PASS,0.8178,400.0,3.0,0.8252,76.91
❌ Avoid,TP-0084,TG-AH486-45-25-6.0-0,t-Global Technology,Thermal Pad Gray 45.00mm x 25.00mm Rectangular,Thermal Pad,72.85,1.8261,0.0,ModuleLED_Micro_8560,1.5,FAIL,-1.001,3.2,5.99,0.8252,151.0
✅ Standard,TP-0085,407150015200,Würth Elektronik,Thermal Pad Black 15.00mm x 15.00mm Square Adhesive - Both Sides,Thermal Pad,367.22,0.0487,100.0,ModuleLED_Micro_8560,1.5,PASS,0.7764,400.0,19.99,0.8252,78.59
🏭 Industrial,TP-0086,QB0805A40WYT,KYOCERA AVX,Thermal Pad 2.03mm x 1.27mm Rectangular,Thermal Pad,32308.5,0.0099,100.0,ModuleLED_Micro_8560,1.5,PASS,0.8152,100.0,1.02,0.8252,77.01
🏭 Industrial,TP-0087,QB0805B40WYT,KYOCERA AVX,Thermal Pad 2.03mm x 1.27mm Rectangular,Thermal Pad,32308.5,0.0099,100.0,ModuleLED_Micro_8560,1.5,PASS,0.8152,100.0,1.02,0.8252,77.01
❌ Avoid,TP-0088,TG-AH486-25-25-9.0-0,t-Global Technology,Thermal Pad Gray 25.00mm x 25.00mm Square,Thermal Pad,135.41,2.7378,0.0,ModuleLED_Micro_8560,1.5,FAIL,-1.9127,3.2,8.99,0.8252,187.9
✅ Standard,TP-0089,407150045015,Würth Elektronik,Thermal Pad Black 45.00mm x 15.00mm Rectangular Adhesive - Both Sides,Thermal Pad,127.36,0.0037,100.0,ModuleLED_Micro_8560,1.5,PASS,0.8215,400.0,1.5,0.8252,76.76
✅ Standard,TP-0090,EAPUS SARCON GR-HM 10.8X10.8X0.5MM,ADLINK Technology,"Thermal Interface Products Pad,Type=GR-Hm,Size=10.8x10.8x0.5mm,K=6W/mK,Color=Reddish Gray",Thermal Pad,816.21,0.0812,100.0,ModuleLED_Micro_8560,1.5,PASS,0.744,6.0,0.5,0.8252,79.92
❌ Avoid,TP-0091,EAPUS SARCON XR-Hl 16.5X7.5X2.0MM,ADLINK Technology,"Thermal Interface Products Pad,Type=XR-HL,Size=16.5x7.5x2.0mm,K=1.2W/mK,Color=Black",Thermal Pad,769.31,1.6251,0.0,ModuleLED_Micro_8560,1.5,FAIL,-0.7999,1.2,2.0,0.8252,142.78
❌ Avoid,TP-0092,EAPUS SARCON XR-Hl 20X10X2.5MM,ADLINK Technology,"Thermal Interface Products Pad,Type=XR-HL,Size=20x10x2.5mm,K=1.2W/mK,Color=Black",Thermal Pad,476.01,2.0331,0.0,ModuleLED_Micro_8560,1.5,FAIL,-1.208,1.2,2.5,0.8252,159.19
❌ Avoid,TP-0093,EAPUS SARCON XR-Hl 35X11X2.5MM,ADLINK Technology,"Thermal Interface Products Pad,Type=XR-HL,Size=35x11x2.5mm,K=1.2W/mK,Color=Black",Thermal Pad,247.28,2.0312,0.0,ModuleLED_Micro_8560,1.5,FAIL,-1.206,1.2,2.5,0.8252,159.31
❌ Avoid,TP-0094,EAPUS SARCON XR-Hl 12X14X3.0MM,ADLINK Technology,"Thermal Interface Products Pad,Type=XR-HL,Size=12x14x3.0mm,K=1.2W/mK,Color=Black",Thermal Pad,566.68,2.4395,0.0,ModuleLED_Micro_8560,1.5,FAIL,-1.6143,1.2,3.0,0.8252,175.93
✅ Standard,TP-0095,60-11-5791-1671,Parker Chomerics,Thermal Pad White 17.45mm x 14.28mm Rectangular,Thermal Pad,385.28,0.1424,100.0,ModuleLED_Micro_8560,1.5,PASS,0.6828,2.6,0.38,0.8252,82.41
✅ Standard,TP-0096,PL-05-3-254,Wakefield Thermal,"Thermal Interface Products ulTIMiFlux Gap Pad, Silicone, 0.5mm Thickness, 3 W/m-K, 25.4x25.4mm, Green",Thermal Pad,150.36,0.1625,100.0,ModuleLED_Micro_8560,1.5,PASS,0.6627,3.0,0.5,0.8252,83.23
✅ Standard,TP-0097,60-11-8302-1671,Parker Chomerics,Thermal Pad White 18.03mm x 12.70mm Rectangular,Thermal Pad,425.12,0.1425,100.0,ModuleLED_Micro_8560,1.5,PASS,0.6827,2.6,0.38,0.8252,82.41
✅ Standard,TP-0098,TG-A1250-40-40-0.5,t-Global Technology,Thermal Pad Green 40.00mm x 40.00mm Square,Thermal Pad,61.68,0.039,100.0,ModuleLED_Micro_8560,1.5,PASS,0.7862,12.5,0.5,0.8252,78.2
✅ Standard,TP-0099,PL-05-5-254,Wakefield Thermal,"Thermal Interface Products ulTIMiFlux Gap Pad, Silicone, 0.5mm Thickness, 5 W/m-K, 25.4x25.4mm, Gold",Thermal Pad,156.58,0.0975,100.0,ModuleLED_Micro_8560,1.5,PASS,0.7276,5.0,0.5,0.8252,80.59
✅ Standard,TP-0100,PL-05-3-254-H,Wakefield Thermal,"Thermal Interface Products ulTIMiFlux Gap Pad, Silicone, 0.5mm Thickness, 3 W/m-K, 25.4x25.4mm, Hyper Soft",Thermal Pad,157.1,0.1624,100.0,ModuleLED_Micro_8560,1.5,PASS,0.6627,3.0,0.5,0.8252,83.23
✅ Standard,TP-0101,PL-05-5-254-H,Wakefield Thermal,"Thermal Interface Products ulTIMiFlux Gap Pad, Silicone, 0.5mm Thickness, 5 W/m-K, 25.4x25.4mm, Hyper Soft",Thermal Pad,162.8,0.0975,100.0,ModuleLED_Micro_8560,1.5,PASS,0.7277,5.0,0.5,0.8252,80.57
❌ Avoid,TP-0102,PL-2-1-254,Wakefield Thermal,"Thermal Interface Products ulTIMiFlux Gap Pad, Silicone, 2mm Thickness, 1 W/m-K, 25.4x25.4mm, Grey",Thermal Pad,163.84,1.9503,0.0,ModuleLED_Micro_8560,1.5,FAIL,-1.1251,1.0,2.0,0.8252,155.89
✅ Standard,TP-0103,PL-2-3-254,Wakefield Thermal,"Thermal Interface Products ulTIMiFlux Gap Pad, Silicone, 2mm Thickness, 3 W/m-K, 25.4x25.4mm, Green",Thermal Pad,175.24,0.6496,100.0,ModuleLED_Micro_8560,1.5,PASS,0.1756,3.0,2.0,0.8252,103.05
✅ Standard,TP-0104,PL-2-3-254-H,Wakefield Thermal,"Thermal Interface Products ulTIMiFlux Gap Pad, Silicone, 2mm Thickness, 3 W/m-K, 25.4x25.4mm, Hyper Soft",Thermal Pad,181.99,0.6507,100.0,ModuleLED_Micro_8560,1.5,PASS,0.1745,3.0,2.0,0.8252,103.12
✅ Standard,TP-0105,PL-1-5-254,Wakefield Thermal,"Thermal Interface Products ulTIMiFlux Gap Pad, Silicone, 1mm Thickness, 5 W/m-K, 25.4x25.4mm, Gold",Thermal Pad,185.1,0.1949,100.0,ModuleLED_Micro_8560,1.5,PASS,0.6302,5.0,1.0,0.8252,84.56
✅ Standard,TP-0106,SP2000-0.015-00-58,Bergquist,Thermal Pad White 19.05mm x 12.70mm Rectangular,Thermal Pad,529.55,0.1059,100.0,ModuleLED_Micro_8560,1.5,PASS,0.7193,3.5,0.38,0.8252,80.92
❌ Avoid,TP-0107,TG-A3500-40-40-5.0,t-Global Technology,Thermal Pad Yellow 40.00mm x 40.00mm Square Tacky - Both Sides,Thermal Pad,80.49,1.3918,0.0,ModuleLED_Micro_8560,1.5,FAIL,-0.5667,3.5,5.0,0.8252,133.28
🏆 Best Value,TP-0108,TG-AH486-100-100-1.0-0,t-Global Technology,Thermal Pad Gray 100.00mm x 100.00mm Square,Thermal Pad,15.86,0.3045,100.0,ModuleLED_Micro_8560,1.5,PASS,0.5207,3.2,1.0,0.8252,89.04
✅ Standard,TP-0109,PL-2-5-254-H,Wakefield Thermal,"Thermal Interface Products ulTIMiFlux Gap Pad, Silicone, 2mm Thickness, 5 W/m-K, 25.4x25.4mm, Hyper Soft",Thermal Pad,253.54,0.3898,100.0,ModuleLED_Micro_8560,1.5,PASS,0.4354,5.0,2.0,0.8252,92.46
✅ Standard,TP-0110,TG-A1250-30-30-2.0,t-Global Technology,Thermal Pad Green 30.00mm x 30.00mm Square,Thermal Pad,182.49,0.1568,100.0,ModuleLED_Micro_8560,1.5,PASS,0.6683,12.5,2.01,0.8252,83.0
✅ Standard,TP-0111,PL-05-1-1016,Wakefield Thermal,"Thermal Interface Products ulTIMiFlux Gap Pad, Silicone, 0.5mm Thickness, 1 W/m-K, 101.6x101.6mm, Grey",Thermal Pad,16.79,0.4872,100.0,ModuleLED_Micro_8560,1.5,PASS,0.3379,1.0,0.5,0.8252,96.47
✅ Standard,TP-0112,TG-A1250-25-25-3.0,t-Global Technology,Thermal Pad Green 25.00mm x 25.00mm Square,Thermal Pad,279.91,0.2343,100.0,ModuleLED_Micro_8560,1.5,PASS,0.5909,12.5,3.0,0.8252,86.13
✅ Standard,TP-0113,PL-2-5-254,Wakefield Thermal,"Thermal Interface Products ulTIMiFlux Gap Pad, Silicone, 2mm Thickness, 5 W/m-K, 25.4x25.4mm, Gold",Thermal Pad,281.01,0.3896,100.0,ModuleLED_Micro_8560,1.5,PASS,0.4356,5.0,2.0,0.8252,92.49
✅ Standard,TP-0114,TG-A1780-25-25-0.5,t-Global Technology,Thermal Pad Gray 25.00mm x 25.00mm Square,Thermal Pad,294.36,0.0274,100.0,ModuleLED_Micro_8560,1.5,PASS,0.7978,17.8,0.5,0.8252,77.73
✅ Standard,TP-0115,PL-1-1.5-76X127-15,Wakefield Thermal,"Thermal Interface Products ulTIMiFlux Gap Pad, Silicone, 1mm Thickness, 1.5 W/mK, 76.2x127mm, Grey",Thermal Pad,21.88,0.6491,100.0,ModuleLED_Micro_8560,1.5,PASS,0.1761,1.5,1.0,0.8252,103.11
🏆 Best Value,TP-0116,4051100100017,Würth Elektronik,Thermal Pad 100.00mm x 100.00mm Square Acrylic,Thermal Pad,22.41,0.0,100.0,ModuleLED_Micro_8560,1.5,PASS,0.8251,1800.0,0.04,0.8252,76.61
✅ Standard,TP-0117,TG-A1250-40-40-1.5,t-Global Technology,Thermal Pad Green 40.00mm x 40.00mm Square,Thermal Pad,143.21,0.1171,100.0,ModuleLED_Micro_8560,1.5,PASS,0.7081,12.5,1.5,0.8252,81.38
✅ Standard,TP-0118,PL-1-1-1016,Wakefield Thermal,"Thermal Interface Products ulTIMiFlux Gap Pad, Silicone, 1mm Thickness, 1 W/m-K, 101.6x101.6mm, Grey",Thermal Pad,22.42,0.9761,1.61,ModuleLED_Micro_8560,1.5,FAIL,-0.151,1.0,1.0,0.8252,116.23
🏆 Best Value,TP-0119,COH-1706-200-05,Taica North America Corporation,Thermal Pad Gray 200.00mm x 200.00mm Square Tacky - Both Sides,Thermal Pad,5.81,0.2923,100.0,ModuleLED_Micro_8560,1.5,PASS,0.5328,1.7,0.51,0.8252,88.51
✅ Standard,TP-0120,SoftFlex-B016-20-01-0762-0762,Aavid,"Thermal Interface Products SoftFlex Pad, 1.6 W/mK Conductivity, 2mm Thick, 1-Side Adhesive, 76.2x76.2mm",Thermal Pad,44.07,1.2183,0.0,ModuleLED_Micro_8560,1.5,FAIL,-0.3931,1.6,2.0,0.8252,126.3
✅ Standard,TP-0121,TG-A1780-30-30-0.5,t-Global Technology,Thermal Pad Gray 30.00mm x 30.00mm Square,Thermal Pad,288.41,0.0274,100.0,ModuleLED_Micro_8560,1.5,PASS,0.7978,17.8,0.5,0.8252,77.72
🏆 Best Value,TP-0122,TG-A6200F-100-100-0.5,t-Global Technology,Thermal Pad Blue 100.00mm x 100.00mm Square Tacky - One Side,Thermal Pad,28.2,0.0974,100.0,ModuleLED_Micro_8560,1.5,PASS,0.7278,5.0,0.5,0.8252,80.57
✅ Standard,TP-0123,SP2000-0.015-00-54,Bergquist,Thermal Pad White 19.05mm x 12.70mm Rectangular,Thermal Pad,1349.4,0.1058,100.0,ModuleLED_Micro_8560,1.5,PASS,0.7194,3.5,0.38,0.8252,80.92
✅ Standard,TP-0124,PL-05-5-1016,Wakefield Thermal,"Thermal Interface Products ulTIMiFlux Gap Pad, Silicone, 0.5mm Thickness, 5 W/m-K, 101.6x101.6mm, Gold",Thermal Pad,31.79,0.0974,100.0,ModuleLED_Micro_8560,1.5,PASS,0.7278,5.0,0.5,0.8252,80.57
❌ Avoid,TP-0125,GP1500-0.080-02-0404,Bergquist,Thermal Pad Black 101.60mm x 101.60mm Square Tacky - Both Sides,Thermal Pad,33.77,1.3202,0.0,ModuleLED_Micro_8560,1.5,FAIL,-0.4951,1.5,2.03,0.8252,130.48
✅ Standard,TP-0126,PL-05-3-1016-H,Wakefield Thermal,"Thermal Interface Products ulTIMiFlux Gap Pad, Silicone, 0.5mm Thick, 3 W/m-K, 101.6x101.6mm, Hyper Soft",Thermal Pad,35.09,0.1623,100.0,ModuleLED_Micro_8560,1.5,PASS,0.6629,3.0,0.5,0.8252,83.23
✅ Standard,TP-0127,PLF-1-1-76X127-40,Wakefield Thermal,"Thermal Interface Products ulTIMiFlux Gap Pad, Silicone-Free, 1mm Thickness, 1 W/m-K, 76x127mm, White",Thermal Pad,38.19,0.9743,1.74,ModuleLED_Micro_8560,1.5,FAIL,-0.1492,1.0,1.0,0.8252,116.33
✅ Standard,TP-0128,PL-1-3-76X127-30,Wakefield Thermal,"Thermal Interface Products ulTIMiFlux Gap Pad, Silicone, 1mm Thickness, 3 W/m-K, 76.2x127mm, Blue",Thermal Pad,39.27,0.3252,100.0,ModuleLED_Micro_8560,1.5,PASS,0.4999,3.0,1.0,0.8252,89.85
✅ Standard,TP-0129,TG-A6200-100-100-1.0,t-Global Technology,Thermal Pad Blue 100.00mm x 100.00mm Square Tacky - Both Sides,Thermal Pad,39.0,0.1572,100.0,ModuleLED_Micro_8560,1.5,PASS,0.668,6.2,1.0,0.8252,83.02
✅ Standard,TP-0130,TG-A1780-40-40-0.5,t-Global Technology,Thermal Pad Gray 40.00mm x 40.00mm Square,Thermal Pad,247.32,0.0274,100.0,ModuleLED_Micro_8560,1.5,PASS,0.7978,17.8,0.5,0.8252,77.72
✅ Standard,TP-0131,GP1500-0.020-02-0404,Bergquist,Thermal Pad Black 101.60mm x 101.60mm Square Tacky - Both Sides,Thermal Pad,40.18,0.3312,100.0,ModuleLED_Micro_8560,1.5,PASS,0.494,1.5,0.51,0.8252,90.12
✅ Standard,TP-0132,PL-1-3-1016-H,Wakefield Thermal,"Thermal Interface Products ulTIMiFlux Gap Pad, Silicone, 1mm Thickness, 3 W/m-K, 101.6x101.6mm, Hyper Soft",Thermal Pad,41.09,0.3257,100.0,ModuleLED_Micro_8560,1.5,PASS,0.4994,3.0,1.0,0.8252,89.85
❌ Avoid,TP-0133,PL-2-1-1016,Wakefield Thermal,"Thermal Interface Products ulTIMiFlux Gap Pad, Silicone, 2mm Thickness, 1 W/m-K, 101.6x101.6mm, Grey",Thermal Pad,41.35,1.9469,0.0,ModuleLED_Micro_8560,1.5,FAIL,-1.1218,1.0,2.0,0.8252,155.94
🏭 Industrial,TP-0134,QB0603A25WYT,KYOCERA AVX,Thermal Pad 1.52mm x 0.76mm Rectangular,Thermal Pad,370632.22,0.0012,100.0,ModuleLED_Micro_8560,1.5,PASS,0.824,50.0,0.06,0.8252,76.66
✅ Standard,TP-0135,PL-05-5-1016-H,Wakefield Thermal,"Thermal Interface Products ulTIMiFlux Gap Pad, Silicone, 0.5mm Thick, 5 W/m-K, 101.6x101.6mm, Hyper Soft",Thermal Pad,43.52,0.0975,100.0,ModuleLED_Micro_8560,1.5,PASS,0.7277,5.0,0.5,0.8252,80.58
🏆 Best Value,TP-0136,A18197-05,Laird Technologies - Thermal Materials,Thermal Pad Gray 228.60mm x 228.60mm Square Tacky - Both Sides,Thermal Pad,8.71,0.0221,100.0,ModuleLED_Micro_8560,1.5,PASS,0.8031,5.3,0.12,0.8252,77.51
✅ Standard,TP-0137,69-13-42348-T412,Parker Chomerics,Thermal Pad Gray 28.00mm x 28.00mm Square Adhesive - Both Sides,Thermal Pad,615.67,0.1601,100.0,ModuleLED_Micro_8560,1.5,PASS,0.665,1.4,0.23,0.8252,83.15
🏆 Best Value,TP-0138,T62-310-310-0.13,t-Global Technology,Thermal Pad Black 310.00mm x 310.00mm Square,Thermal Pad,5.25,0.0063,100.0,ModuleLED_Micro_8560,1.5,PASS,0.8188,20.0,0.13,0.8252,76.87
🏆 Best Value,TP-0139,A18197-08,Laird Technologies - Thermal Materials,Thermal Pad Gray 228.60mm x 228.60mm Square Tacky - Both Sides,Thermal Pad,9.86,0.0368,100.0,ModuleLED_Micro_8560,1.5,PASS,0.7883,5.3,0.2,0.8252,78.11
🏆 Best Value,TP-0140,TG-A6200-150-150-0.5,t-Global Technology,Thermal Pad Blue 150.00mm x 150.00mm Square Tacky - Both Sides,Thermal Pad,23.74,0.0784,100.0,ModuleLED_Micro_8560,1.5,PASS,0.7467,6.2,0.5,0.8252,79.81
🏆 Best Value,TP-0141,A18197-10,Laird Technologies - Thermal Materials,Thermal Pad Gray 228.60mm x 228.60mm Square Tacky - Both Sides,Thermal Pad,10.66,0.046,100.0,ModuleLED_Micro_8560,1.5,PASS,0.7791,5.3,0.25,0.8252,78.48
✅ Standard,TP-0142,A17916-08,Laird Technologies - Thermal Materials,Thermal Pad Gray 228.60mm x 228.60mm Square Tacky - Both Sides,Thermal Pad,10.67,0.9886,0.68,ModuleLED_Micro_8560,1.5,FAIL,-0.1634,2.0,2.03,0.8252,116.97
🏆 Best Value,TP-0143,BP100-0.005-00-1112,Bergquist,Thermal Pad White 304.80mm x 279.40mm Rectangular Adhesive - Both Sides,Thermal Pad,6.65,0.1584,100.0,ModuleLED_Micro_8560,1.5,PASS,0.6667,0.8,0.13,0.8252,83.08
✅ Standard,TP-0144,PL-2-3-1016-H,Wakefield Thermal,"Thermal Interface Products ulTIMiFlux Gap Pad, Silicone, 2mm Thickness, 3 W/m-K, 101.6x101.6mm, Hyper Soft",Thermal Pad,57.1,0.6501,100.0,ModuleLED_Micro_8560,1.5,PASS,0.175,3.0,2.0,0.8252,103.07
🏆 Best Value,TP-0145,T62-1-310-310-0.16,t-Global Technology,Thermal Pad Black 310.00mm x 310.00mm Square Adhesive - One Side,Thermal Pad,6.15,0.0104,100.0,ModuleLED_Micro_8560,1.5,PASS,0.8148,15.0,0.16,0.8252,77.03
✅ Standard,TP-0146,PL-1-5-76X127-60,Wakefield Thermal,"Thermal Interface Products ulTIMiFlux Gap Pad, Silicone, 1mm Thickness, 5 W/m-K, 76.2x127mm, Brown",Thermal Pad,65.47,0.195,100.0,ModuleLED_Micro_8560,1.5,PASS,0.6302,5.0,1.0,0.8252,84.55
✅ Standard,TP-0147,GP1500-0.040-02-0404,Bergquist,Thermal Pad Black 101.60mm x 101.60mm Square Tacky - Both Sides,Thermal Pad,66.2,0.6633,100.0,ModuleLED_Micro_8560,1.5,PASS,0.1619,1.5,1.02,0.8252,103.61
✅ Standard,TP-0148,PLF-1-3-76X127-70,Wakefield Thermal,"Thermal Interface Products ulTIMiFlux Gap Pad, Silicone-Free, 1mm Thickness, 3 W/m-K, 76x127mm, White",Thermal Pad,71.04,0.3245,100.0,ModuleLED_Micro_8560,1.5,PASS,0.5006,3.0,1.0,0.8252,89.83
🏆 Best Value,TP-0149,GT10D-300-300-0.25-1A,t-Global Technology,Thermal Pad Pink 300.00mm x 300.00mm Square Adhesive - One Side,Thermal Pad,7.83,0.1625,100.0,ModuleLED_Micro_8560,1.5,PASS,0.6627,1.5,0.25,0.8252,83.24
✅ Standard,TP-0150,SF400-505005,Same Sky (Formerly CUI Devices),Thermal Pad Gray 50.00mm x 50.00mm Square Tacky - Both Sides,Thermal Pad,289.54,0.195,100.0,ModuleLED_Micro_8560,1.5,PASS,0.6301,2.5,0.5,0.8252,84.54
🏆 Best Value,TP-0151,A18197-16,Laird Technologies - Thermal Materials,Thermal Pad Gray 228.60mm x 228.60mm Square Tacky - Both Sides,Thermal Pad,14.0,0.0754,100.0,ModuleLED_Micro_8560,1.5,PASS,0.7498,5.3,0.41,0.8252,79.68
🏆 Best Value,TP-0152,GPVOUS-0.020-01-0816,Bergquist,Thermal Pad Pink 406.40mm x 203.20mm Rectangular Tacky - One Side,Thermal Pad,8.95,0.4965,100.0,ModuleLED_Micro_8560,1.5,PASS,0.3286,1.0,0.51,0.8252,96.84
✅ Standard,TP-0153,A17733-04,Laird Technologies - Thermal Materials,Thermal Pad Yellow 228.60mm x 228.60mm Square Adhesive - One Side,Thermal Pad,14.33,0.8288,49.3,ModuleLED_Micro_8560,1.5,FAIL,-0.0036,1.2,1.02,0.8252,110.32
🏆 Best Value,TP-0154,2191342,Bergquist,Thermal Pad Gray 304.80mm x 292.10mm Rectangular,Thermal Pad,8.43,0.1624,100.0,ModuleLED_Micro_8560,1.5,PASS,0.6628,0.9,0.15,0.8252,83.22
✅ Standard,TP-0155,TG-A1250-125-125-0.5,t-Global Technology,Thermal Pad Green 125.00mm x 125.00mm Square,Thermal Pad,48.51,0.039,100.0,ModuleLED_Micro_8560,1.5,PASS,0.7862,12.5,0.5,0.8252,78.2
🏆 Best Value,TP-0156,A18172-16,Laird Technologies - Thermal Materials,Thermal Pad Gray 228.60mm x 228.60mm Square Tacky - Both Sides,Thermal Pad,14.75,0.052,100.0,ModuleLED_Micro_8560,1.5,PASS,0.7732,7.5,0.4,0.8252,78.73
🏆 Best Value,TP-0157,69-12-42355-1674,Parker Chomerics,Thermal Pad Blue 203.20mm x 203.20mm Square Adhesive - One Side,Thermal Pad,18.99,0.2435,100.0,ModuleLED_Micro_8560,1.5,PASS,0.5817,1.0,0.25,0.8252,86.51
✅ Standard,TP-0158,TG-A6200-100-100-2.5,t-Global Technology,Thermal Pad Blue 100.00mm x 100.00mm Square Tacky - Both Sides,Thermal Pad,78.67,0.3929,100.0,ModuleLED_Micro_8560,1.5,PASS,0.4322,6.2,2.5,0.8252,92.62
✅ Standard,TP-0159,PL-1-6-76X127-60,Wakefield Thermal,"Thermal Interface Products ulTIMiFlux Gap Pad, Silicone, 1mm Thickness, 6 W/mK, 76.2x127mm, Grey",Thermal Pad,83.78,0.1625,100.0,ModuleLED_Micro_8560,1.5,PASS,0.6626,6.0,1.0,0.8252,83.23
🏆 Best Value,TP-0160,GP1500-0.040-02-0816,Bergquist,Thermal Pad Black 406.40mm x 203.20mm Rectangular Tacky - Both Sides,Thermal Pad,9.85,0.6625,100.0,ModuleLED_Micro_8560,1.5,PASS,0.1626,1.5,1.02,0.8252,103.64
✅ Standard,TP-0161,GPVOUS-0.040-01-0816,Bergquist,Thermal Pad Pink 406.40mm x 203.20mm Rectangular Tacky - One Side,Thermal Pad,10.0,0.9946,0.42,ModuleLED_Micro_8560,1.5,FAIL,-0.1694,1.0,1.02,0.8252,117.22
🏆 Best Value,TP-0162,A18172-05,Laird Technologies - Thermal Materials,Thermal Pad Gray 228.60mm x 228.60mm Square Tacky - Both Sides,Thermal Pad,16.03,0.0156,100.0,ModuleLED_Micro_8560,1.5,PASS,0.8095,7.5,0.12,0.8252,77.25
✅ Standard,TP-0163,TG-A6200-150-150-1.0,t-Global Technology,Thermal Pad Blue 150.00mm x 150.00mm Square Tacky - Both Sides,Thermal Pad,37.27,0.1571,100.0,ModuleLED_Micro_8560,1.5,PASS,0.668,6.2,1.0,0.8252,83.01
🏆 Best Value,TP-0164,A15993-00,Laird Technologies - Thermal Materials,Thermal Pad Gray 228.60mm x 228.60mm Square Tacky - Both Sides,Thermal Pad,16.3,0.1657,100.0,ModuleLED_Micro_8560,1.5,PASS,0.6595,3.0,0.51,0.8252,83.38
🏆 Best Value,TP-0165,A18172-10,Laird Technologies - Thermal Materials,Thermal Pad Gray 228.60mm x 228.60mm Square Tacky - Both Sides,Thermal Pad,17.04,0.0325,100.0,ModuleLED_Micro_8560,1.5,PASS,0.7927,7.5,0.25,0.8252,77.94
✅ Standard,TP-0166,PL-1-5-1016-H,Wakefield Thermal,"Thermal Interface Products ulTIMiFlux Gap Pad, Silicone, 1mm Thickness, 5 W/m-K, 101.6x101.6mm, Hyper Soft",Thermal Pad,87.98,0.1948,100.0,ModuleLED_Micro_8560,1.5,PASS,0.6303,5.0,1.0,0.8252,84.53
✅ Standard,TP-0167,TG-A1250-100-100-1.0,t-Global Technology,Thermal Pad Green 100.00mm x 100.00mm Square,Thermal Pad,92.89,0.078,100.0,ModuleLED_Micro_8560,1.5,PASS,0.7472,12.5,1.0,0.8252,79.79
✅ Standard,TP-0168,PLX-1-6-76X127-48,Wakefield Thermal,"Thermal Interface Products ulTIMiFlux Gap Pad, Silicone, 1mm Thickness, 6 W/mK, 76x127mm, Grey",Thermal Pad,97.73,0.1627,100.0,ModuleLED_Micro_8560,1.5,PASS,0.6624,6.0,1.0,0.8252,83.23
🏆 Best Value,TP-0169,BP100-0.011-00-1010,Bergquist,Thermal Pad White 254.00mm x 254.00mm Square Adhesive - Both Sides,Thermal Pad,14.71,0.3415,100.0,ModuleLED_Micro_8560,1.5,PASS,0.4837,0.8,0.28,0.8252,90.49
✅ Standard,TP-0170,PL-1-5-1016,Wakefield Thermal,"Thermal Interface Products ulTIMiFlux Gap Pad, Silicone, 1mm Thickness, 5 W/m-K, 101.6x101.6mm, Gold",Thermal Pad,94.2,0.1951,100.0,ModuleLED_Micro_8560,1.5,PASS,0.63,5.0,1.0,0.8252,84.56
✅ Standard,TP-0171,PL-1-5-1016-H,Wakefield Thermal Solutions,Thermal Pad Gold 101.60mm x 101.60mm Square Tacky - One Side,Thermal Pad,94.23,0.1931,100.0,ModuleLED_Micro_8560,1.5,PASS,0.6321,5.0,0.99,0.8252,84.47
🏆 Best Value,TP-0172,GP1500R-0.020-02-0816,Bergquist,Thermal Pad Black 406.40mm x 203.20mm Rectangular Tacky - Both Sides,Thermal Pad,12.05,0.3314,100.0,ModuleLED_Micro_8560,1.5,PASS,0.4938,1.5,0.51,0.8252,90.11
🏆 Best Value,TP-0173,4051210297017,Würth Elektronik,Thermal Pad 297.00mm x 210.00mm Rectangular Acrylic,Thermal Pad,15.99,0.0,100.0,ModuleLED_Micro_8560,1.5,PASS,0.8251,1800.0,0.04,0.8252,76.61
🏆 Best Value,TP-0174,BP100-0.008-00-1010,Bergquist,Thermal Pad White 254.00mm x 254.00mm Square Adhesive - Both Sides,Thermal Pad,15.64,0.2434,100.0,ModuleLED_Micro_8560,1.5,PASS,0.5818,0.8,0.2,0.8252,86.52
❌ Avoid,TP-0175,2191191,Bergquist,Thermal Pad Pink 406.40mm x 203.20mm Rectangular Tacky - One Side,Thermal Pad,12.56,1.4818,0.0,ModuleLED_Micro_8560,1.5,FAIL,-0.6566,1.0,1.52,0.8252,137.0
✅ Standard,TP-0176,69-13-42350-T412,Parker Chomerics,Thermal Pad Gray 152.40mm x 152.40mm Square Adhesive - Both Sides,Thermal Pad,45.12,0.1601,100.0,ModuleLED_Micro_8560,1.5,PASS,0.6651,1.4,0.23,0.8252,83.13
🏆 Best Value,TP-0177,A14556-01,Laird Technologies - Thermal Materials,Thermal Pad Blue 228.60mm x 228.60mm Square Tacky - Both Sides,Thermal Pad,20.11,0.1776,100.0,ModuleLED_Micro_8560,1.5,PASS,0.6475,2.8,0.51,0.8252,83.84
🏆 Best Value,TP-0178,A17690-02,Laird Technologies - Thermal Materials,Thermal Pad Pink 228.60mm x 228.60mm Square Tacky - One Side,Thermal Pad,20.66,0.0995,100.0,ModuleLED_Micro_8560,1.5,PASS,0.7257,5.0,0.51,0.8252,80.66
✅ Standard,TP-0179,PLX-1-7-76X127-68,Wakefield Thermal,"Thermal Interface Products ulTIMiFlux Gap Pad, Silicone, 1mm Thickness, 7 W/mK, 76x127mm, Grey",Thermal Pad,112.15,0.1392,100.0,ModuleLED_Micro_8560,1.5,PASS,0.6859,7.0,1.0,0.8252,82.27
🏆 Best Value,TP-0180,SPK10-0.006-00-11.512,Bergquist,Thermal Pad Beige 304.80mm x 292.10mm Rectangular,Thermal Pad,12.48,0.1125,100.0,ModuleLED_Micro_8560,1.5,PASS,0.7127,1.3,0.15,0.8252,81.19
🏆 Best Value,TP-0181,A10464-07,Laird Technologies - Thermal Materials,Thermal Pad Gray 609.60mm x 457.20mm Rectangular,Thermal Pad,4.17,0.0995,100.0,ModuleLED_Micro_8560,1.5,PASS,0.7257,5.0,0.51,0.8252,80.66
✅ Standard,TP-0182,COH-4065LVC-200-10,Taica North America Corporation,Thermal Pad Reddish Brown 200.00mm x 200.00mm Square Tacky - Both Sides,Thermal Pad,30.3,0.4387,100.0,ModuleLED_Micro_8560,1.5,PASS,0.3864,2.2,0.99,0.8252,94.48
❌ Avoid,TP-0183,GP1500-0.080-02-0816,Bergquist,Thermal Pad Black 406.40mm x 203.20mm Rectangular Tacky - Both Sides,Thermal Pad,14.69,1.32,0.0,ModuleLED_Micro_8560,1.5,FAIL,-0.4949,1.5,2.03,0.8252,130.3
✅ Standard,TP-0184,PLX-1-1.5-210X310-40,Wakefield Thermal,"Thermal Interface Products ulTIMiFlux Gap Pad, Silicone, 1mm Thickness, 1.5 W/mK, 210x310mm, White",Thermal Pad,18.75,0.6507,100.0,ModuleLED_Micro_8560,1.5,PASS,0.1745,1.5,1.0,0.8252,103.08
✅ Standard,TP-0185,TG-A486G-150-150-1.0-1A,t-Global Technology,Thermal Pad Gray 150.00mm x 150.00mm Square Adhesive - One Side,Thermal Pad,55.51,0.1549,100.0,ModuleLED_Micro_8560,1.5,PASS,0.6702,6.3,1.0,0.8252,82.92
🏆 Best Value,TP-0186,SP900S-0.009-AC-1212,Bergquist,Thermal Pad Pink 304.80mm x 304.80mm Square Adhesive - One Side,Thermal Pad,13.65,0.1404,100.0,ModuleLED_Micro_8560,1.5,PASS,0.6848,1.6,0.23,0.8252,82.33
🏆 Best Value,TP-0187,A17653-03,Laird Technologies - Thermal Materials,Thermal Pad Pink 228.60mm x 228.60mm Square Tacky - Both Sides,Thermal Pad,25.85,0.148,100.0,ModuleLED_Micro_8560,1.5,PASS,0.6771,5.0,0.76,0.8252,82.65
✅ Standard,TP-0188,PLX-1-2-210X310-80,Wakefield Thermal,"Thermal Interface Products ulTIMiFlux Gap Pad, Silicone, 1mm Thickness, 2 W/mK, 210x310mm, Grey",Thermal Pad,21.0,0.4876,100.0,ModuleLED_Micro_8560,1.5,PASS,0.3376,2.0,1.0,0.8252,96.45
✅ Standard,TP-0189,PL-1-8-76X127-50,Wakefield Thermal,"Thermal Interface Products ulTIMiFlux Gap Pad, Silicone, 1mm Thickness, 8 W/mK, 76.2x127mm, Grey",Thermal Pad,142.3,0.1219,100.0,ModuleLED_Micro_8560,1.5,PASS,0.7032,8.0,1.0,0.8252,81.57
✅ Standard,TP-0190,PL-2-5-1016-H,Wakefield Thermal,"Thermal Interface Products ulTIMiFlux Gap Pad, Silicone, 2mm Thickness, 5 W/m-K, 101.6x101.6mm, Hyper Soft",Thermal Pad,137.65,0.3906,100.0,ModuleLED_Micro_8560,1.5,PASS,0.4346,5.0,2.0,0.8252,92.48
🏆 Best Value,TP-0191,2165804,Bergquist,Thermal Pad Beige 304.80mm x 292.10mm Rectangular Adhesive - One Side,Thermal Pad,16.64,0.1126,100.0,ModuleLED_Micro_8560,1.5,PASS,0.7126,1.3,0.15,0.8252,81.19
✅ Standard,TP-0192,5549S-05,3M,Thermal Pad Gray 210.00mm x 155.00mm Rectangular Tacky - One Side,Thermal Pad,45.7,0.1392,100.0,ModuleLED_Micro_8560,1.5,PASS,0.6859,3.5,0.5,0.8252,82.29
✅ Standard,TP-0193,61-02-0909-G579,Parker Chomerics,Thermal Pad Pink 228.60mm x 228.60mm Square,Thermal Pad,28.89,0.1657,100.0,ModuleLED_Micro_8560,1.5,PASS,0.6595,3.0,0.51,0.8252,83.37
✅ Standard,TP-0194,A18330-04,Laird Technologies - Thermal Materials,Thermal Pad Gray 127.00mm x 76.00mm Rectangular,Thermal Pad,158.24,0.0287,100.0,ModuleLED_Micro_8560,1.5,PASS,0.7965,34.0,1.0,0.8252,77.78
✅ Standard,TP-0195,PLX-1-8-76x127-40,Wakefield Thermal,"Thermal Interface Products ulTIMiFlux Gap Pad, Silicone, 1mm Thickness, 8 W/mK, 76x127mm, Grey",Thermal Pad,163.37,0.1219,100.0,ModuleLED_Micro_8560,1.5,PASS,0.7032,8.0,1.0,0.8252,81.56
✅ Standard,TP-0196,TG-APC94-150-150-2.0-0,t-Global Technology,Thermal Pad Red 150.00mm x 150.00mm Square,Thermal Pad,71.08,0.49,100.0,ModuleLED_Micro_8560,1.5,PASS,0.3352,4.0,2.01,0.8252,96.56
❌ Avoid,TP-0197,A15340-01,Laird Technologies - Thermal Materials,Thermal Pad Green 228.60mm x 228.60mm Square,Thermal Pad,31.27,4.1249,0.0,ModuleLED_Micro_8560,1.5,FAIL,-3.2997,1.2,5.08,0.8252,244.67
✅ Standard,TP-0198,A10832-02,Laird Technologies - Thermal Materials,Thermal Pad Yellow 228.60mm x 228.60mm Square Tacky - Both Sides,Thermal Pad,31.86,0.1107,100.0,ModuleLED_Micro_8560,1.5,PASS,0.7144,2.2,0.25,0.8252,81.12
❌ Avoid,TP-0199,GP1500-0.125-02-0816,Bergquist,Thermal Pad Black 406.40mm x 203.20mm Rectangular Tacky - Both Sides,Thermal Pad,20.41,2.0671,0.0,ModuleLED_Micro_8560,1.5,FAIL,-1.2419,1.5,3.18,0.8252,160.68
🏆 Best Value,TP-0200,A10464-10,Laird Technologies - Thermal Materials,Thermal Pad Gray 609.60mm x 457.20mm Rectangular Adhesive - One Side,Thermal Pad,6.06,0.0993,100.0,ModuleLED_Micro_8560,1.5,PASS,0.7258,5.0,0.51,0.8252,80.67
❌ Avoid,TP-0201,5583S 210 MM X 300 MM X 2.0 MM,3M,Thermal Pad White 300.00mm x 210.00mm Rectangular Tacky - One Side,Thermal Pad,27.48,1.9579,0.0,ModuleLED_Micro_8560,1.5,FAIL,-1.1327,1.0,2.01,0.8252,156.36
✅ Standard,TP-0202,A18213-02,Laird Technologies - Thermal Materials,Thermal Pad Gray 229.00mm x 229.00mm Square,Thermal Pad,33.08,0.0488,100.0,ModuleLED_Micro_8560,1.5,PASS,0.7764,10.0,0.5,0.8252,78.6
✅ Standard,TP-0203,TG-A1450-100-100-1.0,t-Global Technology,Thermal Pad Red 100.00mm x 100.00mm Square,Thermal Pad,175.38,0.0673,100.0,ModuleLED_Micro_8560,1.5,PASS,0.7578,14.5,1.0,0.8252,79.35
✅ Standard,TP-0204,A17653-04,Laird Technologies - Thermal Materials,Thermal Pad Pink 228.60mm x 228.60mm Square Tacky - Both Sides,Thermal Pad,33.8,0.1991,100.0,ModuleLED_Micro_8560,1.5,PASS,0.6261,5.0,1.02,0.8252,84.71
✅ Standard,TP-0205,TG-A1250-100-100-2.0,t-Global Technology,Thermal Pad Green 100.00mm x 100.00mm Square,Thermal Pad,176.71,0.1568,100.0,ModuleLED_Micro_8560,1.5,PASS,0.6684,12.5,2.01,0.8252,82.99
✅ Standard,TP-0206,A10092-01,Laird Technologies - Thermal Materials,Thermal Pad Pink 203.20mm x 203.20mm Square,Thermal Pad,42.98,0.0406,100.0,ModuleLED_Micro_8560,1.5,PASS,0.7846,6.0,0.25,0.8252,78.26
🏭 Industrial,TP-0207,TGP 40000SF-0.020-00-0406,Bergquist Company,"Thermal Interface Products GAP PAD, Sil-Free, 40W/m-K, 4x6"" Sheet, 0.020"" Thickness, Thermexit, IDH 2972783",Thermal Pad,74202.27,0.0124,100.0,ModuleLED_Micro_8560,1.5,PASS,0.8127,40.0,0.51,0.8252,77.11
❌ Avoid,TP-0208,A15340-03,Laird Technologies - Thermal Materials,Thermal Pad Green 228.60mm x 228.60mm Square Tacky - One Side,Thermal Pad,34.17,4.1257,0.0,ModuleLED_Micro_8560,1.5,FAIL,-3.3005,1.2,5.08,0.8252,244.97
✅ Standard,TP-0209,A16367-02,Laird Technologies - Thermal Materials,Thermal Pad Pink 228.60mm x 215.90mm Rectangular Tacky - One Side,Thermal Pad,36.57,0.1775,100.0,ModuleLED_Micro_8560,1.5,PASS,0.6477,2.8,0.51,0.8252,83.85
✅ Standard,TP-0210,5519 210 MM X 155 MM X 1.0 MM,3M,Thermal Pad Gray 210.00mm x 155.00mm Rectangular Tacky - Both Sides,Thermal Pad,56.45,0.197,100.0,ModuleLED_Micro_8560,1.5,PASS,0.6281,4.9,0.99,0.8252,84.63
✅ Standard,TP-0211,GP1000SF-0.020-02-0816,Bergquist,Thermal Pad Green 406.40mm x 203.20mm Rectangular Tacky - Both Sides,Thermal Pad,22.44,0.5528,100.0,ModuleLED_Micro_8560,1.5,PASS,0.2724,0.9,0.51,0.8252,99.12
✅ Standard,TP-0212,TG-A1660-125-125-0.5,t-Global Technology,Thermal Pad Gray 125.00mm x 125.00mm Square,Thermal Pad,121.49,0.0299,100.0,ModuleLED_Micro_8560,1.5,PASS,0.7952,16.6,0.51,0.8252,77.83
✅ Standard,TP-0213,TG-A486G-150-150-2.0-1A,t-Global Technology,Thermal Pad Gray 150.00mm x 150.00mm Square Adhesive - One Side,Thermal Pad,84.71,0.3115,100.0,ModuleLED_Micro_8560,1.5,PASS,0.5136,6.3,2.01,0.8252,89.31
✅ Standard,TP-0214,A17690-04,Laird Technologies - Thermal Materials,Thermal Pad Pink 228.60mm x 228.60mm Square Tacky - One Side,Thermal Pad,36.98,0.1987,100.0,ModuleLED_Micro_8560,1.5,PASS,0.6265,5.0,1.02,0.8252,84.68
✅ Standard,TP-0215,62-02-0909-A579,Parker Chomerics,Thermal Pad Pink 228.60mm x 228.60mm Square Adhesive - One Side,Thermal Pad,37.77,0.1657,100.0,ModuleLED_Micro_8560,1.5,PASS,0.6594,3.0,0.51,0.8252,83.36
✅ Standard,TP-0216,A18238-02,Laird Technologies - Thermal Materials,Thermal Pad Gray 229.00mm x 229.00mm Square Tacky - One Side,Thermal Pad,38.05,0.0497,100.0,ModuleLED_Micro_8560,1.5,PASS,0.7754,10.0,0.51,0.8252,78.64
✅ Standard,TP-0217,TG-A1250-150-150-1.0,t-Global Technology,Thermal Pad Green 150.00mm x 150.00mm Square,Thermal Pad,88.75,0.078,100.0,ModuleLED_Micro_8560,1.5,PASS,0.7471,12.5,1.0,0.8252,79.79
✅ Standard,TP-0218,PL-1-10-76X127-55,Wakefield Thermal,"Thermal Interface Products ulTIMiFlux Gap Pad, Silicone, 1mm Thickness, 10 W/mK, 76.2x127mm, Grey",Thermal Pad,207.32,0.0974,100.0,ModuleLED_Micro_8560,1.5,PASS,0.7278,10.0,1.0,0.8252,80.57
❌ Avoid,TP-0219,GPVOUS-0.100-01-0816,Bergquist,Thermal Pad Pink 406.40mm x 203.20mm Rectangular Tacky - One Side,Thermal Pad,24.38,2.4754,0.0,ModuleLED_Micro_8560,1.5,FAIL,-1.6502,1.0,2.54,0.8252,177.52
✅ Standard,TP-0220,5516-10,3M,Thermal Pad Gray 320.00mm x 230.00mm Rectangular Tacky - Both Sides,Thermal Pad,27.39,0.3114,100.0,ModuleLED_Micro_8560,1.5,PASS,0.5138,3.1,0.99,0.8252,89.33
✅ Standard,TP-0221,COH-3114LVC-200-10,Taica North America Corporation,Thermal Pad Gray 200.00mm x 200.00mm Square Tacky - Both Sides,Thermal Pad,50.91,0.311,100.0,ModuleLED_Micro_8560,1.5,PASS,0.5142,3.1,0.99,0.8252,89.33
🏆 Best Value,TP-0222,GPHC3.0-0.020-02-0816,Bergquist,Thermal Pad Blue 406.40mm x 203.20mm Rectangular Tacky - Both Sides,Thermal Pad,25.23,0.1658,100.0,ModuleLED_Micro_8560,1.5,PASS,0.6594,3.0,0.51,0.8252,83.35
✅ Standard,TP-0223,COH-4065LVC-200-20,Taica North America Corporation,Thermal Pad Reddish Brown 200.00mm x 200.00mm Square Tacky - Both Sides,Thermal Pad,53.13,0.8912,19.58,ModuleLED_Micro_8560,1.5,FAIL,-0.066,2.2,2.01,0.8252,112.81
🏆 Best Value,TP-0224,GP5000S35-0.020-02-0816,Bergquist,Thermal Pad Green 406.40mm x 203.20mm Rectangular Tacky - Both Sides,Thermal Pad,25.77,0.0994,100.0,ModuleLED_Micro_8560,1.5,PASS,0.7258,5.0,0.51,0.8252,80.66
✅ Standard,TP-0225,A12618-01,Laird Technologies - Thermal Materials,Thermal Pad Blue-Violet 228.60mm x 228.60mm Square Tacky - Both Sides,Thermal Pad,41.43,0.3315,100.0,ModuleLED_Micro_8560,1.5,PASS,0.4936,3.0,1.02,0.8252,90.11
✅ Standard,TP-0226,TG-A1250-100-100-2.5,t-Global Technology,Thermal Pad Green 100.00mm x 100.00mm Square,Thermal Pad,217.59,0.1946,100.0,ModuleLED_Micro_8560,1.5,PASS,0.6306,12.5,2.5,0.8252,84.53
✅ Standard,TP-0227,61-04-0909-G579,Parker Chomerics,Thermal Pad Pink 228.60mm x 228.60mm Square,Thermal Pad,42.31,0.3316,100.0,ModuleLED_Micro_8560,1.5,PASS,0.4936,3.0,1.02,0.8252,90.12
✅ Standard,TP-0228,61-04-0909-HCS10G,Parker Chomerics,Thermal Pad Orange 228.60mm x 228.60mm Square,Thermal Pad,42.35,0.9939,0.33,ModuleLED_Micro_8560,1.5,FAIL,-0.1687,1.0,1.02,0.8252,117.03
✅ Standard,TP-0229,A14412-01,Laird Technologies - Thermal Materials,Thermal Pad Blue-Violet 228.60mm x 228.60mm Square Tacky - One Side,Thermal Pad,42.55,0.3316,100.0,ModuleLED_Micro_8560,1.5,PASS,0.4935,3.0,1.02,0.8252,90.1
❌ Avoid,TP-0230,2191193,Bergquist,Thermal Pad Pink 406.40mm x 203.20mm Rectangular Tacky - One Side,Thermal Pad,27.18,3.0993,0.0,ModuleLED_Micro_8560,1.5,FAIL,-2.2741,1.0,3.18,0.8252,202.67
🏭 Industrial,TP-0231,TGP40000SF-0.020-01-0406-NA,Bergquist Company,"Thermal Interface Products GAP PAD, Sil-Free, 40W/m-K, 4 x 6"" Sheet, Tacky Pad, 0.020"" Thickness, Thermexit",Thermal Pad,93881.76,0.0124,100.0,ModuleLED_Micro_8560,1.5,PASS,0.8127,40.0,0.51,0.8252,77.12
🏆 Best Value,TP-0232,TG-A6200-310-310-0.5,t-Global Technology,Thermal Pad Blue 310.00mm x 310.00mm Square Tacky - Both Sides,Thermal Pad,23.46,0.0785,100.0,ModuleLED_Micro_8560,1.5,PASS,0.7466,6.2,0.5,0.8252,79.81
✅ Standard,TP-0233,PLX-1-3-210X310-30,Wakefield Thermal,"Thermal Interface Products ulTIMiFlux Gap Pad, Silicone, 1mm Thickness, 3 W/m-K, 210x310mm, Blue",Thermal Pad,35.0,0.3247,100.0,ModuleLED_Micro_8560,1.5,PASS,0.5005,3.0,1.0,0.8252,89.84
✅ Standard,TP-0234,TG-A1660-100-100-1.0,t-Global Technology,Thermal Pad Gray 100.00mm x 100.00mm Square,Thermal Pad,240.34,0.0587,100.0,ModuleLED_Micro_8560,1.5,PASS,0.7664,16.6,1.0,0.8252,79.0
✅ Standard,TP-0235,A10080-01,Laird Technologies - Thermal Materials,Thermal Pad Blue 203.20mm x 203.20mm Square,Thermal Pad,58.38,0.0829,100.0,ModuleLED_Micro_8560,1.5,PASS,0.7422,6.0,0.51,0.8252,79.99
✅ Standard,TP-0236,PL-1-12-76X127-75,Wakefield Thermal Solutions,Thermal Pad Gray 127.00mm x 76.20mm Rectangular Tacky - One Side,Thermal Pad,255.64,0.0813,100.0,ModuleLED_Micro_8560,1.5,PASS,0.7439,12.0,1.0,0.8252,79.91
✅ Standard,TP-0237,62-04-0909-A579,Parker Chomerics,Thermal Pad Pink 228.60mm x 228.60mm Square Adhesive - One Side,Thermal Pad,48.16,0.3312,100.0,ModuleLED_Micro_8560,1.5,PASS,0.4939,3.0,1.02,0.8252,90.11
✅ Standard,TP-0238,TG-A4500-310-310-1.0,t-Global Technology,Thermal Pad Purple 310.00mm x 310.00mm Square Tacky - Both Sides,Thermal Pad,26.2,0.2166,100.0,ModuleLED_Micro_8560,1.5,PASS,0.6086,4.5,1.0,0.8252,85.45
✅ Standard,TP-0239,5519 210 MM X 155 MM X 2.0 MM,3M,Thermal Pad Gray 210.00mm x 155.00mm Rectangular Tacky - Both Sides,Thermal Pad,78.16,0.3998,100.0,ModuleLED_Micro_8560,1.5,PASS,0.4253,4.9,2.01,0.8252,92.9
✅ Standard,TP-0240,A10538-17,Laird Technologies - Thermal Materials,Thermal Pad White 228.60mm x 228.60mm Square Tacky - Both Sides,Thermal Pad,48.86,0.1656,100.0,ModuleLED_Micro_8560,1.5,PASS,0.6596,3.0,0.51,0.8252,83.35
✅ Standard,TP-0241,TG-A1250-100-100-3.0,t-Global Technology,Thermal Pad Green 100.00mm x 100.00mm Square,Thermal Pad,258.03,0.2341,100.0,ModuleLED_Micro_8560,1.5,PASS,0.5911,12.5,3.0,0.8252,86.15
✅ Standard,TP-0242,GPHC5.0-0.020-02-0816,Bergquist,Thermal Pad Gray 406.40mm x 203.20mm Rectangular Tacky - Both Sides,Thermal Pad,32.86,0.0994,100.0,ModuleLED_Micro_8560,1.5,PASS,0.7257,5.0,0.51,0.8252,80.66
✅ Standard,TP-0243,A17690-06,Laird Technologies - Thermal Materials,Thermal Pad Pink 228.60mm x 228.60mm Square Tacky - One Side,Thermal Pad,53.1,0.2961,100.0,ModuleLED_Micro_8560,1.5,PASS,0.529,5.0,1.52,0.8252,88.67
✅ Standard,TP-0244,A12619-01,Laird Technologies - Thermal Materials,Thermal Pad Blue-Violet 228.60mm x 228.60mm Square Tacky - Both Sides,Thermal Pad,54.66,0.4128,100.0,ModuleLED_Micro_8560,1.5,PASS,0.4123,3.0,1.27,0.8252,93.41
✅ Standard,TP-0245,TG-A1250-150-150-1.5,t-Global Technology,Thermal Pad Green 150.00mm x 150.00mm Square,Thermal Pad,129.2,0.117,100.0,ModuleLED_Micro_8560,1.5,PASS,0.7082,12.5,1.5,0.8252,81.38
✅ Standard,TP-0246,5549S 210 MM X 155MM X 1.5MM,3M,Thermal Pad Gray 210.00mm x 155.00mm Rectangular Tacky - One Side,Thermal Pad,89.69,0.4174,100.0,ModuleLED_Micro_8560,1.5,PASS,0.4078,3.5,1.5,0.8252,93.6
✅ Standard,TP-0247,A16104-10,Laird Technologies - Thermal Materials,Thermal Pad Gray 228.60mm x 228.60mm Square Tacky - Both Sides,Thermal Pad,55.94,0.8257,51.1,ModuleLED_Micro_8560,1.5,FAIL,-0.0005,3.0,2.54,0.8252,110.22
✅ Standard,TP-0248,A17653-07,Laird Technologies - Thermal Materials,Thermal Pad Pink 228.60mm x 228.60mm Square Tacky - Both Sides,Thermal Pad,56.36,0.3474,100.0,ModuleLED_Micro_8560,1.5,PASS,0.4778,5.0,1.78,0.8252,90.75
✅ Standard,TP-0249,PLX-1-12-76X127-58,Wakefield Thermal,"Thermal Interface Products ulTIMiFlux Gap Pad, Silicone, 1mm Thickness, 12 W/mK, 76x127mm, Grey",Thermal Pad,310.93,0.0814,100.0,ModuleLED_Micro_8560,1.5,PASS,0.7438,12.0,1.0,0.8252,79.92
✅ Standard,TP-0250,PLF-1-8-76X127-70,Wakefield Thermal,"Thermal Interface Products ulTIMiFlux Gap Pad, Silicone-Free, 1mm Thickness, 8 W/mK, 76.2x127mm, Grey",Thermal Pad,311.81,0.1218,100.0,ModuleLED_Micro_8560,1.5,PASS,0.7034,8.0,1.0,0.8252,81.57
✅ Standard,TP-0251,TGP7000ULM-0.040-02-0808,Bergquist Company,"Thermal Interface Products GAP PAD, 7W/m-K, 8"" x 8"" Sheet, 0.040"" Thickness, TGP7000ULM, IDH 2261480",Thermal Pad,74.44,0.1419,100.0,ModuleLED_Micro_8560,1.5,PASS,0.6832,7.0,1.02,0.8252,82.39
✅ Standard,TP-0252,TG-A1780-125-125-0.5,t-Global Technology,Thermal Pad Gray 125.00mm x 125.00mm Square,Thermal Pad,198.9,0.0271,100.0,ModuleLED_Micro_8560,1.5,PASS,0.798,18.0,0.5,0.8252,77.71
✅ Standard,TP-0253,TG-A1250-250-250-0.5,t-Global Technology,Thermal Pad Green 250.00mm x 250.00mm Square,Thermal Pad,49.93,0.039,100.0,ModuleLED_Micro_8560,1.5,PASS,0.7862,12.5,0.5,0.8252,78.2
✅ Standard,TP-0254,A12620-34,Laird Technologies - Thermal Materials,Thermal Pad Blue-Violet 228.60mm x 228.60mm Square Tacky - One Side,Thermal Pad,59.93,0.4948,100.0,ModuleLED_Micro_8560,1.5,PASS,0.3303,3.0,1.52,0.8252,96.75
✅ Standard,TP-0255,A17883-04,Laird Technologies - Thermal Materials,Thermal Pad Teal 228.60mm x 228.60mm Square,Thermal Pad,61.12,0.1658,100.0,ModuleLED_Micro_8560,1.5,PASS,0.6594,6.0,1.02,0.8252,83.36
✅ Standard,TP-0256,TGP7000ULM-0.020-02-0808,Bergquist Company,"Thermal Interface Products GAP PAD, 7W/m-K, 8"" x 8"" Sheet, 0.020"" Thickness, TGP7000ULM, IDH 2563017",Thermal Pad,81.03,0.071,100.0,ModuleLED_Micro_8560,1.5,PASS,0.7541,7.0,0.51,0.8252,79.5
✅ Standard,TP-0257,TG-A1450-100-100-2.0,t-Global Technology,Thermal Pad Red 100.00mm x 100.00mm Square,Thermal Pad,335.9,0.1352,100.0,ModuleLED_Micro_8560,1.5,PASS,0.6899,14.5,2.01,0.8252,82.12
✅ Standard,TP-0258,GPHC5.0-0.060-02-0816,Bergquist,Thermal Pad Gray 406.40mm x 203.20mm Rectangular Tacky - Both Sides,Thermal Pad,42.47,0.2964,100.0,ModuleLED_Micro_8560,1.5,PASS,0.5288,5.0,1.52,0.8252,88.69
✅ Standard,TP-0259,TG-A6200-310-310-1.0,t-Global Technology,Thermal Pad Blue 310.00mm x 310.00mm Square Tacky - Both Sides,Thermal Pad,36.84,0.1573,100.0,ModuleLED_Micro_8560,1.5,PASS,0.6679,6.2,1.0,0.8252,83.01
✅ Standard,TP-0260,A18213-04,Laird Technologies - Thermal Materials,Thermal Pad Gray 229.00mm x 229.00mm Square,Thermal Pad,68.55,0.0974,100.0,ModuleLED_Micro_8560,1.5,PASS,0.7277,10.0,1.0,0.8252,80.57
🏆 Best Value,TP-0261,A18171-05,Laird Technologies - Thermal Materials,Thermal Pad Gray 457.20mm x 457.20mm Square Tacky - Both Sides,Thermal Pad,17.39,0.0156,100.0,ModuleLED_Micro_8560,1.5,PASS,0.8096,7.5,0.12,0.8252,77.25
✅ Standard,TP-0262,61-06-0909-G579,Parker Chomerics,Thermal Pad Pink 228.60mm x 228.60mm Square,Thermal Pad,70.94,0.4937,100.0,ModuleLED_Micro_8560,1.5,PASS,0.3314,3.0,1.52,0.8252,96.74
🏆 Best Value,TP-0263,A18171-08,Laird Technologies - Thermal Materials,Thermal Pad Gray 457.20mm x 457.20mm Square Tacky - Both Sides,Thermal Pad,17.99,0.026,100.0,ModuleLED_Micro_8560,1.5,PASS,0.7992,7.5,0.2,0.8252,77.67
✅ Standard,TP-0264,TG-A1250-150-150-2.0,t-Global Technology,Thermal Pad Green 150.00mm x 150.00mm Square,Thermal Pad,168.82,0.1568,100.0,ModuleLED_Micro_8560,1.5,PASS,0.6684,12.5,2.01,0.8252,82.99
✅ Standard,TP-0265,PLX-1-5-210X310-40,Wakefield Thermal,"Thermal Interface Products ulTIMiFlux Gap Pad, Silicone, 1mm Thickness, 5 W/m-K, 210x310mm, Grey",Thermal Pad,58.8,0.195,100.0,ModuleLED_Micro_8560,1.5,PASS,0.6302,5.0,1.0,0.8252,84.56
✅ Standard,TP-0266,61-06-1015-PAD60,Parker Chomerics,Thermal Pad Green 381.00mm x 254.00mm Rectangular,Thermal Pad,40.12,0.2472,100.0,ModuleLED_Micro_8560,1.5,PASS,0.578,6.0,1.52,0.8252,86.66
✅ Standard,TP-0267,COH-4000LVC-400-05,Taica North America Corporation,Thermal Pad Gray 400.00mm x 400.00mm Square Tacky - Both Sides,Thermal Pad,24.51,0.2161,100.0,ModuleLED_Micro_8560,1.5,PASS,0.6091,2.3,0.51,0.8252,85.4
✅ Standard,TP-0268,A17883-06,Laird Technologies - Thermal Materials,Thermal Pad Teal 228.60mm x 228.60mm Square,Thermal Pad,75.74,0.2473,100.0,ModuleLED_Micro_8560,1.5,PASS,0.5779,6.0,1.52,0.8252,86.69
✅ Standard,TP-0269,62-06-0909-A579,Parker Chomerics,Thermal Pad Pink 228.60mm x 228.60mm Square Adhesive - One Side,Thermal Pad,77.26,0.4946,100.0,ModuleLED_Micro_8560,1.5,PASS,0.3306,3.0,1.52,0.8252,96.75
🏆 Best Value,TP-0270,A11809-02,Laird Technologies - Thermal Materials,Thermal Pad Yellow 457.20mm x 457.20mm Square Tacky - Both Sides,Thermal Pad,19.41,0.181,100.0,ModuleLED_Micro_8560,1.5,PASS,0.6441,0.7,0.13,0.8252,84.0
🏆 Best Value,TP-0271,A18171-10,Laird Technologies - Thermal Materials,Thermal Pad Gray 457.20mm x 457.20mm Square Tacky - Both Sides,Thermal Pad,19.59,0.0325,100.0,ModuleLED_Micro_8560,1.5,PASS,0.7926,7.5,0.25,0.8252,77.93
✅ Standard,TP-0272,A10233-30,Laird Technologies - Thermal Materials,Thermal Pad White 228.60mm x 228.60mm Square Tacky - Both Sides,Thermal Pad,81.29,0.3314,100.0,ModuleLED_Micro_8560,1.5,PASS,0.4938,3.0,1.02,0.8252,90.11
✅ Standard,TP-0273,A17156-06,Laird Technologies - Thermal Materials,Thermal Pad Pink 457.20mm x 457.20mm Square Tacky - Both Sides,Thermal Pad,21.01,0.5492,100.0,ModuleLED_Micro_8560,1.5,PASS,0.2759,2.7,1.52,0.8252,99.01
✅ Standard,TP-0274,61-08-0909-G579,Parker Chomerics,Thermal Pad Pink 228.60mm x 228.60mm Square,Thermal Pad,85.5,0.6589,100.0,ModuleLED_Micro_8560,1.5,PASS,0.1662,3.0,2.03,0.8252,103.44
✅ Standard,TP-0275,TGP6000ULM-0.040-12-0816,Bergquist Company,"Thermal Interface Products GAP PAD, 6W/m-K, 8"" x 16"" Sheet, 0.040"" Thickness, TGP6000ULM, IDH 2195666",Thermal Pad,54.22,0.1657,100.0,ModuleLED_Micro_8560,1.5,PASS,0.6595,6.0,1.02,0.8252,83.36
🏆 Best Value,TP-0276,A18171-16,Laird Technologies - Thermal Materials,Thermal Pad Gray 457.20mm x 457.20mm Square Tacky - Both Sides,Thermal Pad,21.48,0.0521,100.0,ModuleLED_Micro_8560,1.5,PASS,0.7731,7.5,0.4,0.8252,78.72
✅ Standard,TP-0277,61-04-1015-PAD80G,Parker Chomerics,Thermal Pad Dark Gray 381.00mm x 254.00mm Rectangular,Thermal Pad,48.56,0.1195,100.0,ModuleLED_Micro_8560,1.5,PASS,0.7056,8.3,1.02,0.8252,81.48
✅ Standard,TP-0278,61-08-1015-PAD60,Parker Chomerics,Thermal Pad Green 381.00mm x 254.00mm Rectangular,Thermal Pad,49.62,0.3296,100.0,ModuleLED_Micro_8560,1.5,PASS,0.4956,6.0,2.03,0.8252,90.02
✅ Standard,TP-0279,A12624-01,Laird Technologies - Thermal Materials,Thermal Pad Blue-Violet 228.60mm x 228.60mm Square Tacky - Both Sides,Thermal Pad,92.08,0.8253,52.25,ModuleLED_Micro_8560,1.5,FAIL,-0.0001,3.0,2.54,0.8252,110.24
✅ Standard,TP-0280,A18213-06,Laird Technologies - Thermal Materials,Thermal Pad Gray 229.00mm x 229.00mm Square,Thermal Pad,91.8,0.1464,100.0,ModuleLED_Micro_8560,1.5,PASS,0.6787,10.0,1.5,0.8252,82.56
🏆 Best Value,TP-0281,A12616-08,Laird Technologies - Thermal Materials,Thermal Pad Blue-Violet 457.20mm x 457.20mm Square Tacky - Both Sides,Thermal Pad,23.67,0.1657,100.0,ModuleLED_Micro_8560,1.5,PASS,0.6595,3.0,0.51,0.8252,83.36
🏆 Best Value,TP-0282,A10832-09,Laird Technologies - Thermal Materials,Thermal Pad Yellow 457.20mm x 457.20mm Square Tacky - Both Sides,Thermal Pad,23.79,0.1108,100.0,ModuleLED_Micro_8560,1.5,PASS,0.7143,2.2,0.25,0.8252,81.12
✅ Standard,TP-0283,A15896-05,Laird Technologies - Thermal Materials,Thermal Pad Gray 228.60mm x 228.60mm Square Tacky - Both Sides,Thermal Pad,96.88,0.2475,100.0,ModuleLED_Micro_8560,1.5,PASS,0.5776,5.0,1.27,0.8252,86.7
🏆 Best Value,TP-0284,A15726-00,Laird Technologies - Thermal Materials,Thermal Pad Gray 457.20mm x 457.20mm Square Tacky - Both Sides,Thermal Pad,24.32,0.0641,100.0,ModuleLED_Micro_8560,1.5,PASS,0.761,3.8,0.25,0.8252,79.22
✅ Standard,TP-0285,TG-A1450-250-250-0.5,t-Global Technology,Thermal Pad Red 250.00mm x 250.00mm Square,Thermal Pad,82.36,0.0336,100.0,ModuleLED_Micro_8560,1.5,PASS,0.7915,14.5,0.5,0.8252,77.98
✅ Standard,TP-0286,TGP7000ULM-0.060-02-0808,Bergquist Company,"Thermal Interface Products GAP PAD, 7W/m-K, 8"" x 8"" Sheet, 0.060"" Thickness, TGP7000ULM, IDH 2474875",Thermal Pad,125.02,0.2116,100.0,ModuleLED_Micro_8560,1.5,PASS,0.6135,7.0,1.52,0.8252,85.22
✅ Standard,TP-0287,A17752-04,Laird Technologies - Thermal Materials,Thermal Pad Gray 228.60mm x 228.60mm Square Tacky - Both Sides,Thermal Pad,98.92,0.1325,100.0,ModuleLED_Micro_8560,1.5,PASS,0.6927,7.5,1.02,0.8252,82.01
✅ Standard,TP-0288,61-10-0808-T500,Parker Chomerics,Thermal Pad Green 203.20mm x 203.20mm Square,Thermal Pad,126.07,0.116,100.0,ModuleLED_Micro_8560,1.5,PASS,0.7091,2.1,0.25,0.8252,81.34
✅ Standard,TP-0289,61-06-1015-PAD80G,Parker Chomerics,Thermal Pad Dark Gray 381.00mm x 254.00mm Rectangular,Thermal Pad,53.86,0.1788,100.0,ModuleLED_Micro_8560,1.5,PASS,0.6463,8.3,1.52,0.8252,83.89
✅ Standard,TP-0290,62-10-0909-A579,Parker Chomerics,Thermal Pad Pink 228.60mm x 228.60mm Square Adhesive - One Side,Thermal Pad,101.5,0.8257,51.35,ModuleLED_Micro_8560,1.5,FAIL,-0.0005,3.0,2.54,0.8252,110.15
✅ Standard,TP-0291,SPA2000-0.015-00-1012-NA,Bergquist,Thermal Pad White 304.80mm x 254.00mm Rectangular,Thermal Pad,68.87,0.1234,100.0,ModuleLED_Micro_8560,1.5,PASS,0.7017,3.0,0.38,0.8252,81.63
✅ Standard,TP-0292,A18444-04,Laird Technologies - Thermal Materials,Thermal Pad Gray 228.60mm x 228.60mm Square,Thermal Pad,102.3,0.1326,100.0,ModuleLED_Micro_8560,1.5,PASS,0.6926,7.5,1.02,0.8252,82.01
✅ Standard,TP-0293,GPHC3.0-0.125-02-0816,Bergquist,Thermal Pad Blue 406.40mm x 203.20mm Rectangular Tacky - Both Sides,Thermal Pad,64.91,1.0344,0.0,ModuleLED_Micro_8560,1.5,FAIL,-0.2092,3.0,3.18,0.8252,118.84
✅ Standard,TP-0294,62-03-1015-PAD80A,Parker Chomerics,Thermal Pad Dark Gray 381.00mm x 254.00mm Rectangular Adhesive - One Side,Thermal Pad,57.11,0.0893,100.0,ModuleLED_Micro_8560,1.5,PASS,0.7358,8.3,0.76,0.8252,80.24
✅ Standard,TP-0295,GPTGP7000ULM-0.100-02-0808,Bergquist,Thermal Pad Gray 203.20mm x 203.20mm Square Tacky - Both Sides,Thermal Pad,133.96,0.3541,100.0,ModuleLED_Micro_8560,1.5,PASS,0.471,7.0,2.54,0.8252,91.04
✅ Standard,TP-0296,61-10-0909-G579,Parker Chomerics,Thermal Pad Pink 228.60mm x 228.60mm Square,Thermal Pad,106.46,0.8257,50.89,ModuleLED_Micro_8560,1.5,FAIL,-0.0006,3.0,2.54,0.8252,110.24
✅ Standard,TP-0297,62-04-1015-PAD80A,Parker Chomerics,Thermal Pad Dark Gray 381.00mm x 254.00mm Rectangular Adhesive - One Side,Thermal Pad,57.89,0.1199,100.0,ModuleLED_Micro_8560,1.5,PASS,0.7053,8.3,1.02,0.8252,81.49
🏭 Industrial,TP-0298,TGP 40000SF-0.040-00-0606,Bergquist Company,"Thermal Interface Products GAP PAD, Sil-Free, 40W/m-K, 6x6"" Sheet, 0.040"" Thickness, Thermexit, IDH 2972782",Thermal Pad,158978.32,0.0248,100.0,ModuleLED_Micro_8560,1.5,PASS,0.8003,40.0,1.02,0.8252,77.62
✅ Standard,TP-0299,A10235-31,Laird Technologies - Thermal Materials,Thermal Pad White 228.60mm x 228.60mm Square Tacky - Both Sides,Thermal Pad,111.51,0.495,100.0,ModuleLED_Micro_8560,1.5,PASS,0.3301,3.0,1.52,0.8252,96.76
✅ Standard,TP-0300,TGP12000ULM-0.040-00-0808,Bergquist Company,"Thermal Interface Products GAP PAD, 12W/m-K, Ultra-Low Modulus, 8""x8"" Sheet, 0.040"" Thickness, TGP12000ULM",Thermal Pad,142.53,0.0828,100.0,ModuleLED_Micro_8560,1.5,PASS,0.7424,12.0,1.02,0.8252,79.98
🏆 Best Value,TP-0301,A18500-01,Laird Technologies - Thermal Materials,Thermal Pad White 431.80mm x 431.80mm Rectangular,Thermal Pad,31.82,0.0487,100.0,ModuleLED_Micro_8560,1.5,PASS,0.7765,5.0,0.25,0.8252,78.59
✅ Standard,TP-0302,A18213-08,Laird Technologies - Thermal Materials,Thermal Pad Gray 229.00mm x 229.00mm Square,Thermal Pad,114.73,0.1919,100.0,ModuleLED_Micro_8560,1.5,PASS,0.6332,10.2,2.01,0.8252,84.43
✅ Standard,TP-0303,GP3000S30-0.125-02-0816,Bergquist,Thermal Pad Blue 406.40mm x 203.20mm Rectangular Tacky - Both Sides,Thermal Pad,73.13,1.0349,0.0,ModuleLED_Micro_8560,1.5,FAIL,-0.2098,3.0,3.18,0.8252,118.63
✅ Standard,TP-0304,A17752-05,Laird Technologies - Thermal Materials,Thermal Pad Gray 228.60mm x 228.60mm Square Tacky - Both Sides,Thermal Pad,115.75,0.1625,100.0,ModuleLED_Micro_8560,1.5,PASS,0.6626,7.5,1.25,0.8252,83.23
✅ Standard,TP-0305,GPHC5.0-0.100-02-0816,Bergquist,Thermal Pad Gray 406.40mm x 203.20mm Rectangular Tacky - Both Sides,Thermal Pad,73.31,0.4948,100.0,ModuleLED_Micro_8560,1.5,PASS,0.3304,5.0,2.54,0.8252,96.79
✅ Standard,TP-0306,TGP6000ULM-0.060-12-0816,Bergquist Company,"Thermal Interface Products GAP PAD, 6W/m-K, 8"" x 16"" Sheet, 0.060"" Thickness, TGP6000ULM, IDH 2195667",Thermal Pad,75.23,0.2471,100.0,ModuleLED_Micro_8560,1.5,PASS,0.578,6.0,1.52,0.8252,86.68
✅ Standard,TP-0307,TGP7000ULM-0.080-02-0808,Bergquist Company,"Thermal Interface Products GAP PAD, 7W/m-K, 8"" x 8"" Sheet, 0.080"" Thickness, TGP7000ULM, IDH 2474885",Thermal Pad,152.13,0.2829,100.0,ModuleLED_Micro_8560,1.5,PASS,0.5422,7.0,2.03,0.8252,88.16
🏭 Industrial,TP-0308,TGP40000SF-0.040-01-0606-NA,Bergquist Company,"Thermal Interface Products GAP PAD, Sil-Free, 40W/m-K, 6 x 6"" Sheet, Tacky Pad, 0.040"" Thickness, Thermexit",Thermal Pad,174885.44,0.0249,100.0,ModuleLED_Micro_8560,1.5,PASS,0.8003,40.0,1.02,0.8252,77.62
✅ Standard,TP-0309,A17536-04,Laird Technologies - Thermal Materials,Thermal Pad Pink 457.20mm x 457.20mm Square Tacky - Both Sides,Thermal Pad,31.26,0.199,100.0,ModuleLED_Micro_8560,1.5,PASS,0.6262,5.0,1.02,0.8252,84.72
✅ Standard,TP-0310,A17690-13,Laird Technologies - Thermal Materials,Thermal Pad Pink 228.60mm x 228.60mm Square Tacky - One Side,Thermal Pad,125.05,0.6444,100.0,ModuleLED_Micro_8560,1.5,PASS,0.1808,5.0,3.3,0.8252,102.81
✅ Standard,TP-0311,TG-A1780-150-150-0.8,t-Global Technology,Thermal Pad Gray 150.00mm x 150.00mm Square,Thermal Pad,297.55,0.0433,100.0,ModuleLED_Micro_8560,1.5,PASS,0.7819,17.8,0.79,0.8252,78.37
✅ Standard,TP-0312,61-15-0808-1671,Parker Chomerics,Thermal Pad White 203.20mm x 203.20mm Square,Thermal Pad,163.25,0.1424,100.0,ModuleLED_Micro_8560,1.5,PASS,0.6828,2.6,0.38,0.8252,82.41
✅ Standard,TP-0313,A12617-25,Laird Technologies - Thermal Materials,Thermal Pad Blue-Violet 457.20mm x 457.20mm Square Tacky - Both Sides,Thermal Pad,32.91,0.2468,100.0,ModuleLED_Micro_8560,1.5,PASS,0.5783,3.0,0.76,0.8252,86.66
✅ Standard,TP-0314,SuperThermal-B132-10-02-1500-1500,Aavid,"Thermal Interface Products SuperThermal Pad, 13.2 W/mK Conductivity, 1mm Thick, 2-Side Adhesive, 150x150mm",Thermal Pad,306.64,0.0739,100.0,ModuleLED_Micro_8560,1.5,PASS,0.7512,13.2,1.0,0.8252,79.62
✅ Standard,TP-0315,A17752-06,Laird Technologies - Thermal Materials,Thermal Pad Gray 228.60mm x 228.60mm Square Tacky - Both Sides,Thermal Pad,132.45,0.1951,100.0,ModuleLED_Micro_8560,1.5,PASS,0.63,7.5,1.5,0.8252,84.55
✅ Standard,TP-0316,62-15-0808-1671,Parker Chomerics,Thermal Pad White 203.20mm x 203.20mm Square,Thermal Pad,168.39,0.1424,100.0,ModuleLED_Micro_8560,1.5,PASS,0.6827,2.6,0.38,0.8252,82.41
✅ Standard,TP-0317,TG-A1660-250-250-0.5,t-Global Technology,Thermal Pad Gray 250.00mm x 250.00mm Square,Thermal Pad,112.34,0.0294,100.0,ModuleLED_Micro_8560,1.5,PASS,0.7958,16.6,0.5,0.8252,77.81
🏭 Industrial,TP-0318,TGP 40000SF-0.060-00-0606,Bergquist Company,"Thermal Interface Products GAP PAD, Sil-Free, 40W/m-K, 6x6"" Sheet, 0.060"" Thickness, Thermexit, IDH 2972780",Thermal Pad,195875.18,0.037,100.0,ModuleLED_Micro_8560,1.5,PASS,0.7882,40.0,1.52,0.8252,78.12
✅ Standard,TP-0319,TGP12000ULM-0.060-00-0808,Bergquist Company,"Thermal Interface Products GAP PAD, 12W/m-K, Ultra-Low Modulus, 8""x8"" Sheet, 0.060"" Thickness, TGP12000ULM",Thermal Pad,175.62,0.1235,100.0,ModuleLED_Micro_8560,1.5,PASS,0.7016,12.0,1.52,0.8252,81.64
✅ Standard,TP-0320,A10237-21,Laird Technologies - Thermal Materials,Thermal Pad White 228.60mm x 228.60mm Square Tacky - Both Sides,Thermal Pad,142.96,0.6598,100.0,ModuleLED_Micro_8560,1.5,PASS,0.1654,3.0,2.03,0.8252,103.5
✅ Standard,TP-0321,61-08-1015-PAD80G,Parker Chomerics,Thermal Pad Dark Gray 381.00mm x 254.00mm Rectangular,Thermal Pad,78.1,0.2381,100.0,ModuleLED_Micro_8560,1.5,PASS,0.587,8.3,2.03,0.8252,86.32
✅ Standard,TP-0322,2722287,Bergquist Company,"Thermal Interface Products GAP PAD, 12 W/m-K, Ultra-Low Modulus, 8"" x 8"" Sheet, 0.040"" Thickness",Thermal Pad,186.02,0.083,100.0,ModuleLED_Micro_8560,1.5,PASS,0.7421,12.0,1.02,0.8252,80.0
🏭 Industrial,TP-0323,TGP40000SF-0.060-01-0606-NA,Bergquist Company,"Thermal Interface Products GAP PAD, Sil-Free, 40W/m-K, 6 x 6"" Sheet, Tacky Pad, 0.060"" Thickness, Thermexit",Thermal Pad,215470.9,0.037,100.0,ModuleLED_Micro_8560,1.5,PASS,0.7881,40.0,1.52,0.8252,78.12
✅ Standard,TP-0324,GP7000ULM-0.100-02-0808,Bergquist Company,"Thermal Interface Products GAP PAD, Silicone Thermal Interface, 7 W/m-K Thermal Conductivity, Ultra-Low Modulus, 8"" x 8"" Sheet, 0.100"" Thickness, GAP PAD TGP 7000ULM Series, IDH 2474876",Thermal Pad,190.29,0.3538,100.0,ModuleLED_Micro_8560,1.5,PASS,0.4713,7.0,2.54,0.8252,91.01
✅ Standard,TP-0325,A10833-06,Laird Technologies - Thermal Materials,Thermal Pad Yellow 457.20mm x 457.20mm Square Tacky - Both Sides,Thermal Pad,38.32,0.2261,100.0,ModuleLED_Micro_8560,1.5,PASS,0.5991,2.2,0.51,0.8252,85.81
✅ Standard,TP-0326,SP2000-0.020-00-1212,Bergquist,Thermal Pad White 304.80mm x 304.80mm Square,Thermal Pad,87.36,0.1423,100.0,ModuleLED_Micro_8560,1.5,PASS,0.6829,3.5,0.51,0.8252,82.38
✅ Standard,TP-0327,TG-A1250-310-310-1.0,t-Global Technology,Thermal Pad Green 310.00mm x 310.00mm Square,Thermal Pad,85.56,0.0781,100.0,ModuleLED_Micro_8560,1.5,PASS,0.7471,12.5,1.0,0.8252,79.79
✅ Standard,TP-0328,TG-A1780-150-150-1.0,t-Global Technology,Thermal Pad Gray 150.00mm x 150.00mm Square,Thermal Pad,366.04,0.0547,100.0,ModuleLED_Micro_8560,1.5,PASS,0.7704,17.8,1.0,0.8252,78.84
✅ Standard,TP-0329,TGP10000ULM-0.040-02-0808,Bergquist Company,"Thermal Interface Products GAP PAD, 10W/m-K, 8"" x 8"" Sheet, 0.040"" Thickness, TGP10000ULM, IDH 2591008",Thermal Pad,200.96,0.0995,100.0,ModuleLED_Micro_8560,1.5,PASS,0.7257,10.0,1.02,0.8252,80.67
🏭 Industrial,TP-0330,TGP 40000SF-0.080-00-0606,Bergquist Company,"Thermal Interface Products GAP PAD, Sil-Free, 40W/m-K, 6x6"" Sheet, 0.080"" Thickness, Thermexit, IDH 2972781",Thermal Pad,232994.75,0.0494,100.0,ModuleLED_Micro_8560,1.5,PASS,0.7757,40.0,2.03,0.8252,78.62
✅ Standard,TP-0331,A17752-08,Laird Technologies - Thermal Materials,Thermal Pad Gray 228.60mm x 228.60mm Square Tacky - Both Sides,Thermal Pad,165.49,0.2608,100.0,ModuleLED_Micro_8560,1.5,PASS,0.5644,7.5,2.01,0.8252,87.26
✅ Standard,TP-0332,TGP12000ULM-0.080-00-0808,Bergquist Company,"Thermal Interface Products GAP PAD, 12W/m-K, Ultra-Low Modulus, 8""x8"" Sheet, 0.080"" Thickness, TGP12000ULM",Thermal Pad,213.63,0.1648,100.0,ModuleLED_Micro_8560,1.5,PASS,0.6603,12.0,2.03,0.8252,83.33
🏭 Industrial,TP-0333,TGP40000SF-0.080-01-0606-NA,Bergquist Company,"Thermal Interface Products GAP PAD, Sil-Free, 40W/m-K, 6 x 6"" Sheet, Tacky Pad, 0.080"" Thickness, Thermexit",Thermal Pad,253603.4,0.0494,100.0,ModuleLED_Micro_8560,1.5,PASS,0.7758,40.0,2.03,0.8252,78.62
✅ Standard,TP-0334,62-08-1015-PAD80A,Parker Chomerics,Thermal Pad Dark Gray 381.00mm x 254.00mm Rectangular Adhesive - One Side,Thermal Pad,94.84,0.2387,100.0,ModuleLED_Micro_8560,1.5,PASS,0.5865,8.3,2.03,0.8252,86.32
✅ Standard,TP-0335,A18213-10,Laird Technologies - Thermal Materials,Thermal Pad Gray 229.00mm x 229.00mm Square,Thermal Pad,179.49,0.2436,100.0,ModuleLED_Micro_8560,1.5,PASS,0.5816,10.0,2.5,0.8252,86.54
✅ Standard,TP-0336,2722288,Bergquist Company,"Thermal Interface Products GAP PAD, 12 W/m-K, Ultra-Low Modulus, 8"" x 8"" Sheet, 0.060"" Thickness",Thermal Pad,228.07,0.1235,100.0,ModuleLED_Micro_8560,1.5,PASS,0.7016,12.0,1.52,0.8252,81.63
✅ Standard,TP-0337,TGP7000ULM-0.125-02-0808,Bergquist Company,"Thermal Interface Products GAP PAD, 7W/m-K, 8"" x 8"" Sheet, 0.125"" Thickness, TGP7000ULM, IDH 2474886",Thermal Pad,233.28,0.4431,100.0,ModuleLED_Micro_8560,1.5,PASS,0.3821,7.0,3.18,0.8252,94.62
✅ Standard,TP-0338,GP3004SF-0.040-01-0918,Bergquist,Thermal Pad Gray 457.20mm x 228.60mm Rectangular Tacky - One Side,Thermal Pad,98.35,0.3313,100.0,ModuleLED_Micro_8560,1.5,PASS,0.4939,3.0,1.02,0.8252,90.1
🏭 Industrial,TP-0339,TGP 40000SF-0.100-00-0606,Bergquist Company,"Thermal Interface Products GAP PAD, Sil-Free, 40W/m-K, 6x6"" Sheet, 0.100"" Thickness, Thermexit, IDH 2964639",Thermal Pad,287601.3,0.0619,100.0,ModuleLED_Micro_8560,1.5,PASS,0.7632,40.0,2.54,0.8252,79.13
❌ Avoid,TP-0340,A14428-01,Laird Technologies - Thermal Materials,Thermal Pad Blue-Violet 228.60mm x 228.60mm Square Tacky - One Side,Thermal Pad,201.4,1.6525,0.0,ModuleLED_Micro_8560,1.5,FAIL,-0.8273,3.0,5.08,0.8252,143.88
✅ Standard,TP-0341,TGP6000ULM-0.080-12-0816,Bergquist Company,"Thermal Interface Products GAP PAD, 6W/m-K, 8"" x 16"" Sheet, 0.080"" Thickness, TGP6000ULM, IDH 2195669",Thermal Pad,128.08,0.3301,100.0,ModuleLED_Micro_8560,1.5,PASS,0.4951,6.0,2.03,0.8252,90.06
✅ Standard,TP-0342,TGP10000ULM-0.060-02-0808,Bergquist Company,"Thermal Interface Products GAP PAD, 10W/m-K, 8"" x 8"" Sheet, 0.060"" Thickness, TGP10000ULM, IDH 2591009",Thermal Pad,257.41,0.1483,100.0,ModuleLED_Micro_8560,1.5,PASS,0.6769,10.0,1.52,0.8252,82.64
🏭 Industrial,TP-0343,TGP40000SF-0.100-01-0606-NA,Bergquist Company,"Thermal Interface Products GAP PAD, Sil-Free, 40W/m-K, 6 x 6"" Sheet, Tacky Pad, 0.105"" Thickness, Thermexit",Thermal Pad,316349.34,0.0651,100.0,ModuleLED_Micro_8560,1.5,PASS,0.7601,40.0,2.67,0.8252,79.26
✅ Standard,TP-0344,2722289,Bergquist Company,"Thermal Interface Products GAP PAD, 12 W/m-K, Ultra-Low Modulus, 8"" x 8"" Sheet, 0.080"" Thickness",Thermal Pad,278.43,0.165,100.0,ModuleLED_Micro_8560,1.5,PASS,0.6602,12.0,2.03,0.8252,83.31
✅ Standard,TP-0345,TG-A1780-250-250-0.5,t-Global Technology,Thermal Pad Gray 250.00mm x 250.00mm Square,Thermal Pad,183.97,0.0271,100.0,ModuleLED_Micro_8560,1.5,PASS,0.7981,18.0,0.5,0.8252,77.71
✅ Standard,TP-0346,TG-A1780-150-150-1.5,t-Global Technology,Thermal Pad Gray 150.00mm x 150.00mm Square,Thermal Pad,533.9,0.0821,100.0,ModuleLED_Micro_8560,1.5,PASS,0.743,17.8,1.5,0.8252,79.96
✅ Standard,TP-0347,2214846,Bergquist,Thermal Pad Gray 406.40mm x 203.20mm Rectangular Tacky - Both Sides,Thermal Pad,147.17,0.5171,100.0,ModuleLED_Micro_8560,1.5,PASS,0.3081,6.0,3.18,0.8252,97.67
🏭 Industrial,TP-0348,TGP 40000SF-0.125-00-0606,Bergquist Company,"Thermal Interface Products GAP PAD, Sil-Free, 40W/m-K, 6x6"" Sheet, 0.125"" Thickness, Thermexit, IDH 2964638",Thermal Pad,344818.63,0.0776,100.0,ModuleLED_Micro_8560,1.5,PASS,0.7476,40.0,3.18,0.8252,79.77
✅ Standard,TP-0349,TGF30SF-07870787-039,Leader Tech Inc.,Thermal Pad Gray 199.90mm x 199.90mm Square Tacky - Both Sides,Thermal Pad,318.13,0.3216,100.0,ModuleLED_Micro_8560,1.5,PASS,0.5036,3.0,0.99,0.8252,89.7
✅ Standard,TP-0350,TGP6000ULM-0.100-12-0816,Bergquist Company,"Thermal Interface Products GAP PAD, 6W/m-K, 8"" x 16"" Sheet, 0.100"" Thickness, TGP6000ULM, IDH 2196912",Thermal Pad,157.23,0.4125,100.0,ModuleLED_Micro_8560,1.5,PASS,0.4126,6.0,2.54,0.8252,93.41
✅ Standard,TP-0351,TGP10000ULM-0.080-02-0808,Bergquist Company,"Thermal Interface Products GAP PAD, 10W/m-K, 8"" x 8"" Sheet, 0.080"" Thickness, TGP10000ULM, IDH 2591010",Thermal Pad,315.96,0.1977,100.0,ModuleLED_Micro_8560,1.5,PASS,0.6275,10.0,2.03,0.8252,84.68
🏭 Industrial,TP-0352,TGP40000SF-0.125-01-0606-NA,Bergquist Company,"Thermal Interface Products GAP PAD, Sil-Free, 40W/m-K, 6 x 6"" Sheet, Tacky Pad, 0.125"" Thickness, Thermexit",Thermal Pad,379290.26,0.0775,100.0,ModuleLED_Micro_8560,1.5,PASS,0.7476,40.0,3.18,0.8252,79.77
✅ Standard,TP-0353,2722290,Bergquist Company,"Thermal Interface Products GAP PAD, 12 W/m-K, Ultra-Low Modulus, 8"" x 8"" Sheet, 0.100"" Thickness",Thermal Pad,342.0,0.2063,100.0,ModuleLED_Micro_8560,1.5,PASS,0.6188,12.0,2.54,0.8252,85.02
✅ Standard,TP-0354,TG-A1250-310-310-2.0,t-Global Technology,Thermal Pad Green 310.00mm x 310.00mm Square,Thermal Pad,162.72,0.1569,100.0,ModuleLED_Micro_8560,1.5,PASS,0.6683,12.5,2.01,0.8252,83.01
✅ Standard,TP-0355,TG-A1780-150-150-2.0,t-Global Technology,Thermal Pad Gray 150.00mm x 150.00mm Square,Thermal Pad,698.59,0.1101,100.0,ModuleLED_Micro_8560,1.5,PASS,0.7151,17.8,2.01,0.8252,81.11
✅ Standard,TP-0356,TGP6000ULM-0.125-12-0816,Bergquist Company,"Thermal Interface Products GAP PAD, 6W/m-K, 8"" x 16"" Sheet, 0.125"" Thickness, TGP6000ULM, IDH 2214846",Thermal Pad,200.59,0.5168,100.0,ModuleLED_Micro_8560,1.5,PASS,0.3084,6.0,3.18,0.8252,97.62
✅ Standard,TP-0357,2722291,Bergquist Company,"Thermal Interface Products GAP PAD, 12 W/m-K, Ultra-Low Modulus, 8"" x 8"" Sheet, 0.120"" Thickness",Thermal Pad,435.61,0.2478,100.0,ModuleLED_Micro_8560,1.5,PASS,0.5774,12.0,3.05,0.8252,86.71
✅ Standard,TP-0358,TGP12000ULM-0.100-00-0808,Bergquist Company,"Thermal Interface Products GAP PAD, 12W/m-K, Ultra-Low Modulus, 8""x8"" Sheet, 0.100"" Thickness, TGP12000ULM",Thermal Pad,442.31,0.2063,100.0,ModuleLED_Micro_8560,1.5,PASS,0.6189,12.0,2.54,0.8252,85.01
✅ Standard,TP-0359,TGP12000ULM-0.125-00-0808,Bergquist Company,"Thermal Interface Products GAP PAD, 12W/m-K, Ultra-Low Modulus, 8""x8"" Sheet, 0.125"" Thickness, TGP12000ULM",Thermal Pad,453.59,0.2584,100.0,ModuleLED_Micro_8560,1.5,PASS,0.5668,12.0,3.18,0.8252,87.14
✅ Standard,TP-0360,A17751-04,Laird Technologies - Thermal Materials,Thermal Pad Gray 457.20mm x 457.20mm Square Tacky - Both Sides,Thermal Pad,91.47,0.1326,100.0,ModuleLED_Micro_8560,1.5,PASS,0.6926,7.5,1.02,0.8252,82.01
✅ Standard,TP-0361,2722292,Bergquist Company,"Thermal Interface Products GAP PAD, 12 W/m-K, Ultra-Low Modulus, 8"" x 8"" Sheet, 0.140"" Thickness",Thermal Pad,471.75,0.2888,100.0,ModuleLED_Micro_8560,1.5,PASS,0.5363,12.0,3.56,0.8252,88.39
✅ Standard,TP-0362,TGP10000ULM-0.100-02-0808,Bergquist Company,"Thermal Interface Products GAP PAD, 10W/m-K, 8"" x 8"" Sheet, 0.100"" Thickness, TGP10000ULM, IDH 2599712",Thermal Pad,478.76,0.2482,100.0,ModuleLED_Micro_8560,1.5,PASS,0.5769,10.0,2.54,0.8252,86.7
✅ Standard,TP-0363,TGP10000ULM-0.125-02-0808,Bergquist Company,"Thermal Interface Products GAP PAD, 10W/m-K, 8"" x 8"" Sheet, 0.125"" Thickness, TGP10000ULM, IDH 2599713",Thermal Pad,527.01,0.3097,100.0,ModuleLED_Micro_8560,1.5,PASS,0.5154,10.0,3.18,0.8252,89.22
✅ Standard,TP-0364,2722293,Bergquist Company,"Thermal Interface Products GAP PAD, 12 W/m-K, Ultra-Low Modulus, 8"" x 8"" Sheet, 0.160"" Thickness",Thermal Pad,539.28,0.3296,100.0,ModuleLED_Micro_8560,1.5,PASS,0.4956,12.0,4.06,0.8252,90.04
🏆 Best Value,GR-0001,09599,SparkFun Electronics,Thermal Silicone Compound 5 gram Syringe,Grease,5.95,0.0937,95.56,ModuleLED_Nano_7050,2.2,FAIL,0.0315,1.17,,0.1252,105.25
✅ Standard,GR-0002,TC3-1G,Chip Quik Inc.,Thermal Silicone Compound 1 gram Syringe,Grease,55.98,0.0129,100.0,ModuleLED_Nano_7050,2.2,PASS,0.1123,8.5,,0.1252,101.32
🏆 Best Value,GR-0003,8615,MG Chemicals,Thermal Non-Silicone Grease 3.5 gram Syringe,Grease,17.58,0.0366,100.0,ModuleLED_Nano_7050,2.2,PASS,0.0885,3.0,,0.1252,102.47
✅ Standard,GR-0004,SILVGREASE1,StarTech.com,Thermal Silicone Compound 1.5 gram Syringe,Grease,51.05,0.0568,100.0,ModuleLED_Nano_7050,2.2,PASS,0.0684,1.93,,0.1252,103.44
🏆 Best Value,GR-0005,TC1-10G,Chip Quik Inc.,Thermal Silicone Compound 10 gram Syringe,Grease,8.42,0.1648,13.85,ModuleLED_Nano_7050,2.2,FAIL,-0.0397,0.67,,0.1252,108.64
🏆 Best Value,GR-0006,HEATGREASE20,StarTech.com,Thermal Silicone Compound 20 gram Tube,Grease,4.37,0.1024,83.89,ModuleLED_Nano_7050,2.2,FAIL,0.0228,1.07,,0.1252,105.66
🏆 Best Value,GR-0007,8610-60G,MG Chemicals,Thermal Non-Silicone Compound 2 oz Tube,Grease,1.9,0.1427,31.57,ModuleLED_Nano_7050,2.2,FAIL,-0.0176,0.77,,0.1252,107.61
✅ Standard,GR-0008,TC4-1G,Chip Quik,Thermal Interface Products Heat Sink Thermal Compound - Deep-Space Liquid Metal 79 W/mK 1g/1cc Syringe,Grease,109.41,0.0014,100.0,ModuleLED_Nano_7050,2.2,PASS,0.1238,79.0,,0.1252,100.76
✅ Standard,GR-0009,TC4-1G,Chip Quik Inc.,"Thermal Thermal Compound, Liquid Metal 1 gram Syringe",Grease,113.46,0.0014,100.0,ModuleLED_Nano_7050,2.2,PASS,0.1238,79.0,,0.1252,100.76
🏆 Best Value,GR-0010,TC1-20G,Chip Quik Inc.,Thermal Silicone Compound 20 gram Syringe,Grease,6.09,0.163,15.81,ModuleLED_Nano_7050,2.2,FAIL,-0.0379,0.67,,0.1252,108.63
🏆 Best Value,GR-0011,250G,"Boyd Laconia, LLC",Thermal Silicone Compound 2 oz Tube,Grease,2.25,0.1441,31.12,ModuleLED_Nano_7050,2.2,FAIL,-0.0189,0.76,,0.1252,107.67
🏆 Best Value,GR-0012,TG-N909-30,t-Global Technology,Thermal Non-Silicone Grease 30 gram Container,Grease,4.65,0.0122,100.0,ModuleLED_Nano_7050,2.2,PASS,0.113,9.0,,0.1252,101.29
✅ Standard,GR-0013,TC3-3.5G,Chip Quik Inc.,Thermal Silicone Compound 3.5 gram Syringe,Grease,40.18,0.0129,100.0,ModuleLED_Nano_7050,2.2,PASS,0.1122,8.5,,0.1252,101.32
🏆 Best Value,GR-0014,CW7270,Chemtronics,Thermal Non-Silicone Grease 7 gram Syringe,Grease,20.85,0.1542,22.5,ModuleLED_Nano_7050,2.2,FAIL,-0.029,0.71,,0.1252,108.21
🏆 Best Value,GR-0015,65-00-GREASE15-0010,Parker Chomerics,Thermal Silicone Grease 10cc Syringe,Grease,6.4,0.0732,100.0,ModuleLED_Nano_7050,2.2,PASS,0.052,1.5,,0.1252,104.24
✅ Standard,GR-0016,TC4-2G,Chip Quik,Thermal Interface Products Heat Sink Thermal Compound - Deep-Space Liquid Metal 79 W/mK 2g/1cc Syringe,Grease,82.22,0.0014,100.0,ModuleLED_Nano_7050,2.2,PASS,0.1238,79.0,,0.1252,100.76
✅ Standard,GR-0017,TC4-2G,Chip Quik Inc.,"Thermal Thermal Compound, Liquid Metal 2 gram Syringe",Grease,83.35,0.0014,100.0,ModuleLED_Nano_7050,2.2,PASS,0.1238,79.0,,0.1252,100.76
🏆 Best Value,GR-0018,65-00-GREASE30-0010,Parker Chomerics,Thermal Silicone Grease 10cc Syringe,Grease,6.73,0.0366,100.0,ModuleLED_Nano_7050,2.2,PASS,0.0885,3.0,,0.1252,102.47
🏆 Best Value,GR-0019,65-00-GREASE50-0010,Parker Chomerics,Thermal Silicone Grease 10cc Jar,Grease,7.06,0.0218,100.0,ModuleLED_Nano_7050,2.2,PASS,0.1033,5.0,,0.1252,101.76
🏆 Best Value,GR-0020,65-00-GREASE70-0010,Parker Chomerics,Thermal Silicone Grease 10cc Syringe,Grease,7.26,0.0157,100.0,ModuleLED_Nano_7050,2.2,PASS,0.1095,7.0,,0.1252,101.45
🏆 Best Value,GR-0021,65-00-CIP60-0045,Parker Chomerics,"Thermal Silicone Compound, 2 Part 50cc Cartridge",Grease,1.56,0.0183,100.0,ModuleLED_Nano_7050,2.2,PASS,0.1069,6.0,,0.1252,101.58
🏆 Best Value,GR-0022,TC2-10G,Chip Quik Inc.,Thermal Silicone Compound 10 gram Syringe,Grease,20.65,0.0255,100.0,ModuleLED_Nano_7050,2.2,PASS,0.0996,4.3,,0.1252,101.93
✅ Standard,GR-0023,CW7250,Chemtronics,Thermal Non-Silicone Grease 3.4 gram Syringe,Grease,62.15,0.0592,100.0,ModuleLED_Nano_7050,2.2,PASS,0.0659,1.85,,0.1252,103.57
✅ Standard,GR-0024,TC4-5G,Chip Quik Inc.,"Thermal Thermal Compound, Liquid Metal 5 gram Syringe",Grease,43.78,0.0014,100.0,ModuleLED_Nano_7050,2.2,PASS,0.1238,79.0,,0.1252,100.76
✅ Standard,GR-0025,TC4-5G,Chip Quik,Thermal Interface Products Heat Sink Thermal Compound - Deep-Space Liquid Metal 79 W/mK 5g/1cc Syringe,Grease,43.9,0.0014,100.0,ModuleLED_Nano_7050,2.2,PASS,0.1238,79.0,,0.1252,100.76
🏆 Best Value,GR-0026,8617-85ML,MG Chemicals,Thermal Non-Silicone Grease 85 ml Tube,Grease,1.12,0.1094,71.74,ModuleLED_Nano_7050,2.2,FAIL,0.0158,1.0,,0.1252,106.0
🏆 Best Value,GR-0027,GF1000-00-15-50CC,Bergquist,"Thermal Liquid Gap Filler, 2 Part 50cc Cartridge",Grease,1.91,0.1097,71.83,ModuleLED_Nano_7050,2.2,FAIL,0.0155,1.0,,0.1252,106.01
🏆 Best Value,GR-0028,X-PUTTY-100,"Shiu Li Technology Co., Ltd.",Thermal Silicone Putty 100 gram Cartridge,Grease,2.64,0.0364,100.0,ModuleLED_Nano_7050,2.2,PASS,0.0888,3.0,,0.1252,102.47
🏆 Best Value,GR-0029,8327GF25-50CC,MG Chemicals,Thermal Silicone Gap Filler 50 ml Cartridges,Grease,2.2,0.0436,100.0,ModuleLED_Nano_7050,2.2,PASS,0.0816,2.5,,0.1252,102.81
🏆 Best Value,GR-0030,65-00-GEL37-0010,Parker Chomerics,Thermal Silicone Gel 10cc Syringe,Grease,11.07,0.0296,100.0,ModuleLED_Nano_7050,2.2,PASS,0.0956,3.7,,0.1252,102.13
🏆 Best Value,GR-0031,PK223DM-110,"Shiu Li Technology Co., Ltd.","Thermal Liquid Gap Filler, 2 Part 110 gram Cartridge",Grease,2.65,0.0549,100.0,ModuleLED_Nano_7050,2.2,PASS,0.0702,2.0,,0.1252,103.35
✅ Standard,GR-0032,SILV5-THERMAL-PASTE,StarTech.com,Thermal Silicone Compound 1.5 gram Syringe,Grease,196.47,0.0343,100.0,ModuleLED_Nano_7050,2.2,PASS,0.0908,3.2,,0.1252,102.36
🏆 Best Value,GR-0033,65-00-GEL35VT-0010,Parker Chomerics,Thermal Silicone Gel 10cc Syringe,Grease,12.11,0.0313,100.0,ModuleLED_Nano_7050,2.2,PASS,0.0939,3.5,,0.1252,102.21
🏆 Best Value,GR-0034,TC4-10G,Chip Quik,Thermal Interface Products Heat Sink Thermal Compound - Deep-Space Liquid Metal 79 W/mK 10g/3cc Syringe,Grease,31.12,0.0014,100.0,ModuleLED_Nano_7050,2.2,PASS,0.1238,79.0,,0.1252,100.76
🏆 Best Value,GR-0035,TC4-10G,Chip Quik Inc.,"Thermal Thermal Compound, Liquid Metal 10 gram Syringe",Grease,32.14,0.0014,100.0,ModuleLED_Nano_7050,2.2,PASS,0.1238,79.0,,0.1252,100.76
🏆 Best Value,GR-0036,CT40-5,Chemtronics,Thermal Silicone Compound 5 oz Tube,Grease,2.28,0.1738,8.62,ModuleLED_Nano_7050,2.2,FAIL,-0.0486,0.63,,0.1252,109.1
🏆 Best Value,GR-0037,GF4500CVO-00-240-50CC,Bergquist Company,"Thermal Interface Products Liquid Gap-Filling Material, 2-Part, 4.5W/m-K, 50ml Cartridge, TGF4500CVO",Grease,2.6,0.0244,100.0,ModuleLED_Nano_7050,2.2,PASS,0.1007,4.5,,0.1252,101.87
🏆 Best Value,GR-0038,GF1500-00-60-50CC,Bergquist,"Thermal Liquid Gap Filler, 2 Part 50cc Cartridge",Grease,2.61,0.061,100.0,ModuleLED_Nano_7050,2.2,PASS,0.0642,1.8,,0.1252,103.65
🏆 Best Value,GR-0039,S-PUTTY-100,"Shiu Li Technology Co., Ltd.",Thermal Silicone Putty 100 gram Cartridge,Grease,3.53,0.0313,100.0,ModuleLED_Nano_7050,2.2,PASS,0.0938,3.5,,0.1252,102.21
🏆 Best Value,GR-0040,N-PUTTY-100,"Shiu Li Technology Co., Ltd.",Thermal Non-Silicone Putty 100 gram Cartridge,Grease,3.54,0.0314,100.0,ModuleLED_Nano_7050,2.2,PASS,0.0938,3.5,,0.1252,102.22
🏆 Best Value,GR-0041,TC3-10G,Chip Quik Inc.,Thermal Silicone Compound 5cc Syringe,Grease,28.56,0.0129,100.0,ModuleLED_Nano_7050,2.2,PASS,0.1122,8.5,,0.1252,101.32
🏆 Best Value,GR-0042,65-00-GEL20-0010,Parker Chomerics,Thermal Gel Gap Filler 10cc Syringe,Grease,14.76,0.0456,100.0,ModuleLED_Nano_7050,2.2,PASS,0.0796,2.4,,0.1252,102.91
🏆 Best Value,GR-0043,H-PUTTY-100,"Shiu Li Technology Co., Ltd.",Thermal Silicone Putty 100 gram Cartridge,Grease,3.71,0.0313,100.0,ModuleLED_Nano_7050,2.2,PASS,0.0938,3.5,,0.1252,102.22
🏆 Best Value,GR-0044,127-6-10,Wakefield Thermal Solutions,Thermal Non-Silicone Grease 10cc Syringe,Grease,15.05,0.0183,100.0,ModuleLED_Nano_7050,2.2,PASS,0.1069,6.0,,0.1252,101.58
🏆 Best Value,GR-0045,127-6-10,Wakefield Thermal,"Thermal Interface Products Thermal Grease, High Performance, Non-Silicone, 6 W/m-K, 10cc Syringe",Grease,15.35,0.0182,100.0,ModuleLED_Nano_7050,2.2,PASS,0.1069,6.0,,0.1252,101.58
🏆 Best Value,GR-0046,TC2-20G,Chip Quik Inc.,Thermal Silicone Compound 20 gram Syringe,Grease,19.26,0.0255,100.0,ModuleLED_Nano_7050,2.2,PASS,0.0997,4.3,,0.1252,101.93
🏆 Best Value,GR-0047,65-02-GREASE15-0030,Parker Chomerics,Thermal Silicone Grease 30cc Cartridge,Grease,5.42,0.0733,100.0,ModuleLED_Nano_7050,2.2,PASS,0.0518,1.5,,0.1252,104.24
🏆 Best Value,GR-0048,65-02-GEL35VT-0030,Parker Chomerics,Thermal Silicone Gel 30cc Syringe,Grease,5.51,0.0314,100.0,ModuleLED_Nano_7050,2.2,PASS,0.0937,3.5,,0.1252,102.21
🏆 Best Value,GR-0049,65-00-GEL50TBL-0010,Parker Chomerics,Thermal Silicone Gel 10cc Syringe,Grease,16.63,0.0219,100.0,ModuleLED_Nano_7050,2.2,PASS,0.1032,5.0,,0.1252,101.76
🏆 Best Value,GR-0050,8327GF41-50CC,MG Chemicals,Thermal Silicone Gap Filler 50 ml Cartridges,Grease,3.36,0.0268,100.0,ModuleLED_Nano_7050,2.2,PASS,0.0984,4.1,,0.1252,102.0
🏆 Best Value,GR-0051,65-02-GREASE30-0030,Parker Chomerics,Thermal Silicone Grease 30cc Cartridge,Grease,5.71,0.0365,100.0,ModuleLED_Nano_7050,2.2,PASS,0.0886,3.0,,0.1252,102.47
✅ Standard,GR-0052,8463-7G,MG Chemicals,Thermal Silicone Grease 7 gram Syringe,Grease,62.82,0.2378,0.0,ModuleLED_Nano_7050,2.2,FAIL,-0.1126,0.46,,0.1252,112.22
🏆 Best Value,GR-0053,GCS-NSP15-100ML,European Thermodynamics Ltd,Thermal Non-Silicone Putty 100 ml Syringe,Grease,1.78,0.0731,100.0,ModuleLED_Nano_7050,2.2,PASS,0.052,1.5,,0.1252,104.23
🏆 Best Value,GR-0054,65-02-GREASE50-0030,Parker Chomerics,Thermal Silicone Grease 30cc Cartridge,Grease,5.99,0.022,100.0,ModuleLED_Nano_7050,2.2,PASS,0.1032,5.0,,0.1252,101.76
🏆 Best Value,GR-0055,TGF3000SF-00-1500-50CC,Bergquist Company,"Thermal Interface Products Gap Filler, 2-Part, Sil-Free, Room Temp Cure, 3W/mK, 50ml Cartridge, TGF3000SF",Grease,3.67,0.0366,100.0,ModuleLED_Nano_7050,2.2,PASS,0.0886,3.0,,0.1252,102.47
🏆 Best Value,GR-0056,65-02-GREASE70-0030,Parker Chomerics,Thermal Silicone Grease 30cc Cartridge,Grease,6.16,0.0157,100.0,ModuleLED_Nano_7050,2.2,PASS,0.1095,7.0,,0.1252,101.45
🏆 Best Value,GR-0057,TC1-200G,Chip Quik Inc.,Thermal Silicone Compound 200 gram Jar,Grease,2.35,0.1632,15.02,ModuleLED_Nano_7050,2.2,FAIL,-0.0381,0.67,,0.1252,108.64
🏆 Best Value,GR-0058,TG-N8000-30,t-Global Technology,Thermal Non-Silicone Putty 30 gram Jar,Grease,15.74,0.0137,100.0,ModuleLED_Nano_7050,2.2,PASS,0.1115,8.0,,0.1252,101.36
🏆 Best Value,GR-0059,G3380NA-120,"Shiu Li Technology Co., Ltd.",Thermal Non-Silicone Grease 120 gram Cartridge,Grease,3.98,0.0844,100.0,ModuleLED_Nano_7050,2.2,PASS,0.0407,1.3,,0.1252,104.78
🏆 Best Value,GR-0060,GF3500S35-07-60-50CC,Bergquist,"Thermal Liquid Gap Filler, 2 Part 50cc Cartridge",Grease,3.88,0.0305,100.0,ModuleLED_Nano_7050,2.2,PASS,0.0947,3.6,,0.1252,102.17
🏆 Best Value,GR-0061,TG4040-D-30CC,t-Global Technology,Thermal Silicone Putty 30cc Syringe,Grease,6.65,0.0366,100.0,ModuleLED_Nano_7050,2.2,PASS,0.0885,3.0,,0.1252,102.46
🏆 Best Value,GR-0062,S-PUTTY2-100,"Shiu Li Technology Co., Ltd.",Thermal Silicone Putty 100 gram Cartridge,Grease,5.04,0.0183,100.0,ModuleLED_Nano_7050,2.2,PASS,0.1069,6.0,,0.1252,101.58
🏆 Best Value,GR-0063,GF3500S35-00-60-50CC,Bergquist,"Thermal Liquid Gap Filler, 2 Part 50cc Cartridge",Grease,4.06,0.0304,100.0,ModuleLED_Nano_7050,2.2,PASS,0.0948,3.6,,0.1252,102.16
🏆 Best Value,GR-0064,65-00-GEL75VT-0010,Parker Chomerics,Thermal Silicone Gel 10cc Syringe,Grease,20.32,0.0146,100.0,ModuleLED_Nano_7050,2.2,PASS,0.1105,7.5,,0.1252,101.4
🏆 Best Value,GR-0065,65-02-GEL50TBL-0030,Parker Chomerics,Thermal Silicone Gel 30cc Syringe,Grease,6.79,0.0219,100.0,ModuleLED_Nano_7050,2.2,PASS,0.1032,5.0,,0.1252,101.76
🏆 Best Value,GR-0066,GL-20-10,Wakefield Thermal,"Thermal Interface Products ulTIMiFlux Gel, 10cc Syringe, Pink, 20g/m Flow Rate, 0.004"", 3.5w/mK",Grease,20.5,0.0313,100.0,ModuleLED_Nano_7050,2.2,PASS,0.0938,3.5,,0.1252,102.21
🏆 Best Value,GR-0067,TG-N4000-30CC,t-Global Technology,Thermal Non-Silicone Putty 30cc Syringe,Grease,6.87,0.0273,100.0,ModuleLED_Nano_7050,2.2,PASS,0.0978,4.0,,0.1252,102.02
🏆 Best Value,GR-0068,A18835-01,Laird Technologies - Thermal Materials,Thermal Liquid Gap Filler 50cc Cartridge,Grease,4.13,0.0203,100.0,ModuleLED_Nano_7050,2.2,PASS,0.1048,5.4,,0.1252,101.68
🏆 Best Value,GR-0069,TC4-20G,Chip Quik Inc.,"Thermal Thermal Compound, Liquid Metal 20 gram Syringe",Grease,26.04,0.0014,100.0,ModuleLED_Nano_7050,2.2,PASS,0.1238,79.0,,0.1252,100.76
🏆 Best Value,GR-0070,65-02-GEL50VT-0030,Parker Chomerics,Thermal Silicone Gel 30cc Syringe,Grease,6.98,0.0211,100.0,ModuleLED_Nano_7050,2.2,PASS,0.1041,5.2,,0.1252,101.72
🏆 Best Value,GR-0071,8327GL6-30ML,MG Chemicals,Thermal Non-Silicone Gel 30 ml Cartridge,Grease,7.05,0.0183,100.0,ModuleLED_Nano_7050,2.2,PASS,0.1069,6.0,,0.1252,101.58
🏆 Best Value,GR-0072,H-PUTTY2-100,"Shiu Li Technology Co., Ltd.",Thermal Silicone Putty 100 gram Cartridge,Grease,5.31,0.0183,100.0,ModuleLED_Nano_7050,2.2,PASS,0.1069,6.0,,0.1252,101.58
🏆 Best Value,GR-0073,TC4-20G,Chip Quik,Thermal Interface Products Heat Sink Thermal Compound - Deep-Space Liquid Metal 79 W/mK 20g/3cc Syringe,Grease,26.74,0.0014,100.0,ModuleLED_Nano_7050,2.2,PASS,0.1238,79.0,,0.1252,100.76
🏆 Best Value,GR-0074,65-02-GEL20-0030,Parker Chomerics,Thermal Gel Gap Filler 30cc Cartridge,Grease,7.15,0.0456,100.0,ModuleLED_Nano_7050,2.2,PASS,0.0796,2.4,,0.1252,102.91
🏆 Best Value,GR-0075,X-PUTTY-100-KIT,"Shiu Li Technology Co., Ltd.",Thermal Silicone Putty 100 gram Cartridge,Grease,5.61,0.0366,100.0,ModuleLED_Nano_7050,2.2,PASS,0.0886,3.0,,0.1252,102.46
🏆 Best Value,GR-0076,A17170-01,Laird Technologies - Thermal Materials,Thermal Silicone Compound 75cc Cartridge,Grease,2.99,0.0297,100.0,ModuleLED_Nano_7050,2.2,PASS,0.0955,3.7,,0.1252,102.13
🏆 Best Value,GR-0077,65-00-GEL75-0010,Parker Chomerics,Thermal Silicone Gel 10cc Syringe,Grease,22.96,0.0147,100.0,ModuleLED_Nano_7050,2.2,PASS,0.1105,7.5,,0.1252,101.4
🏆 Best Value,GR-0078,G3380D-100,"Shiu Li Technology Co., Ltd.",Thermal Silicone Grease 100 gram Cartridge,Grease,6.0,0.0183,100.0,ModuleLED_Nano_7050,2.2,PASS,0.1068,6.0,,0.1252,101.58
🏆 Best Value,GR-0079,EPDM20-135,"Shiu Li Technology Co., Ltd.","Thermal Liquid Gap Filler, 2 Part 50 ml Cartridges",Grease,4.81,0.0499,100.0,ModuleLED_Nano_7050,2.2,PASS,0.0753,2.2,,0.1252,103.11
🏆 Best Value,GR-0080,N-PUTTY2-100,"Shiu Li Technology Co., Ltd.",Thermal Non-Silicone Putty 100 gram Cartridge,Grease,6.19,0.0219,100.0,ModuleLED_Nano_7050,2.2,PASS,0.1032,5.0,,0.1252,101.76
✅ Standard,GR-0081,CW7100,Chemtronics,Thermal Silicone Grease 6.5 gram Syringe,Grease,98.45,0.0196,100.0,ModuleLED_Nano_7050,2.2,PASS,0.1055,5.6,,0.1252,101.64
🏆 Best Value,GR-0082,PK223DM-110-KIT,"Shiu Li Technology Co., Ltd.","Thermal Liquid Gap Filler, 2 Part 110 gram Cartridge",Grease,5.84,0.0551,100.0,ModuleLED_Nano_7050,2.2,PASS,0.0701,2.0,,0.1252,103.35
🏆 Best Value,GR-0083,GCS-018-GS-WE-1KG,European Thermodynamics Ltd,Thermal Silicone Grease 1 kg Container,Grease,0.64,0.061,100.0,ModuleLED_Nano_7050,2.2,PASS,0.0641,1.8,,0.1252,103.65
🏆 Best Value,GR-0084,GL-08-10,Wakefield Thermal,"Thermal Interface Products ulTIMiFlux Gel, 10cc Syringe, Yellow, 8g/m Flow Rate, 0.015"", 2.4w/mK",Grease,25.84,0.0458,100.0,ModuleLED_Nano_7050,2.2,PASS,0.0793,2.4,,0.1252,102.9
🏆 Best Value,GR-0085,S-PUTTY-100-KIT,"Shiu Li Technology Co., Ltd.",Thermal Silicone Putty 100 gram Cartridge,Grease,6.49,0.0313,100.0,ModuleLED_Nano_7050,2.2,PASS,0.0938,3.5,,0.1252,102.21
🏆 Best Value,GR-0086,N-PUTTY-100-KIT,"Shiu Li Technology Co., Ltd.",Thermal Non-Silicone Putty 100 gram Cartridge,Grease,6.5,0.0313,100.0,ModuleLED_Nano_7050,2.2,PASS,0.0939,3.5,,0.1252,102.21
🏆 Best Value,GR-0087,PK404DM-150,"Shiu Li Technology Co., Ltd.","Thermal Liquid Gap Filler, 2 Part 150 gram Cartridge",Grease,4.42,0.0304,100.0,ModuleLED_Nano_7050,2.2,PASS,0.0947,3.6,,0.1252,102.17
🏆 Best Value,GR-0088,H-PUTTY-100-KIT,"Shiu Li Technology Co., Ltd.",Thermal Silicone Putty 100 gram Cartridge,Grease,6.68,0.0314,100.0,ModuleLED_Nano_7050,2.2,PASS,0.0938,3.5,,0.1252,102.21
🏆 Best Value,GR-0089,65-02-GEL75VT-0030,Parker Chomerics,Thermal Silicone Gel 30cc Cartridge,Grease,9.06,0.0147,100.0,ModuleLED_Nano_7050,2.2,PASS,0.1105,7.5,,0.1252,101.4
🏆 Best Value,GR-0090,G3380NC-100,"Shiu Li Technology Co., Ltd.",Thermal Non-Silicone Grease 100 gram Cartridge,Grease,6.81,0.0244,100.0,ModuleLED_Nano_7050,2.2,PASS,0.1008,4.5,,0.1252,101.88
🏆 Best Value,GR-0091,65-00-CIP60-0200,Parker Chomerics,"Thermal Silicone Compound, 2 Part 200cc Cartridge",Grease,1.42,0.0182,100.0,ModuleLED_Nano_7050,2.2,PASS,0.1069,6.0,,0.1252,101.58
🏆 Best Value,GR-0092,8617-1P,MG Chemicals,Thermal Non-Silicone Grease 473 ml Jar,Grease,0.61,0.1098,71.46,ModuleLED_Nano_7050,2.2,FAIL,0.0153,1.0,,0.1252,106.01
🏆 Best Value,GR-0093,2456616,Bergquist,"Thermal Liquid Gap Filler, 2 Part 50cc Cartridge",Grease,5.82,0.0314,100.0,ModuleLED_Nano_7050,2.2,PASS,0.0937,3.5,,0.1252,102.21
🏆 Best Value,GR-0094,SH-PUTTY3-100,"Shiu Li Technology Co., Ltd.",Thermal Silicone Putty 100 gram Cartridge,Grease,7.53,0.0137,100.0,ModuleLED_Nano_7050,2.2,PASS,0.1114,8.0,,0.1252,101.36
🏆 Best Value,GR-0095,65-02-GEL75-0030,Parker Chomerics,Thermal Silicone Gel 30cc Syringe,Grease,10.24,0.0146,100.0,ModuleLED_Nano_7050,2.2,PASS,0.1105,7.5,,0.1252,101.4
🏆 Best Value,GR-0096,A16872-02,Laird Technologies - Thermal Materials,Thermal Liquid Gap Filler 75cc Cartridge,Grease,4.2,0.0479,100.0,ModuleLED_Nano_7050,2.2,PASS,0.0773,2.3,,0.1252,103.0
🏆 Best Value,GR-0097,8327GL3-180ML,MG Chemicals,Thermal Non-Silicone Gel 180 ml Cartridge,Grease,1.77,0.0313,100.0,ModuleLED_Nano_7050,2.2,PASS,0.0938,3.5,,0.1252,102.21
🏆 Best Value,GR-0098,S-PUTTY2-100-KIT,"Shiu Li Technology Co., Ltd.",Thermal Silicone Putty 100 gram Cartridge,Grease,8.0,0.0183,100.0,ModuleLED_Nano_7050,2.2,PASS,0.1069,6.0,,0.1252,101.58
🏆 Best Value,GR-0099,H-PUTTY2-100-KIT,"Shiu Li Technology Co., Ltd.",Thermal Silicone Putty 100 gram Cartridge,Grease,8.27,0.0183,100.0,ModuleLED_Nano_7050,2.2,PASS,0.1069,6.0,,0.1252,101.58
🏆 Best Value,GR-0100,G3380NA-120-KIT,"Shiu Li Technology Co., Ltd.",Thermal Non-Silicone Grease 120 gram Cartridge,Grease,6.9,0.0847,100.0,ModuleLED_Nano_7050,2.2,PASS,0.0405,1.3,,0.1252,104.78
🏆 Best Value,GR-0101,EPDM30-135,"Shiu Li Technology Co., Ltd.","Thermal Liquid Gap Filler, 2 Part 50 ml Cartridges",Grease,6.93,0.0366,100.0,ModuleLED_Nano_7050,2.2,PASS,0.0886,3.0,,0.1252,102.46
🏆 Best Value,GR-0102,LF2000-00-00-30CC,Bergquist Company,"Thermal Interface Products 1-Part, Liquid Formable Material, 30CC Cartridge, 2 W/m-K, Liqui-Form",Grease,11.74,0.0548,100.0,ModuleLED_Nano_7050,2.2,PASS,0.0703,2.0,,0.1252,103.35
🏆 Best Value,GR-0103,TG-N4000-55CC,t-Global Technology,Thermal Non-Silicone Putty 55cc Syringe,Grease,6.41,0.0274,100.0,ModuleLED_Nano_7050,2.2,PASS,0.0977,4.0,,0.1252,102.03
🏆 Best Value,GR-0104,A17170-02,Laird Technologies - Thermal Materials,Thermal Silicone Compound 180cc Cartridge,Grease,1.97,0.0297,100.0,ModuleLED_Nano_7050,2.2,PASS,0.0955,3.7,,0.1252,102.13
🏆 Best Value,GR-0105,TG-A7000-55CC,t-Global Technology,Thermal Silicone Putty 50cc Syringe,Grease,7.09,0.0156,100.0,ModuleLED_Nano_7050,2.2,PASS,0.1096,7.0,,0.1252,101.45
🏆 Best Value,GR-0106,GCS-NSP30-100ML,European Thermodynamics Ltd,Thermal Non-Silicone Putty 100 ml Syringe,Grease,3.55,0.0366,100.0,ModuleLED_Nano_7050,2.2,PASS,0.0886,3.0,,0.1252,102.47
🏆 Best Value,GR-0107,TG-N8000-30CC,t-Global Technology,Thermal Non-Silicone Putty 30cc Syringe,Grease,11.91,0.0137,100.0,ModuleLED_Nano_7050,2.2,PASS,0.1115,8.0,,0.1252,101.36
🏆 Best Value,GR-0108,N-PUTTY2-100-KIT,"Shiu Li Technology Co., Ltd.",Thermal Non-Silicone Putty 100 gram Cartridge,Grease,9.15,0.022,100.0,ModuleLED_Nano_7050,2.2,PASS,0.1032,5.0,,0.1252,101.76
🏆 Best Value,GR-0109,TC2-50G,Chip Quik Inc.,Thermal Silicone Compound 50 gram Jar,Grease,18.81,0.0255,100.0,ModuleLED_Nano_7050,2.2,PASS,0.0996,4.3,,0.1252,101.93
🏆 Best Value,GR-0110,8618-85ML,MG Chemicals,Thermal Non-Silicone Grease 85 ml Syringe,Grease,4.44,0.0183,100.0,ModuleLED_Nano_7050,2.2,PASS,0.1069,6.0,,0.1252,101.58
🏆 Best Value,GR-0111,EPDM20-135-KIT,"Shiu Li Technology Co., Ltd.","Thermal Liquid Gap Filler, 2 Part 50 ml Cartridges",Grease,7.61,0.0497,100.0,ModuleLED_Nano_7050,2.2,PASS,0.0754,2.2,,0.1252,103.11
🏆 Best Value,GR-0112,GCS-NSP75 - 50ML,European Thermodynamics Ltd,Thermal Non-Silicone Putty 50 ml Syringe,Grease,7.67,0.0146,100.0,ModuleLED_Nano_7050,2.2,PASS,0.1105,7.5,,0.1252,101.4
🏆 Best Value,GR-0113,G3380D-100-KIT,"Shiu Li Technology Co., Ltd.",Thermal Silicone Grease 100 gram Cartridge,Grease,9.69,0.0183,100.0,ModuleLED_Nano_7050,2.2,PASS,0.1068,6.0,,0.1252,101.58
🏆 Best Value,GR-0114,2292097,Bergquist,"Thermal Silicone Compound, 2 Part 50cc Cartridge",Grease,8.0,0.0314,100.0,ModuleLED_Nano_7050,2.2,PASS,0.0938,3.5,,0.1252,102.21
🏆 Best Value,GR-0115,PK404DM-150-KIT,"Shiu Li Technology Co., Ltd.","Thermal Liquid Gap Filler, 2 Part 150 gram Cartridge",Grease,6.76,0.0305,100.0,ModuleLED_Nano_7050,2.2,PASS,0.0947,3.6,,0.1252,102.18
🏆 Best Value,GR-0116,S-PUTTY5-100,"Shiu Li Technology Co., Ltd.",Thermal Silicone Putty 30cc Tube,Grease,13.64,0.011,100.0,ModuleLED_Nano_7050,2.2,PASS,0.1142,10.0,,0.1252,101.23
🏆 Best Value,GR-0117,G3380NC-100-KIT,"Shiu Li Technology Co., Ltd.",Thermal Non-Silicone Grease 100 gram Cartridge,Grease,10.31,0.0243,100.0,ModuleLED_Nano_7050,2.2,PASS,0.1008,4.5,,0.1252,101.88
🏆 Best Value,GR-0118,D2000-140,"Shiu Li Technology Co., Ltd.","Thermal Silicone Grease, 2 Part 140 gram Cartridge",Grease,7.52,0.0549,100.0,ModuleLED_Nano_7050,2.2,PASS,0.0703,2.0,,0.1252,103.34
🏆 Best Value,GR-0119,SH-PUTTY3-100-KIT,"Shiu Li Technology Co., Ltd.",Thermal Silicone Putty 100 gram Cartridge,Grease,10.68,0.0137,100.0,ModuleLED_Nano_7050,2.2,PASS,0.1114,8.0,,0.1252,101.36
🏆 Best Value,GR-0120,2167388,Bergquist,"Thermal Silicone Compound, 2 Part 50cc Cartridge",Grease,8.81,0.0313,100.0,ModuleLED_Nano_7050,2.2,PASS,0.0939,3.5,,0.1252,102.21
🏆 Best Value,GR-0121,A17262-01,Laird Technologies - Thermal Materials,Thermal Silicone Gap Filler 50cc Cartridge,Grease,8.82,0.0171,100.0,ModuleLED_Nano_7050,2.2,PASS,0.108,6.4,,0.1252,101.53
🏆 Best Value,GR-0122,TG-N8000-55CC,t-Global Technology,Thermal Non-Silicone Putty 55cc Syringe,Grease,8.37,0.0137,100.0,ModuleLED_Nano_7050,2.2,PASS,0.1114,8.0,,0.1252,101.36
🏆 Best Value,GR-0123,PK605DM-160,"Shiu Li Technology Co., Ltd.","Thermal Liquid Gap Filler, 2 Part 160 gram Cartridge",Grease,7.52,0.0219,100.0,ModuleLED_Nano_7050,2.2,PASS,0.1032,5.0,,0.1252,101.76
🏆 Best Value,GR-0124,2179547,Bergquist,"Thermal Silicone Compound, 2 Part 50cc Cartridge",Grease,9.68,0.0313,100.0,ModuleLED_Nano_7050,2.2,PASS,0.0939,3.5,,0.1252,102.22
🏆 Best Value,GR-0125,EPDM30-135-KIT,"Shiu Li Technology Co., Ltd.","Thermal Liquid Gap Filler, 2 Part 50 ml Cartridges",Grease,9.74,0.0366,100.0,ModuleLED_Nano_7050,2.2,PASS,0.0885,3.0,,0.1252,102.47
🏆 Best Value,GR-0126,S-PUTTY5-100-KIT,"Shiu Li Technology Co., Ltd.",Thermal Silicone Putty 30cc Tube,Grease,16.28,0.0109,100.0,ModuleLED_Nano_7050,2.2,PASS,0.1142,10.0,,0.1252,101.22
🏆 Best Value,GR-0127,A16872-03,Laird Technologies - Thermal Materials,Thermal Liquid Gap Filler 180cc Cartridge,Grease,2.74,0.0478,100.0,ModuleLED_Nano_7050,2.2,PASS,0.0774,2.3,,0.1252,103.0
🏆 Best Value,GR-0128,65-00-GREASE15-0160,Parker Chomerics,Thermal Silicone Grease 160cc Container,Grease,3.13,0.0729,100.0,ModuleLED_Nano_7050,2.2,PASS,0.0522,1.5,,0.1252,104.23
🏆 Best Value,GR-0129,TT3000-150,"Shiu Li Technology Co., Ltd.",Thermal Silicone Grease 150 gram Cartridge,Grease,8.4,0.0183,100.0,ModuleLED_Nano_7050,2.2,PASS,0.1068,6.0,,0.1252,101.58
🏆 Best Value,GR-0130,DP-100,Taica,"Thermal Interface Products Thermal Conductive GEL, 6.5W/mK, 5.0kV/mm, 30ml Syringe, Lamda Gel DP",Grease,17.06,0.0169,100.0,ModuleLED_Nano_7050,2.2,PASS,0.1083,6.5,,0.1252,101.51
🏆 Best Value,GR-0131,LF3500-00-00-30CC,Bergquist Company,"Thermal Interface Products 1-Part, Liquid Formable Material, 30CC Cartridge, 3.5 W/m-K, Liqui-Form",Grease,17.26,0.0313,100.0,ModuleLED_Nano_7050,2.2,PASS,0.0939,3.5,,0.1252,102.21
✅ Standard,GR-0132,127-12-10,Wakefield Thermal Solutions,Thermal Non-Silicone Grease 1 gram Syringe,Grease,1307.58,0.0091,100.0,ModuleLED_Nano_7050,2.2,PASS,0.116,12.0,,0.1252,101.13
✅ Standard,GR-0133,127-12-10,Wakefield Thermal,"Thermal Interface Products Thermal Grease, Extreme Performance, Non-Silicone, 12 W/m-K, 10cc Syringe",Grease,52.3,0.0092,100.0,ModuleLED_Nano_7050,2.2,PASS,0.116,12.0,,0.1252,101.14
🏆 Best Value,GR-0134,65-00-GREASE30-0160,Parker Chomerics,Thermal Silicone Grease 160cc Container,Grease,3.29,0.0366,100.0,ModuleLED_Nano_7050,2.2,PASS,0.0885,3.0,,0.1252,102.47
✅ Standard,GR-0135,127-20-10,Wakefield Thermal Solutions,Thermal Non-Silicone Grease 1 gram Syringe,Grease,1362.89,0.0055,100.0,ModuleLED_Nano_7050,2.2,PASS,0.1197,20.0,,0.1252,100.96
✅ Standard,GR-0136,127-20-10,Wakefield Thermal,"Thermal Interface Products Thermal Grease, Extreme Performance, Non-Silicone, 20 W/m-K, 10cc Syringe",Grease,54.52,0.0055,100.0,ModuleLED_Nano_7050,2.2,PASS,0.1197,20.0,,0.1252,100.96
🏆 Best Value,GR-0137,65-00-GREASE50-0160,Parker Chomerics,Thermal Silicone Grease 160cc Container,Grease,3.45,0.022,100.0,ModuleLED_Nano_7050,2.2,PASS,0.1031,5.0,,0.1252,101.75
🏆 Best Value,GR-0138,A14855-02,Laird Technologies,Thermal Interface Products Tgrease 1500 1kg 1.2 W/mK,Grease,1.38,0.0911,97.52,ModuleLED_Nano_7050,2.2,FAIL,0.034,1.2,,0.1252,105.13
🏆 Best Value,GR-0139,A18560-09,Laird Technologies - Thermal Materials,Thermal Liquid Gap Filler 30cc Cartridge,Grease,18.48,0.012,100.0,ModuleLED_Nano_7050,2.2,PASS,0.1131,9.1,,0.1252,101.28
🏆 Best Value,GR-0140,A18835-02,Laird Technologies - Thermal Materials,Thermal Liquid Gap Filler 200cc Cartridge,Grease,2.79,0.0203,100.0,ModuleLED_Nano_7050,2.2,PASS,0.1049,5.4,,0.1252,101.68
🏆 Best Value,GR-0141,D2000-140-KIT,"Shiu Li Technology Co., Ltd.","Thermal Silicone Grease, 2 Part 140 gram Cartridge",Grease,10.02,0.0548,100.0,ModuleLED_Nano_7050,2.2,PASS,0.0703,2.0,,0.1252,103.34
🏆 Best Value,GR-0142,65-00-GREASE70-0160,Parker Chomerics,Thermal Silicone Grease 160cc Container,Grease,3.55,0.0157,100.0,ModuleLED_Nano_7050,2.2,PASS,0.1094,7.0,,0.1252,101.45
🏆 Best Value,GR-0143,A10548-5,Laird Technologies - Thermal Materials,Thermal Silicone Putty 100cc Jar,Grease,5.92,0.0366,100.0,ModuleLED_Nano_7050,2.2,PASS,0.0886,3.0,,0.1252,102.47
🏆 Best Value,GR-0144,TLF6000HG-00-00-150CC,Bergquist Company,"Thermal Interface Products Conductive, 1-Part, Liquid Formable, 180ml Cartridge, 6 W/m-K, Liqui-Form",Grease,3.35,0.0183,100.0,ModuleLED_Nano_7050,2.2,PASS,0.1069,6.0,,0.1252,101.58
🏆 Best Value,GR-0145,65-01-GEL37-0180,Parker Chomerics,Thermal Silicone Gel 180cc Syringe,Grease,3.37,0.0297,100.0,ModuleLED_Nano_7050,2.2,PASS,0.0955,3.7,,0.1252,102.13
🏆 Best Value,GR-0146,TGF3000SF-00-1500-200CC,Bergquist Company,"Thermal Interface Products Gap Filler, 2-Part, Sil-Free, Room Temp Cure, 3W/mK, 200ml Cartridge, TGF3000SF",Grease,3.03,0.0364,100.0,ModuleLED_Nano_7050,2.2,PASS,0.0887,3.0,,0.1252,102.46
🏆 Best Value,GR-0147,PK605DM-160-KIT,"Shiu Li Technology Co., Ltd.","Thermal Liquid Gap Filler, 2 Part 160 gram Cartridge",Grease,9.71,0.022,100.0,ModuleLED_Nano_7050,2.2,PASS,0.1032,5.0,,0.1252,101.76
🏆 Best Value,GR-0148,GF4500CVO-00-240-200CC,Bergquist Company,"Thermal Interface Products Liquid Gap-Filling Material, 2-Part, 4.5W/m-K, 200ml Cartridge, TGF4500CVO",Grease,3.14,0.0244,100.0,ModuleLED_Nano_7050,2.2,PASS,0.1008,4.5,,0.1252,101.88
🏆 Best Value,GR-0149,2624519,Bergquist,Thermal Silicone Gel 150cc Cartridge,Grease,4.26,0.0183,100.0,ModuleLED_Nano_7050,2.2,PASS,0.1069,6.0,,0.1252,101.58
🏆 Best Value,GR-0150,GF4500CVO-00-240-400CC,Bergquist Company,"Thermal Interface Products Liquid Gap-Filling Material, 2-Part, 4.5W/m-K, 400ml Cartridge, TGF4500CVO",Grease,1.72,0.0244,100.0,ModuleLED_Nano_7050,2.2,PASS,0.1008,4.5,,0.1252,101.88
🏆 Best Value,GR-0151,65-02-GEL20-0180,Parker Chomerics,Thermal Gel Gap Filler 180cc Cartridge,Grease,4.24,0.0457,100.0,ModuleLED_Nano_7050,2.2,PASS,0.0794,2.4,,0.1252,102.9
🏆 Best Value,GR-0152,X-PUTTY-900,"Shiu Li Technology Co., Ltd.",Thermal Silicone Putty 900 gram Container,Grease,2.15,0.0365,100.0,ModuleLED_Nano_7050,2.2,PASS,0.0886,3.0,,0.1252,102.47
🏆 Best Value,GR-0153,A16872-04,Laird Technologies - Thermal Materials,Thermal Liquid Gap Filler 360cc Cartridge,Grease,2.2,0.0477,100.0,ModuleLED_Nano_7050,2.2,PASS,0.0775,2.3,,0.1252,103.0
🏆 Best Value,GR-0154,65-02-GEL50VT-0180,Parker Chomerics,Thermal Silicone Gel 180cc Syringe,Grease,4.57,0.0211,100.0,ModuleLED_Nano_7050,2.2,PASS,0.1041,5.2,,0.1252,101.71
🏆 Best Value,GR-0155,PK700DM-140,"Shiu Li Technology Co., Ltd.","Thermal Liquid Gap Filler, 2 Part 50 ml, 400 ml Cartridges",Grease,17.33,0.0157,100.0,ModuleLED_Nano_7050,2.2,PASS,0.1095,7.0,,0.1252,101.45
🏆 Best Value,GR-0156,A18578-08,Laird Technologies - Thermal Materials,Thermal Liquid Gap Filler 75cc Cartridge,Grease,11.71,0.0121,100.0,ModuleLED_Nano_7050,2.2,PASS,0.1131,9.1,,0.1252,101.28
🏆 Best Value,GR-0157,65-02-GEL75VT-0180,Parker Chomerics,Thermal Silicone Gel 180cc Cartridge,Grease,5.13,0.0146,100.0,ModuleLED_Nano_7050,2.2,PASS,0.1105,7.5,,0.1252,101.4
🏆 Best Value,GR-0158,A17064-00,Laird Technologies - Thermal Materials,Thermal Phase Change Thermal Compound 1 kg Can,Grease,2.41,0.0731,100.0,ModuleLED_Nano_7050,2.2,PASS,0.052,1.5,,0.1252,104.24
🏆 Best Value,GR-0159,A18835-03,Laird Technologies - Thermal Materials,Thermal Liquid Gap Filler 400cc Cartridge,Grease,2.43,0.0203,100.0,ModuleLED_Nano_7050,2.2,PASS,0.1049,5.4,,0.1252,101.68
🏆 Best Value,GR-0160,PK700DM-140-KIT,"Shiu Li Technology Co., Ltd.","Thermal Liquid Gap Filler, 2 Part 50 ml, 400 ml Cartridges",Grease,20.13,0.0157,100.0,ModuleLED_Nano_7050,2.2,PASS,0.1095,7.0,,0.1252,101.45
🏆 Best Value,GR-0161,GCS-040-GNS-1KG,European Thermodynamics Ltd,Thermal Non-Silicone Grease 1 kg Container,Grease,2.55,0.0275,100.0,ModuleLED_Nano_7050,2.2,PASS,0.0977,4.0,,0.1252,102.02
🏆 Best Value,GR-0162,GF3500S35-00-60-400CC,Bergquist,"Thermal Liquid Gap Filler, 2 Part 400cc Cartridge",Grease,2.57,0.0305,100.0,ModuleLED_Nano_7050,2.2,PASS,0.0947,3.6,,0.1252,102.17
🏆 Best Value,GR-0163,TG4040-D-1000,t-Global Technology,Thermal Silicone Putty 1 kg Container,Grease,2.71,0.0366,100.0,ModuleLED_Nano_7050,2.2,PASS,0.0886,3.0,,0.1252,102.47
🏆 Best Value,GR-0164,S-PUTTY-950,"Shiu Li Technology Co., Ltd.",Thermal Silicone Putty 950 gram Container,Grease,2.97,0.0313,100.0,ModuleLED_Nano_7050,2.2,PASS,0.0938,3.5,,0.1252,102.21
🏆 Best Value,GR-0165,H-PUTTY-950,"Shiu Li Technology Co., Ltd.",Thermal Silicone Putty 950 gram Container,Grease,3.13,0.0313,100.0,ModuleLED_Nano_7050,2.2,PASS,0.0939,3.5,,0.1252,102.21
🏆 Best Value,GR-0166,TGF3000SF-00-1500-400CC,Bergquist Company,"Thermal Interface Products Gap Filler, 2-Part, Sil-Free, Room Temp Cure, 3W/mK, 400ml Cartridge, TGF3000SF",Grease,2.99,0.0364,100.0,ModuleLED_Nano_7050,2.2,PASS,0.0887,3.0,,0.1252,102.47
🏆 Best Value,GR-0167,2761872,Bergquist,"Thermal Liquid Gap Filler, 2 Part 400cc Cartridge",Grease,2.99,0.0367,100.0,ModuleLED_Nano_7050,2.2,PASS,0.0884,3.0,,0.1252,102.47
🏆 Best Value,GR-0168,A14259-01,Laird Technologies,Thermal Interface Products Tgrease 2500 1kg 3.8W/mK Sil Free,Grease,3.01,0.0288,100.0,ModuleLED_Nano_7050,2.2,PASS,0.0963,3.8,,0.1252,102.09
🏆 Best Value,GR-0169,65-00-GEL20-0300,Parker Chomerics,Thermal Gel Gap Filler 300cc Cartridge,Grease,4.06,0.0458,100.0,ModuleLED_Nano_7050,2.2,PASS,0.0793,2.4,,0.1252,102.91
🏆 Best Value,GR-0170,TLF10000L150CC,Bergquist Company,"Thermal Interface Products Thermally Conductive Gel Interface Material, 10 W/m-K, 150ml Cartridge",Grease,8.63,0.011,100.0,ModuleLED_Nano_7050,2.2,PASS,0.1142,10.0,,0.1252,101.22
🏆 Best Value,GR-0171,65-00-GEL50VT-0300,Parker Chomerics,Thermal Silicone Gel 300cc Syringe,Grease,4.55,0.0212,100.0,ModuleLED_Nano_7050,2.2,PASS,0.104,5.2,,0.1252,101.72
🏆 Best Value,GR-0172,TG-N4000-330CC,t-Global Technology,Thermal Non-Silicone Putty 330cc Syringe,Grease,4.27,0.0273,100.0,ModuleLED_Nano_7050,2.2,PASS,0.0978,4.0,,0.1252,102.03
🏆 Best Value,GR-0173,TG-N4000-1000,t-Global Technology,Thermal Non-Silicone Putty 1 kg Jar,Grease,3.52,0.0274,100.0,ModuleLED_Nano_7050,2.2,PASS,0.0978,4.0,,0.1252,102.02
🏆 Best Value,GR-0174,TG6060-D-1000,t-Global Technology,Thermal Silicone Putty 1 kg Container,Grease,3.77,0.0174,100.0,ModuleLED_Nano_7050,2.2,PASS,0.1078,6.3,,0.1252,101.54
🏆 Best Value,GR-0175,TG-N909-1000,t-Global Technology,Thermal Non-Silicone Grease 1 kg Container,Grease,3.79,0.0122,100.0,ModuleLED_Nano_7050,2.2,PASS,0.1129,9.0,,0.1252,101.28
🏆 Best Value,GR-0176,TG-A7000-1000,t-Global Technology,Thermal Silicone Putty 1 kg Container,Grease,3.9,0.0157,100.0,ModuleLED_Nano_7050,2.2,PASS,0.1095,7.0,,0.1252,101.45
🏆 Best Value,GR-0177,TG-A7000-330CC,t-Global Technology,Thermal Silicone Putty 330cc Syringe,Grease,4.73,0.0157,100.0,ModuleLED_Nano_7050,2.2,PASS,0.1095,7.0,,0.1252,101.45
🏆 Best Value,GR-0178,S-PUTTY2-985,"Shiu Li Technology Co., Ltd.",Thermal Silicone Putty 985 gram Container,Grease,4.1,0.0182,100.0,ModuleLED_Nano_7050,2.2,PASS,0.1069,6.0,,0.1252,101.58
🏆 Best Value,GR-0179,TGF 2900LVO-00-400CC,Bergquist Company,"Thermal Interface Products Gap Filler, 2-Part, 2.9 W/m-K, Silicone, 400CC Cartridge, IDH 2859942",Grease,4.11,0.0377,100.0,ModuleLED_Nano_7050,2.2,PASS,0.0874,2.9,,0.1252,102.53
🏆 Best Value,GR-0180,H-PUTTY2-1000,"Shiu Li Technology Co., Ltd.",Thermal Silicone Putty 1 kg Container,Grease,4.24,0.0182,100.0,ModuleLED_Nano_7050,2.2,PASS,0.1069,6.0,,0.1252,101.58
🏆 Best Value,GR-0181,TG-N8000-330CC,t-Global Technology,Thermal Non-Silicone Putty 330cc Syringe,Grease,5.37,0.0137,100.0,ModuleLED_Nano_7050,2.2,PASS,0.1114,8.0,,0.1252,101.36
🏆 Best Value,GR-0182,TG-N8000-1000,t-Global Technology,Thermal Non-Silicone Putty 1 kg Jar,Grease,4.43,0.0137,100.0,ModuleLED_Nano_7050,2.2,PASS,0.1115,8.0,,0.1252,101.36
🏆 Best Value,GR-0183,A18578-02,Laird Technologies - Thermal Materials,Thermal Liquid Gap Filler 180cc Cartridge,Grease,10.68,0.012,100.0,ModuleLED_Nano_7050,2.2,PASS,0.1131,9.1,,0.1252,101.28
🏆 Best Value,GR-0184,TGF3000SF-00-1500-1200CC,Bergquist Company,"Thermal Interface Products Gap Filler, 2-Part, Sil-Free, Room Temp Cure, 3W/mK, 1200ml Cartridge, TGF3000SF",Grease,2.03,0.0365,100.0,ModuleLED_Nano_7050,2.2,PASS,0.0886,3.0,,0.1252,102.47
🏆 Best Value,GR-0185,A14855-01,Laird Technologies,Thermal Interface Products Tgrease 1500 7kg can 1.2 W/mK,Grease,0.91,0.0915,97.64,ModuleLED_Nano_7050,2.2,FAIL,0.0337,1.2,,0.1252,105.11
🏆 Best Value,GR-0186,GF4500CVO-00-240-1200CC,Bergquist Company,"Thermal Interface Products Liquid Gap-Filling Material, 2-Part, 4.5W/m-K, 1200ml Cartridge, TGF4500CVO",Grease,2.71,0.0244,100.0,ModuleLED_Nano_7050,2.2,PASS,0.1008,4.5,,0.1252,101.87
🏭 Industrial,GR-0187,TLF6000HG-00-00-0.7G,Bergquist Company,"Thermal Interface Products Conductive, 1-Part, Liquid Formable, 1 Gallon Pail, 6 W/m-K, Liqui-Form",Grease,15691.74,0.0183,100.0,ModuleLED_Nano_7050,2.2,PASS,0.1069,6.0,,0.1252,101.58
🏭 Industrial,GR-0188,2580287,Bergquist Company,"Thermal Interface Products Conductive, 1-Part, Liquid Formable, 1 Gallon, 6.0 W/m-K, Liqui-Form TLF 6000HG",Grease,26440.03,0.0183,100.0,ModuleLED_Nano_7050,2.2,PASS,0.1069,6.0,,0.1252,101.58
🏭 Industrial,GR-0189,2956733,Bergquist Company,"Thermal Interface Products Liquid Gap-Filling Material, 2-Part, 4.5W/m-K, 5 Gallon Hobbock/Pail, TGF4500CVO",Grease,12474.78,0.0244,100.0,ModuleLED_Nano_7050,2.2,PASS,0.1008,4.5,,0.1252,101.88
🏭 Industrial,GR-0190,GF4500CVO-00-240-6G,Bergquist Company,"Thermal Interface Products Liquid Gap-Filling Material, 2-Part, 4.5W/m-K, 6 Gallon Pail Kit, TGF4500CVO",Grease,10395.65,0.0244,100.0,ModuleLED_Nano_7050,2.2,PASS,0.1008,4.5,,0.1252,101.87
🏭 Industrial,GR-0191,LF3500-00-00-4.33G,Bergquist Company,"Thermal Interface Products 1-Part, Liquid Formable Material, 4.33 Gallon Pail, 3.5 W/m-K, Liqui-Form",Grease,16815.24,0.0314,100.0,ModuleLED_Nano_7050,2.2,PASS,0.0938,3.5,,0.1252,102.21
✅ Standard,OT-0001,9460TC-3ML,MG Chemicals,Thermal Epoxy Adhesive 3 ml Syringe,Other,32.15,0.122,64.41,ModuleLED_Nano_7050,2.2,FAIL,0.0032,0.8,,0.1252,105.33
🏆 Best Value,OT-0002,8329TCS-6ML,MG Chemicals,"Thermal Epoxy, 2 Part 6 ml Syringe",Other,22.09,0.0696,100.0,ModuleLED_Nano_7050,2.2,PASS,0.0555,1.4,,0.1252,103.34
🏆 Best Value,OT-0003,8349TFM-25ML,MG Chemicals,"Thermal Epoxy, 2 Part 25 ml Syringe",Other,7.43,0.1083,100.0,ModuleLED_Nano_7050,2.2,PASS,0.0169,0.9,,0.1252,104.81
🏆 Best Value,OT-0004,8329TFS-25ML,MG Chemicals,"Thermal Epoxy, 2 Part 25 ml Syringe",Other,7.53,0.0812,100.0,ModuleLED_Nano_7050,2.2,PASS,0.0439,1.2,,0.1252,103.78
🏆 Best Value,OT-0005,8349TFM-50ML,MG Chemicals,"Thermal Epoxy, 2 Part 50 ml Cartridges",Other,5.33,0.1084,100.0,ModuleLED_Nano_7050,2.2,PASS,0.0167,0.9,,0.1252,104.81
🏆 Best Value,OT-0006,8329TFS-50ML,MG Chemicals,"Thermal Epoxy, 2 Part 45 ml Cartridge",Other,5.97,0.0813,100.0,ModuleLED_Nano_7050,2.2,PASS,0.0439,1.2,,0.1252,103.78
🏆 Best Value,OT-0007,8329TCS-50ML,MG Chemicals,"Thermal Epoxy, 2 Part 50 ml Jar",Other,5.59,0.0696,100.0,ModuleLED_Nano_7050,2.2,PASS,0.0555,1.4,,0.1252,103.34
🏆 Best Value,OT-0008,8349TFM-45ML,MG Chemicals,"Thermal Epoxy, 2 Part 45 ml Jar",Other,7.35,0.1083,100.0,ModuleLED_Nano_7050,2.2,PASS,0.0169,0.9,,0.1252,104.81
🏆 Best Value,OT-0009,TGF35-07870787-020,LeaderTech,Thermal Interface Products 3.5W/m-K 200*200*0.5 TGF35 Green,Other,27.66,0.0278,100.0,ModuleLED_Nano_7050,2.2,PASS,0.0973,3.5,,0.1252,101.75
🏆 Best Value,OT-0010,TGF35-07870787-039,LeaderTech,Thermal Interface Products 3.5W/m-K 200*200*1 TGF35 Green,Other,27.66,0.0278,100.0,ModuleLED_Nano_7050,2.2,PASS,0.0973,3.5,,0.1252,101.75
🏆 Best Value,OT-0011,2193454,Bergquist,"Thermal Epoxy, 2 Part 50cc Cartridge",Other,9.02,0.0542,100.0,ModuleLED_Nano_7050,2.2,PASS,0.071,1.8,,0.1252,102.75
🏆 Best Value,OT-0012,EP770-1100,"Shiu Li Technology Co., Ltd.","Thermal Epoxy, 2 Part 1 kg Can",Other,1.15,0.039,100.0,ModuleLED_Nano_7050,2.2,PASS,0.0862,2.5,,0.1252,102.18
🏆 Best Value,OT-0013,8329TCM-200ML,MG Chemicals,"Thermal Epoxy, 2 Part 200 ml Jar",Other,2.44,0.0696,100.0,ModuleLED_Nano_7050,2.2,PASS,0.0555,1.4,,0.1252,103.34
🏆 Best Value,OT-0014,8329TCS-200ML,MG Chemicals,"Thermal Epoxy, 2 Part 200 ml Jar",Other,2.44,0.0696,100.0,ModuleLED_Nano_7050,2.2,PASS,0.0555,1.4,,0.1252,103.34
🏆 Best Value,OT-0015,2194122,Bergquist,"Thermal Epoxy, 2 Part 50cc Cartridge",Other,10.01,0.0542,100.0,ModuleLED_Nano_7050,2.2,PASS,0.071,1.8,,0.1252,102.75
🏆 Best Value,OT-0016,1188099,LOCTITE,"Thermal Epoxy, 2 Part (Order Catalyst Separately) 3 lb Container",Other,1.07,0.0727,100.0,ModuleLED_Nano_7050,2.2,PASS,0.0525,1.34,,0.1252,103.46
✅ Standard,OT-0017,TGF60-07870787-039,LeaderTech,Thermal Interface Products 6W/m-K 200*200*1 TGF60 Gray,Other,35.08,0.0162,100.0,ModuleLED_Nano_7050,2.2,PASS,0.1089,6.0,,0.1252,101.31
🏆 Best Value,OT-0018,1188134,LOCTITE,"Thermal Epoxy, 2 Part (Order Catalyst Separately) 3 lb Container",Other,1.57,0.0351,100.0,ModuleLED_Nano_7050,2.2,PASS,0.0901,2.78,,0.1252,102.03
✅ Standard,OT-0019,TGF60-07870787-020,LeaderTech,Thermal Interface Products 6W/m-K 200*200*0.5 TGF60 Gray,Other,48.58,0.0162,100.0,ModuleLED_Nano_7050,2.2,PASS,0.1089,6.0,,0.1252,101.31
🏆 Best Value,OT-0020,1188135,LOCTITE,"Thermal Epoxy, 2 Part (Order Catalyst Separately) 20 lb Container",Other,0.47,0.0351,100.0,ModuleLED_Nano_7050,2.2,PASS,0.0901,2.78,,0.1252,102.03
🏭 Industrial,OT-0021,TGF3000SF-00-1500-7GAL,Bergquist Company,"Thermal Interface Products Gap Filler, 2-Part, Sil-Free, Room Temp Cure, 3W/mK, 7 Gallon Pail, TGF3000SF",Other,12622.86,0.0325,100.0,ModuleLED_Nano_7050,2.2,PASS,0.0927,3.0,,0.1252,101.93
✅ Standard,TP-0001,TG-A1250-5-5-1.0,t-Global Technology,Thermal Pad Green 5.00mm x 5.00mm Square,Thermal Pad,133.8,0.078,100.0,ModuleLED_Nano_7050,2.2,PASS,0.0472,12.5,1.0,0.1252,103.88
✅ Standard,TP-0002,TG-A2200-5-5-2.0,t-Global Technology,Thermal Pad Gray 5.00mm x 5.00mm Square Tacky - One Side,Thermal Pad,133.8,0.8899,0.0,ModuleLED_Nano_7050,2.2,FAIL,-0.7648,2.2,2.01,0.1252,136.91
✅ Standard,TP-0003,TG-A6200-7.2-6.3-1.0,t-Global Technology,Thermal Pad Blue 7.20mm x 6.30mm Rectangular Tacky - Both Sides,Thermal Pad,73.74,0.1574,0.0,ModuleLED_Nano_7050,2.2,FAIL,-0.0322,6.2,1.0,0.1252,107.08
✅ Standard,TP-0004,TG-A2200-10-10-1.0,t-Global Technology,Thermal Pad Gray 10.00mm x 10.00mm Square Tacky - One Side,Thermal Pad,33.45,0.4436,0.0,ModuleLED_Nano_7050,2.2,FAIL,-0.3185,2.2,1.0,0.1252,118.74
✅ Standard,TP-0005,TG-A4500-10-10-0.5,t-Global Technology,Thermal Pad Purple 10.00mm x 10.00mm Square Tacky - Both Sides,Thermal Pad,33.45,0.1084,96.52,ModuleLED_Nano_7050,2.2,FAIL,0.0167,4.5,0.5,0.1252,105.11
✅ Standard,TP-0006,TG-A6200-5-5-1.0,t-Global Technology,Thermal Pad Blue 5.00mm x 5.00mm Square Tacky - Both Sides,Thermal Pad,133.8,0.1571,0.0,ModuleLED_Nano_7050,2.2,FAIL,-0.032,6.2,1.0,0.1252,107.07
✅ Standard,TP-0007,TG-A2200-10-10-1.5,t-Global Technology,Thermal Pad Gray 10.00mm x 10.00mm Square Tacky - One Side,Thermal Pad,36.85,0.6642,0.0,ModuleLED_Nano_7050,2.2,FAIL,-0.5391,2.2,1.5,0.1252,127.77
✅ Standard,TP-0008,TG-A6200-10-10-0.5,t-Global Technology,Thermal Pad Blue 10.00mm x 10.00mm Square Tacky - Both Sides,Thermal Pad,40.14,0.0787,100.0,ModuleLED_Nano_7050,2.2,PASS,0.0465,6.2,0.5,0.1252,103.9
✅ Standard,TP-0009,TG-A2200-10-10-2.0,t-Global Technology,Thermal Pad Gray 10.00mm x 10.00mm Square Tacky - One Side,Thermal Pad,43.54,0.8912,0.0,ModuleLED_Nano_7050,2.2,FAIL,-0.7661,2.2,2.01,0.1252,137.06
🏆 Best Value,TP-0010,TG-ALC-15-15-0.2-0,t-Global Technology,Thermal Pad Green 15.00mm x 15.00mm Square Tacky - Both Sides,Thermal Pad,19.35,0.0465,100.0,ModuleLED_Nano_7050,2.2,PASS,0.0787,4.2,0.2,0.1252,102.58
✅ Standard,TP-0011,TG-A3500-10-10-2.0,t-Global Technology,Thermal Pad Yellow 10.00mm x 10.00mm Square Tacky - Both Sides,Thermal Pad,43.54,0.5602,0.0,ModuleLED_Nano_7050,2.2,FAIL,-0.435,3.5,2.01,0.1252,123.54
🏆 Best Value,TP-0012,SPK4-0.006-00-58,Bergquist,Thermal Pad Gray 19.05mm x 12.70mm Rectangular,Thermal Pad,19.36,0.1622,0.0,ModuleLED_Nano_7050,2.2,FAIL,-0.037,0.9,0.15,0.1252,107.3
🏆 Best Value,TP-0013,T62-1-15-15-0.16,t-Global Technology,Thermal Pad Black 15.00mm x 15.00mm Square Adhesive - One Side,Thermal Pad,20.81,0.0104,100.0,ModuleLED_Nano_7050,2.2,PASS,0.1147,15.0,0.16,0.1252,101.12
🏆 Best Value,TP-0014,DC0011/08-TG-A373F-0.25-2A,t-Global Technology,Thermal Pad Yellow 19.05mm x 12.70mm Rectangular Adhesive - Both Sides,Thermal Pad,20.76,0.1742,0.0,ModuleLED_Nano_7050,2.2,FAIL,-0.0491,1.4,0.25,0.1252,107.8
🏆 Best Value,TP-0015,Q3-0.005-00-104,Bergquist,Thermal Pad Black 25.40mm x 19.05mm Rectangular,Thermal Pad,11.06,0.0634,100.0,ModuleLED_Nano_7050,2.2,PASS,0.0618,2.0,0.13,0.1252,103.28
✅ Standard,TP-0016,TG-A6200-10-5-2.0,t-Global Technology,Thermal Pad Blue 10.00mm x 5.00mm Rectangular Tacky - Both Sides,Thermal Pad,107.04,0.3157,0.0,ModuleLED_Nano_7050,2.2,FAIL,-0.1905,6.2,2.01,0.1252,113.59
🏆 Best Value,TP-0017,Q3-0.005-00-51,Bergquist,Thermal Pad Black 17.45mm x 14.27mm Rectangular,Thermal Pad,22.86,0.0634,100.0,ModuleLED_Nano_7050,2.2,PASS,0.0618,2.0,0.13,0.1252,103.28
✅ Standard,TP-0018,TG-A3500-10-10-3.0,t-Global Technology,Thermal Pad Yellow 10.00mm x 10.00mm Square Tacky - Both Sides,Thermal Pad,60.21,0.8359,0.0,ModuleLED_Nano_7050,2.2,FAIL,-0.7108,3.5,3.0,0.1252,134.77
✅ Standard,TP-0019,TG-A6200-10-10-1.0,t-Global Technology,Thermal Pad Blue 10.00mm x 10.00mm Square Tacky - Both Sides,Thermal Pad,60.21,0.1575,0.0,ModuleLED_Nano_7050,2.2,FAIL,-0.0324,6.2,1.0,0.1252,107.1
🏆 Best Value,TP-0020,SP600-90,Bergquist,Thermal Pad Green 21.84mm x 18.80mm Rectangular,Thermal Pad,16.29,0.224,0.0,ModuleLED_Nano_7050,2.2,FAIL,-0.0988,1.0,0.23,0.1252,109.84
✅ Standard,TP-0021,TG-A1250-10-10-0.5,t-Global Technology,Thermal Pad Green 10.00mm x 10.00mm Square,Thermal Pad,66.9,0.039,100.0,ModuleLED_Nano_7050,2.2,PASS,0.0862,12.5,0.5,0.1252,102.28
✅ Standard,TP-0022,TG-A2200-15-15-1.0,t-Global Technology,Thermal Pad Gray 15.00mm x 15.00mm Square Tacky - One Side,Thermal Pad,29.73,0.4432,0.0,ModuleLED_Nano_7050,2.2,FAIL,-0.318,2.2,1.0,0.1252,118.72
✅ Standard,TP-0023,TG-A4500-10-10-2.0,t-Global Technology,Thermal Pad Purple 10.00mm x 10.00mm Square Tacky - Both Sides,Thermal Pad,66.9,0.4359,0.0,ModuleLED_Nano_7050,2.2,FAIL,-0.3108,4.5,2.01,0.1252,118.44
✅ Standard,TP-0024,SP400-0.009-00-58,Bergquist,Thermal Pad Gray 19.05mm x 12.70mm Rectangular,Thermal Pad,29.06,0.2493,0.0,ModuleLED_Nano_7050,2.2,FAIL,-0.1241,0.9,0.23,0.1252,110.82
✅ Standard,TP-0025,SP400-0.009-00-54,Bergquist,Thermal Pad Gray 19.05mm x 12.70mm Rectangular,Thermal Pad,29.06,0.2493,0.0,ModuleLED_Nano_7050,2.2,FAIL,-0.1241,0.9,0.23,0.1252,110.84
✅ Standard,TP-0026,SP400-0.007-00-54,Bergquist,Thermal Pad Gray 19.05mm x 12.70mm Rectangular,Thermal Pad,30.42,0.1952,0.0,ModuleLED_Nano_7050,2.2,FAIL,-0.07,0.9,0.18,0.1252,108.62
✅ Standard,TP-0027,TG-A6200-11-11-1.0,t-Global Technology,Thermal Pad Blue 11.00mm x 11.00mm Square Tacky - Both Sides,Thermal Pad,60.82,0.1572,0.0,ModuleLED_Nano_7050,2.2,FAIL,-0.032,6.2,1.0,0.1252,107.09
✅ Standard,TP-0028,TG-A3500-10-10-4.0,t-Global Technology,Thermal Pad Yellow 10.00mm x 10.00mm Square Tacky - Both Sides,Thermal Pad,73.59,1.111,0.0,ModuleLED_Nano_7050,2.2,FAIL,-0.9858,3.5,3.99,0.1252,145.94
🏆 Best Value,TP-0029,LI98-28-28-0.25,t-Global Technology,Thermal Pad White 28.00mm x 28.00mm Square Adhesive - Both Sides,Thermal Pad,9.39,0.2438,0.0,ModuleLED_Nano_7050,2.2,FAIL,-0.1186,1.0,0.25,0.1252,110.62
✅ Standard,TP-0030,TG-T1000-10-10-0.25-5PT,t-Global Technology,Thermal Pad White 10.00mm x 10.00mm Square Adhesive - Both Sides,Thermal Pad,73.59,0.2437,0.0,ModuleLED_Nano_7050,2.2,FAIL,-0.1185,1.0,0.25,0.1252,110.62
✅ Standard,TP-0031,SP400-0.007-AC-54,Bergquist,Thermal Pad Gray 19.05mm x 12.70mm Rectangular Adhesive - One Side,Thermal Pad,31.82,0.1949,0.0,ModuleLED_Nano_7050,2.2,FAIL,-0.0697,0.9,0.18,0.1252,108.63
✅ Standard,TP-0032,TG-A9000-10-10-1.0,t-Global Technology,Thermal Pad Pink 10.00mm x 10.00mm Square,Thermal Pad,76.99,0.1083,96.52,ModuleLED_Nano_7050,2.2,FAIL,0.0168,9.0,1.0,0.1252,105.12
🏆 Best Value,TP-0033,SP400-0.007-00-104,Bergquist,Thermal Pad Gray 25.40mm x 19.05mm Rectangular,Thermal Pad,17.29,0.195,0.0,ModuleLED_Nano_7050,2.2,FAIL,-0.0699,0.9,0.18,0.1252,108.63
🏆 Best Value,TP-0034,T62-30-30-0.13,t-Global Technology,Thermal Pad Black 30.00mm x 30.00mm Square,Thermal Pad,9.3,0.0063,100.0,ModuleLED_Nano_7050,2.2,PASS,0.1188,20.0,0.13,0.1252,100.95
✅ Standard,TP-0035,TG-A6200-15-15-0.5,t-Global Technology,Thermal Pad Blue 15.00mm x 15.00mm Square Tacky - Both Sides,Thermal Pad,37.19,0.0786,100.0,ModuleLED_Nano_7050,2.2,PASS,0.0465,6.2,0.5,0.1252,103.9
❌ Avoid,TP-0036,TG-A3500-10-10-5.0,t-Global Technology,Thermal Pad Yellow 10.00mm x 10.00mm Square Tacky - Both Sides,Thermal Pad,86.97,1.3918,0.0,ModuleLED_Nano_7050,2.2,FAIL,-1.2666,3.5,5.0,0.1252,157.35
🏆 Best Value,TP-0037,SP400-0.009-00-90,Bergquist,Thermal Pad Gray 21.84mm x 18.80mm Rectangular,Thermal Pad,22.01,0.2491,0.0,ModuleLED_Nano_7050,2.2,FAIL,-0.124,0.9,0.23,0.1252,110.85
✅ Standard,TP-0038,TG-A6200-10-10-1.5,t-Global Technology,Thermal Pad Blue 10.00mm x 10.00mm Square Tacky - Both Sides,Thermal Pad,90.37,0.2359,0.0,ModuleLED_Nano_7050,2.2,FAIL,-0.1107,6.2,1.5,0.1252,110.3
✅ Standard,TP-0039,SP900S-0.009-AC-54,Bergquist,Thermal Pad Pink 19.05mm x 12.70mm Rectangular Adhesive - One Side,Thermal Pad,40.12,0.1401,10.42,ModuleLED_Nano_7050,2.2,FAIL,-0.015,1.6,0.23,0.1252,106.41
✅ Standard,TP-0040,SP900S-0.009-00-54,Bergquist,Thermal Pad Pink 19.05mm x 12.70mm Rectangular,Thermal Pad,40.12,0.1403,10.19,ModuleLED_Nano_7050,2.2,FAIL,-0.0151,1.6,0.23,0.1252,106.4
✅ Standard,TP-0041,SP400-0.009-00-51,Bergquist,Thermal Pad Gray 17.45mm x 14.27mm Rectangular,Thermal Pad,40.3,0.249,0.0,ModuleLED_Nano_7050,2.2,FAIL,-0.1238,0.9,0.23,0.1252,110.82
✅ Standard,TP-0042,TG-A1250-10-10-1.0,t-Global Technology,Thermal Pad Green 10.00mm x 10.00mm Square,Thermal Pad,107.04,0.0779,100.0,ModuleLED_Nano_7050,2.2,PASS,0.0472,12.5,1.0,0.1252,103.87
✅ Standard,TP-0043,HF115AC-0.0055-AC-54,Bergquist,Thermal Pad Gray 19.05mm x 12.70mm Rectangular Adhesive - One Side,Thermal Pad,45.65,0.1705,0.0,ModuleLED_Nano_7050,2.2,FAIL,-0.0454,0.8,0.14,0.1252,107.65
✅ Standard,TP-0044,1009-54,Bergquist,Thermal Pad Pink 19.05mm x 12.70mm Rectangular,Thermal Pad,45.65,0.1868,0.0,ModuleLED_Nano_7050,2.2,FAIL,-0.0616,1.2,0.23,0.1252,108.31
✅ Standard,TP-0045,SPK10-0.006-00-54,Bergquist,Thermal Pad Beige 19.05mm x 12.70mm Rectangular,Thermal Pad,48.41,0.1125,90.13,ModuleLED_Nano_7050,2.2,FAIL,0.0127,1.3,0.15,0.1252,105.28
✅ Standard,TP-0046,SP900S-0.009-00-90,Bergquist,Thermal Pad Pink 21.84mm x 18.80mm Rectangular,Thermal Pad,28.53,0.1403,10.76,ModuleLED_Nano_7050,2.2,FAIL,-0.0152,1.6,0.23,0.1252,106.41
🏆 Best Value,TP-0047,SP900S-0.009-00-104,Bergquist,Thermal Pad Pink 25.40mm x 19.05mm Rectangular,Thermal Pad,24.89,0.1403,9.99,ModuleLED_Nano_7050,2.2,FAIL,-0.0151,1.6,0.23,0.1252,106.42
✅ Standard,TP-0048,SP900S-0.009-AC-58,Bergquist,Thermal Pad Pink 19.05mm x 12.70mm Rectangular Adhesive - One Side,Thermal Pad,52.54,0.14,10.44,ModuleLED_Nano_7050,2.2,FAIL,-0.0148,1.6,0.23,0.1252,106.41
✅ Standard,TP-0049,2188938,Bergquist,"Thermal Pad Gray, Green 25.02mm x 11.00mm Round",Thermal Pad,52.28,0.3247,0.0,ModuleLED_Nano_7050,2.2,FAIL,-0.1996,0.9,0.3,0.1252,113.94
✅ Standard,TP-0050,TG-A1250-15-15-0.5,t-Global Technology,Thermal Pad Green 15.00mm x 15.00mm Square,Thermal Pad,65.41,0.039,100.0,ModuleLED_Nano_7050,2.2,PASS,0.0862,12.5,0.5,0.1252,102.28
✅ Standard,TP-0051,CP23-TO220-21.5-11.4-5.8-0.45,t-Global Technology,Thermal Pad Gray 21.50mm x 11.40mm x 5.80mm Rectangular,Thermal Pad,65.51,0.231,0.0,ModuleLED_Nano_7050,2.2,FAIL,-0.1058,1.9,0.45,0.1252,110.12
🏭 Industrial,TP-0052,THJP0603AST1,Vishay Dale Thin Film,Thermal Pad 1.55mm x 0.84mm Rectangular,Thermal Pad,13873.09,0.0106,100.0,ModuleLED_Nano_7050,2.2,PASS,0.1146,70.0,0.76,0.1252,101.13
✅ Standard,TP-0053,53-77-9G,"Boyd Laconia, LLC","Thermal Pad Gray, Green 18.42mm x 13.21mm Rectangular",Thermal Pad,79.73,0.1627,0.0,ModuleLED_Nano_7050,2.2,FAIL,-0.0375,0.9,0.15,0.1252,107.31
✅ Standard,TP-0054,CP33-TO247-28.5-17.5-5.8-0.45,t-Global Technology,Thermal Pad Gray 28.50mm x 17.50mm x 5.80mm Rectangular,Thermal Pad,42.92,0.2307,0.0,ModuleLED_Nano_7050,2.2,FAIL,-0.1056,1.9,0.45,0.1252,110.11
✅ Standard,TP-0055,SPK10-0.006-00-58,Bergquist,Thermal Pad Beige 19.05mm x 12.70mm Rectangular,Thermal Pad,92.65,0.1124,89.79,ModuleLED_Nano_7050,2.2,FAIL,0.0128,1.3,0.15,0.1252,105.28
✅ Standard,TP-0056,Q3-0.005-00-54,Bergquist,Thermal Pad Black 19.05mm x 12.70mm Rectangular,Thermal Pad,94.02,0.0633,100.0,ModuleLED_Nano_7050,2.2,PASS,0.0618,2.0,0.13,0.1252,103.27
✅ Standard,TP-0057,SPT400-12-13.5-25,Bergquist,"Thermal Pad Gray, Green 25.02mm x 13.50mm Round",Thermal Pad,69.32,0.3245,0.0,ModuleLED_Nano_7050,2.2,FAIL,-0.1993,0.9,0.3,0.1252,113.95
✅ Standard,TP-0058,TG-A1250-15-15-1.0,t-Global Technology,Thermal Pad Green 15.00mm x 15.00mm Square,Thermal Pad,104.07,0.0778,100.0,ModuleLED_Nano_7050,2.2,PASS,0.0473,12.5,1.0,0.1252,103.87
✅ Standard,TP-0059,60-11-8302-1674,Parker Chomerics,Thermal Pad Blue 18.03mm x 12.70mm Rectangular,Thermal Pad,103.74,0.2437,0.0,ModuleLED_Nano_7050,2.2,FAIL,-0.1185,1.0,0.25,0.1252,110.58
✅ Standard,TP-0060,SPK10-0.006-00-90,Bergquist,Thermal Pad Beige 21.84mm x 18.80mm Rectangular,Thermal Pad,58.66,0.1124,90.05,ModuleLED_Nano_7050,2.2,FAIL,0.0128,1.3,0.15,0.1252,105.27
✅ Standard,TP-0061,175-6-220P,Wakefield Thermal Solutions,Thermal Pad Gray 18.00mm x 12.70mm Rectangular,Thermal Pad,106.84,0.2928,0.0,ModuleLED_Nano_7050,2.2,FAIL,-0.1676,0.5,0.15,0.1252,112.61
✅ Standard,TP-0062,SPK10-0.006-00-104,Bergquist,Thermal Pad Beige 25.40mm x 19.05mm Rectangular,Thermal Pad,51.86,0.1124,90.15,ModuleLED_Nano_7050,2.2,FAIL,0.0128,1.3,0.15,0.1252,105.28
✅ Standard,TP-0063,53-77-4G,"Boyd Laconia, LLC","Thermal Pad Gray, Green 19.05mm x 12.70mm Rectangular",Thermal Pad,107.84,0.1624,0.0,ModuleLED_Nano_7050,2.2,FAIL,-0.0372,0.9,0.15,0.1252,107.31
🏭 Industrial,TP-0064,THJP0612AST1,Vishay Dale Thin Film,Thermal Pad 1.06mm x 3.20mm Rectangular,Thermal Pad,7889.05,0.0029,100.0,ModuleLED_Nano_7050,2.2,PASS,0.1223,259.0,0.76,0.1252,100.81
✅ Standard,TP-0065,HF115AC-0.0055-AC-90,Bergquist,Thermal Pad Gray 21.84mm x 18.79mm Rectangular Adhesive - One Side,Thermal Pad,66.04,0.1708,0.0,ModuleLED_Nano_7050,2.2,FAIL,-0.0456,0.8,0.14,0.1252,107.65
✅ Standard,TP-0066,53-77-4ACG,"Boyd Laconia, LLC","Thermal Pad Gray, Green 19.05mm x 12.70mm Rectangular Adhesive - One Side",Thermal Pad,116.14,0.1625,0.0,ModuleLED_Nano_7050,2.2,FAIL,-0.0374,0.9,0.15,0.1252,107.31
✅ Standard,TP-0067,173-7-240A,Wakefield Thermal Solutions,Thermal Pad Gray 19.10mm x 12.70mm Rectangular Adhesive - One Side,Thermal Pad,125.51,0.1463,3.18,ModuleLED_Nano_7050,2.2,FAIL,-0.0212,1.2,0.18,0.1252,106.66
✅ Standard,TP-0068,TG-APC93-20-20-2.0-0,t-Global Technology,Thermal Pad Gray 20.00mm x 20.00mm Square,Thermal Pad,81.13,0.9798,0.0,ModuleLED_Nano_7050,2.2,FAIL,-0.8547,2.0,2.01,0.1252,140.57
✅ Standard,TP-0069,TG-A3500-25-25-3.0,t-Global Technology,Thermal Pad Yellow 25.00mm x 25.00mm Square Tacky - Both Sides,Thermal Pad,55.13,0.8366,0.0,ModuleLED_Nano_7050,2.2,FAIL,-0.7114,3.5,3.0,0.1252,134.67
✅ Standard,TP-0070,53-77-9ACG,"Boyd Laconia, LLC","Thermal Pad Gray, Green 18.42mm x 13.21mm Rectangular Adhesive - One Side",Thermal Pad,142.97,0.1624,0.0,ModuleLED_Nano_7050,2.2,FAIL,-0.0373,0.9,0.15,0.1252,107.3
✅ Standard,TP-0071,TG-A6200-20-20-2.0,t-Global Technology,Thermal Pad Blue 20.00mm x 20.00mm Square Tacky - Both Sides,Thermal Pad,101.2,0.3163,0.0,ModuleLED_Nano_7050,2.2,FAIL,-0.1911,6.2,2.01,0.1252,113.58
✅ Standard,TP-0072,SP600-104,Bergquist,Thermal Pad Green 25.40mm x 19.05mm Rectangular,Thermal Pad,89.87,0.2242,0.0,ModuleLED_Nano_7050,2.2,FAIL,-0.0991,1.0,0.23,0.1252,109.82
✅ Standard,TP-0073,TG-A1250-15-15-2.0,t-Global Technology,Thermal Pad Green 15.00mm x 15.00mm Square,Thermal Pad,197.75,0.1567,0.0,ModuleLED_Nano_7050,2.2,FAIL,-0.0315,12.5,2.01,0.1252,107.09
✅ Standard,TP-0074,SP2000-0.015-00-104,Bergquist,Thermal Pad White 25.40mm x 19.05mm Rectangular,Thermal Pad,100.93,0.1058,98.87,ModuleLED_Nano_7050,2.2,FAIL,0.0194,3.5,0.38,0.1252,105.01
❌ Avoid,TP-0075,TG-AH486-21-15-13.0-1A,t-Global Technology,Thermal Pad Gray 21.00mm x 15.00mm Rectangular Adhesive - One Side,Thermal Pad,161.6,3.9565,0.0,ModuleLED_Nano_7050,2.2,FAIL,-3.8314,3.2,13.0,0.1252,262.13
🏭 Industrial,TP-0076,QB0603B25WYT,KYOCERA AVX,Thermal Pad 1.52mm x 0.76mm Rectangular,Thermal Pad,45749.91,0.0012,100.0,ModuleLED_Nano_7050,2.2,PASS,0.124,50.0,0.06,0.1252,100.74
✅ Standard,TP-0077,TG-A1250-30-30-0.5,t-Global Technology,Thermal Pad Green 30.00mm x 30.00mm Square,Thermal Pad,60.21,0.039,100.0,ModuleLED_Nano_7050,2.2,PASS,0.0862,12.5,0.5,0.1252,102.28
🏭 Industrial,TP-0078,THJP1225AST1,Vishay Dale Thin Film,Thermal Pad 3.20mm x 6.40mm Rectangular,Thermal Pad,2989.15,0.0029,100.0,ModuleLED_Nano_7050,2.2,PASS,0.1223,259.0,0.76,0.1252,100.81
❌ Avoid,TP-0079,TG-AH486-35-10-7.0-0,t-Global Technology,Thermal Pad Gray 35.00mm x 10.00mm Rectangular,Thermal Pad,184.47,2.1312,0.0,ModuleLED_Nano_7050,2.2,FAIL,-2.006,3.2,7.01,0.1252,187.6
🏆 Best Value,TP-0080,HSP-2,Sensata-Crydom,Thermal Pad Black 57.15mm x 44.45mm Rectangular Adhesive - One Side,Thermal Pad,26.73,0.0633,100.0,ModuleLED_Nano_7050,2.2,PASS,0.0618,2.0,0.13,0.1252,103.27
✅ Standard,TP-0081,TG-A486G-20-20-2.5-0,t-Global Technology,Thermal Pad Gray 20.00mm x 20.00mm Square Tacky - Both Sides,Thermal Pad,169.77,0.3872,0.0,ModuleLED_Nano_7050,2.2,FAIL,-0.262,6.3,2.5,0.1252,116.44
✅ Standard,TP-0082,407150015050,Würth Elektronik,Thermal Pad Black 15.00mm x 15.00mm Square Adhesive - Both Sides,Thermal Pad,325.6,0.0122,100.0,ModuleLED_Nano_7050,2.2,PASS,0.113,400.0,5.0,0.1252,101.19
✅ Standard,TP-0083,407150015030,Würth Elektronik,Thermal Pad Black 15.00mm x 15.00mm Square Adhesive - Both Sides,Thermal Pad,325.6,0.0073,100.0,ModuleLED_Nano_7050,2.2,PASS,0.1178,400.0,3.0,0.1252,100.99
❌ Avoid,TP-0084,TG-AH486-45-25-6.0-0,t-Global Technology,Thermal Pad Gray 45.00mm x 25.00mm Rectangular,Thermal Pad,72.85,1.8232,0.0,ModuleLED_Nano_7050,2.2,FAIL,-1.698,3.2,5.99,0.1252,174.86
✅ Standard,TP-0085,407150015200,Würth Elektronik,Thermal Pad Black 15.00mm x 15.00mm Square Adhesive - Both Sides,Thermal Pad,367.22,0.0487,100.0,ModuleLED_Nano_7050,2.2,PASS,0.0764,400.0,19.99,0.1252,102.67
🏭 Industrial,TP-0086,QB0805A40WYT,KYOCERA AVX,Thermal Pad 2.03mm x 1.27mm Rectangular,Thermal Pad,32308.5,0.01,100.0,ModuleLED_Nano_7050,2.2,PASS,0.1152,100.0,1.02,0.1252,101.1
🏭 Industrial,TP-0087,QB0805B40WYT,KYOCERA AVX,Thermal Pad 2.03mm x 1.27mm Rectangular,Thermal Pad,32308.5,0.01,100.0,ModuleLED_Nano_7050,2.2,PASS,0.1152,100.0,1.02,0.1252,101.1
❌ Avoid,TP-0088,TG-AH486-25-25-9.0-0,t-Global Technology,Thermal Pad Gray 25.00mm x 25.00mm Square,Thermal Pad,135.41,2.7397,0.0,ModuleLED_Nano_7050,2.2,FAIL,-2.6145,3.2,8.99,0.1252,212.14
✅ Standard,TP-0089,407150045015,Würth Elektronik,Thermal Pad Black 45.00mm x 15.00mm Rectangular Adhesive - Both Sides,Thermal Pad,127.36,0.0037,100.0,ModuleLED_Nano_7050,2.2,PASS,0.1215,400.0,1.5,0.1252,100.84
✅ Standard,TP-0090,EAPUS SARCON GR-HM 10.8X10.8X0.5MM,ADLINK Technology,"Thermal Interface Products Pad,Type=GR-Hm,Size=10.8x10.8x0.5mm,K=6W/mK,Color=Reddish Gray",Thermal Pad,816.21,0.0812,100.0,ModuleLED_Nano_7050,2.2,PASS,0.044,6.0,0.5,0.1252,104.01
❌ Avoid,TP-0091,EAPUS SARCON XR-Hl 16.5X7.5X2.0MM,ADLINK Technology,"Thermal Interface Products Pad,Type=XR-HL,Size=16.5x7.5x2.0mm,K=1.2W/mK,Color=Black",Thermal Pad,769.31,1.6264,0.0,ModuleLED_Nano_7050,2.2,FAIL,-1.5012,1.2,2.0,0.1252,166.84
❌ Avoid,TP-0092,EAPUS SARCON XR-Hl 20X10X2.5MM,ADLINK Technology,"Thermal Interface Products Pad,Type=XR-HL,Size=20x10x2.5mm,K=1.2W/mK,Color=Black",Thermal Pad,476.01,2.0301,0.0,ModuleLED_Nano_7050,2.2,FAIL,-1.905,1.2,2.5,0.1252,183.45
❌ Avoid,TP-0093,EAPUS SARCON XR-Hl 35X11X2.5MM,ADLINK Technology,"Thermal Interface Products Pad,Type=XR-HL,Size=35x11x2.5mm,K=1.2W/mK,Color=Black",Thermal Pad,247.28,2.0308,0.0,ModuleLED_Nano_7050,2.2,FAIL,-1.9056,1.2,2.5,0.1252,183.42
❌ Avoid,TP-0094,EAPUS SARCON XR-Hl 12X14X3.0MM,ADLINK Technology,"Thermal Interface Products Pad,Type=XR-HL,Size=12x14x3.0mm,K=1.2W/mK,Color=Black",Thermal Pad,566.68,2.4381,0.0,ModuleLED_Nano_7050,2.2,FAIL,-2.3129,1.2,3.0,0.1252,199.92
✅ Standard,TP-0095,60-11-5791-1671,Parker Chomerics,Thermal Pad White 17.45mm x 14.28mm Rectangular,Thermal Pad,385.28,0.1425,7.23,ModuleLED_Nano_7050,2.2,FAIL,-0.0174,2.6,0.38,0.1252,106.49
✅ Standard,TP-0096,PL-05-3-254,Wakefield Thermal,"Thermal Interface Products ulTIMiFlux Gap Pad, Silicone, 0.5mm Thickness, 3 W/m-K, 25.4x25.4mm, Green",Thermal Pad,150.36,0.1622,0.0,ModuleLED_Nano_7050,2.2,FAIL,-0.0371,3.0,0.5,0.1252,107.31
✅ Standard,TP-0097,60-11-8302-1671,Parker Chomerics,Thermal Pad White 18.03mm x 12.70mm Rectangular,Thermal Pad,425.12,0.1426,6.87,ModuleLED_Nano_7050,2.2,FAIL,-0.0174,2.6,0.38,0.1252,106.5
✅ Standard,TP-0098,TG-A1250-40-40-0.5,t-Global Technology,Thermal Pad Green 40.00mm x 40.00mm Square,Thermal Pad,61.68,0.039,100.0,ModuleLED_Nano_7050,2.2,PASS,0.0862,12.5,0.5,0.1252,102.28
✅ Standard,TP-0099,PL-05-5-254,Wakefield Thermal,"Thermal Interface Products ulTIMiFlux Gap Pad, Silicone, 0.5mm Thickness, 5 W/m-K, 25.4x25.4mm, Gold",Thermal Pad,156.58,0.0975,100.0,ModuleLED_Nano_7050,2.2,PASS,0.0277,5.0,0.5,0.1252,104.66
✅ Standard,TP-0100,PL-05-3-254-H,Wakefield Thermal,"Thermal Interface Products ulTIMiFlux Gap Pad, Silicone, 0.5mm Thickness, 3 W/m-K, 25.4x25.4mm, Hyper Soft",Thermal Pad,157.1,0.1625,0.0,ModuleLED_Nano_7050,2.2,FAIL,-0.0374,3.0,0.5,0.1252,107.31
✅ Standard,TP-0101,PL-05-5-254-H,Wakefield Thermal,"Thermal Interface Products ulTIMiFlux Gap Pad, Silicone, 0.5mm Thickness, 5 W/m-K, 25.4x25.4mm, Hyper Soft",Thermal Pad,162.8,0.0974,100.0,ModuleLED_Nano_7050,2.2,PASS,0.0277,5.0,0.5,0.1252,104.66
❌ Avoid,TP-0102,PL-2-1-254,Wakefield Thermal,"Thermal Interface Products ulTIMiFlux Gap Pad, Silicone, 2mm Thickness, 1 W/m-K, 25.4x25.4mm, Grey",Thermal Pad,163.84,1.9477,0.0,ModuleLED_Nano_7050,2.2,FAIL,-1.8225,1.0,2.0,0.1252,180.13
✅ Standard,TP-0103,PL-2-3-254,Wakefield Thermal,"Thermal Interface Products ulTIMiFlux Gap Pad, Silicone, 2mm Thickness, 3 W/m-K, 25.4x25.4mm, Green",Thermal Pad,175.24,0.6498,0.0,ModuleLED_Nano_7050,2.2,FAIL,-0.5246,3.0,2.0,0.1252,127.2
✅ Standard,TP-0104,PL-2-3-254-H,Wakefield Thermal,"Thermal Interface Products ulTIMiFlux Gap Pad, Silicone, 2mm Thickness, 3 W/m-K, 25.4x25.4mm, Hyper Soft",Thermal Pad,181.99,0.6503,0.0,ModuleLED_Nano_7050,2.2,FAIL,-0.5251,3.0,2.0,0.1252,127.16
✅ Standard,TP-0105,PL-1-5-254,Wakefield Thermal,"Thermal Interface Products ulTIMiFlux Gap Pad, Silicone, 1mm Thickness, 5 W/m-K, 25.4x25.4mm, Gold",Thermal Pad,185.1,0.1947,0.0,ModuleLED_Nano_7050,2.2,FAIL,-0.0695,5.0,1.0,0.1252,108.64
✅ Standard,TP-0106,SP2000-0.015-00-58,Bergquist,Thermal Pad White 19.05mm x 12.70mm Rectangular,Thermal Pad,529.55,0.1059,98.71,ModuleLED_Nano_7050,2.2,FAIL,0.0192,3.5,0.38,0.1252,105.01
❌ Avoid,TP-0107,TG-A3500-40-40-5.0,t-Global Technology,Thermal Pad Yellow 40.00mm x 40.00mm Square Tacky - Both Sides,Thermal Pad,80.49,1.3936,0.0,ModuleLED_Nano_7050,2.2,FAIL,-1.2684,3.5,5.0,0.1252,157.33
🏆 Best Value,TP-0108,TG-AH486-100-100-1.0-0,t-Global Technology,Thermal Pad Gray 100.00mm x 100.00mm Square,Thermal Pad,15.86,0.3043,0.0,ModuleLED_Nano_7050,2.2,FAIL,-0.1792,3.2,1.0,0.1252,113.1
✅ Standard,TP-0109,PL-2-5-254-H,Wakefield Thermal,"Thermal Interface Products ulTIMiFlux Gap Pad, Silicone, 2mm Thickness, 5 W/m-K, 25.4x25.4mm, Hyper Soft",Thermal Pad,253.54,0.3898,0.0,ModuleLED_Nano_7050,2.2,FAIL,-0.2646,5.0,2.0,0.1252,116.54
✅ Standard,TP-0110,TG-A1250-30-30-2.0,t-Global Technology,Thermal Pad Green 30.00mm x 30.00mm Square,Thermal Pad,182.49,0.157,0.0,ModuleLED_Nano_7050,2.2,FAIL,-0.0318,12.5,2.01,0.1252,107.07
✅ Standard,TP-0111,PL-05-1-1016,Wakefield Thermal,"Thermal Interface Products ulTIMiFlux Gap Pad, Silicone, 0.5mm Thickness, 1 W/m-K, 101.6x101.6mm, Grey",Thermal Pad,16.79,0.4871,0.0,ModuleLED_Nano_7050,2.2,FAIL,-0.3619,1.0,0.5,0.1252,120.57
✅ Standard,TP-0112,TG-A1250-25-25-3.0,t-Global Technology,Thermal Pad Green 25.00mm x 25.00mm Square,Thermal Pad,279.91,0.2341,0.0,ModuleLED_Nano_7050,2.2,FAIL,-0.1089,12.5,3.0,0.1252,110.23
✅ Standard,TP-0113,PL-2-5-254,Wakefield Thermal,"Thermal Interface Products ulTIMiFlux Gap Pad, Silicone, 2mm Thickness, 5 W/m-K, 25.4x25.4mm, Gold",Thermal Pad,281.01,0.3901,0.0,ModuleLED_Nano_7050,2.2,FAIL,-0.265,5.0,2.0,0.1252,116.6
✅ Standard,TP-0114,TG-A1780-25-25-0.5,t-Global Technology,Thermal Pad Gray 25.00mm x 25.00mm Square,Thermal Pad,294.36,0.0274,100.0,ModuleLED_Nano_7050,2.2,PASS,0.0977,17.8,0.5,0.1252,101.81
✅ Standard,TP-0115,PL-1-1.5-76X127-15,Wakefield Thermal,"Thermal Interface Products ulTIMiFlux Gap Pad, Silicone, 1mm Thickness, 1.5 W/mK, 76.2x127mm, Grey",Thermal Pad,21.88,0.6505,0.0,ModuleLED_Nano_7050,2.2,FAIL,-0.5254,1.5,1.0,0.1252,127.18
🏆 Best Value,TP-0116,4051100100017,Würth Elektronik,Thermal Pad 100.00mm x 100.00mm Square Acrylic,Thermal Pad,22.41,0.0,100.0,ModuleLED_Nano_7050,2.2,PASS,0.1251,1800.0,0.04,0.1252,100.69
✅ Standard,TP-0117,TG-A1250-40-40-1.5,t-Global Technology,Thermal Pad Green 40.00mm x 40.00mm Square,Thermal Pad,143.21,0.117,78.82,ModuleLED_Nano_7050,2.2,FAIL,0.0082,12.5,1.5,0.1252,105.46
✅ Standard,TP-0118,PL-1-1-1016,Wakefield Thermal,"Thermal Interface Products ulTIMiFlux Gap Pad, Silicone, 1mm Thickness, 1 W/m-K, 101.6x101.6mm, Grey",Thermal Pad,22.42,0.9761,0.0,ModuleLED_Nano_7050,2.2,FAIL,-0.8509,1.0,1.0,0.1252,140.5
🏆 Best Value,TP-0119,COH-1706-200-05,Taica North America Corporation,Thermal Pad Gray 200.00mm x 200.00mm Square Tacky - Both Sides,Thermal Pad,5.81,0.2925,0.0,ModuleLED_Nano_7050,2.2,FAIL,-0.1673,1.7,0.51,0.1252,112.57
✅ Standard,TP-0120,SoftFlex-B016-20-01-0762-0762,Aavid,"Thermal Interface Products SoftFlex Pad, 1.6 W/mK Conductivity, 2mm Thick, 1-Side Adhesive, 76.2x76.2mm",Thermal Pad,44.07,1.2198,0.0,ModuleLED_Nano_7050,2.2,FAIL,-1.0946,1.6,2.0,0.1252,150.34
✅ Standard,TP-0121,TG-A1780-30-30-0.5,t-Global Technology,Thermal Pad Gray 30.00mm x 30.00mm Square,Thermal Pad,288.41,0.0274,100.0,ModuleLED_Nano_7050,2.2,PASS,0.0978,17.8,0.5,0.1252,101.81
🏆 Best Value,TP-0122,TG-A6200F-100-100-0.5,t-Global Technology,Thermal Pad Blue 100.00mm x 100.00mm Square Tacky - One Side,Thermal Pad,28.2,0.0976,100.0,ModuleLED_Nano_7050,2.2,PASS,0.0276,5.0,0.5,0.1252,104.66
✅ Standard,TP-0123,SP2000-0.015-00-54,Bergquist,Thermal Pad White 19.05mm x 12.70mm Rectangular,Thermal Pad,1349.4,0.1059,99.01,ModuleLED_Nano_7050,2.2,PASS,0.0193,3.5,0.38,0.1252,105.0
✅ Standard,TP-0124,PL-05-5-1016,Wakefield Thermal,"Thermal Interface Products ulTIMiFlux Gap Pad, Silicone, 0.5mm Thickness, 5 W/m-K, 101.6x101.6mm, Gold",Thermal Pad,31.79,0.0976,100.0,ModuleLED_Nano_7050,2.2,PASS,0.0276,5.0,0.5,0.1252,104.67
❌ Avoid,TP-0125,GP1500-0.080-02-0404,Bergquist,Thermal Pad Black 101.60mm x 101.60mm Square Tacky - Both Sides,Thermal Pad,33.77,1.3172,0.0,ModuleLED_Nano_7050,2.2,FAIL,-1.1921,1.5,2.03,0.1252,154.41
✅ Standard,TP-0126,PL-05-3-1016-H,Wakefield Thermal,"Thermal Interface Products ulTIMiFlux Gap Pad, Silicone, 0.5mm Thick, 3 W/m-K, 101.6x101.6mm, Hyper Soft",Thermal Pad,35.09,0.1623,0.0,ModuleLED_Nano_7050,2.2,FAIL,-0.0372,3.0,0.5,0.1252,107.29
✅ Standard,TP-0127,PLF-1-1-76X127-40,Wakefield Thermal,"Thermal Interface Products ulTIMiFlux Gap Pad, Silicone-Free, 1mm Thickness, 1 W/m-K, 76x127mm, White",Thermal Pad,38.19,0.9757,0.0,ModuleLED_Nano_7050,2.2,FAIL,-0.8506,1.0,1.0,0.1252,140.44
✅ Standard,TP-0128,PL-1-3-76X127-30,Wakefield Thermal,"Thermal Interface Products ulTIMiFlux Gap Pad, Silicone, 1mm Thickness, 3 W/m-K, 76.2x127mm, Blue",Thermal Pad,39.27,0.325,0.0,ModuleLED_Nano_7050,2.2,FAIL,-0.1999,3.0,1.0,0.1252,113.93
✅ Standard,TP-0129,TG-A6200-100-100-1.0,t-Global Technology,Thermal Pad Blue 100.00mm x 100.00mm Square Tacky - Both Sides,Thermal Pad,39.0,0.1572,0.0,ModuleLED_Nano_7050,2.2,FAIL,-0.032,6.2,1.0,0.1252,107.1
✅ Standard,TP-0130,TG-A1780-40-40-0.5,t-Global Technology,Thermal Pad Gray 40.00mm x 40.00mm Square,Thermal Pad,247.32,0.0274,100.0,ModuleLED_Nano_7050,2.2,PASS,0.0978,17.8,0.5,0.1252,101.81
✅ Standard,TP-0131,GP1500-0.020-02-0404,Bergquist,Thermal Pad Black 101.60mm x 101.60mm Square Tacky - Both Sides,Thermal Pad,40.18,0.3313,0.0,ModuleLED_Nano_7050,2.2,FAIL,-0.2061,1.5,0.51,0.1252,114.21
✅ Standard,TP-0132,PL-1-3-1016-H,Wakefield Thermal,"Thermal Interface Products ulTIMiFlux Gap Pad, Silicone, 1mm Thickness, 3 W/m-K, 101.6x101.6mm, Hyper Soft",Thermal Pad,41.09,0.3251,0.0,ModuleLED_Nano_7050,2.2,FAIL,-0.2,3.0,1.0,0.1252,113.92
❌ Avoid,TP-0133,PL-2-1-1016,Wakefield Thermal,"Thermal Interface Products ulTIMiFlux Gap Pad, Silicone, 2mm Thickness, 1 W/m-K, 101.6x101.6mm, Grey",Thermal Pad,41.35,1.9499,0.0,ModuleLED_Nano_7050,2.2,FAIL,-1.8248,1.0,2.0,0.1252,180.13
🏭 Industrial,TP-0134,QB0603A25WYT,KYOCERA AVX,Thermal Pad 1.52mm x 0.76mm Rectangular,Thermal Pad,370632.22,0.0012,100.0,ModuleLED_Nano_7050,2.2,PASS,0.124,50.0,0.06,0.1252,100.74
✅ Standard,TP-0135,PL-05-5-1016-H,Wakefield Thermal,"Thermal Interface Products ulTIMiFlux Gap Pad, Silicone, 0.5mm Thick, 5 W/m-K, 101.6x101.6mm, Hyper Soft",Thermal Pad,43.52,0.0975,100.0,ModuleLED_Nano_7050,2.2,PASS,0.0277,5.0,0.5,0.1252,104.66
🏆 Best Value,TP-0136,A18197-05,Laird Technologies - Thermal Materials,Thermal Pad Gray 228.60mm x 228.60mm Square Tacky - Both Sides,Thermal Pad,8.71,0.022,100.0,ModuleLED_Nano_7050,2.2,PASS,0.1031,5.3,0.12,0.1252,101.59
✅ Standard,TP-0137,69-13-42348-T412,Parker Chomerics,Thermal Pad Gray 28.00mm x 28.00mm Square Adhesive - Both Sides,Thermal Pad,615.67,0.1601,0.0,ModuleLED_Nano_7050,2.2,FAIL,-0.0349,1.4,0.23,0.1252,107.22
🏆 Best Value,TP-0138,T62-310-310-0.13,t-Global Technology,Thermal Pad Black 310.00mm x 310.00mm Square,Thermal Pad,5.25,0.0063,100.0,ModuleLED_Nano_7050,2.2,PASS,0.1188,20.0,0.13,0.1252,100.95
🏆 Best Value,TP-0139,A18197-08,Laird Technologies - Thermal Materials,Thermal Pad Gray 228.60mm x 228.60mm Square Tacky - Both Sides,Thermal Pad,9.86,0.0368,100.0,ModuleLED_Nano_7050,2.2,PASS,0.0884,5.3,0.2,0.1252,102.19
🏆 Best Value,TP-0140,TG-A6200-150-150-0.5,t-Global Technology,Thermal Pad Blue 150.00mm x 150.00mm Square Tacky - Both Sides,Thermal Pad,23.74,0.0786,100.0,ModuleLED_Nano_7050,2.2,PASS,0.0465,6.2,0.5,0.1252,103.9
🏆 Best Value,TP-0141,A18197-10,Laird Technologies - Thermal Materials,Thermal Pad Gray 228.60mm x 228.60mm Square Tacky - Both Sides,Thermal Pad,10.66,0.046,100.0,ModuleLED_Nano_7050,2.2,PASS,0.0792,5.3,0.25,0.1252,102.57
✅ Standard,TP-0142,A17916-08,Laird Technologies - Thermal Materials,Thermal Pad Gray 228.60mm x 228.60mm Square Tacky - Both Sides,Thermal Pad,10.67,0.9908,0.0,ModuleLED_Nano_7050,2.2,FAIL,-0.8656,2.0,2.03,0.1252,141.03
🏆 Best Value,TP-0143,BP100-0.005-00-1112,Bergquist,Thermal Pad White 304.80mm x 279.40mm Rectangular Adhesive - Both Sides,Thermal Pad,6.65,0.1584,0.0,ModuleLED_Nano_7050,2.2,FAIL,-0.0333,0.8,0.13,0.1252,107.15
✅ Standard,TP-0144,PL-2-3-1016-H,Wakefield Thermal,"Thermal Interface Products ulTIMiFlux Gap Pad, Silicone, 2mm Thickness, 3 W/m-K, 101.6x101.6mm, Hyper Soft",Thermal Pad,57.1,0.6503,0.0,ModuleLED_Nano_7050,2.2,FAIL,-0.5252,3.0,2.0,0.1252,127.24
🏆 Best Value,TP-0145,T62-1-310-310-0.16,t-Global Technology,Thermal Pad Black 310.00mm x 310.00mm Square Adhesive - One Side,Thermal Pad,6.15,0.0104,100.0,ModuleLED_Nano_7050,2.2,PASS,0.1148,15.0,0.16,0.1252,101.12
✅ Standard,TP-0146,PL-1-5-76X127-60,Wakefield Thermal,"Thermal Interface Products ulTIMiFlux Gap Pad, Silicone, 1mm Thickness, 5 W/m-K, 76.2x127mm, Brown",Thermal Pad,65.47,0.195,0.0,ModuleLED_Nano_7050,2.2,FAIL,-0.0698,5.0,1.0,0.1252,108.64
✅ Standard,TP-0147,GP1500-0.040-02-0404,Bergquist,Thermal Pad Black 101.60mm x 101.60mm Square Tacky - Both Sides,Thermal Pad,66.2,0.6629,0.0,ModuleLED_Nano_7050,2.2,FAIL,-0.5378,1.5,1.02,0.1252,127.69
✅ Standard,TP-0148,PLF-1-3-76X127-70,Wakefield Thermal,"Thermal Interface Products ulTIMiFlux Gap Pad, Silicone-Free, 1mm Thickness, 3 W/m-K, 76x127mm, White",Thermal Pad,71.04,0.3245,0.0,ModuleLED_Nano_7050,2.2,FAIL,-0.1994,3.0,1.0,0.1252,113.9
🏆 Best Value,TP-0149,GT10D-300-300-0.25-1A,t-Global Technology,Thermal Pad Pink 300.00mm x 300.00mm Square Adhesive - One Side,Thermal Pad,7.83,0.1625,0.0,ModuleLED_Nano_7050,2.2,FAIL,-0.0373,1.5,0.25,0.1252,107.31
✅ Standard,TP-0150,SF400-505005,Same Sky (Formerly CUI Devices),Thermal Pad Gray 50.00mm x 50.00mm Square Tacky - Both Sides,Thermal Pad,289.54,0.1949,0.0,ModuleLED_Nano_7050,2.2,FAIL,-0.0698,2.5,0.5,0.1252,108.62
🏆 Best Value,TP-0151,A18197-16,Laird Technologies - Thermal Materials,Thermal Pad Gray 228.60mm x 228.60mm Square Tacky - Both Sides,Thermal Pad,14.0,0.0754,100.0,ModuleLED_Nano_7050,2.2,PASS,0.0498,5.3,0.41,0.1252,103.77
🏆 Best Value,TP-0152,GPVOUS-0.020-01-0816,Bergquist,Thermal Pad Pink 406.40mm x 203.20mm Rectangular Tacky - One Side,Thermal Pad,8.95,0.4976,0.0,ModuleLED_Nano_7050,2.2,FAIL,-0.3724,1.0,0.51,0.1252,120.94
✅ Standard,TP-0153,A17733-04,Laird Technologies - Thermal Materials,Thermal Pad Yellow 228.60mm x 228.60mm Square Adhesive - One Side,Thermal Pad,14.33,0.8284,0.0,ModuleLED_Nano_7050,2.2,FAIL,-0.7032,1.2,1.02,0.1252,134.47
🏆 Best Value,TP-0154,2191342,Bergquist,Thermal Pad Gray 304.80mm x 292.10mm Rectangular,Thermal Pad,8.43,0.1627,0.0,ModuleLED_Nano_7050,2.2,FAIL,-0.0375,0.9,0.15,0.1252,107.32
✅ Standard,TP-0155,TG-A1250-125-125-0.5,t-Global Technology,Thermal Pad Green 125.00mm x 125.00mm Square,Thermal Pad,48.51,0.039,100.0,ModuleLED_Nano_7050,2.2,PASS,0.0861,12.5,0.5,0.1252,102.29
🏆 Best Value,TP-0156,A18172-16,Laird Technologies - Thermal Materials,Thermal Pad Gray 228.60mm x 228.60mm Square Tacky - Both Sides,Thermal Pad,14.75,0.052,100.0,ModuleLED_Nano_7050,2.2,PASS,0.0731,7.5,0.4,0.1252,102.81
🏆 Best Value,TP-0157,69-12-42355-1674,Parker Chomerics,Thermal Pad Blue 203.20mm x 203.20mm Square Adhesive - One Side,Thermal Pad,18.99,0.2438,0.0,ModuleLED_Nano_7050,2.2,FAIL,-0.1186,1.0,0.25,0.1252,110.61
✅ Standard,TP-0158,TG-A6200-100-100-2.5,t-Global Technology,Thermal Pad Blue 100.00mm x 100.00mm Square Tacky - Both Sides,Thermal Pad,78.67,0.3929,0.0,ModuleLED_Nano_7050,2.2,FAIL,-0.2678,6.2,2.5,0.1252,116.66
✅ Standard,TP-0159,PL-1-6-76X127-60,Wakefield Thermal,"Thermal Interface Products ulTIMiFlux Gap Pad, Silicone, 1mm Thickness, 6 W/mK, 76.2x127mm, Grey",Thermal Pad,83.78,0.1626,0.0,ModuleLED_Nano_7050,2.2,FAIL,-0.0374,6.0,1.0,0.1252,107.3
🏆 Best Value,TP-0160,GP1500-0.040-02-0816,Bergquist,Thermal Pad Black 406.40mm x 203.20mm Rectangular Tacky - Both Sides,Thermal Pad,9.85,0.6625,0.0,ModuleLED_Nano_7050,2.2,FAIL,-0.5373,1.5,1.02,0.1252,127.65
✅ Standard,TP-0161,GPVOUS-0.040-01-0816,Bergquist,Thermal Pad Pink 406.40mm x 203.20mm Rectangular Tacky - One Side,Thermal Pad,10.0,0.9927,0.0,ModuleLED_Nano_7050,2.2,FAIL,-0.8676,1.0,1.02,0.1252,141.18
🏆 Best Value,TP-0162,A18172-05,Laird Technologies - Thermal Materials,Thermal Pad Gray 228.60mm x 228.60mm Square Tacky - Both Sides,Thermal Pad,16.03,0.0156,100.0,ModuleLED_Nano_7050,2.2,PASS,0.1096,7.5,0.12,0.1252,101.33
✅ Standard,TP-0163,TG-A6200-150-150-1.0,t-Global Technology,Thermal Pad Blue 150.00mm x 150.00mm Square Tacky - Both Sides,Thermal Pad,37.27,0.1572,0.0,ModuleLED_Nano_7050,2.2,FAIL,-0.0321,6.2,1.0,0.1252,107.1
🏆 Best Value,TP-0164,A15993-00,Laird Technologies - Thermal Materials,Thermal Pad Gray 228.60mm x 228.60mm Square Tacky - Both Sides,Thermal Pad,16.3,0.1659,0.0,ModuleLED_Nano_7050,2.2,FAIL,-0.0407,3.0,0.51,0.1252,107.45
🏆 Best Value,TP-0165,A18172-10,Laird Technologies - Thermal Materials,Thermal Pad Gray 228.60mm x 228.60mm Square Tacky - Both Sides,Thermal Pad,17.04,0.0325,100.0,ModuleLED_Nano_7050,2.2,PASS,0.0926,7.5,0.25,0.1252,102.02
✅ Standard,TP-0166,PL-1-5-1016-H,Wakefield Thermal,"Thermal Interface Products ulTIMiFlux Gap Pad, Silicone, 1mm Thickness, 5 W/m-K, 101.6x101.6mm, Hyper Soft",Thermal Pad,87.98,0.1947,0.0,ModuleLED_Nano_7050,2.2,FAIL,-0.0696,5.0,1.0,0.1252,108.62
✅ Standard,TP-0167,TG-A1250-100-100-1.0,t-Global Technology,Thermal Pad Green 100.00mm x 100.00mm Square,Thermal Pad,92.89,0.078,100.0,ModuleLED_Nano_7050,2.2,PASS,0.0471,12.5,1.0,0.1252,103.87
✅ Standard,TP-0168,PLX-1-6-76X127-48,Wakefield Thermal,"Thermal Interface Products ulTIMiFlux Gap Pad, Silicone, 1mm Thickness, 6 W/mK, 76x127mm, Grey",Thermal Pad,97.73,0.1625,0.0,ModuleLED_Nano_7050,2.2,FAIL,-0.0374,6.0,1.0,0.1252,107.31
🏆 Best Value,TP-0169,BP100-0.011-00-1010,Bergquist,Thermal Pad White 254.00mm x 254.00mm Square Adhesive - Both Sides,Thermal Pad,14.71,0.3413,0.0,ModuleLED_Nano_7050,2.2,FAIL,-0.2162,0.8,0.28,0.1252,114.6
✅ Standard,TP-0170,PL-1-5-1016,Wakefield Thermal,"Thermal Interface Products ulTIMiFlux Gap Pad, Silicone, 1mm Thickness, 5 W/m-K, 101.6x101.6mm, Gold",Thermal Pad,94.2,0.1949,0.0,ModuleLED_Nano_7050,2.2,FAIL,-0.0698,5.0,1.0,0.1252,108.64
✅ Standard,TP-0171,PL-1-5-1016-H,Wakefield Thermal Solutions,Thermal Pad Gold 101.60mm x 101.60mm Square Tacky - One Side,Thermal Pad,94.23,0.1929,0.0,ModuleLED_Nano_7050,2.2,FAIL,-0.0678,5.0,0.99,0.1252,108.55
🏆 Best Value,TP-0172,GP1500R-0.020-02-0816,Bergquist,Thermal Pad Black 406.40mm x 203.20mm Rectangular Tacky - Both Sides,Thermal Pad,12.05,0.3318,0.0,ModuleLED_Nano_7050,2.2,FAIL,-0.2067,1.5,0.51,0.1252,114.21
🏆 Best Value,TP-0173,4051210297017,Würth Elektronik,Thermal Pad 297.00mm x 210.00mm Rectangular Acrylic,Thermal Pad,15.99,0.0,100.0,ModuleLED_Nano_7050,2.2,PASS,0.1251,1800.0,0.04,0.1252,100.69
🏆 Best Value,TP-0174,BP100-0.008-00-1010,Bergquist,Thermal Pad White 254.00mm x 254.00mm Square Adhesive - Both Sides,Thermal Pad,15.64,0.2437,0.0,ModuleLED_Nano_7050,2.2,FAIL,-0.1186,0.8,0.2,0.1252,110.61
❌ Avoid,TP-0175,2191191,Bergquist,Thermal Pad Pink 406.40mm x 203.20mm Rectangular Tacky - One Side,Thermal Pad,12.56,1.4808,0.0,ModuleLED_Nano_7050,2.2,FAIL,-1.3557,1.0,1.52,0.1252,160.96
✅ Standard,TP-0176,69-13-42350-T412,Parker Chomerics,Thermal Pad Gray 152.40mm x 152.40mm Square Adhesive - Both Sides,Thermal Pad,45.12,0.1603,0.0,ModuleLED_Nano_7050,2.2,FAIL,-0.0351,1.4,0.23,0.1252,107.23
🏆 Best Value,TP-0177,A14556-01,Laird Technologies - Thermal Materials,Thermal Pad Blue 228.60mm x 228.60mm Square Tacky - Both Sides,Thermal Pad,20.11,0.1775,0.0,ModuleLED_Nano_7050,2.2,FAIL,-0.0524,2.8,0.51,0.1252,107.93
🏆 Best Value,TP-0178,A17690-02,Laird Technologies - Thermal Materials,Thermal Pad Pink 228.60mm x 228.60mm Square Tacky - One Side,Thermal Pad,20.66,0.0995,100.0,ModuleLED_Nano_7050,2.2,PASS,0.0256,5.0,0.51,0.1252,104.74
✅ Standard,TP-0179,PLX-1-7-76X127-68,Wakefield Thermal,"Thermal Interface Products ulTIMiFlux Gap Pad, Silicone, 1mm Thickness, 7 W/mK, 76x127mm, Grey",Thermal Pad,112.15,0.1391,11.64,ModuleLED_Nano_7050,2.2,FAIL,-0.0139,7.0,1.0,0.1252,106.37
🏆 Best Value,TP-0180,SPK10-0.006-00-11.512,Bergquist,Thermal Pad Beige 304.80mm x 292.10mm Rectangular,Thermal Pad,12.48,0.1125,89.58,ModuleLED_Nano_7050,2.2,FAIL,0.0127,1.3,0.15,0.1252,105.28
🏆 Best Value,TP-0181,A10464-07,Laird Technologies - Thermal Materials,Thermal Pad Gray 609.60mm x 457.20mm Rectangular,Thermal Pad,4.17,0.0995,100.0,ModuleLED_Nano_7050,2.2,PASS,0.0257,5.0,0.51,0.1252,104.75
✅ Standard,TP-0182,COH-4065LVC-200-10,Taica North America Corporation,Thermal Pad Reddish Brown 200.00mm x 200.00mm Square Tacky - Both Sides,Thermal Pad,30.3,0.4388,0.0,ModuleLED_Nano_7050,2.2,FAIL,-0.3136,2.2,0.99,0.1252,118.58
❌ Avoid,TP-0183,GP1500-0.080-02-0816,Bergquist,Thermal Pad Black 406.40mm x 203.20mm Rectangular Tacky - Both Sides,Thermal Pad,14.69,1.3191,0.0,ModuleLED_Nano_7050,2.2,FAIL,-1.194,1.5,2.03,0.1252,154.43
✅ Standard,TP-0184,PLX-1-1.5-210X310-40,Wakefield Thermal,"Thermal Interface Products ulTIMiFlux Gap Pad, Silicone, 1mm Thickness, 1.5 W/mK, 210x310mm, White",Thermal Pad,18.75,0.6505,0.0,ModuleLED_Nano_7050,2.2,FAIL,-0.5254,1.5,1.0,0.1252,127.13
✅ Standard,TP-0185,TG-A486G-150-150-1.0-1A,t-Global Technology,Thermal Pad Gray 150.00mm x 150.00mm Square Adhesive - One Side,Thermal Pad,55.51,0.1547,0.0,ModuleLED_Nano_7050,2.2,FAIL,-0.0296,6.3,1.0,0.1252,106.99
🏆 Best Value,TP-0186,SP900S-0.009-AC-1212,Bergquist,Thermal Pad Pink 304.80mm x 304.80mm Square Adhesive - One Side,Thermal Pad,13.65,0.1403,9.76,ModuleLED_Nano_7050,2.2,FAIL,-0.0152,1.6,0.23,0.1252,106.4
🏆 Best Value,TP-0187,A17653-03,Laird Technologies - Thermal Materials,Thermal Pad Pink 228.60mm x 228.60mm Square Tacky - Both Sides,Thermal Pad,25.85,0.1482,1.54,ModuleLED_Nano_7050,2.2,FAIL,-0.0231,5.0,0.76,0.1252,106.73
✅ Standard,TP-0188,PLX-1-2-210X310-80,Wakefield Thermal,"Thermal Interface Products ulTIMiFlux Gap Pad, Silicone, 1mm Thickness, 2 W/mK, 210x310mm, Grey",Thermal Pad,21.0,0.4881,0.0,ModuleLED_Nano_7050,2.2,FAIL,-0.3629,2.0,1.0,0.1252,120.56
✅ Standard,TP-0189,PL-1-8-76X127-50,Wakefield Thermal,"Thermal Interface Products ulTIMiFlux Gap Pad, Silicone, 1mm Thickness, 8 W/mK, 76.2x127mm, Grey",Thermal Pad,142.3,0.122,63.48,ModuleLED_Nano_7050,2.2,FAIL,0.0031,8.0,1.0,0.1252,105.66
✅ Standard,TP-0190,PL-2-5-1016-H,Wakefield Thermal,"Thermal Interface Products ulTIMiFlux Gap Pad, Silicone, 2mm Thickness, 5 W/m-K, 101.6x101.6mm, Hyper Soft",Thermal Pad,137.65,0.3901,0.0,ModuleLED_Nano_7050,2.2,FAIL,-0.265,5.0,2.0,0.1252,116.57
🏆 Best Value,TP-0191,2165804,Bergquist,Thermal Pad Beige 304.80mm x 292.10mm Rectangular Adhesive - One Side,Thermal Pad,16.64,0.1125,89.72,ModuleLED_Nano_7050,2.2,FAIL,0.0127,1.3,0.15,0.1252,105.27
✅ Standard,TP-0192,5549S-05,3M,Thermal Pad Gray 210.00mm x 155.00mm Rectangular Tacky - One Side,Thermal Pad,45.7,0.1394,11.48,ModuleLED_Nano_7050,2.2,FAIL,-0.0142,3.5,0.5,0.1252,106.37
✅ Standard,TP-0193,61-02-0909-G579,Parker Chomerics,Thermal Pad Pink 228.60mm x 228.60mm Square,Thermal Pad,28.89,0.1657,0.0,ModuleLED_Nano_7050,2.2,FAIL,-0.0406,3.0,0.51,0.1252,107.43
✅ Standard,TP-0194,A18330-04,Laird Technologies - Thermal Materials,Thermal Pad Gray 127.00mm x 76.00mm Rectangular,Thermal Pad,158.24,0.0287,100.0,ModuleLED_Nano_7050,2.2,PASS,0.0965,34.0,1.0,0.1252,101.86
✅ Standard,TP-0195,PLX-1-8-76x127-40,Wakefield Thermal,"Thermal Interface Products ulTIMiFlux Gap Pad, Silicone, 1mm Thickness, 8 W/mK, 76x127mm, Grey",Thermal Pad,163.37,0.1218,64.12,ModuleLED_Nano_7050,2.2,FAIL,0.0034,8.0,1.0,0.1252,105.65
✅ Standard,TP-0196,TG-APC94-150-150-2.0-0,t-Global Technology,Thermal Pad Red 150.00mm x 150.00mm Square,Thermal Pad,71.08,0.4901,0.0,ModuleLED_Nano_7050,2.2,FAIL,-0.3649,4.0,2.01,0.1252,120.69
❌ Avoid,TP-0197,A15340-01,Laird Technologies - Thermal Materials,Thermal Pad Green 228.60mm x 228.60mm Square,Thermal Pad,31.27,4.1281,0.0,ModuleLED_Nano_7050,2.2,FAIL,-4.003,1.2,5.08,0.1252,268.65
✅ Standard,TP-0198,A10832-02,Laird Technologies - Thermal Materials,Thermal Pad Yellow 228.60mm x 228.60mm Square Tacky - Both Sides,Thermal Pad,31.86,0.1108,93.21,ModuleLED_Nano_7050,2.2,FAIL,0.0144,2.2,0.25,0.1252,105.2
❌ Avoid,TP-0199,GP1500-0.125-02-0816,Bergquist,Thermal Pad Black 406.40mm x 203.20mm Rectangular Tacky - Both Sides,Thermal Pad,20.41,2.0679,0.0,ModuleLED_Nano_7050,2.2,FAIL,-1.9427,1.5,3.18,0.1252,184.8
🏆 Best Value,TP-0200,A10464-10,Laird Technologies - Thermal Materials,Thermal Pad Gray 609.60mm x 457.20mm Rectangular Adhesive - One Side,Thermal Pad,6.06,0.0995,100.0,ModuleLED_Nano_7050,2.2,PASS,0.0256,5.0,0.51,0.1252,104.74
❌ Avoid,TP-0201,5583S 210 MM X 300 MM X 2.0 MM,3M,Thermal Pad White 300.00mm x 210.00mm Rectangular Tacky - One Side,Thermal Pad,27.48,1.9593,0.0,ModuleLED_Nano_7050,2.2,FAIL,-1.8341,1.0,2.01,0.1252,180.55
✅ Standard,TP-0202,A18213-02,Laird Technologies - Thermal Materials,Thermal Pad Gray 229.00mm x 229.00mm Square,Thermal Pad,33.08,0.0488,100.0,ModuleLED_Nano_7050,2.2,PASS,0.0764,10.0,0.5,0.1252,102.68
✅ Standard,TP-0203,TG-A1450-100-100-1.0,t-Global Technology,Thermal Pad Red 100.00mm x 100.00mm Square,Thermal Pad,175.38,0.0672,100.0,ModuleLED_Nano_7050,2.2,PASS,0.058,14.5,1.0,0.1252,103.43
✅ Standard,TP-0204,A17653-04,Laird Technologies - Thermal Materials,Thermal Pad Pink 228.60mm x 228.60mm Square Tacky - Both Sides,Thermal Pad,33.8,0.1987,0.0,ModuleLED_Nano_7050,2.2,FAIL,-0.0736,5.0,1.02,0.1252,108.8
✅ Standard,TP-0205,TG-A1250-100-100-2.0,t-Global Technology,Thermal Pad Green 100.00mm x 100.00mm Square,Thermal Pad,176.71,0.1567,0.0,ModuleLED_Nano_7050,2.2,FAIL,-0.0316,12.5,2.01,0.1252,107.08
✅ Standard,TP-0206,A10092-01,Laird Technologies - Thermal Materials,Thermal Pad Pink 203.20mm x 203.20mm Square,Thermal Pad,42.98,0.0406,100.0,ModuleLED_Nano_7050,2.2,PASS,0.0845,6.0,0.25,0.1252,102.35
🏭 Industrial,TP-0207,TGP 40000SF-0.020-00-0406,Bergquist Company,"Thermal Interface Products GAP PAD, Sil-Free, 40W/m-K, 4x6"" Sheet, 0.020"" Thickness, Thermexit, IDH 2972783",Thermal Pad,74202.27,0.0124,100.0,ModuleLED_Nano_7050,2.2,PASS,0.1127,40.0,0.51,0.1252,101.2
❌ Avoid,TP-0208,A15340-03,Laird Technologies - Thermal Materials,Thermal Pad Green 228.60mm x 228.60mm Square Tacky - One Side,Thermal Pad,34.17,4.1323,0.0,ModuleLED_Nano_7050,2.2,FAIL,-4.0071,1.2,5.08,0.1252,269.03
✅ Standard,TP-0209,A16367-02,Laird Technologies - Thermal Materials,Thermal Pad Pink 228.60mm x 215.90mm Rectangular Tacky - One Side,Thermal Pad,36.57,0.1773,0.0,ModuleLED_Nano_7050,2.2,FAIL,-0.0522,2.8,0.51,0.1252,107.92
✅ Standard,TP-0210,5519 210 MM X 155 MM X 1.0 MM,3M,Thermal Pad Gray 210.00mm x 155.00mm Rectangular Tacky - Both Sides,Thermal Pad,56.45,0.1969,0.0,ModuleLED_Nano_7050,2.2,FAIL,-0.0718,4.9,0.99,0.1252,108.71
✅ Standard,TP-0211,GP1000SF-0.020-02-0816,Bergquist,Thermal Pad Green 406.40mm x 203.20mm Rectangular Tacky - Both Sides,Thermal Pad,22.44,0.5527,0.0,ModuleLED_Nano_7050,2.2,FAIL,-0.4275,0.9,0.51,0.1252,123.19
✅ Standard,TP-0212,TG-A1660-125-125-0.5,t-Global Technology,Thermal Pad Gray 125.00mm x 125.00mm Square,Thermal Pad,121.49,0.03,100.0,ModuleLED_Nano_7050,2.2,PASS,0.0952,16.6,0.51,0.1252,101.91
✅ Standard,TP-0213,TG-A486G-150-150-2.0-1A,t-Global Technology,Thermal Pad Gray 150.00mm x 150.00mm Square Adhesive - One Side,Thermal Pad,84.71,0.3107,0.0,ModuleLED_Nano_7050,2.2,FAIL,-0.1855,6.3,2.01,0.1252,113.32
✅ Standard,TP-0214,A17690-04,Laird Technologies - Thermal Materials,Thermal Pad Pink 228.60mm x 228.60mm Square Tacky - One Side,Thermal Pad,36.98,0.1987,0.0,ModuleLED_Nano_7050,2.2,FAIL,-0.0735,5.0,1.02,0.1252,108.78
✅ Standard,TP-0215,62-02-0909-A579,Parker Chomerics,Thermal Pad Pink 228.60mm x 228.60mm Square Adhesive - One Side,Thermal Pad,37.77,0.1659,0.0,ModuleLED_Nano_7050,2.2,FAIL,-0.0408,3.0,0.51,0.1252,107.45
✅ Standard,TP-0216,A18238-02,Laird Technologies - Thermal Materials,Thermal Pad Gray 229.00mm x 229.00mm Square Tacky - One Side,Thermal Pad,38.05,0.0498,100.0,ModuleLED_Nano_7050,2.2,PASS,0.0754,10.0,0.51,0.1252,102.72
✅ Standard,TP-0217,TG-A1250-150-150-1.0,t-Global Technology,Thermal Pad Green 150.00mm x 150.00mm Square,Thermal Pad,88.75,0.078,100.0,ModuleLED_Nano_7050,2.2,PASS,0.0472,12.5,1.0,0.1252,103.87
✅ Standard,TP-0218,PL-1-10-76X127-55,Wakefield Thermal,"Thermal Interface Products ulTIMiFlux Gap Pad, Silicone, 1mm Thickness, 10 W/mK, 76.2x127mm, Grey",Thermal Pad,207.32,0.0974,100.0,ModuleLED_Nano_7050,2.2,PASS,0.0277,10.0,1.0,0.1252,104.67
❌ Avoid,TP-0219,GPVOUS-0.100-01-0816,Bergquist,Thermal Pad Pink 406.40mm x 203.20mm Rectangular Tacky - One Side,Thermal Pad,24.38,2.477,0.0,ModuleLED_Nano_7050,2.2,FAIL,-2.3519,1.0,2.54,0.1252,201.59
✅ Standard,TP-0220,5516-10,3M,Thermal Pad Gray 320.00mm x 230.00mm Rectangular Tacky - Both Sides,Thermal Pad,27.39,0.3114,0.0,ModuleLED_Nano_7050,2.2,FAIL,-0.1863,3.1,0.99,0.1252,113.39
✅ Standard,TP-0221,COH-3114LVC-200-10,Taica North America Corporation,Thermal Pad Gray 200.00mm x 200.00mm Square Tacky - Both Sides,Thermal Pad,50.91,0.3114,0.0,ModuleLED_Nano_7050,2.2,FAIL,-0.1863,3.1,0.99,0.1252,113.38
🏆 Best Value,TP-0222,GPHC3.0-0.020-02-0816,Bergquist,Thermal Pad Blue 406.40mm x 203.20mm Rectangular Tacky - Both Sides,Thermal Pad,25.23,0.1655,0.0,ModuleLED_Nano_7050,2.2,FAIL,-0.0403,3.0,0.51,0.1252,107.45
✅ Standard,TP-0223,COH-4065LVC-200-20,Taica North America Corporation,Thermal Pad Reddish Brown 200.00mm x 200.00mm Square Tacky - Both Sides,Thermal Pad,53.13,0.8904,0.0,ModuleLED_Nano_7050,2.2,FAIL,-0.7652,2.2,2.01,0.1252,136.95
🏆 Best Value,TP-0224,GP5000S35-0.020-02-0816,Bergquist,Thermal Pad Green 406.40mm x 203.20mm Rectangular Tacky - Both Sides,Thermal Pad,25.77,0.0994,100.0,ModuleLED_Nano_7050,2.2,PASS,0.0257,5.0,0.51,0.1252,104.75
✅ Standard,TP-0225,A12618-01,Laird Technologies - Thermal Materials,Thermal Pad Blue-Violet 228.60mm x 228.60mm Square Tacky - Both Sides,Thermal Pad,41.43,0.331,0.0,ModuleLED_Nano_7050,2.2,FAIL,-0.2059,3.0,1.02,0.1252,114.19
✅ Standard,TP-0226,TG-A1250-100-100-2.5,t-Global Technology,Thermal Pad Green 100.00mm x 100.00mm Square,Thermal Pad,217.59,0.1951,0.0,ModuleLED_Nano_7050,2.2,FAIL,-0.0699,12.5,2.5,0.1252,108.65
✅ Standard,TP-0227,61-04-0909-G579,Parker Chomerics,Thermal Pad Pink 228.60mm x 228.60mm Square,Thermal Pad,42.31,0.3313,0.0,ModuleLED_Nano_7050,2.2,FAIL,-0.2061,3.0,1.02,0.1252,114.15
✅ Standard,TP-0228,61-04-0909-HCS10G,Parker Chomerics,Thermal Pad Orange 228.60mm x 228.60mm Square,Thermal Pad,42.35,0.9947,0.0,ModuleLED_Nano_7050,2.2,FAIL,-0.8696,1.0,1.02,0.1252,141.17
✅ Standard,TP-0229,A14412-01,Laird Technologies - Thermal Materials,Thermal Pad Blue-Violet 228.60mm x 228.60mm Square Tacky - One Side,Thermal Pad,42.55,0.3316,0.0,ModuleLED_Nano_7050,2.2,FAIL,-0.2064,3.0,1.02,0.1252,114.21
❌ Avoid,TP-0230,2191193,Bergquist,Thermal Pad Pink 406.40mm x 203.20mm Rectangular Tacky - One Side,Thermal Pad,27.18,3.105,0.0,ModuleLED_Nano_7050,2.2,FAIL,-2.9799,1.0,3.18,0.1252,227.12
🏭 Industrial,TP-0231,TGP40000SF-0.020-01-0406-NA,Bergquist Company,"Thermal Interface Products GAP PAD, Sil-Free, 40W/m-K, 4 x 6"" Sheet, Tacky Pad, 0.020"" Thickness, Thermexit",Thermal Pad,93881.76,0.0124,100.0,ModuleLED_Nano_7050,2.2,PASS,0.1127,40.0,0.51,0.1252,101.2
🏆 Best Value,TP-0232,TG-A6200-310-310-0.5,t-Global Technology,Thermal Pad Blue 310.00mm x 310.00mm Square Tacky - Both Sides,Thermal Pad,23.46,0.0787,100.0,ModuleLED_Nano_7050,2.2,PASS,0.0465,6.2,0.5,0.1252,103.91
✅ Standard,TP-0233,PLX-1-3-210X310-30,Wakefield Thermal,"Thermal Interface Products ulTIMiFlux Gap Pad, Silicone, 1mm Thickness, 3 W/m-K, 210x310mm, Blue",Thermal Pad,35.0,0.3246,0.0,ModuleLED_Nano_7050,2.2,FAIL,-0.1994,3.0,1.0,0.1252,113.93
✅ Standard,TP-0234,TG-A1660-100-100-1.0,t-Global Technology,Thermal Pad Gray 100.00mm x 100.00mm Square,Thermal Pad,240.34,0.0586,100.0,ModuleLED_Nano_7050,2.2,PASS,0.0666,16.6,1.0,0.1252,103.08
✅ Standard,TP-0235,A10080-01,Laird Technologies - Thermal Materials,Thermal Pad Blue 203.20mm x 203.20mm Square,Thermal Pad,58.38,0.0827,100.0,ModuleLED_Nano_7050,2.2,PASS,0.0425,6.0,0.51,0.1252,104.06
✅ Standard,TP-0236,PL-1-12-76X127-75,Wakefield Thermal Solutions,Thermal Pad Gray 127.00mm x 76.20mm Rectangular Tacky - One Side,Thermal Pad,255.64,0.0812,100.0,ModuleLED_Nano_7050,2.2,PASS,0.0439,12.0,1.0,0.1252,104.0
✅ Standard,TP-0237,62-04-0909-A579,Parker Chomerics,Thermal Pad Pink 228.60mm x 228.60mm Square Adhesive - One Side,Thermal Pad,48.16,0.3314,0.0,ModuleLED_Nano_7050,2.2,FAIL,-0.2062,3.0,1.02,0.1252,114.13
✅ Standard,TP-0238,TG-A4500-310-310-1.0,t-Global Technology,Thermal Pad Purple 310.00mm x 310.00mm Square Tacky - Both Sides,Thermal Pad,26.2,0.2167,0.0,ModuleLED_Nano_7050,2.2,FAIL,-0.0915,4.5,1.0,0.1252,109.51
✅ Standard,TP-0239,5519 210 MM X 155 MM X 2.0 MM,3M,Thermal Pad Gray 210.00mm x 155.00mm Rectangular Tacky - Both Sides,Thermal Pad,78.16,0.4002,0.0,ModuleLED_Nano_7050,2.2,FAIL,-0.275,4.9,2.01,0.1252,116.97
✅ Standard,TP-0240,A10538-17,Laird Technologies - Thermal Materials,Thermal Pad White 228.60mm x 228.60mm Square Tacky - Both Sides,Thermal Pad,48.86,0.1655,0.0,ModuleLED_Nano_7050,2.2,FAIL,-0.0404,3.0,0.51,0.1252,107.45
✅ Standard,TP-0241,TG-A1250-100-100-3.0,t-Global Technology,Thermal Pad Green 100.00mm x 100.00mm Square,Thermal Pad,258.03,0.2343,0.0,ModuleLED_Nano_7050,2.2,FAIL,-0.1092,12.5,3.0,0.1252,110.2
✅ Standard,TP-0242,GPHC5.0-0.020-02-0816,Bergquist,Thermal Pad Gray 406.40mm x 203.20mm Rectangular Tacky - Both Sides,Thermal Pad,32.86,0.0995,100.0,ModuleLED_Nano_7050,2.2,PASS,0.0256,5.0,0.51,0.1252,104.73
✅ Standard,TP-0243,A17690-06,Laird Technologies - Thermal Materials,Thermal Pad Pink 228.60mm x 228.60mm Square Tacky - One Side,Thermal Pad,53.1,0.2966,0.0,ModuleLED_Nano_7050,2.2,FAIL,-0.1715,5.0,1.52,0.1252,112.76
✅ Standard,TP-0244,A12619-01,Laird Technologies - Thermal Materials,Thermal Pad Blue-Violet 228.60mm x 228.60mm Square Tacky - Both Sides,Thermal Pad,54.66,0.4133,0.0,ModuleLED_Nano_7050,2.2,FAIL,-0.2881,3.0,1.27,0.1252,117.55
✅ Standard,TP-0245,TG-A1250-150-150-1.5,t-Global Technology,Thermal Pad Green 150.00mm x 150.00mm Square,Thermal Pad,129.2,0.1168,79.92,ModuleLED_Nano_7050,2.2,FAIL,0.0084,12.5,1.5,0.1252,105.46
✅ Standard,TP-0246,5549S 210 MM X 155MM X 1.5MM,3M,Thermal Pad Gray 210.00mm x 155.00mm Rectangular Tacky - One Side,Thermal Pad,89.69,0.418,0.0,ModuleLED_Nano_7050,2.2,FAIL,-0.2928,3.5,1.5,0.1252,117.72
✅ Standard,TP-0247,A16104-10,Laird Technologies - Thermal Materials,Thermal Pad Gray 228.60mm x 228.60mm Square Tacky - Both Sides,Thermal Pad,55.94,0.8242,0.0,ModuleLED_Nano_7050,2.2,FAIL,-0.6991,3.0,2.54,0.1252,134.37
✅ Standard,TP-0248,A17653-07,Laird Technologies - Thermal Materials,Thermal Pad Pink 228.60mm x 228.60mm Square Tacky - Both Sides,Thermal Pad,56.36,0.3466,0.0,ModuleLED_Nano_7050,2.2,FAIL,-0.2214,5.0,1.78,0.1252,114.86
✅ Standard,TP-0249,PLX-1-12-76X127-58,Wakefield Thermal,"Thermal Interface Products ulTIMiFlux Gap Pad, Silicone, 1mm Thickness, 12 W/mK, 76x127mm, Grey",Thermal Pad,310.93,0.0814,100.0,ModuleLED_Nano_7050,2.2,PASS,0.0438,12.0,1.0,0.1252,104.01
✅ Standard,TP-0250,PLF-1-8-76X127-70,Wakefield Thermal,"Thermal Interface Products ulTIMiFlux Gap Pad, Silicone-Free, 1mm Thickness, 8 W/mK, 76.2x127mm, Grey",Thermal Pad,311.81,0.1216,64.74,ModuleLED_Nano_7050,2.2,FAIL,0.0035,8.0,1.0,0.1252,105.66
✅ Standard,TP-0251,TGP7000ULM-0.040-02-0808,Bergquist Company,"Thermal Interface Products GAP PAD, 7W/m-K, 8"" x 8"" Sheet, 0.040"" Thickness, TGP7000ULM, IDH 2261480",Thermal Pad,74.44,0.1421,7.64,ModuleLED_Nano_7050,2.2,FAIL,-0.0169,7.0,1.02,0.1252,106.49
✅ Standard,TP-0252,TG-A1780-125-125-0.5,t-Global Technology,Thermal Pad Gray 125.00mm x 125.00mm Square,Thermal Pad,198.9,0.0271,100.0,ModuleLED_Nano_7050,2.2,PASS,0.0981,18.0,0.5,0.1252,101.79
✅ Standard,TP-0253,TG-A1250-250-250-0.5,t-Global Technology,Thermal Pad Green 250.00mm x 250.00mm Square,Thermal Pad,49.93,0.0389,100.0,ModuleLED_Nano_7050,2.2,PASS,0.0862,12.5,0.5,0.1252,102.28
✅ Standard,TP-0254,A12620-34,Laird Technologies - Thermal Materials,Thermal Pad Blue-Violet 228.60mm x 228.60mm Square Tacky - One Side,Thermal Pad,59.93,0.4942,0.0,ModuleLED_Nano_7050,2.2,FAIL,-0.369,3.0,1.52,0.1252,120.86
✅ Standard,TP-0255,A17883-04,Laird Technologies - Thermal Materials,Thermal Pad Teal 228.60mm x 228.60mm Square,Thermal Pad,61.12,0.1656,0.0,ModuleLED_Nano_7050,2.2,FAIL,-0.0404,6.0,1.02,0.1252,107.45
✅ Standard,TP-0256,TGP7000ULM-0.020-02-0808,Bergquist Company,"Thermal Interface Products GAP PAD, 7W/m-K, 8"" x 8"" Sheet, 0.020"" Thickness, TGP7000ULM, IDH 2563017",Thermal Pad,81.03,0.0711,100.0,ModuleLED_Nano_7050,2.2,PASS,0.0541,7.0,0.51,0.1252,103.58
✅ Standard,TP-0257,TG-A1450-100-100-2.0,t-Global Technology,Thermal Pad Red 100.00mm x 100.00mm Square,Thermal Pad,335.9,0.1352,19.37,ModuleLED_Nano_7050,2.2,FAIL,-0.0101,14.5,2.01,0.1252,106.2
✅ Standard,TP-0258,GPHC5.0-0.060-02-0816,Bergquist,Thermal Pad Gray 406.40mm x 203.20mm Rectangular Tacky - Both Sides,Thermal Pad,42.47,0.2962,0.0,ModuleLED_Nano_7050,2.2,FAIL,-0.1711,5.0,1.52,0.1252,112.71
✅ Standard,TP-0259,TG-A6200-310-310-1.0,t-Global Technology,Thermal Pad Blue 310.00mm x 310.00mm Square Tacky - Both Sides,Thermal Pad,36.84,0.1572,0.0,ModuleLED_Nano_7050,2.2,FAIL,-0.032,6.2,1.0,0.1252,107.09
✅ Standard,TP-0260,A18213-04,Laird Technologies - Thermal Materials,Thermal Pad Gray 229.00mm x 229.00mm Square,Thermal Pad,68.55,0.0976,100.0,ModuleLED_Nano_7050,2.2,PASS,0.0276,10.0,1.0,0.1252,104.66
🏆 Best Value,TP-0261,A18171-05,Laird Technologies - Thermal Materials,Thermal Pad Gray 457.20mm x 457.20mm Square Tacky - Both Sides,Thermal Pad,17.39,0.0156,100.0,ModuleLED_Nano_7050,2.2,PASS,0.1096,7.5,0.12,0.1252,101.33
✅ Standard,TP-0262,61-06-0909-G579,Parker Chomerics,Thermal Pad Pink 228.60mm x 228.60mm Square,Thermal Pad,70.94,0.4934,0.0,ModuleLED_Nano_7050,2.2,FAIL,-0.3683,3.0,1.52,0.1252,120.79
🏆 Best Value,TP-0263,A18171-08,Laird Technologies - Thermal Materials,Thermal Pad Gray 457.20mm x 457.20mm Square Tacky - Both Sides,Thermal Pad,17.99,0.026,100.0,ModuleLED_Nano_7050,2.2,PASS,0.0992,7.5,0.2,0.1252,101.75
✅ Standard,TP-0264,TG-A1250-150-150-2.0,t-Global Technology,Thermal Pad Green 150.00mm x 150.00mm Square,Thermal Pad,168.82,0.1567,0.0,ModuleLED_Nano_7050,2.2,FAIL,-0.0315,12.5,2.01,0.1252,107.06
✅ Standard,TP-0265,PLX-1-5-210X310-40,Wakefield Thermal,"Thermal Interface Products ulTIMiFlux Gap Pad, Silicone, 1mm Thickness, 5 W/m-K, 210x310mm, Grey",Thermal Pad,58.8,0.1951,0.0,ModuleLED_Nano_7050,2.2,FAIL,-0.0699,5.0,1.0,0.1252,108.63
✅ Standard,TP-0266,61-06-1015-PAD60,Parker Chomerics,Thermal Pad Green 381.00mm x 254.00mm Rectangular,Thermal Pad,40.12,0.2471,0.0,ModuleLED_Nano_7050,2.2,FAIL,-0.1219,6.0,1.52,0.1252,110.74
✅ Standard,TP-0267,COH-4000LVC-400-05,Taica North America Corporation,Thermal Pad Gray 400.00mm x 400.00mm Square Tacky - Both Sides,Thermal Pad,24.51,0.2161,0.0,ModuleLED_Nano_7050,2.2,FAIL,-0.091,2.3,0.51,0.1252,109.5
✅ Standard,TP-0268,A17883-06,Laird Technologies - Thermal Materials,Thermal Pad Teal 228.60mm x 228.60mm Square,Thermal Pad,75.74,0.2464,0.0,ModuleLED_Nano_7050,2.2,FAIL,-0.1212,6.0,1.52,0.1252,110.75
✅ Standard,TP-0269,62-06-0909-A579,Parker Chomerics,Thermal Pad Pink 228.60mm x 228.60mm Square Adhesive - One Side,Thermal Pad,77.26,0.4938,0.0,ModuleLED_Nano_7050,2.2,FAIL,-0.3686,3.0,1.52,0.1252,120.8
🏆 Best Value,TP-0270,A11809-02,Laird Technologies - Thermal Materials,Thermal Pad Yellow 457.20mm x 457.20mm Square Tacky - Both Sides,Thermal Pad,19.41,0.181,0.0,ModuleLED_Nano_7050,2.2,FAIL,-0.0559,0.7,0.13,0.1252,108.09
🏆 Best Value,TP-0271,A18171-10,Laird Technologies - Thermal Materials,Thermal Pad Gray 457.20mm x 457.20mm Square Tacky - Both Sides,Thermal Pad,19.59,0.0325,100.0,ModuleLED_Nano_7050,2.2,PASS,0.0927,7.5,0.25,0.1252,102.02
✅ Standard,TP-0272,A10233-30,Laird Technologies - Thermal Materials,Thermal Pad White 228.60mm x 228.60mm Square Tacky - Both Sides,Thermal Pad,81.29,0.3313,0.0,ModuleLED_Nano_7050,2.2,FAIL,-0.2061,3.0,1.02,0.1252,114.2
✅ Standard,TP-0273,A17156-06,Laird Technologies - Thermal Materials,Thermal Pad Pink 457.20mm x 457.20mm Square Tacky - Both Sides,Thermal Pad,21.01,0.5485,0.0,ModuleLED_Nano_7050,2.2,FAIL,-0.4234,2.7,1.52,0.1252,123.05
✅ Standard,TP-0274,61-08-0909-G579,Parker Chomerics,Thermal Pad Pink 228.60mm x 228.60mm Square,Thermal Pad,85.5,0.6595,0.0,ModuleLED_Nano_7050,2.2,FAIL,-0.5343,3.0,2.03,0.1252,127.49
✅ Standard,TP-0275,TGP6000ULM-0.040-12-0816,Bergquist Company,"Thermal Interface Products GAP PAD, 6W/m-K, 8"" x 16"" Sheet, 0.040"" Thickness, TGP6000ULM, IDH 2195666",Thermal Pad,54.22,0.1657,0.0,ModuleLED_Nano_7050,2.2,FAIL,-0.0405,6.0,1.02,0.1252,107.44
🏆 Best Value,TP-0276,A18171-16,Laird Technologies - Thermal Materials,Thermal Pad Gray 457.20mm x 457.20mm Square Tacky - Both Sides,Thermal Pad,21.48,0.052,100.0,ModuleLED_Nano_7050,2.2,PASS,0.0732,7.5,0.4,0.1252,102.81
✅ Standard,TP-0277,61-04-1015-PAD80G,Parker Chomerics,Thermal Pad Dark Gray 381.00mm x 254.00mm Rectangular,Thermal Pad,48.56,0.1198,70.65,ModuleLED_Nano_7050,2.2,FAIL,0.0053,8.3,1.02,0.1252,105.59
✅ Standard,TP-0278,61-08-1015-PAD60,Parker Chomerics,Thermal Pad Green 381.00mm x 254.00mm Rectangular,Thermal Pad,49.62,0.3299,0.0,ModuleLED_Nano_7050,2.2,FAIL,-0.2047,6.0,2.03,0.1252,114.13
✅ Standard,TP-0279,A12624-01,Laird Technologies - Thermal Materials,Thermal Pad Blue-Violet 228.60mm x 228.60mm Square Tacky - Both Sides,Thermal Pad,92.08,0.8255,0.0,ModuleLED_Nano_7050,2.2,FAIL,-0.7003,3.0,2.54,0.1252,134.34
✅ Standard,TP-0280,A18213-06,Laird Technologies - Thermal Materials,Thermal Pad Gray 229.00mm x 229.00mm Square,Thermal Pad,91.8,0.1463,2.87,ModuleLED_Nano_7050,2.2,FAIL,-0.0211,10.0,1.5,0.1252,106.66
🏆 Best Value,TP-0281,A12616-08,Laird Technologies - Thermal Materials,Thermal Pad Blue-Violet 457.20mm x 457.20mm Square Tacky - Both Sides,Thermal Pad,23.67,0.1659,0.0,ModuleLED_Nano_7050,2.2,FAIL,-0.0407,3.0,0.51,0.1252,107.44
🏆 Best Value,TP-0282,A10832-09,Laird Technologies - Thermal Materials,Thermal Pad Yellow 457.20mm x 457.20mm Square Tacky - Both Sides,Thermal Pad,23.79,0.1108,92.59,ModuleLED_Nano_7050,2.2,FAIL,0.0143,2.2,0.25,0.1252,105.21
✅ Standard,TP-0283,A15896-05,Laird Technologies - Thermal Materials,Thermal Pad Gray 228.60mm x 228.60mm Square Tacky - Both Sides,Thermal Pad,96.88,0.2477,0.0,ModuleLED_Nano_7050,2.2,FAIL,-0.1225,5.0,1.27,0.1252,110.78
🏆 Best Value,TP-0284,A15726-00,Laird Technologies - Thermal Materials,Thermal Pad Gray 457.20mm x 457.20mm Square Tacky - Both Sides,Thermal Pad,24.32,0.0642,100.0,ModuleLED_Nano_7050,2.2,PASS,0.061,3.8,0.25,0.1252,103.31
✅ Standard,TP-0285,TG-A1450-250-250-0.5,t-Global Technology,Thermal Pad Red 250.00mm x 250.00mm Square,Thermal Pad,82.36,0.0336,100.0,ModuleLED_Nano_7050,2.2,PASS,0.0916,14.5,0.5,0.1252,102.07
✅ Standard,TP-0286,TGP7000ULM-0.060-02-0808,Bergquist Company,"Thermal Interface Products GAP PAD, 7W/m-K, 8"" x 8"" Sheet, 0.060"" Thickness, TGP7000ULM, IDH 2474875",Thermal Pad,125.02,0.2117,0.0,ModuleLED_Nano_7050,2.2,FAIL,-0.0865,7.0,1.52,0.1252,109.31
✅ Standard,TP-0287,A17752-04,Laird Technologies - Thermal Materials,Thermal Pad Gray 228.60mm x 228.60mm Square Tacky - Both Sides,Thermal Pad,98.92,0.1325,27.0,ModuleLED_Nano_7050,2.2,FAIL,-0.0073,7.5,1.02,0.1252,106.09
✅ Standard,TP-0288,61-10-0808-T500,Parker Chomerics,Thermal Pad Green 203.20mm x 203.20mm Square,Thermal Pad,126.07,0.116,81.71,ModuleLED_Nano_7050,2.2,FAIL,0.0092,2.1,0.25,0.1252,105.42
✅ Standard,TP-0289,61-06-1015-PAD80G,Parker Chomerics,Thermal Pad Dark Gray 381.00mm x 254.00mm Rectangular,Thermal Pad,53.86,0.1786,0.0,ModuleLED_Nano_7050,2.2,FAIL,-0.0534,8.3,1.52,0.1252,107.96
✅ Standard,TP-0290,62-10-0909-A579,Parker Chomerics,Thermal Pad Pink 228.60mm x 228.60mm Square Adhesive - One Side,Thermal Pad,101.5,0.8247,0.0,ModuleLED_Nano_7050,2.2,FAIL,-0.6995,3.0,2.54,0.1252,134.35
✅ Standard,TP-0291,SPA2000-0.015-00-1012-NA,Bergquist,Thermal Pad White 304.80mm x 254.00mm Rectangular,Thermal Pad,68.87,0.1236,57.55,ModuleLED_Nano_7050,2.2,FAIL,0.0016,3.0,0.38,0.1252,105.73
✅ Standard,TP-0292,A18444-04,Laird Technologies - Thermal Materials,Thermal Pad Gray 228.60mm x 228.60mm Square,Thermal Pad,102.3,0.1326,26.28,ModuleLED_Nano_7050,2.2,FAIL,-0.0075,7.5,1.02,0.1252,106.08
✅ Standard,TP-0293,GPHC3.0-0.125-02-0816,Bergquist,Thermal Pad Blue 406.40mm x 203.20mm Rectangular Tacky - Both Sides,Thermal Pad,64.91,1.034,0.0,ModuleLED_Nano_7050,2.2,FAIL,-0.9089,3.0,3.18,0.1252,142.73
✅ Standard,TP-0294,62-03-1015-PAD80A,Parker Chomerics,Thermal Pad Dark Gray 381.00mm x 254.00mm Rectangular Adhesive - One Side,Thermal Pad,57.11,0.0892,100.0,ModuleLED_Nano_7050,2.2,PASS,0.0359,8.3,0.76,0.1252,104.33
✅ Standard,TP-0295,GPTGP7000ULM-0.100-02-0808,Bergquist,Thermal Pad Gray 203.20mm x 203.20mm Square Tacky - Both Sides,Thermal Pad,133.96,0.3536,0.0,ModuleLED_Nano_7050,2.2,FAIL,-0.2285,7.0,2.54,0.1252,115.09
✅ Standard,TP-0296,61-10-0909-G579,Parker Chomerics,Thermal Pad Pink 228.60mm x 228.60mm Square,Thermal Pad,106.46,0.8252,0.0,ModuleLED_Nano_7050,2.2,FAIL,-0.7,3.0,2.54,0.1252,134.33
✅ Standard,TP-0297,62-04-1015-PAD80A,Parker Chomerics,Thermal Pad Dark Gray 381.00mm x 254.00mm Rectangular Adhesive - One Side,Thermal Pad,57.89,0.1197,71.3,ModuleLED_Nano_7050,2.2,FAIL,0.0055,8.3,1.02,0.1252,105.57
🏭 Industrial,TP-0298,TGP 40000SF-0.040-00-0606,Bergquist Company,"Thermal Interface Products GAP PAD, Sil-Free, 40W/m-K, 6x6"" Sheet, 0.040"" Thickness, Thermexit, IDH 2972782",Thermal Pad,158978.32,0.0249,100.0,ModuleLED_Nano_7050,2.2,PASS,0.1003,40.0,1.02,0.1252,101.71
✅ Standard,TP-0299,A10235-31,Laird Technologies - Thermal Materials,Thermal Pad White 228.60mm x 228.60mm Square Tacky - Both Sides,Thermal Pad,111.51,0.4936,0.0,ModuleLED_Nano_7050,2.2,FAIL,-0.3684,3.0,1.52,0.1252,120.84
✅ Standard,TP-0300,TGP12000ULM-0.040-00-0808,Bergquist Company,"Thermal Interface Products GAP PAD, 12W/m-K, Ultra-Low Modulus, 8""x8"" Sheet, 0.040"" Thickness, TGP12000ULM",Thermal Pad,142.53,0.0829,100.0,ModuleLED_Nano_7050,2.2,PASS,0.0423,12.0,1.02,0.1252,104.06
🏆 Best Value,TP-0301,A18500-01,Laird Technologies - Thermal Materials,Thermal Pad White 431.80mm x 431.80mm Rectangular,Thermal Pad,31.82,0.0487,100.0,ModuleLED_Nano_7050,2.2,PASS,0.0765,5.0,0.25,0.1252,102.68
✅ Standard,TP-0302,A18213-08,Laird Technologies - Thermal Materials,Thermal Pad Gray 229.00mm x 229.00mm Square,Thermal Pad,114.73,0.1921,0.0,ModuleLED_Nano_7050,2.2,FAIL,-0.0669,10.2,2.01,0.1252,108.5
✅ Standard,TP-0303,GP3000S30-0.125-02-0816,Bergquist,Thermal Pad Blue 406.40mm x 203.20mm Rectangular Tacky - Both Sides,Thermal Pad,73.13,1.0337,0.0,ModuleLED_Nano_7050,2.2,FAIL,-0.9085,3.0,3.18,0.1252,142.87
✅ Standard,TP-0304,A17752-05,Laird Technologies - Thermal Materials,Thermal Pad Gray 228.60mm x 228.60mm Square Tacky - Both Sides,Thermal Pad,115.75,0.1623,0.0,ModuleLED_Nano_7050,2.2,FAIL,-0.0372,7.5,1.25,0.1252,107.3
✅ Standard,TP-0305,GPHC5.0-0.100-02-0816,Bergquist,Thermal Pad Gray 406.40mm x 203.20mm Rectangular Tacky - Both Sides,Thermal Pad,73.31,0.4955,0.0,ModuleLED_Nano_7050,2.2,FAIL,-0.3703,5.0,2.54,0.1252,120.9
✅ Standard,TP-0306,TGP6000ULM-0.060-12-0816,Bergquist Company,"Thermal Interface Products GAP PAD, 6W/m-K, 8"" x 16"" Sheet, 0.060"" Thickness, TGP6000ULM, IDH 2195667",Thermal Pad,75.23,0.2474,0.0,ModuleLED_Nano_7050,2.2,FAIL,-0.1222,6.0,1.52,0.1252,110.76
✅ Standard,TP-0307,TGP7000ULM-0.080-02-0808,Bergquist Company,"Thermal Interface Products GAP PAD, 7W/m-K, 8"" x 8"" Sheet, 0.080"" Thickness, TGP7000ULM, IDH 2474885",Thermal Pad,152.13,0.2829,0.0,ModuleLED_Nano_7050,2.2,FAIL,-0.1577,7.0,2.03,0.1252,112.23
🏭 Industrial,TP-0308,TGP40000SF-0.040-01-0606-NA,Bergquist Company,"Thermal Interface Products GAP PAD, Sil-Free, 40W/m-K, 6 x 6"" Sheet, Tacky Pad, 0.040"" Thickness, Thermexit",Thermal Pad,174885.44,0.0249,100.0,ModuleLED_Nano_7050,2.2,PASS,0.1003,40.0,1.02,0.1252,101.71
✅ Standard,TP-0309,A17536-04,Laird Technologies - Thermal Materials,Thermal Pad Pink 457.20mm x 457.20mm Square Tacky - Both Sides,Thermal Pad,31.26,0.1987,0.0,ModuleLED_Nano_7050,2.2,FAIL,-0.0736,5.0,1.02,0.1252,108.8
✅ Standard,TP-0310,A17690-13,Laird Technologies - Thermal Materials,Thermal Pad Pink 228.60mm x 228.60mm Square Tacky - One Side,Thermal Pad,125.05,0.6439,0.0,ModuleLED_Nano_7050,2.2,FAIL,-0.5187,5.0,3.3,0.1252,126.98
✅ Standard,TP-0311,TG-A1780-150-150-0.8,t-Global Technology,Thermal Pad Gray 150.00mm x 150.00mm Square,Thermal Pad,297.55,0.0432,100.0,ModuleLED_Nano_7050,2.2,PASS,0.0819,17.8,0.79,0.1252,102.45
✅ Standard,TP-0312,61-15-0808-1671,Parker Chomerics,Thermal Pad White 203.20mm x 203.20mm Square,Thermal Pad,163.25,0.1425,6.5,ModuleLED_Nano_7050,2.2,FAIL,-0.0173,2.6,0.38,0.1252,106.51
✅ Standard,TP-0313,A12617-25,Laird Technologies - Thermal Materials,Thermal Pad Blue-Violet 457.20mm x 457.20mm Square Tacky - Both Sides,Thermal Pad,32.91,0.2472,0.0,ModuleLED_Nano_7050,2.2,FAIL,-0.122,3.0,0.76,0.1252,110.74
✅ Standard,TP-0314,SuperThermal-B132-10-02-1500-1500,Aavid,"Thermal Interface Products SuperThermal Pad, 13.2 W/mK Conductivity, 1mm Thick, 2-Side Adhesive, 150x150mm",Thermal Pad,306.64,0.0739,100.0,ModuleLED_Nano_7050,2.2,PASS,0.0512,13.2,1.0,0.1252,103.7
✅ Standard,TP-0315,A17752-06,Laird Technologies - Thermal Materials,Thermal Pad Gray 228.60mm x 228.60mm Square Tacky - Both Sides,Thermal Pad,132.45,0.1951,0.0,ModuleLED_Nano_7050,2.2,FAIL,-0.07,7.5,1.5,0.1252,108.65
✅ Standard,TP-0316,62-15-0808-1671,Parker Chomerics,Thermal Pad White 203.20mm x 203.20mm Square,Thermal Pad,168.39,0.1424,7.02,ModuleLED_Nano_7050,2.2,FAIL,-0.0173,2.6,0.38,0.1252,106.5
✅ Standard,TP-0317,TG-A1660-250-250-0.5,t-Global Technology,Thermal Pad Gray 250.00mm x 250.00mm Square,Thermal Pad,112.34,0.0293,100.0,ModuleLED_Nano_7050,2.2,PASS,0.0958,16.6,0.5,0.1252,101.89
🏭 Industrial,TP-0318,TGP 40000SF-0.060-00-0606,Bergquist Company,"Thermal Interface Products GAP PAD, Sil-Free, 40W/m-K, 6x6"" Sheet, 0.060"" Thickness, Thermexit, IDH 2972780",Thermal Pad,195875.18,0.037,100.0,ModuleLED_Nano_7050,2.2,PASS,0.0882,40.0,1.52,0.1252,102.2
✅ Standard,TP-0319,TGP12000ULM-0.060-00-0808,Bergquist Company,"Thermal Interface Products GAP PAD, 12W/m-K, Ultra-Low Modulus, 8""x8"" Sheet, 0.060"" Thickness, TGP12000ULM",Thermal Pad,175.62,0.1235,58.12,ModuleLED_Nano_7050,2.2,FAIL,0.0016,12.0,1.52,0.1252,105.73
✅ Standard,TP-0320,A10237-21,Laird Technologies - Thermal Materials,Thermal Pad White 228.60mm x 228.60mm Square Tacky - Both Sides,Thermal Pad,142.96,0.6594,0.0,ModuleLED_Nano_7050,2.2,FAIL,-0.5342,3.0,2.03,0.1252,127.48
✅ Standard,TP-0321,61-08-1015-PAD80G,Parker Chomerics,Thermal Pad Dark Gray 381.00mm x 254.00mm Rectangular,Thermal Pad,78.1,0.2388,0.0,ModuleLED_Nano_7050,2.2,FAIL,-0.1136,8.3,2.03,0.1252,110.43
✅ Standard,TP-0322,2722287,Bergquist Company,"Thermal Interface Products GAP PAD, 12 W/m-K, Ultra-Low Modulus, 8"" x 8"" Sheet, 0.040"" Thickness",Thermal Pad,186.02,0.0829,100.0,ModuleLED_Nano_7050,2.2,PASS,0.0423,12.0,1.02,0.1252,104.07
🏭 Industrial,TP-0323,TGP40000SF-0.060-01-0606-NA,Bergquist Company,"Thermal Interface Products GAP PAD, Sil-Free, 40W/m-K, 6 x 6"" Sheet, Tacky Pad, 0.060"" Thickness, Thermexit",Thermal Pad,215470.9,0.037,100.0,ModuleLED_Nano_7050,2.2,PASS,0.0881,40.0,1.52,0.1252,102.21
✅ Standard,TP-0324,GP7000ULM-0.100-02-0808,Bergquist Company,"Thermal Interface Products GAP PAD, Silicone Thermal Interface, 7 W/m-K Thermal Conductivity, Ultra-Low Modulus, 8"" x 8"" Sheet, 0.100"" Thickness, GAP PAD TGP 7000ULM Series, IDH 2474876",Thermal Pad,190.29,0.3535,0.0,ModuleLED_Nano_7050,2.2,FAIL,-0.2284,7.0,2.54,0.1252,115.07
✅ Standard,TP-0325,A10833-06,Laird Technologies - Thermal Materials,Thermal Pad Yellow 457.20mm x 457.20mm Square Tacky - Both Sides,Thermal Pad,38.32,0.2261,0.0,ModuleLED_Nano_7050,2.2,FAIL,-0.1009,2.2,0.51,0.1252,109.93
✅ Standard,TP-0326,SP2000-0.020-00-1212,Bergquist,Thermal Pad White 304.80mm x 304.80mm Square,Thermal Pad,87.36,0.1419,7.49,ModuleLED_Nano_7050,2.2,FAIL,-0.0168,3.5,0.51,0.1252,106.47
✅ Standard,TP-0327,TG-A1250-310-310-1.0,t-Global Technology,Thermal Pad Green 310.00mm x 310.00mm Square,Thermal Pad,85.56,0.0781,100.0,ModuleLED_Nano_7050,2.2,PASS,0.047,12.5,1.0,0.1252,103.87
✅ Standard,TP-0328,TG-A1780-150-150-1.0,t-Global Technology,Thermal Pad Gray 150.00mm x 150.00mm Square,Thermal Pad,366.04,0.0548,100.0,ModuleLED_Nano_7050,2.2,PASS,0.0703,17.8,1.0,0.1252,102.93
✅ Standard,TP-0329,TGP10000ULM-0.040-02-0808,Bergquist Company,"Thermal Interface Products GAP PAD, 10W/m-K, 8"" x 8"" Sheet, 0.040"" Thickness, TGP10000ULM, IDH 2591008",Thermal Pad,200.96,0.0995,100.0,ModuleLED_Nano_7050,2.2,PASS,0.0257,10.0,1.02,0.1252,104.75
🏭 Industrial,TP-0330,TGP 40000SF-0.080-00-0606,Bergquist Company,"Thermal Interface Products GAP PAD, Sil-Free, 40W/m-K, 6x6"" Sheet, 0.080"" Thickness, Thermexit, IDH 2972781",Thermal Pad,232994.75,0.0495,100.0,ModuleLED_Nano_7050,2.2,PASS,0.0756,40.0,2.03,0.1252,102.71
✅ Standard,TP-0331,A17752-08,Laird Technologies - Thermal Materials,Thermal Pad Gray 228.60mm x 228.60mm Square Tacky - Both Sides,Thermal Pad,165.49,0.2609,0.0,ModuleLED_Nano_7050,2.2,FAIL,-0.1357,7.5,2.01,0.1252,111.31
✅ Standard,TP-0332,TGP12000ULM-0.080-00-0808,Bergquist Company,"Thermal Interface Products GAP PAD, 12W/m-K, Ultra-Low Modulus, 8""x8"" Sheet, 0.080"" Thickness, TGP12000ULM",Thermal Pad,213.63,0.1649,0.0,ModuleLED_Nano_7050,2.2,FAIL,-0.0397,12.0,2.03,0.1252,107.42
🏭 Industrial,TP-0333,TGP40000SF-0.080-01-0606-NA,Bergquist Company,"Thermal Interface Products GAP PAD, Sil-Free, 40W/m-K, 6 x 6"" Sheet, Tacky Pad, 0.080"" Thickness, Thermexit",Thermal Pad,253603.4,0.0495,100.0,ModuleLED_Nano_7050,2.2,PASS,0.0757,40.0,2.03,0.1252,102.71
✅ Standard,TP-0334,62-08-1015-PAD80A,Parker Chomerics,Thermal Pad Dark Gray 381.00mm x 254.00mm Rectangular Adhesive - One Side,Thermal Pad,94.84,0.2384,0.0,ModuleLED_Nano_7050,2.2,FAIL,-0.1133,8.3,2.03,0.1252,110.43
✅ Standard,TP-0335,A18213-10,Laird Technologies - Thermal Materials,Thermal Pad Gray 229.00mm x 229.00mm Square,Thermal Pad,179.49,0.2436,0.0,ModuleLED_Nano_7050,2.2,FAIL,-0.1184,10.0,2.5,0.1252,110.61
✅ Standard,TP-0336,2722288,Bergquist Company,"Thermal Interface Products GAP PAD, 12 W/m-K, Ultra-Low Modulus, 8"" x 8"" Sheet, 0.060"" Thickness",Thermal Pad,228.07,0.1235,57.82,ModuleLED_Nano_7050,2.2,FAIL,0.0017,12.0,1.52,0.1252,105.72
✅ Standard,TP-0337,TGP7000ULM-0.125-02-0808,Bergquist Company,"Thermal Interface Products GAP PAD, 7W/m-K, 8"" x 8"" Sheet, 0.125"" Thickness, TGP7000ULM, IDH 2474886",Thermal Pad,233.28,0.4422,0.0,ModuleLED_Nano_7050,2.2,FAIL,-0.3171,7.0,3.18,0.1252,118.74
✅ Standard,TP-0338,GP3004SF-0.040-01-0918,Bergquist,Thermal Pad Gray 457.20mm x 228.60mm Rectangular Tacky - One Side,Thermal Pad,98.35,0.3313,0.0,ModuleLED_Nano_7050,2.2,FAIL,-0.2061,3.0,1.02,0.1252,114.18
🏭 Industrial,TP-0339,TGP 40000SF-0.100-00-0606,Bergquist Company,"Thermal Interface Products GAP PAD, Sil-Free, 40W/m-K, 6x6"" Sheet, 0.100"" Thickness, Thermexit, IDH 2964639",Thermal Pad,287601.3,0.0619,100.0,ModuleLED_Nano_7050,2.2,PASS,0.0633,40.0,2.54,0.1252,103.21
❌ Avoid,TP-0340,A14428-01,Laird Technologies - Thermal Materials,Thermal Pad Blue-Violet 228.60mm x 228.60mm Square Tacky - One Side,Thermal Pad,201.4,1.6495,0.0,ModuleLED_Nano_7050,2.2,FAIL,-1.5243,3.0,5.08,0.1252,167.94
✅ Standard,TP-0341,TGP6000ULM-0.080-12-0816,Bergquist Company,"Thermal Interface Products GAP PAD, 6W/m-K, 8"" x 16"" Sheet, 0.080"" Thickness, TGP6000ULM, IDH 2195669",Thermal Pad,128.08,0.3301,0.0,ModuleLED_Nano_7050,2.2,FAIL,-0.2049,6.0,2.03,0.1252,114.14
✅ Standard,TP-0342,TGP10000ULM-0.060-02-0808,Bergquist Company,"Thermal Interface Products GAP PAD, 10W/m-K, 8"" x 8"" Sheet, 0.060"" Thickness, TGP10000ULM, IDH 2591009",Thermal Pad,257.41,0.1481,1.52,ModuleLED_Nano_7050,2.2,FAIL,-0.0229,10.0,1.52,0.1252,106.72
🏭 Industrial,TP-0343,TGP40000SF-0.100-01-0606-NA,Bergquist Company,"Thermal Interface Products GAP PAD, Sil-Free, 40W/m-K, 6 x 6"" Sheet, Tacky Pad, 0.105"" Thickness, Thermexit",Thermal Pad,316349.34,0.0651,100.0,ModuleLED_Nano_7050,2.2,PASS,0.0601,40.0,2.67,0.1252,103.35
✅ Standard,TP-0344,2722289,Bergquist Company,"Thermal Interface Products GAP PAD, 12 W/m-K, Ultra-Low Modulus, 8"" x 8"" Sheet, 0.080"" Thickness",Thermal Pad,278.43,0.1649,0.0,ModuleLED_Nano_7050,2.2,FAIL,-0.0397,12.0,2.03,0.1252,107.41
✅ Standard,TP-0345,TG-A1780-250-250-0.5,t-Global Technology,Thermal Pad Gray 250.00mm x 250.00mm Square,Thermal Pad,183.97,0.0271,100.0,ModuleLED_Nano_7050,2.2,PASS,0.0981,18.0,0.5,0.1252,101.8
✅ Standard,TP-0346,TG-A1780-150-150-1.5,t-Global Technology,Thermal Pad Gray 150.00mm x 150.00mm Square,Thermal Pad,533.9,0.0821,100.0,ModuleLED_Nano_7050,2.2,PASS,0.0431,17.8,1.5,0.1252,104.04
✅ Standard,TP-0347,2214846,Bergquist,Thermal Pad Gray 406.40mm x 203.20mm Rectangular Tacky - Both Sides,Thermal Pad,147.17,0.5172,0.0,ModuleLED_Nano_7050,2.2,FAIL,-0.3921,6.0,3.18,0.1252,121.74
🏭 Industrial,TP-0348,TGP 40000SF-0.125-00-0606,Bergquist Company,"Thermal Interface Products GAP PAD, Sil-Free, 40W/m-K, 6x6"" Sheet, 0.125"" Thickness, Thermexit, IDH 2964638",Thermal Pad,344818.63,0.0774,100.0,ModuleLED_Nano_7050,2.2,PASS,0.0477,40.0,3.18,0.1252,103.85
✅ Standard,TP-0349,TGF30SF-07870787-039,Leader Tech Inc.,Thermal Pad Gray 199.90mm x 199.90mm Square Tacky - Both Sides,Thermal Pad,318.13,0.3219,0.0,ModuleLED_Nano_7050,2.2,FAIL,-0.1968,3.0,0.99,0.1252,113.79
✅ Standard,TP-0350,TGP6000ULM-0.100-12-0816,Bergquist Company,"Thermal Interface Products GAP PAD, 6W/m-K, 8"" x 16"" Sheet, 0.100"" Thickness, TGP6000ULM, IDH 2196912",Thermal Pad,157.23,0.4124,0.0,ModuleLED_Nano_7050,2.2,FAIL,-0.2872,6.0,2.54,0.1252,117.53
✅ Standard,TP-0351,TGP10000ULM-0.080-02-0808,Bergquist Company,"Thermal Interface Products GAP PAD, 10W/m-K, 8"" x 8"" Sheet, 0.080"" Thickness, TGP10000ULM, IDH 2591010",Thermal Pad,315.96,0.1976,0.0,ModuleLED_Nano_7050,2.2,FAIL,-0.0724,10.0,2.03,0.1252,108.76
🏭 Industrial,TP-0352,TGP40000SF-0.125-01-0606-NA,Bergquist Company,"Thermal Interface Products GAP PAD, Sil-Free, 40W/m-K, 6 x 6"" Sheet, Tacky Pad, 0.125"" Thickness, Thermexit",Thermal Pad,379290.26,0.0774,100.0,ModuleLED_Nano_7050,2.2,PASS,0.0477,40.0,3.18,0.1252,103.84
✅ Standard,TP-0353,2722290,Bergquist Company,"Thermal Interface Products GAP PAD, 12 W/m-K, Ultra-Low Modulus, 8"" x 8"" Sheet, 0.100"" Thickness",Thermal Pad,342.0,0.2062,0.0,ModuleLED_Nano_7050,2.2,FAIL,-0.081,12.0,2.54,0.1252,109.09
✅ Standard,TP-0354,TG-A1250-310-310-2.0,t-Global Technology,Thermal Pad Green 310.00mm x 310.00mm Square,Thermal Pad,162.72,0.1567,0.0,ModuleLED_Nano_7050,2.2,FAIL,-0.0315,12.5,2.01,0.1252,107.07
✅ Standard,TP-0355,TG-A1780-150-150-2.0,t-Global Technology,Thermal Pad Gray 150.00mm x 150.00mm Square,Thermal Pad,698.59,0.1101,93.86,ModuleLED_Nano_7050,2.2,FAIL,0.015,17.8,2.01,0.1252,105.18
✅ Standard,TP-0356,TGP6000ULM-0.125-12-0816,Bergquist Company,"Thermal Interface Products GAP PAD, 6W/m-K, 8"" x 16"" Sheet, 0.125"" Thickness, TGP6000ULM, IDH 2214846",Thermal Pad,200.59,0.5166,0.0,ModuleLED_Nano_7050,2.2,FAIL,-0.3915,6.0,3.18,0.1252,121.74
✅ Standard,TP-0357,2722291,Bergquist Company,"Thermal Interface Products GAP PAD, 12 W/m-K, Ultra-Low Modulus, 8"" x 8"" Sheet, 0.120"" Thickness",Thermal Pad,435.61,0.2477,0.0,ModuleLED_Nano_7050,2.2,FAIL,-0.1225,12.0,3.05,0.1252,110.78
✅ Standard,TP-0358,TGP12000ULM-0.100-00-0808,Bergquist Company,"Thermal Interface Products GAP PAD, 12W/m-K, Ultra-Low Modulus, 8""x8"" Sheet, 0.100"" Thickness, TGP12000ULM",Thermal Pad,442.31,0.2066,0.0,ModuleLED_Nano_7050,2.2,FAIL,-0.0815,12.0,2.54,0.1252,109.1
✅ Standard,TP-0359,TGP12000ULM-0.125-00-0808,Bergquist Company,"Thermal Interface Products GAP PAD, 12W/m-K, Ultra-Low Modulus, 8""x8"" Sheet, 0.125"" Thickness, TGP12000ULM",Thermal Pad,453.59,0.2583,0.0,ModuleLED_Nano_7050,2.2,FAIL,-0.1331,12.0,3.18,0.1252,111.23
✅ Standard,TP-0360,A17751-04,Laird Technologies - Thermal Materials,Thermal Pad Gray 457.20mm x 457.20mm Square Tacky - Both Sides,Thermal Pad,91.47,0.1327,25.71,ModuleLED_Nano_7050,2.2,FAIL,-0.0075,7.5,1.02,0.1252,106.09
✅ Standard,TP-0361,2722292,Bergquist Company,"Thermal Interface Products GAP PAD, 12 W/m-K, Ultra-Low Modulus, 8"" x 8"" Sheet, 0.140"" Thickness",Thermal Pad,471.75,0.2894,0.0,ModuleLED_Nano_7050,2.2,FAIL,-0.1642,12.0,3.56,0.1252,112.47
✅ Standard,TP-0362,TGP10000ULM-0.100-02-0808,Bergquist Company,"Thermal Interface Products GAP PAD, 10W/m-K, 8"" x 8"" Sheet, 0.100"" Thickness, TGP10000ULM, IDH 2599712",Thermal Pad,478.76,0.2478,0.0,ModuleLED_Nano_7050,2.2,FAIL,-0.1226,10.0,2.54,0.1252,110.79
✅ Standard,TP-0363,TGP10000ULM-0.125-02-0808,Bergquist Company,"Thermal Interface Products GAP PAD, 10W/m-K, 8"" x 8"" Sheet, 0.125"" Thickness, TGP10000ULM, IDH 2599713",Thermal Pad,527.01,0.3103,0.0,ModuleLED_Nano_7050,2.2,FAIL,-0.1851,10.0,3.18,0.1252,113.3
✅ Standard,TP-0364,2722293,Bergquist Company,"Thermal Interface Products GAP PAD, 12 W/m-K, Ultra-Low Modulus, 8"" x 8"" Sheet, 0.160"" Thickness",Thermal Pad,539.28,0.3302,0.0,ModuleLED_Nano_7050,2.2,FAIL,-0.2051,12.0,4.06,0.1252,114.1
