reliability_status,pass_probability_pct,avg_margin_cw,tim_id,mpn,type,heatsink_model,heatsink_r_th,calculated_tim_r_cw,threshold_limit_cw,max_t_case_99,cost_per_app,k_wmk,thickness_mm,manufacturer,description
PASS,100.0,0.7312,GR-0001,09599,Grease,ModuleLED_Micro_8560,1.5,0.094,0.8252,81.16,5.95,1.17,,SparkFun Electronics,Thermal Silicone Compound 5 gram Syringe
PASS,100.0,0.8122,GR-0002,TC3-1G,Grease,ModuleLED_Micro_8560,1.5,0.0129,0.8252,77.23,55.98,8.5,,Chip Quik Inc.,Thermal Silicone Compound 1 gram Syringe
PASS,100.0,0.7887,GR-0003,8615,Grease,ModuleLED_Micro_8560,1.5,0.0365,0.8252,78.38,17.58,3.0,,MG Chemicals,Thermal Non-Silicone Grease 3.5 gram Syringe
PASS,100.0,0.7686,GR-0004,SILVGREASE1,Grease,ModuleLED_Micro_8560,1.5,0.0566,0.8252,79.35,51.05,1.93,,StarTech.com,Thermal Silicone Compound 1.5 gram Syringe
PASS,100.0,0.6614,GR-0005,TC1-10G,Grease,ModuleLED_Micro_8560,1.5,0.1637,0.8252,84.55,8.42,0.67,,Chip Quik Inc.,Thermal Silicone Compound 10 gram Syringe
PASS,100.0,0.7225,GR-0006,HEATGREASE20,Grease,ModuleLED_Micro_8560,1.5,0.1026,0.8252,81.58,4.37,1.07,,StarTech.com,Thermal Silicone Compound 20 gram Tube
PASS,100.0,0.6825,GR-0007,8610-60G,Grease,ModuleLED_Micro_8560,1.5,0.1426,0.8252,83.51,1.9,0.77,,MG Chemicals,Thermal Non-Silicone Compound 2 oz Tube
PASS,100.0,0.8238,GR-0008,TC4-1G,Grease,ModuleLED_Micro_8560,1.5,0.0014,0.8252,76.68,109.41,79.0,,Chip Quik,Thermal Interface Products Heat Sink Thermal Compound - Deep-Space Liquid Metal 79 W/mK 1g/1cc Syringe
PASS,100.0,0.8238,GR-0009,TC4-1G,Grease,ModuleLED_Micro_8560,1.5,0.0014,0.8252,76.68,113.46,79.0,,Chip Quik Inc.,"Thermal Thermal Compound, Liquid Metal 1 gram Syringe"
PASS,100.0,0.6606,GR-0010,TC1-20G,Grease,ModuleLED_Micro_8560,1.5,0.1646,0.8252,84.54,6.09,0.67,,Chip Quik Inc.,Thermal Silicone Compound 20 gram Syringe
PASS,100.0,0.6809,GR-0011,250G,Grease,ModuleLED_Micro_8560,1.5,0.1443,0.8252,83.6,2.25,0.76,,"Boyd Laconia, LLC",Thermal Silicone Compound 2 oz Tube
PASS,100.0,0.813,GR-0012,TG-N909-30,Grease,ModuleLED_Micro_8560,1.5,0.0122,0.8252,77.2,4.65,9.0,,t-Global Technology,Thermal Non-Silicone Grease 30 gram Container
PASS,100.0,0.8123,GR-0013,TC3-3.5G,Grease,ModuleLED_Micro_8560,1.5,0.0129,0.8252,77.23,40.18,8.5,,Chip Quik Inc.,Thermal Silicone Compound 3.5 gram Syringe
PASS,100.0,0.6705,GR-0014,CW7270,Grease,ModuleLED_Micro_8560,1.5,0.1547,0.8252,84.09,20.85,0.71,,Chemtronics,Thermal Non-Silicone Grease 7 gram Syringe
PASS,100.0,0.7523,GR-0015,65-00-GREASE15-0010,Grease,ModuleLED_Micro_8560,1.5,0.0729,0.8252,80.16,6.4,1.5,,Parker Chomerics,Thermal Silicone Grease 10cc Syringe
PASS,100.0,0.8238,GR-0016,TC4-2G,Grease,ModuleLED_Micro_8560,1.5,0.0014,0.8252,76.68,82.22,79.0,,Chip Quik,Thermal Interface Products Heat Sink Thermal Compound - Deep-Space Liquid Metal 79 W/mK 2g/1cc Syringe
PASS,100.0,0.8238,GR-0017,TC4-2G,Grease,ModuleLED_Micro_8560,1.5,0.0014,0.8252,76.68,83.35,79.0,,Chip Quik Inc.,"Thermal Thermal Compound, Liquid Metal 2 gram Syringe"
PASS,100.0,0.7886,GR-0018,65-00-GREASE30-0010,Grease,ModuleLED_Micro_8560,1.5,0.0366,0.8252,78.38,6.73,3.0,,Parker Chomerics,Thermal Silicone Grease 10cc Syringe
PASS,100.0,0.8032,GR-0019,65-00-GREASE50-0010,Grease,ModuleLED_Micro_8560,1.5,0.0219,0.8252,77.68,7.06,5.0,,Parker Chomerics,Thermal Silicone Grease 10cc Jar
PASS,100.0,0.8095,GR-0020,65-00-GREASE70-0010,Grease,ModuleLED_Micro_8560,1.5,0.0157,0.8252,77.37,7.26,7.0,,Parker Chomerics,Thermal Silicone Grease 10cc Syringe
PASS,100.0,0.8069,GR-0021,65-00-CIP60-0045,Grease,ModuleLED_Micro_8560,1.5,0.0183,0.8252,77.49,1.56,6.0,,Parker Chomerics,"Thermal Silicone Compound, 2 Part 50cc Cartridge"
PASS,100.0,0.7996,GR-0022,TC2-10G,Grease,ModuleLED_Micro_8560,1.5,0.0255,0.8252,77.85,20.65,4.3,,Chip Quik Inc.,Thermal Silicone Compound 10 gram Syringe
PASS,100.0,0.7658,GR-0023,CW7250,Grease,ModuleLED_Micro_8560,1.5,0.0594,0.8252,79.47,62.15,1.85,,Chemtronics,Thermal Non-Silicone Grease 3.4 gram Syringe
PASS,100.0,0.8238,GR-0024,TC4-5G,Grease,ModuleLED_Micro_8560,1.5,0.0014,0.8252,76.68,43.78,79.0,,Chip Quik Inc.,"Thermal Thermal Compound, Liquid Metal 5 gram Syringe"
PASS,100.0,0.8238,GR-0025,TC4-5G,Grease,ModuleLED_Micro_8560,1.5,0.0014,0.8252,76.68,43.9,79.0,,Chip Quik,Thermal Interface Products Heat Sink Thermal Compound - Deep-Space Liquid Metal 79 W/mK 5g/1cc Syringe
PASS,100.0,0.7153,GR-0026,8617-85ML,Grease,ModuleLED_Micro_8560,1.5,0.1098,0.8252,81.93,1.12,1.0,,MG Chemicals,Thermal Non-Silicone Grease 85 ml Tube
PASS,100.0,0.7155,GR-0027,GF1000-00-15-50CC,Grease,ModuleLED_Micro_8560,1.5,0.1097,0.8252,81.92,1.91,1.0,,Bergquist,"Thermal Liquid Gap Filler, 2 Part 50cc Cartridge"
PASS,100.0,0.7887,GR-0028,X-PUTTY-100,Grease,ModuleLED_Micro_8560,1.5,0.0365,0.8252,78.38,2.64,3.0,,"Shiu Li Technology Co., Ltd.",Thermal Silicone Putty 100 gram Cartridge
PASS,100.0,0.7814,GR-0029,8327GF25-50CC,Grease,ModuleLED_Micro_8560,1.5,0.0438,0.8252,78.74,2.2,2.5,,MG Chemicals,Thermal Silicone Gap Filler 50 ml Cartridges
PASS,100.0,0.7955,GR-0030,65-00-GEL37-0010,Grease,ModuleLED_Micro_8560,1.5,0.0297,0.8252,78.05,11.07,3.7,,Parker Chomerics,Thermal Silicone Gel 10cc Syringe
PASS,100.0,0.7703,GR-0031,PK223DM-110,Grease,ModuleLED_Micro_8560,1.5,0.0549,0.8252,79.27,2.65,2.0,,"Shiu Li Technology Co., Ltd.","Thermal Liquid Gap Filler, 2 Part 110 gram Cartridge"
PASS,100.0,0.7909,GR-0032,SILV5-THERMAL-PASTE,Grease,ModuleLED_Micro_8560,1.5,0.0343,0.8252,78.27,196.47,3.2,,StarTech.com,Thermal Silicone Compound 1.5 gram Syringe
PASS,100.0,0.7938,GR-0033,65-00-GEL35VT-0010,Grease,ModuleLED_Micro_8560,1.5,0.0314,0.8252,78.13,12.11,3.5,,Parker Chomerics,Thermal Silicone Gel 10cc Syringe
PASS,100.0,0.8238,GR-0034,TC4-10G,Grease,ModuleLED_Micro_8560,1.5,0.0014,0.8252,76.68,31.12,79.0,,Chip Quik,Thermal Interface Products Heat Sink Thermal Compound - Deep-Space Liquid Metal 79 W/mK 10g/3cc Syringe
PASS,100.0,0.8238,GR-0035,TC4-10G,Grease,ModuleLED_Micro_8560,1.5,0.0014,0.8252,76.68,32.14,79.0,,Chip Quik Inc.,"Thermal Thermal Compound, Liquid Metal 10 gram Syringe"
PASS,100.0,0.6504,GR-0036,CT40-5,Grease,ModuleLED_Micro_8560,1.5,0.1748,0.8252,85.12,2.28,0.63,,Chemtronics,Thermal Silicone Compound 5 oz Tube
PASS,100.0,0.8008,GR-0037,GF4500CVO-00-240-50CC,Grease,ModuleLED_Micro_8560,1.5,0.0244,0.8252,77.79,2.6,4.5,,Bergquist Company,"Thermal Interface Products Liquid Gap-Filling Material, 2-Part, 4.5W/m-K, 50ml Cartridge, TGF4500CVO"
PASS,100.0,0.764,GR-0038,GF1500-00-60-50CC,Grease,ModuleLED_Micro_8560,1.5,0.0612,0.8252,79.55,2.61,1.8,,Bergquist,"Thermal Liquid Gap Filler, 2 Part 50cc Cartridge"
PASS,100.0,0.7939,GR-0039,S-PUTTY-100,Grease,ModuleLED_Micro_8560,1.5,0.0313,0.8252,78.13,3.53,3.5,,"Shiu Li Technology Co., Ltd.",Thermal Silicone Putty 100 gram Cartridge
PASS,100.0,0.7938,GR-0040,N-PUTTY-100,Grease,ModuleLED_Micro_8560,1.5,0.0314,0.8252,78.13,3.54,3.5,,"Shiu Li Technology Co., Ltd.",Thermal Non-Silicone Putty 100 gram Cartridge
PASS,100.0,0.8123,GR-0041,TC3-10G,Grease,ModuleLED_Micro_8560,1.5,0.0129,0.8252,77.23,28.56,8.5,,Chip Quik Inc.,Thermal Silicone Compound 5cc Syringe
PASS,100.0,0.7796,GR-0042,65-00-GEL20-0010,Grease,ModuleLED_Micro_8560,1.5,0.0456,0.8252,78.83,14.76,2.4,,Parker Chomerics,Thermal Gel Gap Filler 10cc Syringe
PASS,100.0,0.794,GR-0043,H-PUTTY-100,Grease,ModuleLED_Micro_8560,1.5,0.0312,0.8252,78.12,3.71,3.5,,"Shiu Li Technology Co., Ltd.",Thermal Silicone Putty 100 gram Cartridge
PASS,100.0,0.8068,GR-0044,127-6-10,Grease,ModuleLED_Micro_8560,1.5,0.0183,0.8252,77.49,15.05,6.0,,Wakefield Thermal Solutions,Thermal Non-Silicone Grease 10cc Syringe
PASS,100.0,0.8069,GR-0045,127-6-10,Grease,ModuleLED_Micro_8560,1.5,0.0183,0.8252,77.5,15.35,6.0,,Wakefield Thermal,"Thermal Interface Products Thermal Grease, High Performance, Non-Silicone, 6 W/m-K, 10cc Syringe"
PASS,100.0,0.7998,GR-0046,TC2-20G,Grease,ModuleLED_Micro_8560,1.5,0.0254,0.8252,77.85,19.26,4.3,,Chip Quik Inc.,Thermal Silicone Compound 20 gram Syringe
PASS,100.0,0.7518,GR-0047,65-02-GREASE15-0030,Grease,ModuleLED_Micro_8560,1.5,0.0734,0.8252,80.15,5.42,1.5,,Parker Chomerics,Thermal Silicone Grease 30cc Cartridge
PASS,100.0,0.7939,GR-0048,65-02-GEL35VT-0030,Grease,ModuleLED_Micro_8560,1.5,0.0313,0.8252,78.13,5.51,3.5,,Parker Chomerics,Thermal Silicone Gel 30cc Syringe
PASS,100.0,0.8032,GR-0049,65-00-GEL50TBL-0010,Grease,ModuleLED_Micro_8560,1.5,0.0219,0.8252,77.67,16.63,5.0,,Parker Chomerics,Thermal Silicone Gel 10cc Syringe
PASS,100.0,0.7983,GR-0050,8327GF41-50CC,Grease,ModuleLED_Micro_8560,1.5,0.0268,0.8252,77.9,3.36,4.1,,MG Chemicals,Thermal Silicone Gap Filler 50 ml Cartridges
PASS,100.0,0.7886,GR-0051,65-02-GREASE30-0030,Grease,ModuleLED_Micro_8560,1.5,0.0366,0.8252,78.38,5.71,3.0,,Parker Chomerics,Thermal Silicone Grease 30cc Cartridge
PASS,100.0,0.5866,GR-0052,8463-7G,Grease,ModuleLED_Micro_8560,1.5,0.2386,0.8252,88.18,62.82,0.46,,MG Chemicals,Thermal Silicone Grease 7 gram Syringe
PASS,100.0,0.7519,GR-0053,GCS-NSP15-100ML,Grease,ModuleLED_Micro_8560,1.5,0.0733,0.8252,80.17,1.78,1.5,,European Thermodynamics Ltd,Thermal Non-Silicone Putty 100 ml Syringe
PASS,100.0,0.8032,GR-0054,65-02-GREASE50-0030,Grease,ModuleLED_Micro_8560,1.5,0.0219,0.8252,77.67,5.99,5.0,,Parker Chomerics,Thermal Silicone Grease 30cc Cartridge
PASS,100.0,0.7886,GR-0055,TGF3000SF-00-1500-50CC,Grease,ModuleLED_Micro_8560,1.5,0.0365,0.8252,78.38,3.67,3.0,,Bergquist Company,"Thermal Interface Products Gap Filler, 2-Part, Sil-Free, Room Temp Cure, 3W/mK, 50ml Cartridge, TGF3000SF"
PASS,100.0,0.8095,GR-0056,65-02-GREASE70-0030,Grease,ModuleLED_Micro_8560,1.5,0.0157,0.8252,77.37,6.16,7.0,,Parker Chomerics,Thermal Silicone Grease 30cc Cartridge
PASS,100.0,0.6615,GR-0057,TC1-200G,Grease,ModuleLED_Micro_8560,1.5,0.1636,0.8252,84.54,2.35,0.67,,Chip Quik Inc.,Thermal Silicone Compound 200 gram Jar
PASS,100.0,0.8115,GR-0058,TG-N8000-30,Grease,ModuleLED_Micro_8560,1.5,0.0137,0.8252,77.28,15.74,8.0,,t-Global Technology,Thermal Non-Silicone Putty 30 gram Jar
PASS,100.0,0.7409,GR-0059,G3380NA-120,Grease,ModuleLED_Micro_8560,1.5,0.0843,0.8252,80.68,3.98,1.3,,"Shiu Li Technology Co., Ltd.",Thermal Non-Silicone Grease 120 gram Cartridge
PASS,100.0,0.7947,GR-0060,GF3500S35-07-60-50CC,Grease,ModuleLED_Micro_8560,1.5,0.0305,0.8252,78.09,3.88,3.6,,Bergquist,"Thermal Liquid Gap Filler, 2 Part 50cc Cartridge"
PASS,100.0,0.7887,GR-0061,TG4040-D-30CC,Grease,ModuleLED_Micro_8560,1.5,0.0365,0.8252,78.38,6.65,3.0,,t-Global Technology,Thermal Silicone Putty 30cc Syringe
PASS,100.0,0.8069,GR-0062,S-PUTTY2-100,Grease,ModuleLED_Micro_8560,1.5,0.0182,0.8252,77.49,5.04,6.0,,"Shiu Li Technology Co., Ltd.",Thermal Silicone Putty 100 gram Cartridge
PASS,100.0,0.7947,GR-0063,GF3500S35-00-60-50CC,Grease,ModuleLED_Micro_8560,1.5,0.0305,0.8252,78.09,4.06,3.6,,Bergquist,"Thermal Liquid Gap Filler, 2 Part 50cc Cartridge"
PASS,100.0,0.8105,GR-0064,65-00-GEL75VT-0010,Grease,ModuleLED_Micro_8560,1.5,0.0146,0.8252,77.32,20.32,7.5,,Parker Chomerics,Thermal Silicone Gel 10cc Syringe
PASS,100.0,0.8032,GR-0065,65-02-GEL50TBL-0030,Grease,ModuleLED_Micro_8560,1.5,0.0219,0.8252,77.67,6.79,5.0,,Parker Chomerics,Thermal Silicone Gel 30cc Syringe
PASS,100.0,0.7938,GR-0066,GL-20-10,Grease,ModuleLED_Micro_8560,1.5,0.0313,0.8252,78.13,20.5,3.5,,Wakefield Thermal,"Thermal Interface Products ulTIMiFlux Gel, 10cc Syringe, Pink, 20g/m Flow Rate, 0.004"", 3.5w/mK"
PASS,100.0,0.7977,GR-0067,TG-N4000-30CC,Grease,ModuleLED_Micro_8560,1.5,0.0274,0.8252,77.93,6.87,4.0,,t-Global Technology,Thermal Non-Silicone Putty 30cc Syringe
PASS,100.0,0.8049,GR-0068,A18835-01,Grease,ModuleLED_Micro_8560,1.5,0.0203,0.8252,77.59,4.13,5.4,,Laird Technologies - Thermal Materials,Thermal Liquid Gap Filler 50cc Cartridge
PASS,100.0,0.8238,GR-0069,TC4-20G,Grease,ModuleLED_Micro_8560,1.5,0.0014,0.8252,76.68,26.04,79.0,,Chip Quik Inc.,"Thermal Thermal Compound, Liquid Metal 20 gram Syringe"
PASS,100.0,0.8041,GR-0070,65-02-GEL50VT-0030,Grease,ModuleLED_Micro_8560,1.5,0.0211,0.8252,77.63,6.98,5.2,,Parker Chomerics,Thermal Silicone Gel 30cc Syringe
PASS,100.0,0.8069,GR-0071,8327GL6-30ML,Grease,ModuleLED_Micro_8560,1.5,0.0183,0.8252,77.5,7.05,6.0,,MG Chemicals,Thermal Non-Silicone Gel 30 ml Cartridge
PASS,100.0,0.8069,GR-0072,H-PUTTY2-100,Grease,ModuleLED_Micro_8560,1.5,0.0182,0.8252,77.49,5.31,6.0,,"Shiu Li Technology Co., Ltd.",Thermal Silicone Putty 100 gram Cartridge
PASS,100.0,0.8238,GR-0073,TC4-20G,Grease,ModuleLED_Micro_8560,1.5,0.0014,0.8252,76.68,26.74,79.0,,Chip Quik,Thermal Interface Products Heat Sink Thermal Compound - Deep-Space Liquid Metal 79 W/mK 20g/3cc Syringe
PASS,100.0,0.7794,GR-0074,65-02-GEL20-0030,Grease,ModuleLED_Micro_8560,1.5,0.0457,0.8252,78.82,7.15,2.4,,Parker Chomerics,Thermal Gel Gap Filler 30cc Cartridge
PASS,100.0,0.7887,GR-0075,X-PUTTY-100-KIT,Grease,ModuleLED_Micro_8560,1.5,0.0365,0.8252,78.38,5.61,3.0,,"Shiu Li Technology Co., Ltd.",Thermal Silicone Putty 100 gram Cartridge
PASS,100.0,0.7957,GR-0076,A17170-01,Grease,ModuleLED_Micro_8560,1.5,0.0295,0.8252,78.04,2.99,3.7,,Laird Technologies - Thermal Materials,Thermal Silicone Compound 75cc Cartridge
PASS,100.0,0.8105,GR-0077,65-00-GEL75-0010,Grease,ModuleLED_Micro_8560,1.5,0.0146,0.8252,77.32,22.96,7.5,,Parker Chomerics,Thermal Silicone Gel 10cc Syringe
PASS,100.0,0.8069,GR-0078,G3380D-100,Grease,ModuleLED_Micro_8560,1.5,0.0183,0.8252,77.49,6.0,6.0,,"Shiu Li Technology Co., Ltd.",Thermal Silicone Grease 100 gram Cartridge
PASS,100.0,0.7753,GR-0079,EPDM20-135,Grease,ModuleLED_Micro_8560,1.5,0.0499,0.8252,79.03,4.81,2.2,,"Shiu Li Technology Co., Ltd.","Thermal Liquid Gap Filler, 2 Part 50 ml Cartridges"
PASS,100.0,0.8032,GR-0080,N-PUTTY2-100,Grease,ModuleLED_Micro_8560,1.5,0.022,0.8252,77.67,6.19,5.0,,"Shiu Li Technology Co., Ltd.",Thermal Non-Silicone Putty 100 gram Cartridge
PASS,100.0,0.8055,GR-0081,CW7100,Grease,ModuleLED_Micro_8560,1.5,0.0197,0.8252,77.56,98.45,5.6,,Chemtronics,Thermal Silicone Grease 6.5 gram Syringe
PASS,100.0,0.7704,GR-0082,PK223DM-110-KIT,Grease,ModuleLED_Micro_8560,1.5,0.0548,0.8252,79.27,5.84,2.0,,"Shiu Li Technology Co., Ltd.","Thermal Liquid Gap Filler, 2 Part 110 gram Cartridge"
PASS,100.0,0.7641,GR-0083,GCS-018-GS-WE-1KG,Grease,ModuleLED_Micro_8560,1.5,0.061,0.8252,79.57,0.64,1.8,,European Thermodynamics Ltd,Thermal Silicone Grease 1 kg Container
PASS,100.0,0.7796,GR-0084,GL-08-10,Grease,ModuleLED_Micro_8560,1.5,0.0456,0.8252,78.82,25.84,2.4,,Wakefield Thermal,"Thermal Interface Products ulTIMiFlux Gel, 10cc Syringe, Yellow, 8g/m Flow Rate, 0.015"", 2.4w/mK"
PASS,100.0,0.7938,GR-0085,S-PUTTY-100-KIT,Grease,ModuleLED_Micro_8560,1.5,0.0314,0.8252,78.12,6.49,3.5,,"Shiu Li Technology Co., Ltd.",Thermal Silicone Putty 100 gram Cartridge
PASS,100.0,0.7938,GR-0086,N-PUTTY-100-KIT,Grease,ModuleLED_Micro_8560,1.5,0.0313,0.8252,78.13,6.5,3.5,,"Shiu Li Technology Co., Ltd.",Thermal Non-Silicone Putty 100 gram Cartridge
PASS,100.0,0.7947,GR-0087,PK404DM-150,Grease,ModuleLED_Micro_8560,1.5,0.0305,0.8252,78.09,4.42,3.6,,"Shiu Li Technology Co., Ltd.","Thermal Liquid Gap Filler, 2 Part 150 gram Cartridge"
PASS,100.0,0.7939,GR-0088,H-PUTTY-100-KIT,Grease,ModuleLED_Micro_8560,1.5,0.0313,0.8252,78.12,6.68,3.5,,"Shiu Li Technology Co., Ltd.",Thermal Silicone Putty 100 gram Cartridge
PASS,100.0,0.8105,GR-0089,65-02-GEL75VT-0030,Grease,ModuleLED_Micro_8560,1.5,0.0146,0.8252,77.32,9.06,7.5,,Parker Chomerics,Thermal Silicone Gel 30cc Cartridge
PASS,100.0,0.8008,GR-0090,G3380NC-100,Grease,ModuleLED_Micro_8560,1.5,0.0244,0.8252,77.79,6.81,4.5,,"Shiu Li Technology Co., Ltd.",Thermal Non-Silicone Grease 100 gram Cartridge
PASS,100.0,0.8069,GR-0091,65-00-CIP60-0200,Grease,ModuleLED_Micro_8560,1.5,0.0182,0.8252,77.49,1.42,6.0,,Parker Chomerics,"Thermal Silicone Compound, 2 Part 200cc Cartridge"
PASS,100.0,0.7158,GR-0092,8617-1P,Grease,ModuleLED_Micro_8560,1.5,0.1094,0.8252,81.93,0.61,1.0,,MG Chemicals,Thermal Non-Silicone Grease 473 ml Jar
PASS,100.0,0.7939,GR-0093,2456616,Grease,ModuleLED_Micro_8560,1.5,0.0313,0.8252,78.13,5.82,3.5,,Bergquist,"Thermal Liquid Gap Filler, 2 Part 50cc Cartridge"
PASS,100.0,0.8115,GR-0094,SH-PUTTY3-100,Grease,ModuleLED_Micro_8560,1.5,0.0137,0.8252,77.27,7.53,8.0,,"Shiu Li Technology Co., Ltd.",Thermal Silicone Putty 100 gram Cartridge
PASS,100.0,0.8106,GR-0095,65-02-GEL75-0030,Grease,ModuleLED_Micro_8560,1.5,0.0146,0.8252,77.32,10.24,7.5,,Parker Chomerics,Thermal Silicone Gel 30cc Syringe
PASS,100.0,0.7774,GR-0096,A16872-02,Grease,ModuleLED_Micro_8560,1.5,0.0477,0.8252,78.92,4.2,2.3,,Laird Technologies - Thermal Materials,Thermal Liquid Gap Filler 75cc Cartridge
PASS,100.0,0.7939,GR-0097,8327GL3-180ML,Grease,ModuleLED_Micro_8560,1.5,0.0313,0.8252,78.13,1.77,3.5,,MG Chemicals,Thermal Non-Silicone Gel 180 ml Cartridge
PASS,100.0,0.8069,GR-0098,S-PUTTY2-100-KIT,Grease,ModuleLED_Micro_8560,1.5,0.0183,0.8252,77.49,8.0,6.0,,"Shiu Li Technology Co., Ltd.",Thermal Silicone Putty 100 gram Cartridge
PASS,100.0,0.8069,GR-0099,H-PUTTY2-100-KIT,Grease,ModuleLED_Micro_8560,1.5,0.0182,0.8252,77.49,8.27,6.0,,"Shiu Li Technology Co., Ltd.",Thermal Silicone Putty 100 gram Cartridge
PASS,100.0,0.7407,GR-0100,G3380NA-120-KIT,Grease,ModuleLED_Micro_8560,1.5,0.0845,0.8252,80.69,6.9,1.3,,"Shiu Li Technology Co., Ltd.",Thermal Non-Silicone Grease 120 gram Cartridge
PASS,100.0,0.7884,GR-0101,EPDM30-135,Grease,ModuleLED_Micro_8560,1.5,0.0368,0.8252,78.39,6.93,3.0,,"Shiu Li Technology Co., Ltd.","Thermal Liquid Gap Filler, 2 Part 50 ml Cartridges"
PASS,100.0,0.7701,GR-0102,LF2000-00-00-30CC,Grease,ModuleLED_Micro_8560,1.5,0.055,0.8252,79.27,11.74,2.0,,Bergquist Company,"Thermal Interface Products 1-Part, Liquid Formable Material, 30CC Cartridge, 2 W/m-K, Liqui-Form"
PASS,100.0,0.7977,GR-0103,TG-N4000-55CC,Grease,ModuleLED_Micro_8560,1.5,0.0274,0.8252,77.94,6.41,4.0,,t-Global Technology,Thermal Non-Silicone Putty 55cc Syringe
PASS,100.0,0.7955,GR-0104,A17170-02,Grease,ModuleLED_Micro_8560,1.5,0.0297,0.8252,78.05,1.97,3.7,,Laird Technologies - Thermal Materials,Thermal Silicone Compound 180cc Cartridge
PASS,100.0,0.8095,GR-0105,TG-A7000-55CC,Grease,ModuleLED_Micro_8560,1.5,0.0156,0.8252,77.37,7.09,7.0,,t-Global Technology,Thermal Silicone Putty 50cc Syringe
PASS,100.0,0.7885,GR-0106,GCS-NSP30-100ML,Grease,ModuleLED_Micro_8560,1.5,0.0366,0.8252,78.38,3.55,3.0,,European Thermodynamics Ltd,Thermal Non-Silicone Putty 100 ml Syringe
PASS,100.0,0.8114,GR-0107,TG-N8000-30CC,Grease,ModuleLED_Micro_8560,1.5,0.0137,0.8252,77.27,11.91,8.0,,t-Global Technology,Thermal Non-Silicone Putty 30cc Syringe
PASS,100.0,0.8033,GR-0108,N-PUTTY2-100-KIT,Grease,ModuleLED_Micro_8560,1.5,0.0219,0.8252,77.67,9.15,5.0,,"Shiu Li Technology Co., Ltd.",Thermal Non-Silicone Putty 100 gram Cartridge
PASS,100.0,0.7996,GR-0109,TC2-50G,Grease,ModuleLED_Micro_8560,1.5,0.0256,0.8252,77.85,18.81,4.3,,Chip Quik Inc.,Thermal Silicone Compound 50 gram Jar
PASS,100.0,0.8068,GR-0110,8618-85ML,Grease,ModuleLED_Micro_8560,1.5,0.0183,0.8252,77.5,4.44,6.0,,MG Chemicals,Thermal Non-Silicone Grease 85 ml Syringe
PASS,100.0,0.7753,GR-0111,EPDM20-135-KIT,Grease,ModuleLED_Micro_8560,1.5,0.0498,0.8252,79.02,7.61,2.2,,"Shiu Li Technology Co., Ltd.","Thermal Liquid Gap Filler, 2 Part 50 ml Cartridges"
PASS,100.0,0.8105,GR-0112,GCS-NSP75 - 50ML,Grease,ModuleLED_Micro_8560,1.5,0.0146,0.8252,77.32,7.67,7.5,,European Thermodynamics Ltd,Thermal Non-Silicone Putty 50 ml Syringe
PASS,100.0,0.8069,GR-0113,G3380D-100-KIT,Grease,ModuleLED_Micro_8560,1.5,0.0182,0.8252,77.49,9.69,6.0,,"Shiu Li Technology Co., Ltd.",Thermal Silicone Grease 100 gram Cartridge
PASS,100.0,0.7939,GR-0114,2292097,Grease,ModuleLED_Micro_8560,1.5,0.0313,0.8252,78.13,8.0,3.5,,Bergquist,"Thermal Silicone Compound, 2 Part 50cc Cartridge"
PASS,100.0,0.7948,GR-0115,PK404DM-150-KIT,Grease,ModuleLED_Micro_8560,1.5,0.0304,0.8252,78.08,6.76,3.6,,"Shiu Li Technology Co., Ltd.","Thermal Liquid Gap Filler, 2 Part 150 gram Cartridge"
PASS,100.0,0.8142,GR-0116,S-PUTTY5-100,Grease,ModuleLED_Micro_8560,1.5,0.011,0.8252,77.14,13.64,10.0,,"Shiu Li Technology Co., Ltd.",Thermal Silicone Putty 30cc Tube
PASS,100.0,0.8007,GR-0117,G3380NC-100-KIT,Grease,ModuleLED_Micro_8560,1.5,0.0245,0.8252,77.8,10.31,4.5,,"Shiu Li Technology Co., Ltd.",Thermal Non-Silicone Grease 100 gram Cartridge
PASS,100.0,0.7704,GR-0118,D2000-140,Grease,ModuleLED_Micro_8560,1.5,0.0548,0.8252,79.26,7.52,2.0,,"Shiu Li Technology Co., Ltd.","Thermal Silicone Grease, 2 Part 140 gram Cartridge"
PASS,100.0,0.8114,GR-0119,SH-PUTTY3-100-KIT,Grease,ModuleLED_Micro_8560,1.5,0.0137,0.8252,77.27,10.68,8.0,,"Shiu Li Technology Co., Ltd.",Thermal Silicone Putty 100 gram Cartridge
PASS,100.0,0.7938,GR-0120,2167388,Grease,ModuleLED_Micro_8560,1.5,0.0314,0.8252,78.13,8.81,3.5,,Bergquist,"Thermal Silicone Compound, 2 Part 50cc Cartridge"
PASS,100.0,0.808,GR-0121,A17262-01,Grease,ModuleLED_Micro_8560,1.5,0.0171,0.8252,77.44,8.82,6.4,,Laird Technologies - Thermal Materials,Thermal Silicone Gap Filler 50cc Cartridge
PASS,100.0,0.8114,GR-0122,TG-N8000-55CC,Grease,ModuleLED_Micro_8560,1.5,0.0137,0.8252,77.27,8.37,8.0,,t-Global Technology,Thermal Non-Silicone Putty 55cc Syringe
PASS,100.0,0.8032,GR-0123,PK605DM-160,Grease,ModuleLED_Micro_8560,1.5,0.0219,0.8252,77.67,7.52,5.0,,"Shiu Li Technology Co., Ltd.","Thermal Liquid Gap Filler, 2 Part 160 gram Cartridge"
PASS,100.0,0.7938,GR-0124,2179547,Grease,ModuleLED_Micro_8560,1.5,0.0314,0.8252,78.13,9.68,3.5,,Bergquist,"Thermal Silicone Compound, 2 Part 50cc Cartridge"
PASS,100.0,0.7886,GR-0125,EPDM30-135-KIT,Grease,ModuleLED_Micro_8560,1.5,0.0365,0.8252,78.38,9.74,3.0,,"Shiu Li Technology Co., Ltd.","Thermal Liquid Gap Filler, 2 Part 50 ml Cartridges"
PASS,100.0,0.8142,GR-0126,S-PUTTY5-100-KIT,Grease,ModuleLED_Micro_8560,1.5,0.011,0.8252,77.14,16.28,10.0,,"Shiu Li Technology Co., Ltd.",Thermal Silicone Putty 30cc Tube
PASS,100.0,0.7776,GR-0127,A16872-03,Grease,ModuleLED_Micro_8560,1.5,0.0476,0.8252,78.91,2.74,2.3,,Laird Technologies - Thermal Materials,Thermal Liquid Gap Filler 180cc Cartridge
PASS,100.0,0.7522,GR-0128,65-00-GREASE15-0160,Grease,ModuleLED_Micro_8560,1.5,0.0729,0.8252,80.14,3.13,1.5,,Parker Chomerics,Thermal Silicone Grease 160cc Container
PASS,100.0,0.807,GR-0129,TT3000-150,Grease,ModuleLED_Micro_8560,1.5,0.0182,0.8252,77.49,8.4,6.0,,"Shiu Li Technology Co., Ltd.",Thermal Silicone Grease 150 gram Cartridge
PASS,100.0,0.8083,GR-0130,DP-100,Grease,ModuleLED_Micro_8560,1.5,0.0169,0.8252,77.43,17.06,6.5,,Taica,"Thermal Interface Products Thermal Conductive GEL, 6.5W/mK, 5.0kV/mm, 30ml Syringe, Lamda Gel DP"
PASS,100.0,0.7939,GR-0131,LF3500-00-00-30CC,Grease,ModuleLED_Micro_8560,1.5,0.0312,0.8252,78.13,17.26,3.5,,Bergquist Company,"Thermal Interface Products 1-Part, Liquid Formable Material, 30CC Cartridge, 3.5 W/m-K, Liqui-Form"
PASS,100.0,0.816,GR-0132,127-12-10,Grease,ModuleLED_Micro_8560,1.5,0.0091,0.8252,77.05,1307.58,12.0,,Wakefield Thermal Solutions,Thermal Non-Silicone Grease 1 gram Syringe
PASS,100.0,0.816,GR-0133,127-12-10,Grease,ModuleLED_Micro_8560,1.5,0.0091,0.8252,77.05,52.3,12.0,,Wakefield Thermal,"Thermal Interface Products Thermal Grease, Extreme Performance, Non-Silicone, 12 W/m-K, 10cc Syringe"
PASS,100.0,0.7886,GR-0134,65-00-GREASE30-0160,Grease,ModuleLED_Micro_8560,1.5,0.0365,0.8252,78.38,3.29,3.0,,Parker Chomerics,Thermal Silicone Grease 160cc Container
PASS,100.0,0.8197,GR-0135,127-20-10,Grease,ModuleLED_Micro_8560,1.5,0.0055,0.8252,76.88,1362.89,20.0,,Wakefield Thermal Solutions,Thermal Non-Silicone Grease 1 gram Syringe
PASS,100.0,0.8197,GR-0136,127-20-10,Grease,ModuleLED_Micro_8560,1.5,0.0055,0.8252,76.88,54.52,20.0,,Wakefield Thermal,"Thermal Interface Products Thermal Grease, Extreme Performance, Non-Silicone, 20 W/m-K, 10cc Syringe"
PASS,100.0,0.8032,GR-0137,65-00-GREASE50-0160,Grease,ModuleLED_Micro_8560,1.5,0.0219,0.8252,77.68,3.45,5.0,,Parker Chomerics,Thermal Silicone Grease 160cc Container
PASS,100.0,0.7337,GR-0138,A14855-02,Grease,ModuleLED_Micro_8560,1.5,0.0915,0.8252,81.06,1.38,1.2,,Laird Technologies,Thermal Interface Products Tgrease 1500 1kg 1.2 W/mK
PASS,100.0,0.8131,GR-0139,A18560-09,Grease,ModuleLED_Micro_8560,1.5,0.012,0.8252,77.19,18.48,9.1,,Laird Technologies - Thermal Materials,Thermal Liquid Gap Filler 30cc Cartridge
PASS,100.0,0.8049,GR-0140,A18835-02,Grease,ModuleLED_Micro_8560,1.5,0.0203,0.8252,77.59,2.79,5.4,,Laird Technologies - Thermal Materials,Thermal Liquid Gap Filler 200cc Cartridge
PASS,100.0,0.7702,GR-0141,D2000-140-KIT,Grease,ModuleLED_Micro_8560,1.5,0.0549,0.8252,79.28,10.02,2.0,,"Shiu Li Technology Co., Ltd.","Thermal Silicone Grease, 2 Part 140 gram Cartridge"
PASS,100.0,0.8095,GR-0142,65-00-GREASE70-0160,Grease,ModuleLED_Micro_8560,1.5,0.0157,0.8252,77.37,3.55,7.0,,Parker Chomerics,Thermal Silicone Grease 160cc Container
PASS,100.0,0.7886,GR-0143,A10548-5,Grease,ModuleLED_Micro_8560,1.5,0.0366,0.8252,78.37,5.92,3.0,,Laird Technologies - Thermal Materials,Thermal Silicone Putty 100cc Jar
PASS,100.0,0.8069,GR-0144,TLF6000HG-00-00-150CC,Grease,ModuleLED_Micro_8560,1.5,0.0183,0.8252,77.49,3.35,6.0,,Bergquist Company,"Thermal Interface Products Conductive, 1-Part, Liquid Formable, 180ml Cartridge, 6 W/m-K, Liqui-Form"
PASS,100.0,0.7955,GR-0145,65-01-GEL37-0180,Grease,ModuleLED_Micro_8560,1.5,0.0297,0.8252,78.05,3.37,3.7,,Parker Chomerics,Thermal Silicone Gel 180cc Syringe
PASS,100.0,0.7885,GR-0146,TGF3000SF-00-1500-200CC,Grease,ModuleLED_Micro_8560,1.5,0.0367,0.8252,78.38,3.03,3.0,,Bergquist Company,"Thermal Interface Products Gap Filler, 2-Part, Sil-Free, Room Temp Cure, 3W/mK, 200ml Cartridge, TGF3000SF"
PASS,100.0,0.8032,GR-0147,PK605DM-160-KIT,Grease,ModuleLED_Micro_8560,1.5,0.022,0.8252,77.67,9.71,5.0,,"Shiu Li Technology Co., Ltd.","Thermal Liquid Gap Filler, 2 Part 160 gram Cartridge"
PASS,100.0,0.8007,GR-0148,GF4500CVO-00-240-200CC,Grease,ModuleLED_Micro_8560,1.5,0.0244,0.8252,77.79,3.14,4.5,,Bergquist Company,"Thermal Interface Products Liquid Gap-Filling Material, 2-Part, 4.5W/m-K, 200ml Cartridge, TGF4500CVO"
PASS,100.0,0.8069,GR-0149,2624519,Grease,ModuleLED_Micro_8560,1.5,0.0182,0.8252,77.5,4.26,6.0,,Bergquist,Thermal Silicone Gel 150cc Cartridge
PASS,100.0,0.8007,GR-0150,GF4500CVO-00-240-400CC,Grease,ModuleLED_Micro_8560,1.5,0.0244,0.8252,77.79,1.72,4.5,,Bergquist Company,"Thermal Interface Products Liquid Gap-Filling Material, 2-Part, 4.5W/m-K, 400ml Cartridge, TGF4500CVO"
PASS,100.0,0.7795,GR-0151,65-02-GEL20-0180,Grease,ModuleLED_Micro_8560,1.5,0.0457,0.8252,78.82,4.24,2.4,,Parker Chomerics,Thermal Gel Gap Filler 180cc Cartridge
PASS,100.0,0.7886,GR-0152,X-PUTTY-900,Grease,ModuleLED_Micro_8560,1.5,0.0365,0.8252,78.37,2.15,3.0,,"Shiu Li Technology Co., Ltd.",Thermal Silicone Putty 900 gram Container
PASS,100.0,0.7776,GR-0153,A16872-04,Grease,ModuleLED_Micro_8560,1.5,0.0476,0.8252,78.92,2.2,2.3,,Laird Technologies - Thermal Materials,Thermal Liquid Gap Filler 360cc Cartridge
PASS,100.0,0.804,GR-0154,65-02-GEL50VT-0180,Grease,ModuleLED_Micro_8560,1.5,0.0212,0.8252,77.63,4.57,5.2,,Parker Chomerics,Thermal Silicone Gel 180cc Syringe
PASS,100.0,0.8094,GR-0155,PK700DM-140,Grease,ModuleLED_Micro_8560,1.5,0.0157,0.8252,77.37,17.33,7.0,,"Shiu Li Technology Co., Ltd.","Thermal Liquid Gap Filler, 2 Part 50 ml, 400 ml Cartridges"
PASS,100.0,0.8131,GR-0156,A18578-08,Grease,ModuleLED_Micro_8560,1.5,0.012,0.8252,77.2,11.71,9.1,,Laird Technologies - Thermal Materials,Thermal Liquid Gap Filler 75cc Cartridge
PASS,100.0,0.8105,GR-0157,65-02-GEL75VT-0180,Grease,ModuleLED_Micro_8560,1.5,0.0146,0.8252,77.32,5.13,7.5,,Parker Chomerics,Thermal Silicone Gel 180cc Cartridge
PASS,100.0,0.7522,GR-0158,A17064-00,Grease,ModuleLED_Micro_8560,1.5,0.073,0.8252,80.14,2.41,1.5,,Laird Technologies - Thermal Materials,Thermal Phase Change Thermal Compound 1 kg Can
PASS,100.0,0.8048,GR-0159,A18835-03,Grease,ModuleLED_Micro_8560,1.5,0.0204,0.8252,77.59,2.43,5.4,,Laird Technologies - Thermal Materials,Thermal Liquid Gap Filler 400cc Cartridge
PASS,100.0,0.8095,GR-0160,PK700DM-140-KIT,Grease,ModuleLED_Micro_8560,1.5,0.0157,0.8252,77.37,20.13,7.0,,"Shiu Li Technology Co., Ltd.","Thermal Liquid Gap Filler, 2 Part 50 ml, 400 ml Cartridges"
PASS,100.0,0.7977,GR-0161,GCS-040-GNS-1KG,Grease,ModuleLED_Micro_8560,1.5,0.0275,0.8252,77.94,2.55,4.0,,European Thermodynamics Ltd,Thermal Non-Silicone Grease 1 kg Container
PASS,100.0,0.7946,GR-0162,GF3500S35-00-60-400CC,Grease,ModuleLED_Micro_8560,1.5,0.0305,0.8252,78.08,2.57,3.6,,Bergquist,"Thermal Liquid Gap Filler, 2 Part 400cc Cartridge"
PASS,100.0,0.7886,GR-0163,TG4040-D-1000,Grease,ModuleLED_Micro_8560,1.5,0.0366,0.8252,78.38,2.71,3.0,,t-Global Technology,Thermal Silicone Putty 1 kg Container
PASS,100.0,0.7938,GR-0164,S-PUTTY-950,Grease,ModuleLED_Micro_8560,1.5,0.0313,0.8252,78.13,2.97,3.5,,"Shiu Li Technology Co., Ltd.",Thermal Silicone Putty 950 gram Container
PASS,100.0,0.7939,GR-0165,H-PUTTY-950,Grease,ModuleLED_Micro_8560,1.5,0.0313,0.8252,78.13,3.13,3.5,,"Shiu Li Technology Co., Ltd.",Thermal Silicone Putty 950 gram Container
PASS,100.0,0.7885,GR-0166,TGF3000SF-00-1500-400CC,Grease,ModuleLED_Micro_8560,1.5,0.0366,0.8252,78.38,2.99,3.0,,Bergquist Company,"Thermal Interface Products Gap Filler, 2-Part, Sil-Free, Room Temp Cure, 3W/mK, 400ml Cartridge, TGF3000SF"
PASS,100.0,0.7885,GR-0167,2761872,Grease,ModuleLED_Micro_8560,1.5,0.0366,0.8252,78.38,2.99,3.0,,Bergquist,"Thermal Liquid Gap Filler, 2 Part 400cc Cartridge"
PASS,100.0,0.7964,GR-0168,A14259-01,Grease,ModuleLED_Micro_8560,1.5,0.0288,0.8252,78.01,3.01,3.8,,Laird Technologies,Thermal Interface Products Tgrease 2500 1kg 3.8W/mK Sil Free
PASS,100.0,0.7795,GR-0169,65-00-GEL20-0300,Grease,ModuleLED_Micro_8560,1.5,0.0457,0.8252,78.83,4.06,2.4,,Parker Chomerics,Thermal Gel Gap Filler 300cc Cartridge
PASS,100.0,0.8142,GR-0170,TLF10000L150CC,Grease,ModuleLED_Micro_8560,1.5,0.0109,0.8252,77.14,8.63,10.0,,Bergquist Company,"Thermal Interface Products Thermally Conductive Gel Interface Material, 10 W/m-K, 150ml Cartridge"
PASS,100.0,0.804,GR-0171,65-00-GEL50VT-0300,Grease,ModuleLED_Micro_8560,1.5,0.0211,0.8252,77.63,4.55,5.2,,Parker Chomerics,Thermal Silicone Gel 300cc Syringe
PASS,100.0,0.7978,GR-0172,TG-N4000-330CC,Grease,ModuleLED_Micro_8560,1.5,0.0274,0.8252,77.94,4.27,4.0,,t-Global Technology,Thermal Non-Silicone Putty 330cc Syringe
PASS,100.0,0.7977,GR-0173,TG-N4000-1000,Grease,ModuleLED_Micro_8560,1.5,0.0275,0.8252,77.94,3.52,4.0,,t-Global Technology,Thermal Non-Silicone Putty 1 kg Jar
PASS,100.0,0.8078,GR-0174,TG6060-D-1000,Grease,ModuleLED_Micro_8560,1.5,0.0174,0.8252,77.45,3.77,6.3,,t-Global Technology,Thermal Silicone Putty 1 kg Container
PASS,100.0,0.813,GR-0175,TG-N909-1000,Grease,ModuleLED_Micro_8560,1.5,0.0121,0.8252,77.2,3.79,9.0,,t-Global Technology,Thermal Non-Silicone Grease 1 kg Container
PASS,100.0,0.8095,GR-0176,TG-A7000-1000,Grease,ModuleLED_Micro_8560,1.5,0.0157,0.8252,77.37,3.9,7.0,,t-Global Technology,Thermal Silicone Putty 1 kg Container
PASS,100.0,0.8094,GR-0177,TG-A7000-330CC,Grease,ModuleLED_Micro_8560,1.5,0.0157,0.8252,77.37,4.73,7.0,,t-Global Technology,Thermal Silicone Putty 330cc Syringe
PASS,100.0,0.8069,GR-0178,S-PUTTY2-985,Grease,ModuleLED_Micro_8560,1.5,0.0183,0.8252,77.5,4.1,6.0,,"Shiu Li Technology Co., Ltd.",Thermal Silicone Putty 985 gram Container
PASS,100.0,0.7873,GR-0179,TGF 2900LVO-00-400CC,Grease,ModuleLED_Micro_8560,1.5,0.0379,0.8252,78.44,4.11,2.9,,Bergquist Company,"Thermal Interface Products Gap Filler, 2-Part, 2.9 W/m-K, Silicone, 400CC Cartridge, IDH 2859942"
PASS,100.0,0.8069,GR-0180,H-PUTTY2-1000,Grease,ModuleLED_Micro_8560,1.5,0.0182,0.8252,77.5,4.24,6.0,,"Shiu Li Technology Co., Ltd.",Thermal Silicone Putty 1 kg Container
PASS,100.0,0.8115,GR-0181,TG-N8000-330CC,Grease,ModuleLED_Micro_8560,1.5,0.0137,0.8252,77.27,5.37,8.0,,t-Global Technology,Thermal Non-Silicone Putty 330cc Syringe
PASS,100.0,0.8115,GR-0182,TG-N8000-1000,Grease,ModuleLED_Micro_8560,1.5,0.0137,0.8252,77.27,4.43,8.0,,t-Global Technology,Thermal Non-Silicone Putty 1 kg Jar
PASS,100.0,0.8131,GR-0183,A18578-02,Grease,ModuleLED_Micro_8560,1.5,0.012,0.8252,77.19,10.68,9.1,,Laird Technologies - Thermal Materials,Thermal Liquid Gap Filler 180cc Cartridge
PASS,100.0,0.7885,GR-0184,TGF3000SF-00-1500-1200CC,Grease,ModuleLED_Micro_8560,1.5,0.0367,0.8252,78.39,2.03,3.0,,Bergquist Company,"Thermal Interface Products Gap Filler, 2-Part, Sil-Free, Room Temp Cure, 3W/mK, 1200ml Cartridge, TGF3000SF"
PASS,100.0,0.734,GR-0185,A14855-01,Grease,ModuleLED_Micro_8560,1.5,0.0912,0.8252,81.03,0.91,1.2,,Laird Technologies,Thermal Interface Products Tgrease 1500 7kg can 1.2 W/mK
PASS,100.0,0.8008,GR-0186,GF4500CVO-00-240-1200CC,Grease,ModuleLED_Micro_8560,1.5,0.0244,0.8252,77.79,2.71,4.5,,Bergquist Company,"Thermal Interface Products Liquid Gap-Filling Material, 2-Part, 4.5W/m-K, 1200ml Cartridge, TGF4500CVO"
PASS,100.0,0.8068,GR-0187,TLF6000HG-00-00-0.7G,Grease,ModuleLED_Micro_8560,1.5,0.0183,0.8252,77.5,15691.74,6.0,,Bergquist Company,"Thermal Interface Products Conductive, 1-Part, Liquid Formable, 1 Gallon Pail, 6 W/m-K, Liqui-Form"
PASS,100.0,0.8069,GR-0188,2580287,Grease,ModuleLED_Micro_8560,1.5,0.0183,0.8252,77.49,26440.03,6.0,,Bergquist Company,"Thermal Interface Products Conductive, 1-Part, Liquid Formable, 1 Gallon, 6.0 W/m-K, Liqui-Form TLF 6000HG"
PASS,100.0,0.8007,GR-0189,2956733,Grease,ModuleLED_Micro_8560,1.5,0.0244,0.8252,77.79,12474.78,4.5,,Bergquist Company,"Thermal Interface Products Liquid Gap-Filling Material, 2-Part, 4.5W/m-K, 5 Gallon Hobbock/Pail, TGF4500CVO"
PASS,100.0,0.8008,GR-0190,GF4500CVO-00-240-6G,Grease,ModuleLED_Micro_8560,1.5,0.0243,0.8252,77.79,10395.65,4.5,,Bergquist Company,"Thermal Interface Products Liquid Gap-Filling Material, 2-Part, 4.5W/m-K, 6 Gallon Pail Kit, TGF4500CVO"
PASS,100.0,0.7938,GR-0191,LF3500-00-00-4.33G,Grease,ModuleLED_Micro_8560,1.5,0.0314,0.8252,78.13,16815.24,3.5,,Bergquist Company,"Thermal Interface Products 1-Part, Liquid Formable Material, 4.33 Gallon Pail, 3.5 W/m-K, Liqui-Form"
PASS,100.0,0.7033,OT-0001,9460TC-3ML,Other,ModuleLED_Micro_8560,1.5,0.1219,0.8252,81.24,32.15,0.8,,MG Chemicals,Thermal Epoxy Adhesive 3 ml Syringe
PASS,100.0,0.7556,OT-0002,8329TCS-6ML,Other,ModuleLED_Micro_8560,1.5,0.0696,0.8252,79.26,22.09,1.4,,MG Chemicals,"Thermal Epoxy, 2 Part 6 ml Syringe"
PASS,100.0,0.7168,OT-0003,8349TFM-25ML,Other,ModuleLED_Micro_8560,1.5,0.1083,0.8252,80.73,7.43,0.9,,MG Chemicals,"Thermal Epoxy, 2 Part 25 ml Syringe"
PASS,100.0,0.7439,OT-0004,8329TFS-25ML,Other,ModuleLED_Micro_8560,1.5,0.0813,0.8252,79.7,7.53,1.2,,MG Chemicals,"Thermal Epoxy, 2 Part 25 ml Syringe"
PASS,100.0,0.7168,OT-0005,8349TFM-50ML,Other,ModuleLED_Micro_8560,1.5,0.1084,0.8252,80.73,5.33,0.9,,MG Chemicals,"Thermal Epoxy, 2 Part 50 ml Cartridges"
PASS,100.0,0.744,OT-0006,8329TFS-50ML,Other,ModuleLED_Micro_8560,1.5,0.0812,0.8252,79.7,5.97,1.2,,MG Chemicals,"Thermal Epoxy, 2 Part 45 ml Cartridge"
PASS,100.0,0.7556,OT-0007,8329TCS-50ML,Other,ModuleLED_Micro_8560,1.5,0.0696,0.8252,79.26,5.59,1.4,,MG Chemicals,"Thermal Epoxy, 2 Part 50 ml Jar"
PASS,100.0,0.7168,OT-0008,8349TFM-45ML,Other,ModuleLED_Micro_8560,1.5,0.1084,0.8252,80.73,7.35,0.9,,MG Chemicals,"Thermal Epoxy, 2 Part 45 ml Jar"
PASS,100.0,0.7973,OT-0009,TGF35-07870787-020,Other,ModuleLED_Micro_8560,1.5,0.0279,0.8252,77.67,27.66,3.5,,LeaderTech,Thermal Interface Products 3.5W/m-K 200*200*0.5 TGF35 Green
PASS,100.0,0.7973,OT-0010,TGF35-07870787-039,Other,ModuleLED_Micro_8560,1.5,0.0279,0.8252,77.67,27.66,3.5,,LeaderTech,Thermal Interface Products 3.5W/m-K 200*200*1 TGF35 Green
PASS,100.0,0.771,OT-0011,2193454,Other,ModuleLED_Micro_8560,1.5,0.0542,0.8252,78.67,9.02,1.8,,Bergquist,"Thermal Epoxy, 2 Part 50cc Cartridge"
PASS,100.0,0.7861,OT-0012,EP770-1100,Other,ModuleLED_Micro_8560,1.5,0.039,0.8252,78.09,1.15,2.5,,"Shiu Li Technology Co., Ltd.","Thermal Epoxy, 2 Part 1 kg Can"
PASS,100.0,0.7555,OT-0013,8329TCM-200ML,Other,ModuleLED_Micro_8560,1.5,0.0696,0.8252,79.26,2.44,1.4,,MG Chemicals,"Thermal Epoxy, 2 Part 200 ml Jar"
PASS,100.0,0.7556,OT-0014,8329TCS-200ML,Other,ModuleLED_Micro_8560,1.5,0.0696,0.8252,79.26,2.44,1.4,,MG Chemicals,"Thermal Epoxy, 2 Part 200 ml Jar"
PASS,100.0,0.7711,OT-0015,2194122,Other,ModuleLED_Micro_8560,1.5,0.0541,0.8252,78.67,10.01,1.8,,Bergquist,"Thermal Epoxy, 2 Part 50cc Cartridge"
PASS,100.0,0.7524,OT-0016,1188099,Other,ModuleLED_Micro_8560,1.5,0.0727,0.8252,79.38,1.07,1.34,,LOCTITE,"Thermal Epoxy, 2 Part (Order Catalyst Separately) 3 lb Container"
PASS,100.0,0.8089,OT-0017,TGF60-07870787-039,Other,ModuleLED_Micro_8560,1.5,0.0162,0.8252,77.23,35.08,6.0,,LeaderTech,Thermal Interface Products 6W/m-K 200*200*1 TGF60 Gray
PASS,100.0,0.7901,OT-0018,1188134,Other,ModuleLED_Micro_8560,1.5,0.035,0.8252,77.94,1.57,2.78,,LOCTITE,"Thermal Epoxy, 2 Part (Order Catalyst Separately) 3 lb Container"
PASS,100.0,0.8089,OT-0019,TGF60-07870787-020,Other,ModuleLED_Micro_8560,1.5,0.0163,0.8252,77.23,48.58,6.0,,LeaderTech,Thermal Interface Products 6W/m-K 200*200*0.5 TGF60 Gray
PASS,100.0,0.7901,OT-0020,1188135,Other,ModuleLED_Micro_8560,1.5,0.0351,0.8252,77.94,0.47,2.78,,LOCTITE,"Thermal Epoxy, 2 Part (Order Catalyst Separately) 20 lb Container"
PASS,100.0,0.7927,OT-0021,TGF3000SF-00-1500-7GAL,Other,ModuleLED_Micro_8560,1.5,0.0325,0.8252,77.84,12622.86,3.0,,Bergquist Company,"Thermal Interface Products Gap Filler, 2-Part, Sil-Free, Room Temp Cure, 3W/mK, 7 Gallon Pail, TGF3000SF"
PASS,100.0,0.7471,TP-0001,TG-A1250-5-5-1.0,Thermal Pad,ModuleLED_Micro_8560,1.5,0.078,0.8252,79.78,133.8,12.5,1.0,t-Global Technology,Thermal Pad Green 5.00mm x 5.00mm Square
FAIL,20.87,-0.0642,TP-0002,TG-A2200-5-5-2.0,Thermal Pad,ModuleLED_Micro_8560,1.5,0.8894,0.8252,112.93,133.8,2.2,2.01,t-Global Technology,Thermal Pad Gray 5.00mm x 5.00mm Square Tacky - One Side
PASS,100.0,0.6681,TP-0003,TG-A6200-7.2-6.3-1.0,Thermal Pad,ModuleLED_Micro_8560,1.5,0.157,0.8252,83.01,73.74,6.2,1.0,t-Global Technology,Thermal Pad Blue 7.20mm x 6.30mm Rectangular Tacky - Both Sides
PASS,100.0,0.3825,TP-0004,TG-A2200-10-10-1.0,Thermal Pad,ModuleLED_Micro_8560,1.5,0.4426,0.8252,94.63,33.45,2.2,1.0,t-Global Technology,Thermal Pad Gray 10.00mm x 10.00mm Square Tacky - One Side
PASS,100.0,0.7168,TP-0005,TG-A4500-10-10-0.5,Thermal Pad,ModuleLED_Micro_8560,1.5,0.1084,0.8252,81.02,33.45,4.5,0.5,t-Global Technology,Thermal Pad Purple 10.00mm x 10.00mm Square Tacky - Both Sides
PASS,100.0,0.6681,TP-0006,TG-A6200-5-5-1.0,Thermal Pad,ModuleLED_Micro_8560,1.5,0.1571,0.8252,83.02,133.8,6.2,1.0,t-Global Technology,Thermal Pad Blue 5.00mm x 5.00mm Square Tacky - Both Sides
PASS,100.0,0.161,TP-0007,TG-A2200-10-10-1.5,Thermal Pad,ModuleLED_Micro_8560,1.5,0.6642,0.8252,103.69,36.85,2.2,1.5,t-Global Technology,Thermal Pad Gray 10.00mm x 10.00mm Square Tacky - One Side
PASS,100.0,0.7464,TP-0008,TG-A6200-10-10-0.5,Thermal Pad,ModuleLED_Micro_8560,1.5,0.0787,0.8252,79.81,40.14,6.2,0.5,t-Global Technology,Thermal Pad Blue 10.00mm x 10.00mm Square Tacky - Both Sides
FAIL,19.27,-0.0664,TP-0009,TG-A2200-10-10-2.0,Thermal Pad,ModuleLED_Micro_8560,1.5,0.8916,0.8252,112.89,43.54,2.2,2.01,t-Global Technology,Thermal Pad Gray 10.00mm x 10.00mm Square Tacky - One Side
PASS,100.0,0.7787,TP-0010,TG-ALC-15-15-0.2-0,Thermal Pad,ModuleLED_Micro_8560,1.5,0.0464,0.8252,78.5,19.35,4.2,0.2,t-Global Technology,Thermal Pad Green 15.00mm x 15.00mm Square Tacky - Both Sides
PASS,100.0,0.2648,TP-0011,TG-A3500-10-10-2.0,Thermal Pad,ModuleLED_Micro_8560,1.5,0.5603,0.8252,99.42,43.54,3.5,2.01,t-Global Technology,Thermal Pad Yellow 10.00mm x 10.00mm Square Tacky - Both Sides
PASS,100.0,0.6626,TP-0012,SPK4-0.006-00-58,Thermal Pad,ModuleLED_Micro_8560,1.5,0.1625,0.8252,83.22,19.36,0.9,0.15,Bergquist,Thermal Pad Gray 19.05mm x 12.70mm Rectangular
PASS,100.0,0.8148,TP-0013,T62-1-15-15-0.16,Thermal Pad,ModuleLED_Micro_8560,1.5,0.0104,0.8252,77.03,20.81,15.0,0.16,t-Global Technology,Thermal Pad Black 15.00mm x 15.00mm Square Adhesive - One Side
PASS,100.0,0.6511,TP-0014,DC0011/08-TG-A373F-0.25-2A,Thermal Pad,ModuleLED_Micro_8560,1.5,0.1741,0.8252,83.68,20.76,1.4,0.25,t-Global Technology,Thermal Pad Yellow 19.05mm x 12.70mm Rectangular Adhesive - Both Sides
PASS,100.0,0.7617,TP-0015,Q3-0.005-00-104,Thermal Pad,ModuleLED_Micro_8560,1.5,0.0634,0.8252,79.19,11.06,2.0,0.13,Bergquist,Thermal Pad Black 25.40mm x 19.05mm Rectangular
PASS,100.0,0.5093,TP-0016,TG-A6200-10-5-2.0,Thermal Pad,ModuleLED_Micro_8560,1.5,0.3159,0.8252,89.46,107.04,6.2,2.01,t-Global Technology,Thermal Pad Blue 10.00mm x 5.00mm Rectangular Tacky - Both Sides
PASS,100.0,0.7617,TP-0017,Q3-0.005-00-51,Thermal Pad,ModuleLED_Micro_8560,1.5,0.0634,0.8252,79.19,22.86,2.0,0.13,Bergquist,Thermal Pad Black 17.45mm x 14.27mm Rectangular
FAIL,45.69,-0.0108,TP-0018,TG-A3500-10-10-3.0,Thermal Pad,ModuleLED_Micro_8560,1.5,0.8359,0.8252,110.61,60.21,3.5,3.0,t-Global Technology,Thermal Pad Yellow 10.00mm x 10.00mm Square Tacky - Both Sides
PASS,100.0,0.668,TP-0019,TG-A6200-10-10-1.0,Thermal Pad,ModuleLED_Micro_8560,1.5,0.1572,0.8252,83.01,60.21,6.2,1.0,t-Global Technology,Thermal Pad Blue 10.00mm x 10.00mm Square Tacky - Both Sides
PASS,100.0,0.6009,TP-0020,SP600-90,Thermal Pad,ModuleLED_Micro_8560,1.5,0.2243,0.8252,85.74,16.29,1.0,0.23,Bergquist,Thermal Pad Green 21.84mm x 18.80mm Rectangular
PASS,100.0,0.7862,TP-0021,TG-A1250-10-10-0.5,Thermal Pad,ModuleLED_Micro_8560,1.5,0.039,0.8252,78.2,66.9,12.5,0.5,t-Global Technology,Thermal Pad Green 10.00mm x 10.00mm Square
PASS,100.0,0.3823,TP-0022,TG-A2200-15-15-1.0,Thermal Pad,ModuleLED_Micro_8560,1.5,0.4428,0.8252,94.71,29.73,2.2,1.0,t-Global Technology,Thermal Pad Gray 15.00mm x 15.00mm Square Tacky - One Side
PASS,100.0,0.3897,TP-0023,TG-A4500-10-10-2.0,Thermal Pad,ModuleLED_Micro_8560,1.5,0.4354,0.8252,94.39,66.9,4.5,2.01,t-Global Technology,Thermal Pad Purple 10.00mm x 10.00mm Square Tacky - Both Sides
PASS,100.0,0.5758,TP-0024,SP400-0.009-00-58,Thermal Pad,ModuleLED_Micro_8560,1.5,0.2493,0.8252,86.77,29.06,0.9,0.23,Bergquist,Thermal Pad Gray 19.05mm x 12.70mm Rectangular
PASS,100.0,0.576,TP-0025,SP400-0.009-00-54,Thermal Pad,ModuleLED_Micro_8560,1.5,0.2492,0.8252,86.76,29.06,0.9,0.23,Bergquist,Thermal Pad Gray 19.05mm x 12.70mm Rectangular
PASS,100.0,0.6302,TP-0026,SP400-0.007-00-54,Thermal Pad,ModuleLED_Micro_8560,1.5,0.1949,0.8252,84.56,30.42,0.9,0.18,Bergquist,Thermal Pad Gray 19.05mm x 12.70mm Rectangular
PASS,100.0,0.6679,TP-0027,TG-A6200-11-11-1.0,Thermal Pad,ModuleLED_Micro_8560,1.5,0.1572,0.8252,83.01,60.82,6.2,1.0,t-Global Technology,Thermal Pad Blue 11.00mm x 11.00mm Square Tacky - Both Sides
FAIL,0.0,-0.2862,TP-0028,TG-A3500-10-10-4.0,Thermal Pad,ModuleLED_Micro_8560,1.5,1.1114,0.8252,121.86,73.59,3.5,3.99,t-Global Technology,Thermal Pad Yellow 10.00mm x 10.00mm Square Tacky - Both Sides
PASS,100.0,0.5813,TP-0029,LI98-28-28-0.25,Thermal Pad,ModuleLED_Micro_8560,1.5,0.2439,0.8252,86.55,9.39,1.0,0.25,t-Global Technology,Thermal Pad White 28.00mm x 28.00mm Square Adhesive - Both Sides
PASS,100.0,0.5812,TP-0030,TG-T1000-10-10-0.25-5PT,Thermal Pad,ModuleLED_Micro_8560,1.5,0.244,0.8252,86.53,73.59,1.0,0.25,t-Global Technology,Thermal Pad White 10.00mm x 10.00mm Square Adhesive - Both Sides
PASS,100.0,0.6302,TP-0031,SP400-0.007-AC-54,Thermal Pad,ModuleLED_Micro_8560,1.5,0.1949,0.8252,84.54,31.82,0.9,0.18,Bergquist,Thermal Pad Gray 19.05mm x 12.70mm Rectangular Adhesive - One Side
PASS,100.0,0.717,TP-0032,TG-A9000-10-10-1.0,Thermal Pad,ModuleLED_Micro_8560,1.5,0.1081,0.8252,81.02,76.99,9.0,1.0,t-Global Technology,Thermal Pad Pink 10.00mm x 10.00mm Square
PASS,100.0,0.63,TP-0033,SP400-0.007-00-104,Thermal Pad,ModuleLED_Micro_8560,1.5,0.1952,0.8252,84.55,17.29,0.9,0.18,Bergquist,Thermal Pad Gray 25.40mm x 19.05mm Rectangular
PASS,100.0,0.8188,TP-0034,T62-30-30-0.13,Thermal Pad,ModuleLED_Micro_8560,1.5,0.0063,0.8252,76.87,9.3,20.0,0.13,t-Global Technology,Thermal Pad Black 30.00mm x 30.00mm Square
PASS,100.0,0.7466,TP-0035,TG-A6200-15-15-0.5,Thermal Pad,ModuleLED_Micro_8560,1.5,0.0786,0.8252,79.81,37.19,6.2,0.5,t-Global Technology,Thermal Pad Blue 15.00mm x 15.00mm Square Tacky - Both Sides
FAIL,0.0,-0.5687,TP-0036,TG-A3500-10-10-5.0,Thermal Pad,ModuleLED_Micro_8560,1.5,1.3939,0.8252,133.35,86.97,3.5,5.0,t-Global Technology,Thermal Pad Yellow 10.00mm x 10.00mm Square Tacky - Both Sides
PASS,100.0,0.5763,TP-0037,SP400-0.009-00-90,Thermal Pad,ModuleLED_Micro_8560,1.5,0.2489,0.8252,86.77,22.01,0.9,0.23,Bergquist,Thermal Pad Gray 21.84mm x 18.80mm Rectangular
PASS,100.0,0.5894,TP-0038,TG-A6200-10-10-1.5,Thermal Pad,ModuleLED_Micro_8560,1.5,0.2357,0.8252,86.21,90.37,6.2,1.5,t-Global Technology,Thermal Pad Blue 10.00mm x 10.00mm Square Tacky - Both Sides
PASS,100.0,0.685,TP-0039,SP900S-0.009-AC-54,Thermal Pad,ModuleLED_Micro_8560,1.5,0.1401,0.8252,82.31,40.12,1.6,0.23,Bergquist,Thermal Pad Pink 19.05mm x 12.70mm Rectangular Adhesive - One Side
PASS,100.0,0.685,TP-0040,SP900S-0.009-00-54,Thermal Pad,ModuleLED_Micro_8560,1.5,0.1401,0.8252,82.32,40.12,1.6,0.23,Bergquist,Thermal Pad Pink 19.05mm x 12.70mm Rectangular
PASS,100.0,0.5762,TP-0041,SP400-0.009-00-51,Thermal Pad,ModuleLED_Micro_8560,1.5,0.2489,0.8252,86.76,40.3,0.9,0.23,Bergquist,Thermal Pad Gray 17.45mm x 14.27mm Rectangular
PASS,100.0,0.7472,TP-0042,TG-A1250-10-10-1.0,Thermal Pad,ModuleLED_Micro_8560,1.5,0.0779,0.8252,79.79,107.04,12.5,1.0,t-Global Technology,Thermal Pad Green 10.00mm x 10.00mm Square
PASS,100.0,0.6547,TP-0043,HF115AC-0.0055-AC-54,Thermal Pad,ModuleLED_Micro_8560,1.5,0.1704,0.8252,83.56,45.65,0.8,0.14,Bergquist,Thermal Pad Gray 19.05mm x 12.70mm Rectangular Adhesive - One Side
PASS,100.0,0.6383,TP-0044,1009-54,Thermal Pad,ModuleLED_Micro_8560,1.5,0.1869,0.8252,84.22,45.65,1.2,0.23,Bergquist,Thermal Pad Pink 19.05mm x 12.70mm Rectangular
PASS,100.0,0.7127,TP-0045,SPK10-0.006-00-54,Thermal Pad,ModuleLED_Micro_8560,1.5,0.1125,0.8252,81.18,48.41,1.3,0.15,Bergquist,Thermal Pad Beige 19.05mm x 12.70mm Rectangular
PASS,100.0,0.6851,TP-0046,SP900S-0.009-00-90,Thermal Pad,ModuleLED_Micro_8560,1.5,0.1401,0.8252,82.32,28.53,1.6,0.23,Bergquist,Thermal Pad Pink 21.84mm x 18.80mm Rectangular
PASS,100.0,0.6849,TP-0047,SP900S-0.009-00-104,Thermal Pad,ModuleLED_Micro_8560,1.5,0.1402,0.8252,82.32,24.89,1.6,0.23,Bergquist,Thermal Pad Pink 25.40mm x 19.05mm Rectangular
PASS,100.0,0.6851,TP-0048,SP900S-0.009-AC-58,Thermal Pad,ModuleLED_Micro_8560,1.5,0.1401,0.8252,82.32,52.54,1.6,0.23,Bergquist,Thermal Pad Pink 19.05mm x 12.70mm Rectangular Adhesive - One Side
PASS,100.0,0.5004,TP-0049,2188938,Thermal Pad,ModuleLED_Micro_8560,1.5,0.3247,0.8252,89.86,52.28,0.9,0.3,Bergquist,"Thermal Pad Gray, Green 25.02mm x 11.00mm Round"
PASS,100.0,0.7861,TP-0050,TG-A1250-15-15-0.5,Thermal Pad,ModuleLED_Micro_8560,1.5,0.039,0.8252,78.2,65.41,12.5,0.5,t-Global Technology,Thermal Pad Green 15.00mm x 15.00mm Square
PASS,100.0,0.5942,TP-0051,CP23-TO220-21.5-11.4-5.8-0.45,Thermal Pad,ModuleLED_Micro_8560,1.5,0.231,0.8252,86.01,65.51,1.9,0.45,t-Global Technology,Thermal Pad Gray 21.50mm x 11.40mm x 5.80mm Rectangular
PASS,100.0,0.8146,TP-0052,THJP0603AST1,Thermal Pad,ModuleLED_Micro_8560,1.5,0.0106,0.8252,77.04,13873.09,70.0,0.76,Vishay Dale Thin Film,Thermal Pad 1.55mm x 0.84mm Rectangular
PASS,100.0,0.6627,TP-0053,53-77-9G,Thermal Pad,ModuleLED_Micro_8560,1.5,0.1625,0.8252,83.22,79.73,0.9,0.15,"Boyd Laconia, LLC","Thermal Pad Gray, Green 18.42mm x 13.21mm Rectangular"
PASS,100.0,0.5946,TP-0054,CP33-TO247-28.5-17.5-5.8-0.45,Thermal Pad,ModuleLED_Micro_8560,1.5,0.2306,0.8252,86.0,42.92,1.9,0.45,t-Global Technology,Thermal Pad Gray 28.50mm x 17.50mm x 5.80mm Rectangular
PASS,100.0,0.7125,TP-0055,SPK10-0.006-00-58,Thermal Pad,ModuleLED_Micro_8560,1.5,0.1126,0.8252,81.18,92.65,1.3,0.15,Bergquist,Thermal Pad Beige 19.05mm x 12.70mm Rectangular
PASS,100.0,0.7618,TP-0056,Q3-0.005-00-54,Thermal Pad,ModuleLED_Micro_8560,1.5,0.0634,0.8252,79.19,94.02,2.0,0.13,Bergquist,Thermal Pad Black 19.05mm x 12.70mm Rectangular
PASS,100.0,0.5,TP-0057,SPT400-12-13.5-25,Thermal Pad,ModuleLED_Micro_8560,1.5,0.3252,0.8252,89.83,69.32,0.9,0.3,Bergquist,"Thermal Pad Gray, Green 25.02mm x 13.50mm Round"
PASS,100.0,0.7472,TP-0058,TG-A1250-15-15-1.0,Thermal Pad,ModuleLED_Micro_8560,1.5,0.0779,0.8252,79.79,104.07,12.5,1.0,t-Global Technology,Thermal Pad Green 15.00mm x 15.00mm Square
PASS,100.0,0.5814,TP-0059,60-11-8302-1674,Thermal Pad,ModuleLED_Micro_8560,1.5,0.2438,0.8252,86.54,103.74,1.0,0.25,Parker Chomerics,Thermal Pad Blue 18.03mm x 12.70mm Rectangular
PASS,100.0,0.7126,TP-0060,SPK10-0.006-00-90,Thermal Pad,ModuleLED_Micro_8560,1.5,0.1126,0.8252,81.2,58.66,1.3,0.15,Bergquist,Thermal Pad Beige 21.84mm x 18.80mm Rectangular
PASS,100.0,0.5325,TP-0061,175-6-220P,Thermal Pad,ModuleLED_Micro_8560,1.5,0.2926,0.8252,88.52,106.84,0.5,0.15,Wakefield Thermal Solutions,Thermal Pad Gray 18.00mm x 12.70mm Rectangular
PASS,100.0,0.7128,TP-0062,SPK10-0.006-00-104,Thermal Pad,ModuleLED_Micro_8560,1.5,0.1123,0.8252,81.19,51.86,1.3,0.15,Bergquist,Thermal Pad Beige 25.40mm x 19.05mm Rectangular
PASS,100.0,0.6627,TP-0063,53-77-4G,Thermal Pad,ModuleLED_Micro_8560,1.5,0.1625,0.8252,83.24,107.84,0.9,0.15,"Boyd Laconia, LLC","Thermal Pad Gray, Green 19.05mm x 12.70mm Rectangular"
PASS,100.0,0.8223,TP-0064,THJP0612AST1,Thermal Pad,ModuleLED_Micro_8560,1.5,0.0029,0.8252,76.73,7889.05,259.0,0.76,Vishay Dale Thin Film,Thermal Pad 1.06mm x 3.20mm Rectangular
PASS,100.0,0.6547,TP-0065,HF115AC-0.0055-AC-90,Thermal Pad,ModuleLED_Micro_8560,1.5,0.1705,0.8252,83.54,66.04,0.8,0.14,Bergquist,Thermal Pad Gray 21.84mm x 18.79mm Rectangular Adhesive - One Side
PASS,100.0,0.6626,TP-0066,53-77-4ACG,Thermal Pad,ModuleLED_Micro_8560,1.5,0.1625,0.8252,83.22,116.14,0.9,0.15,"Boyd Laconia, LLC","Thermal Pad Gray, Green 19.05mm x 12.70mm Rectangular Adhesive - One Side"
PASS,100.0,0.679,TP-0067,173-7-240A,Thermal Pad,ModuleLED_Micro_8560,1.5,0.1462,0.8252,82.56,125.51,1.2,0.18,Wakefield Thermal Solutions,Thermal Pad Gray 19.10mm x 12.70mm Rectangular Adhesive - One Side
FAIL,1.46,-0.1533,TP-0068,TG-APC93-20-20-2.0-0,Thermal Pad,ModuleLED_Micro_8560,1.5,0.9785,0.8252,116.49,81.13,2.0,2.01,t-Global Technology,Thermal Pad Gray 20.00mm x 20.00mm Square
FAIL,45.59,-0.0106,TP-0069,TG-A3500-25-25-3.0,Thermal Pad,ModuleLED_Micro_8560,1.5,0.8357,0.8252,110.57,55.13,3.5,3.0,t-Global Technology,Thermal Pad Yellow 25.00mm x 25.00mm Square Tacky - Both Sides
PASS,100.0,0.6627,TP-0070,53-77-9ACG,Thermal Pad,ModuleLED_Micro_8560,1.5,0.1624,0.8252,83.23,142.97,0.9,0.15,"Boyd Laconia, LLC","Thermal Pad Gray, Green 18.42mm x 13.21mm Rectangular Adhesive - One Side"
PASS,100.0,0.5091,TP-0071,TG-A6200-20-20-2.0,Thermal Pad,ModuleLED_Micro_8560,1.5,0.316,0.8252,89.47,101.2,6.2,2.01,t-Global Technology,Thermal Pad Blue 20.00mm x 20.00mm Square Tacky - Both Sides
PASS,100.0,0.601,TP-0072,SP600-104,Thermal Pad,ModuleLED_Micro_8560,1.5,0.2241,0.8252,85.73,89.87,1.0,0.23,Bergquist,Thermal Pad Green 25.40mm x 19.05mm Rectangular
PASS,100.0,0.6684,TP-0073,TG-A1250-15-15-2.0,Thermal Pad,ModuleLED_Micro_8560,1.5,0.1567,0.8252,83.0,197.75,12.5,2.01,t-Global Technology,Thermal Pad Green 15.00mm x 15.00mm Square
PASS,100.0,0.7194,TP-0074,SP2000-0.015-00-104,Thermal Pad,ModuleLED_Micro_8560,1.5,0.1058,0.8252,80.93,100.93,3.5,0.38,Bergquist,Thermal Pad White 25.40mm x 19.05mm Rectangular
FAIL,0.0,-3.1376,TP-0075,TG-AH486-21-15-13.0-1A,Thermal Pad,ModuleLED_Micro_8560,1.5,3.9628,0.8252,237.44,161.6,3.2,13.0,t-Global Technology,Thermal Pad Gray 21.00mm x 15.00mm Rectangular Adhesive - One Side
PASS,100.0,0.824,TP-0076,QB0603B25WYT,Thermal Pad,ModuleLED_Micro_8560,1.5,0.0012,0.8252,76.66,45749.91,50.0,0.06,KYOCERA AVX,Thermal Pad 1.52mm x 0.76mm Rectangular
PASS,100.0,0.7862,TP-0077,TG-A1250-30-30-0.5,Thermal Pad,ModuleLED_Micro_8560,1.5,0.039,0.8252,78.2,60.21,12.5,0.5,t-Global Technology,Thermal Pad Green 30.00mm x 30.00mm Square
PASS,100.0,0.8223,TP-0078,THJP1225AST1,Thermal Pad,ModuleLED_Micro_8560,1.5,0.0029,0.8252,76.73,2989.15,259.0,0.76,Vishay Dale Thin Film,Thermal Pad 3.20mm x 6.40mm Rectangular
FAIL,0.0,-1.3121,TP-0079,TG-AH486-35-10-7.0-0,Thermal Pad,ModuleLED_Micro_8560,1.5,2.1373,0.8252,163.6,184.47,3.2,7.01,t-Global Technology,Thermal Pad Gray 35.00mm x 10.00mm Rectangular
PASS,100.0,0.7618,TP-0080,HSP-2,Thermal Pad,ModuleLED_Micro_8560,1.5,0.0634,0.8252,79.19,26.73,2.0,0.13,Sensata-Crydom,Thermal Pad Black 57.15mm x 44.45mm Rectangular Adhesive - One Side
PASS,100.0,0.4377,TP-0081,TG-A486G-20-20-2.5-0,Thermal Pad,ModuleLED_Micro_8560,1.5,0.3875,0.8252,92.4,169.77,6.3,2.5,t-Global Technology,Thermal Pad Gray 20.00mm x 20.00mm Square Tacky - Both Sides
PASS,100.0,0.813,TP-0082,407150015050,Thermal Pad,ModuleLED_Micro_8560,1.5,0.0122,0.8252,77.1,325.6,400.0,5.0,Würth Elektronik,Thermal Pad Black 15.00mm x 15.00mm Square Adhesive - Both Sides
PASS,100.0,0.8178,TP-0083,407150015030,Thermal Pad,ModuleLED_Micro_8560,1.5,0.0073,0.8252,76.91,325.6,400.0,3.0,Würth Elektronik,Thermal Pad Black 15.00mm x 15.00mm Square Adhesive - Both Sides
FAIL,0.0,-0.9993,TP-0084,TG-AH486-45-25-6.0-0,Thermal Pad,ModuleLED_Micro_8560,1.5,1.8244,0.8252,150.92,72.85,3.2,5.99,t-Global Technology,Thermal Pad Gray 45.00mm x 25.00mm Rectangular
PASS,100.0,0.7764,TP-0085,407150015200,Thermal Pad,ModuleLED_Micro_8560,1.5,0.0488,0.8252,78.59,367.22,400.0,19.99,Würth Elektronik,Thermal Pad Black 15.00mm x 15.00mm Square Adhesive - Both Sides
PASS,100.0,0.8152,TP-0086,QB0805A40WYT,Thermal Pad,ModuleLED_Micro_8560,1.5,0.0099,0.8252,77.01,32308.5,100.0,1.02,KYOCERA AVX,Thermal Pad 2.03mm x 1.27mm Rectangular
PASS,100.0,0.8152,TP-0087,QB0805B40WYT,Thermal Pad,ModuleLED_Micro_8560,1.5,0.0099,0.8252,77.01,32308.5,100.0,1.02,KYOCERA AVX,Thermal Pad 2.03mm x 1.27mm Rectangular
FAIL,0.0,-1.9138,TP-0088,TG-AH486-25-25-9.0-0,Thermal Pad,ModuleLED_Micro_8560,1.5,2.7389,0.8252,188.12,135.41,3.2,8.99,t-Global Technology,Thermal Pad Gray 25.00mm x 25.00mm Square
PASS,100.0,0.8215,TP-0089,407150045015,Thermal Pad,ModuleLED_Micro_8560,1.5,0.0037,0.8252,76.76,127.36,400.0,1.5,Würth Elektronik,Thermal Pad Black 45.00mm x 15.00mm Rectangular Adhesive - Both Sides
PASS,100.0,0.744,TP-0090,EAPUS SARCON GR-HM 10.8X10.8X0.5MM,Thermal Pad,ModuleLED_Micro_8560,1.5,0.0811,0.8252,79.92,816.21,6.0,0.5,ADLINK Technology,"Thermal Interface Products Pad,Type=GR-Hm,Size=10.8x10.8x0.5mm,K=6W/mK,Color=Reddish Gray"
FAIL,0.0,-0.7997,TP-0091,EAPUS SARCON XR-Hl 16.5X7.5X2.0MM,Thermal Pad,ModuleLED_Micro_8560,1.5,1.6249,0.8252,142.68,769.31,1.2,2.0,ADLINK Technology,"Thermal Interface Products Pad,Type=XR-HL,Size=16.5x7.5x2.0mm,K=1.2W/mK,Color=Black"
FAIL,0.0,-1.2052,TP-0092,EAPUS SARCON XR-Hl 20X10X2.5MM,Thermal Pad,ModuleLED_Micro_8560,1.5,2.0304,0.8252,159.4,476.01,1.2,2.5,ADLINK Technology,"Thermal Interface Products Pad,Type=XR-HL,Size=20x10x2.5mm,K=1.2W/mK,Color=Black"
FAIL,0.0,-1.2086,TP-0093,EAPUS SARCON XR-Hl 35X11X2.5MM,Thermal Pad,ModuleLED_Micro_8560,1.5,2.0338,0.8252,159.56,247.28,1.2,2.5,ADLINK Technology,"Thermal Interface Products Pad,Type=XR-HL,Size=35x11x2.5mm,K=1.2W/mK,Color=Black"
FAIL,0.0,-1.6104,TP-0094,EAPUS SARCON XR-Hl 12X14X3.0MM,Thermal Pad,ModuleLED_Micro_8560,1.5,2.4355,0.8252,175.83,566.68,1.2,3.0,ADLINK Technology,"Thermal Interface Products Pad,Type=XR-HL,Size=12x14x3.0mm,K=1.2W/mK,Color=Black"
PASS,100.0,0.6824,TP-0095,60-11-5791-1671,Thermal Pad,ModuleLED_Micro_8560,1.5,0.1427,0.8252,82.43,385.28,2.6,0.38,Parker Chomerics,Thermal Pad White 17.45mm x 14.28mm Rectangular
PASS,100.0,0.6625,TP-0096,PL-05-3-254,Thermal Pad,ModuleLED_Micro_8560,1.5,0.1627,0.8252,83.24,150.36,3.0,0.5,Wakefield Thermal,"Thermal Interface Products ulTIMiFlux Gap Pad, Silicone, 0.5mm Thickness, 3 W/m-K, 25.4x25.4mm, Green"
PASS,100.0,0.6826,TP-0097,60-11-8302-1671,Thermal Pad,ModuleLED_Micro_8560,1.5,0.1425,0.8252,82.42,425.12,2.6,0.38,Parker Chomerics,Thermal Pad White 18.03mm x 12.70mm Rectangular
PASS,100.0,0.7862,TP-0098,TG-A1250-40-40-0.5,Thermal Pad,ModuleLED_Micro_8560,1.5,0.039,0.8252,78.2,61.68,12.5,0.5,t-Global Technology,Thermal Pad Green 40.00mm x 40.00mm Square
PASS,100.0,0.7278,TP-0099,PL-05-5-254,Thermal Pad,ModuleLED_Micro_8560,1.5,0.0974,0.8252,80.58,156.58,5.0,0.5,Wakefield Thermal,"Thermal Interface Products ulTIMiFlux Gap Pad, Silicone, 0.5mm Thickness, 5 W/m-K, 25.4x25.4mm, Gold"
PASS,100.0,0.6625,TP-0100,PL-05-3-254-H,Thermal Pad,ModuleLED_Micro_8560,1.5,0.1627,0.8252,83.23,157.1,3.0,0.5,Wakefield Thermal,"Thermal Interface Products ulTIMiFlux Gap Pad, Silicone, 0.5mm Thickness, 3 W/m-K, 25.4x25.4mm, Hyper Soft"
PASS,100.0,0.7275,TP-0101,PL-05-5-254-H,Thermal Pad,ModuleLED_Micro_8560,1.5,0.0977,0.8252,80.58,162.8,5.0,0.5,Wakefield Thermal,"Thermal Interface Products ulTIMiFlux Gap Pad, Silicone, 0.5mm Thickness, 5 W/m-K, 25.4x25.4mm, Hyper Soft"
FAIL,0.0,-1.1233,TP-0102,PL-2-1-254,Thermal Pad,ModuleLED_Micro_8560,1.5,1.9485,0.8252,155.87,163.84,1.0,2.0,Wakefield Thermal,"Thermal Interface Products ulTIMiFlux Gap Pad, Silicone, 2mm Thickness, 1 W/m-K, 25.4x25.4mm, Grey"
PASS,100.0,0.1749,TP-0103,PL-2-3-254,Thermal Pad,ModuleLED_Micro_8560,1.5,0.6503,0.8252,103.13,175.24,3.0,2.0,Wakefield Thermal,"Thermal Interface Products ulTIMiFlux Gap Pad, Silicone, 2mm Thickness, 3 W/m-K, 25.4x25.4mm, Green"
PASS,100.0,0.174,TP-0104,PL-2-3-254-H,Thermal Pad,ModuleLED_Micro_8560,1.5,0.6512,0.8252,103.11,181.99,3.0,2.0,Wakefield Thermal,"Thermal Interface Products ulTIMiFlux Gap Pad, Silicone, 2mm Thickness, 3 W/m-K, 25.4x25.4mm, Hyper Soft"
PASS,100.0,0.63,TP-0105,PL-1-5-254,Thermal Pad,ModuleLED_Micro_8560,1.5,0.1952,0.8252,84.56,185.1,5.0,1.0,Wakefield Thermal,"Thermal Interface Products ulTIMiFlux Gap Pad, Silicone, 1mm Thickness, 5 W/m-K, 25.4x25.4mm, Gold"
PASS,100.0,0.7194,TP-0106,SP2000-0.015-00-58,Thermal Pad,ModuleLED_Micro_8560,1.5,0.1058,0.8252,80.92,529.55,3.5,0.38,Bergquist,Thermal Pad White 19.05mm x 12.70mm Rectangular
FAIL,0.0,-0.5673,TP-0107,TG-A3500-40-40-5.0,Thermal Pad,ModuleLED_Micro_8560,1.5,1.3924,0.8252,133.4,80.49,3.5,5.0,t-Global Technology,Thermal Pad Yellow 40.00mm x 40.00mm Square Tacky - Both Sides
PASS,100.0,0.5208,TP-0108,TG-AH486-100-100-1.0-0,Thermal Pad,ModuleLED_Micro_8560,1.5,0.3044,0.8252,89.02,15.86,3.2,1.0,t-Global Technology,Thermal Pad Gray 100.00mm x 100.00mm Square
PASS,100.0,0.4353,TP-0109,PL-2-5-254-H,Thermal Pad,ModuleLED_Micro_8560,1.5,0.3899,0.8252,92.51,253.54,5.0,2.0,Wakefield Thermal,"Thermal Interface Products ulTIMiFlux Gap Pad, Silicone, 2mm Thickness, 5 W/m-K, 25.4x25.4mm, Hyper Soft"
PASS,100.0,0.6685,TP-0110,TG-A1250-30-30-2.0,Thermal Pad,ModuleLED_Micro_8560,1.5,0.1567,0.8252,82.99,182.49,12.5,2.01,t-Global Technology,Thermal Pad Green 30.00mm x 30.00mm Square
PASS,100.0,0.3374,TP-0111,PL-05-1-1016,Thermal Pad,ModuleLED_Micro_8560,1.5,0.4877,0.8252,96.46,16.79,1.0,0.5,Wakefield Thermal,"Thermal Interface Products ulTIMiFlux Gap Pad, Silicone, 0.5mm Thickness, 1 W/m-K, 101.6x101.6mm, Grey"
PASS,100.0,0.5913,TP-0112,TG-A1250-25-25-3.0,Thermal Pad,ModuleLED_Micro_8560,1.5,0.2339,0.8252,86.14,279.91,12.5,3.0,t-Global Technology,Thermal Pad Green 25.00mm x 25.00mm Square
PASS,100.0,0.4352,TP-0113,PL-2-5-254,Thermal Pad,ModuleLED_Micro_8560,1.5,0.39,0.8252,92.49,281.01,5.0,2.0,Wakefield Thermal,"Thermal Interface Products ulTIMiFlux Gap Pad, Silicone, 2mm Thickness, 5 W/m-K, 25.4x25.4mm, Gold"
PASS,100.0,0.7977,TP-0114,TG-A1780-25-25-0.5,Thermal Pad,ModuleLED_Micro_8560,1.5,0.0274,0.8252,77.72,294.36,17.8,0.5,t-Global Technology,Thermal Pad Gray 25.00mm x 25.00mm Square
PASS,100.0,0.1759,TP-0115,PL-1-1.5-76X127-15,Thermal Pad,ModuleLED_Micro_8560,1.5,0.6492,0.8252,103.1,21.88,1.5,1.0,Wakefield Thermal,"Thermal Interface Products ulTIMiFlux Gap Pad, Silicone, 1mm Thickness, 1.5 W/mK, 76.2x127mm, Grey"
PASS,100.0,0.8251,TP-0116,4051100100017,Thermal Pad,ModuleLED_Micro_8560,1.5,0.0,0.8252,76.61,22.41,1800.0,0.04,Würth Elektronik,Thermal Pad 100.00mm x 100.00mm Square Acrylic
PASS,100.0,0.7084,TP-0117,TG-A1250-40-40-1.5,Thermal Pad,ModuleLED_Micro_8560,1.5,0.1168,0.8252,81.38,143.21,12.5,1.5,t-Global Technology,Thermal Pad Green 40.00mm x 40.00mm Square
FAIL,1.69,-0.1492,TP-0118,PL-1-1-1016,Thermal Pad,ModuleLED_Micro_8560,1.5,0.9743,0.8252,116.32,22.42,1.0,1.0,Wakefield Thermal,"Thermal Interface Products ulTIMiFlux Gap Pad, Silicone, 1mm Thickness, 1 W/m-K, 101.6x101.6mm, Grey"
PASS,100.0,0.5327,TP-0119,COH-1706-200-05,Thermal Pad,ModuleLED_Micro_8560,1.5,0.2925,0.8252,88.52,5.81,1.7,0.51,Taica North America Corporation,Thermal Pad Gray 200.00mm x 200.00mm Square Tacky - Both Sides
FAIL,0.0,-0.3928,TP-0120,SoftFlex-B016-20-01-0762-0762,Thermal Pad,ModuleLED_Micro_8560,1.5,1.2179,0.8252,126.24,44.07,1.6,2.0,Aavid,"Thermal Interface Products SoftFlex Pad, 1.6 W/mK Conductivity, 2mm Thick, 1-Side Adhesive, 76.2x76.2mm"
PASS,100.0,0.7978,TP-0121,TG-A1780-30-30-0.5,Thermal Pad,ModuleLED_Micro_8560,1.5,0.0274,0.8252,77.72,288.41,17.8,0.5,t-Global Technology,Thermal Pad Gray 30.00mm x 30.00mm Square
PASS,100.0,0.7276,TP-0122,TG-A6200F-100-100-0.5,Thermal Pad,ModuleLED_Micro_8560,1.5,0.0975,0.8252,80.58,28.2,5.0,0.5,t-Global Technology,Thermal Pad Blue 100.00mm x 100.00mm Square Tacky - One Side
PASS,100.0,0.7192,TP-0123,SP2000-0.015-00-54,Thermal Pad,ModuleLED_Micro_8560,1.5,0.106,0.8252,80.93,1349.4,3.5,0.38,Bergquist,Thermal Pad White 19.05mm x 12.70mm Rectangular
PASS,100.0,0.7277,TP-0124,PL-05-5-1016,Thermal Pad,ModuleLED_Micro_8560,1.5,0.0974,0.8252,80.57,31.79,5.0,0.5,Wakefield Thermal,"Thermal Interface Products ulTIMiFlux Gap Pad, Silicone, 0.5mm Thickness, 5 W/m-K, 101.6x101.6mm, Gold"
FAIL,0.0,-0.4941,TP-0125,GP1500-0.080-02-0404,Thermal Pad,ModuleLED_Micro_8560,1.5,1.3192,0.8252,130.35,33.77,1.5,2.03,Bergquist,Thermal Pad Black 101.60mm x 101.60mm Square Tacky - Both Sides
PASS,100.0,0.6631,TP-0126,PL-05-3-1016-H,Thermal Pad,ModuleLED_Micro_8560,1.5,0.1621,0.8252,83.21,35.09,3.0,0.5,Wakefield Thermal,"Thermal Interface Products ulTIMiFlux Gap Pad, Silicone, 0.5mm Thick, 3 W/m-K, 101.6x101.6mm, Hyper Soft"
FAIL,1.84,-0.1486,TP-0127,PLF-1-1-76X127-40,Thermal Pad,ModuleLED_Micro_8560,1.5,0.9738,0.8252,116.29,38.19,1.0,1.0,Wakefield Thermal,"Thermal Interface Products ulTIMiFlux Gap Pad, Silicone-Free, 1mm Thickness, 1 W/m-K, 76x127mm, White"
PASS,100.0,0.5003,TP-0128,PL-1-3-76X127-30,Thermal Pad,ModuleLED_Micro_8560,1.5,0.3249,0.8252,89.86,39.27,3.0,1.0,Wakefield Thermal,"Thermal Interface Products ulTIMiFlux Gap Pad, Silicone, 1mm Thickness, 3 W/m-K, 76.2x127mm, Blue"
PASS,100.0,0.6681,TP-0129,TG-A6200-100-100-1.0,Thermal Pad,ModuleLED_Micro_8560,1.5,0.1571,0.8252,83.0,39.0,6.2,1.0,t-Global Technology,Thermal Pad Blue 100.00mm x 100.00mm Square Tacky - Both Sides
PASS,100.0,0.7978,TP-0130,TG-A1780-40-40-0.5,Thermal Pad,ModuleLED_Micro_8560,1.5,0.0274,0.8252,77.72,247.32,17.8,0.5,t-Global Technology,Thermal Pad Gray 40.00mm x 40.00mm Square
PASS,100.0,0.4937,TP-0131,GP1500-0.020-02-0404,Thermal Pad,ModuleLED_Micro_8560,1.5,0.3314,0.8252,90.12,40.18,1.5,0.51,Bergquist,Thermal Pad Black 101.60mm x 101.60mm Square Tacky - Both Sides
PASS,100.0,0.5004,TP-0132,PL-1-3-1016-H,Thermal Pad,ModuleLED_Micro_8560,1.5,0.3247,0.8252,89.82,41.09,3.0,1.0,Wakefield Thermal,"Thermal Interface Products ulTIMiFlux Gap Pad, Silicone, 1mm Thickness, 3 W/m-K, 101.6x101.6mm, Hyper Soft"
FAIL,0.0,-1.1277,TP-0133,PL-2-1-1016,Thermal Pad,ModuleLED_Micro_8560,1.5,1.9529,0.8252,155.94,41.35,1.0,2.0,Wakefield Thermal,"Thermal Interface Products ulTIMiFlux Gap Pad, Silicone, 2mm Thickness, 1 W/m-K, 101.6x101.6mm, Grey"
PASS,100.0,0.824,TP-0134,QB0603A25WYT,Thermal Pad,ModuleLED_Micro_8560,1.5,0.0012,0.8252,76.66,370632.22,50.0,0.06,KYOCERA AVX,Thermal Pad 1.52mm x 0.76mm Rectangular
PASS,100.0,0.7277,TP-0135,PL-05-5-1016-H,Thermal Pad,ModuleLED_Micro_8560,1.5,0.0974,0.8252,80.58,43.52,5.0,0.5,Wakefield Thermal,"Thermal Interface Products ulTIMiFlux Gap Pad, Silicone, 0.5mm Thick, 5 W/m-K, 101.6x101.6mm, Hyper Soft"
PASS,100.0,0.8031,TP-0136,A18197-05,Thermal Pad,ModuleLED_Micro_8560,1.5,0.022,0.8252,77.51,8.71,5.3,0.12,Laird Technologies - Thermal Materials,Thermal Pad Gray 228.60mm x 228.60mm Square Tacky - Both Sides
PASS,100.0,0.6649,TP-0137,69-13-42348-T412,Thermal Pad,ModuleLED_Micro_8560,1.5,0.1603,0.8252,83.13,615.67,1.4,0.23,Parker Chomerics,Thermal Pad Gray 28.00mm x 28.00mm Square Adhesive - Both Sides
PASS,100.0,0.8188,TP-0138,T62-310-310-0.13,Thermal Pad,ModuleLED_Micro_8560,1.5,0.0063,0.8252,76.87,5.25,20.0,0.13,t-Global Technology,Thermal Pad Black 310.00mm x 310.00mm Square
PASS,100.0,0.7884,TP-0139,A18197-08,Thermal Pad,ModuleLED_Micro_8560,1.5,0.0368,0.8252,78.11,9.86,5.3,0.2,Laird Technologies - Thermal Materials,Thermal Pad Gray 228.60mm x 228.60mm Square Tacky - Both Sides
PASS,100.0,0.7466,TP-0140,TG-A6200-150-150-0.5,Thermal Pad,ModuleLED_Micro_8560,1.5,0.0786,0.8252,79.81,23.74,6.2,0.5,t-Global Technology,Thermal Pad Blue 150.00mm x 150.00mm Square Tacky - Both Sides
PASS,100.0,0.7791,TP-0141,A18197-10,Thermal Pad,ModuleLED_Micro_8560,1.5,0.0461,0.8252,78.49,10.66,5.3,0.25,Laird Technologies - Thermal Materials,Thermal Pad Gray 228.60mm x 228.60mm Square Tacky - Both Sides
FAIL,0.64,-0.1647,TP-0142,A17916-08,Thermal Pad,ModuleLED_Micro_8560,1.5,0.9899,0.8252,116.99,10.67,2.0,2.03,Laird Technologies - Thermal Materials,Thermal Pad Gray 228.60mm x 228.60mm Square Tacky - Both Sides
PASS,100.0,0.6668,TP-0143,BP100-0.005-00-1112,Thermal Pad,ModuleLED_Micro_8560,1.5,0.1583,0.8252,83.06,6.65,0.8,0.13,Bergquist,Thermal Pad White 304.80mm x 279.40mm Rectangular Adhesive - Both Sides
PASS,100.0,0.1746,TP-0144,PL-2-3-1016-H,Thermal Pad,ModuleLED_Micro_8560,1.5,0.6505,0.8252,103.14,57.1,3.0,2.0,Wakefield Thermal,"Thermal Interface Products ulTIMiFlux Gap Pad, Silicone, 2mm Thickness, 3 W/m-K, 101.6x101.6mm, Hyper Soft"
PASS,100.0,0.8147,TP-0145,T62-1-310-310-0.16,Thermal Pad,ModuleLED_Micro_8560,1.5,0.0104,0.8252,77.03,6.15,15.0,0.16,t-Global Technology,Thermal Pad Black 310.00mm x 310.00mm Square Adhesive - One Side
PASS,100.0,0.6303,TP-0146,PL-1-5-76X127-60,Thermal Pad,ModuleLED_Micro_8560,1.5,0.1948,0.8252,84.55,65.47,5.0,1.0,Wakefield Thermal,"Thermal Interface Products ulTIMiFlux Gap Pad, Silicone, 1mm Thickness, 5 W/m-K, 76.2x127mm, Brown"
PASS,100.0,0.1621,TP-0147,GP1500-0.040-02-0404,Thermal Pad,ModuleLED_Micro_8560,1.5,0.6631,0.8252,103.63,66.2,1.5,1.02,Bergquist,Thermal Pad Black 101.60mm x 101.60mm Square Tacky - Both Sides
PASS,100.0,0.5,TP-0148,PLF-1-3-76X127-70,Thermal Pad,ModuleLED_Micro_8560,1.5,0.3252,0.8252,89.84,71.04,3.0,1.0,Wakefield Thermal,"Thermal Interface Products ulTIMiFlux Gap Pad, Silicone-Free, 1mm Thickness, 3 W/m-K, 76x127mm, White"
PASS,100.0,0.6628,TP-0149,GT10D-300-300-0.25-1A,Thermal Pad,ModuleLED_Micro_8560,1.5,0.1624,0.8252,83.24,7.83,1.5,0.25,t-Global Technology,Thermal Pad Pink 300.00mm x 300.00mm Square Adhesive - One Side
PASS,100.0,0.6306,TP-0150,SF400-505005,Thermal Pad,ModuleLED_Micro_8560,1.5,0.1945,0.8252,84.53,289.54,2.5,0.5,Same Sky (Formerly CUI Devices),Thermal Pad Gray 50.00mm x 50.00mm Square Tacky - Both Sides
PASS,100.0,0.7497,TP-0151,A18197-16,Thermal Pad,ModuleLED_Micro_8560,1.5,0.0755,0.8252,79.68,14.0,5.3,0.41,Laird Technologies - Thermal Materials,Thermal Pad Gray 228.60mm x 228.60mm Square Tacky - Both Sides
PASS,100.0,0.3278,TP-0152,GPVOUS-0.020-01-0816,Thermal Pad,ModuleLED_Micro_8560,1.5,0.4974,0.8252,96.86,8.95,1.0,0.51,Bergquist,Thermal Pad Pink 406.40mm x 203.20mm Rectangular Tacky - One Side
FAIL,49.98,-0.0028,TP-0153,A17733-04,Thermal Pad,ModuleLED_Micro_8560,1.5,0.828,0.8252,110.39,14.33,1.2,1.02,Laird Technologies - Thermal Materials,Thermal Pad Yellow 228.60mm x 228.60mm Square Adhesive - One Side
PASS,100.0,0.6628,TP-0154,2191342,Thermal Pad,ModuleLED_Micro_8560,1.5,0.1623,0.8252,83.22,8.43,0.9,0.15,Bergquist,Thermal Pad Gray 304.80mm x 292.10mm Rectangular
PASS,100.0,0.7861,TP-0155,TG-A1250-125-125-0.5,Thermal Pad,ModuleLED_Micro_8560,1.5,0.039,0.8252,78.2,48.51,12.5,0.5,t-Global Technology,Thermal Pad Green 125.00mm x 125.00mm Square
PASS,100.0,0.7733,TP-0156,A18172-16,Thermal Pad,ModuleLED_Micro_8560,1.5,0.0519,0.8252,78.73,14.75,7.5,0.4,Laird Technologies - Thermal Materials,Thermal Pad Gray 228.60mm x 228.60mm Square Tacky - Both Sides
PASS,100.0,0.5817,TP-0157,69-12-42355-1674,Thermal Pad,ModuleLED_Micro_8560,1.5,0.2434,0.8252,86.55,18.99,1.0,0.25,Parker Chomerics,Thermal Pad Blue 203.20mm x 203.20mm Square Adhesive - One Side
PASS,100.0,0.4322,TP-0158,TG-A6200-100-100-2.5,Thermal Pad,ModuleLED_Micro_8560,1.5,0.393,0.8252,92.6,78.67,6.2,2.5,t-Global Technology,Thermal Pad Blue 100.00mm x 100.00mm Square Tacky - Both Sides
PASS,100.0,0.6629,TP-0159,PL-1-6-76X127-60,Thermal Pad,ModuleLED_Micro_8560,1.5,0.1623,0.8252,83.22,83.78,6.0,1.0,Wakefield Thermal,"Thermal Interface Products ulTIMiFlux Gap Pad, Silicone, 1mm Thickness, 6 W/mK, 76.2x127mm, Grey"
PASS,100.0,0.1625,TP-0160,GP1500-0.040-02-0816,Thermal Pad,ModuleLED_Micro_8560,1.5,0.6626,0.8252,103.62,9.85,1.5,1.02,Bergquist,Thermal Pad Black 406.40mm x 203.20mm Rectangular Tacky - Both Sides
FAIL,0.28,-0.1718,TP-0161,GPVOUS-0.040-01-0816,Thermal Pad,ModuleLED_Micro_8560,1.5,0.997,0.8252,117.16,10.0,1.0,1.02,Bergquist,Thermal Pad Pink 406.40mm x 203.20mm Rectangular Tacky - One Side
PASS,100.0,0.8096,TP-0162,A18172-05,Thermal Pad,ModuleLED_Micro_8560,1.5,0.0156,0.8252,77.24,16.03,7.5,0.12,Laird Technologies - Thermal Materials,Thermal Pad Gray 228.60mm x 228.60mm Square Tacky - Both Sides
PASS,100.0,0.6679,TP-0163,TG-A6200-150-150-1.0,Thermal Pad,ModuleLED_Micro_8560,1.5,0.1573,0.8252,83.02,37.27,6.2,1.0,t-Global Technology,Thermal Pad Blue 150.00mm x 150.00mm Square Tacky - Both Sides
PASS,100.0,0.6595,TP-0164,A15993-00,Thermal Pad,ModuleLED_Micro_8560,1.5,0.1657,0.8252,83.36,16.3,3.0,0.51,Laird Technologies - Thermal Materials,Thermal Pad Gray 228.60mm x 228.60mm Square Tacky - Both Sides
PASS,100.0,0.7926,TP-0165,A18172-10,Thermal Pad,ModuleLED_Micro_8560,1.5,0.0326,0.8252,77.94,17.04,7.5,0.25,Laird Technologies - Thermal Materials,Thermal Pad Gray 228.60mm x 228.60mm Square Tacky - Both Sides
PASS,100.0,0.6302,TP-0166,PL-1-5-1016-H,Thermal Pad,ModuleLED_Micro_8560,1.5,0.195,0.8252,84.57,87.98,5.0,1.0,Wakefield Thermal,"Thermal Interface Products ulTIMiFlux Gap Pad, Silicone, 1mm Thickness, 5 W/m-K, 101.6x101.6mm, Hyper Soft"
PASS,100.0,0.7472,TP-0167,TG-A1250-100-100-1.0,Thermal Pad,ModuleLED_Micro_8560,1.5,0.078,0.8252,79.79,92.89,12.5,1.0,t-Global Technology,Thermal Pad Green 100.00mm x 100.00mm Square
PASS,100.0,0.6628,TP-0168,PLX-1-6-76X127-48,Thermal Pad,ModuleLED_Micro_8560,1.5,0.1623,0.8252,83.23,97.73,6.0,1.0,Wakefield Thermal,"Thermal Interface Products ulTIMiFlux Gap Pad, Silicone, 1mm Thickness, 6 W/mK, 76x127mm, Grey"
PASS,100.0,0.4839,TP-0169,BP100-0.011-00-1010,Thermal Pad,ModuleLED_Micro_8560,1.5,0.3413,0.8252,90.53,14.71,0.8,0.28,Bergquist,Thermal Pad White 254.00mm x 254.00mm Square Adhesive - Both Sides
PASS,100.0,0.6304,TP-0170,PL-1-5-1016,Thermal Pad,ModuleLED_Micro_8560,1.5,0.1947,0.8252,84.55,94.2,5.0,1.0,Wakefield Thermal,"Thermal Interface Products ulTIMiFlux Gap Pad, Silicone, 1mm Thickness, 5 W/m-K, 101.6x101.6mm, Gold"
PASS,100.0,0.6318,TP-0171,PL-1-5-1016-H,Thermal Pad,ModuleLED_Micro_8560,1.5,0.1934,0.8252,84.47,94.23,5.0,0.99,Wakefield Thermal Solutions,Thermal Pad Gold 101.60mm x 101.60mm Square Tacky - One Side
PASS,100.0,0.4942,TP-0172,GP1500R-0.020-02-0816,Thermal Pad,ModuleLED_Micro_8560,1.5,0.331,0.8252,90.13,12.05,1.5,0.51,Bergquist,Thermal Pad Black 406.40mm x 203.20mm Rectangular Tacky - Both Sides
PASS,100.0,0.8251,TP-0173,4051210297017,Thermal Pad,ModuleLED_Micro_8560,1.5,0.0,0.8252,76.61,15.99,1800.0,0.04,Würth Elektronik,Thermal Pad 297.00mm x 210.00mm Rectangular Acrylic
PASS,100.0,0.5814,TP-0174,BP100-0.008-00-1010,Thermal Pad,ModuleLED_Micro_8560,1.5,0.2437,0.8252,86.54,15.64,0.8,0.2,Bergquist,Thermal Pad White 254.00mm x 254.00mm Square Adhesive - Both Sides
FAIL,0.0,-0.6586,TP-0175,2191191,Thermal Pad,ModuleLED_Micro_8560,1.5,1.4838,0.8252,136.97,12.56,1.0,1.52,Bergquist,Thermal Pad Pink 406.40mm x 203.20mm Rectangular Tacky - One Side
PASS,100.0,0.6652,TP-0176,69-13-42350-T412,Thermal Pad,ModuleLED_Micro_8560,1.5,0.16,0.8252,83.12,45.12,1.4,0.23,Parker Chomerics,Thermal Pad Gray 152.40mm x 152.40mm Square Adhesive - Both Sides
PASS,100.0,0.6476,TP-0177,A14556-01,Thermal Pad,ModuleLED_Micro_8560,1.5,0.1775,0.8252,83.85,20.11,2.8,0.51,Laird Technologies - Thermal Materials,Thermal Pad Blue 228.60mm x 228.60mm Square Tacky - Both Sides
PASS,100.0,0.7258,TP-0178,A17690-02,Thermal Pad,ModuleLED_Micro_8560,1.5,0.0993,0.8252,80.66,20.66,5.0,0.51,Laird Technologies - Thermal Materials,Thermal Pad Pink 228.60mm x 228.60mm Square Tacky - One Side
PASS,100.0,0.6858,TP-0179,PLX-1-7-76X127-68,Thermal Pad,ModuleLED_Micro_8560,1.5,0.1394,0.8252,82.3,112.15,7.0,1.0,Wakefield Thermal,"Thermal Interface Products ulTIMiFlux Gap Pad, Silicone, 1mm Thickness, 7 W/mK, 76x127mm, Grey"
PASS,100.0,0.7127,TP-0180,SPK10-0.006-00-11.512,Thermal Pad,ModuleLED_Micro_8560,1.5,0.1125,0.8252,81.19,12.48,1.3,0.15,Bergquist,Thermal Pad Beige 304.80mm x 292.10mm Rectangular
PASS,100.0,0.7257,TP-0181,A10464-07,Thermal Pad,ModuleLED_Micro_8560,1.5,0.0994,0.8252,80.66,4.17,5.0,0.51,Laird Technologies - Thermal Materials,Thermal Pad Gray 609.60mm x 457.20mm Rectangular
PASS,100.0,0.3863,TP-0182,COH-4065LVC-200-10,Thermal Pad,ModuleLED_Micro_8560,1.5,0.4389,0.8252,94.45,30.3,2.2,0.99,Taica North America Corporation,Thermal Pad Reddish Brown 200.00mm x 200.00mm Square Tacky - Both Sides
FAIL,0.0,-0.4939,TP-0183,GP1500-0.080-02-0816,Thermal Pad,ModuleLED_Micro_8560,1.5,1.3191,0.8252,130.29,14.69,1.5,2.03,Bergquist,Thermal Pad Black 406.40mm x 203.20mm Rectangular Tacky - Both Sides
PASS,100.0,0.1751,TP-0184,PLX-1-1.5-210X310-40,Thermal Pad,ModuleLED_Micro_8560,1.5,0.6501,0.8252,103.05,18.75,1.5,1.0,Wakefield Thermal,"Thermal Interface Products ulTIMiFlux Gap Pad, Silicone, 1mm Thickness, 1.5 W/mK, 210x310mm, White"
PASS,100.0,0.6704,TP-0185,TG-A486G-150-150-1.0-1A,Thermal Pad,ModuleLED_Micro_8560,1.5,0.1548,0.8252,82.9,55.51,6.3,1.0,t-Global Technology,Thermal Pad Gray 150.00mm x 150.00mm Square Adhesive - One Side
PASS,100.0,0.6848,TP-0186,SP900S-0.009-AC-1212,Thermal Pad,ModuleLED_Micro_8560,1.5,0.1404,0.8252,82.31,13.65,1.6,0.23,Bergquist,Thermal Pad Pink 304.80mm x 304.80mm Square Adhesive - One Side
PASS,100.0,0.677,TP-0187,A17653-03,Thermal Pad,ModuleLED_Micro_8560,1.5,0.1482,0.8252,82.66,25.85,5.0,0.76,Laird Technologies - Thermal Materials,Thermal Pad Pink 228.60mm x 228.60mm Square Tacky - Both Sides
PASS,100.0,0.3377,TP-0188,PLX-1-2-210X310-80,Thermal Pad,ModuleLED_Micro_8560,1.5,0.4875,0.8252,96.49,21.0,2.0,1.0,Wakefield Thermal,"Thermal Interface Products ulTIMiFlux Gap Pad, Silicone, 1mm Thickness, 2 W/mK, 210x310mm, Grey"
PASS,100.0,0.7033,TP-0189,PL-1-8-76X127-50,Thermal Pad,ModuleLED_Micro_8560,1.5,0.1218,0.8252,81.57,142.3,8.0,1.0,Wakefield Thermal,"Thermal Interface Products ulTIMiFlux Gap Pad, Silicone, 1mm Thickness, 8 W/mK, 76.2x127mm, Grey"
PASS,100.0,0.4348,TP-0190,PL-2-5-1016-H,Thermal Pad,ModuleLED_Micro_8560,1.5,0.3904,0.8252,92.5,137.65,5.0,2.0,Wakefield Thermal,"Thermal Interface Products ulTIMiFlux Gap Pad, Silicone, 2mm Thickness, 5 W/m-K, 101.6x101.6mm, Hyper Soft"
PASS,100.0,0.7125,TP-0191,2165804,Thermal Pad,ModuleLED_Micro_8560,1.5,0.1127,0.8252,81.2,16.64,1.3,0.15,Bergquist,Thermal Pad Beige 304.80mm x 292.10mm Rectangular Adhesive - One Side
PASS,100.0,0.6859,TP-0192,5549S-05,Thermal Pad,ModuleLED_Micro_8560,1.5,0.1392,0.8252,82.28,45.7,3.5,0.5,3M,Thermal Pad Gray 210.00mm x 155.00mm Rectangular Tacky - One Side
PASS,100.0,0.6595,TP-0193,61-02-0909-G579,Thermal Pad,ModuleLED_Micro_8560,1.5,0.1657,0.8252,83.35,28.89,3.0,0.51,Parker Chomerics,Thermal Pad Pink 228.60mm x 228.60mm Square
PASS,100.0,0.7965,TP-0194,A18330-04,Thermal Pad,ModuleLED_Micro_8560,1.5,0.0287,0.8252,77.78,158.24,34.0,1.0,Laird Technologies - Thermal Materials,Thermal Pad Gray 127.00mm x 76.00mm Rectangular
PASS,100.0,0.7032,TP-0195,PLX-1-8-76x127-40,Thermal Pad,ModuleLED_Micro_8560,1.5,0.1219,0.8252,81.58,163.37,8.0,1.0,Wakefield Thermal,"Thermal Interface Products ulTIMiFlux Gap Pad, Silicone, 1mm Thickness, 8 W/mK, 76x127mm, Grey"
PASS,100.0,0.3354,TP-0196,TG-APC94-150-150-2.0-0,Thermal Pad,ModuleLED_Micro_8560,1.5,0.4898,0.8252,96.5,71.08,4.0,2.01,t-Global Technology,Thermal Pad Red 150.00mm x 150.00mm Square
FAIL,0.0,-3.3062,TP-0197,A15340-01,Thermal Pad,ModuleLED_Micro_8560,1.5,4.1314,0.8252,244.91,31.27,1.2,5.08,Laird Technologies - Thermal Materials,Thermal Pad Green 228.60mm x 228.60mm Square
PASS,100.0,0.7143,TP-0198,A10832-02,Thermal Pad,ModuleLED_Micro_8560,1.5,0.1108,0.8252,81.14,31.86,2.2,0.25,Laird Technologies - Thermal Materials,Thermal Pad Yellow 228.60mm x 228.60mm Square Tacky - Both Sides
FAIL,0.0,-1.2441,TP-0199,GP1500-0.125-02-0816,Thermal Pad,ModuleLED_Micro_8560,1.5,2.0693,0.8252,160.87,20.41,1.5,3.18,Bergquist,Thermal Pad Black 406.40mm x 203.20mm Rectangular Tacky - Both Sides
PASS,100.0,0.7257,TP-0200,A10464-10,Thermal Pad,ModuleLED_Micro_8560,1.5,0.0994,0.8252,80.66,6.06,5.0,0.51,Laird Technologies - Thermal Materials,Thermal Pad Gray 609.60mm x 457.20mm Rectangular Adhesive - One Side
FAIL,0.0,-1.1348,TP-0201,5583S 210 MM X 300 MM X 2.0 MM,Thermal Pad,ModuleLED_Micro_8560,1.5,1.9599,0.8252,156.43,27.48,1.0,2.01,3M,Thermal Pad White 300.00mm x 210.00mm Rectangular Tacky - One Side
PASS,100.0,0.7764,TP-0202,A18213-02,Thermal Pad,ModuleLED_Micro_8560,1.5,0.0487,0.8252,78.59,33.08,10.0,0.5,Laird Technologies - Thermal Materials,Thermal Pad Gray 229.00mm x 229.00mm Square
PASS,100.0,0.7579,TP-0203,TG-A1450-100-100-1.0,Thermal Pad,ModuleLED_Micro_8560,1.5,0.0673,0.8252,79.35,175.38,14.5,1.0,t-Global Technology,Thermal Pad Red 100.00mm x 100.00mm Square
PASS,100.0,0.626,TP-0204,A17653-04,Thermal Pad,ModuleLED_Micro_8560,1.5,0.1992,0.8252,84.73,33.8,5.0,1.02,Laird Technologies - Thermal Materials,Thermal Pad Pink 228.60mm x 228.60mm Square Tacky - Both Sides
PASS,100.0,0.6682,TP-0205,TG-A1250-100-100-2.0,Thermal Pad,ModuleLED_Micro_8560,1.5,0.1569,0.8252,82.98,176.71,12.5,2.01,t-Global Technology,Thermal Pad Green 100.00mm x 100.00mm Square
PASS,100.0,0.7845,TP-0206,A10092-01,Thermal Pad,ModuleLED_Micro_8560,1.5,0.0407,0.8252,78.27,42.98,6.0,0.25,Laird Technologies - Thermal Materials,Thermal Pad Pink 203.20mm x 203.20mm Square
PASS,100.0,0.8127,TP-0207,TGP 40000SF-0.020-00-0406,Thermal Pad,ModuleLED_Micro_8560,1.5,0.0124,0.8252,77.12,74202.27,40.0,0.51,Bergquist Company,"Thermal Interface Products GAP PAD, Sil-Free, 40W/m-K, 4x6"" Sheet, 0.020"" Thickness, Thermexit, IDH 2972783"
FAIL,0.0,-3.3011,TP-0208,A15340-03,Thermal Pad,ModuleLED_Micro_8560,1.5,4.1263,0.8252,244.32,34.17,1.2,5.08,Laird Technologies - Thermal Materials,Thermal Pad Green 228.60mm x 228.60mm Square Tacky - One Side
PASS,100.0,0.6476,TP-0209,A16367-02,Thermal Pad,ModuleLED_Micro_8560,1.5,0.1776,0.8252,83.86,36.57,2.8,0.51,Laird Technologies - Thermal Materials,Thermal Pad Pink 228.60mm x 215.90mm Rectangular Tacky - One Side
PASS,100.0,0.6286,TP-0210,5519 210 MM X 155 MM X 1.0 MM,Thermal Pad,ModuleLED_Micro_8560,1.5,0.1966,0.8252,84.62,56.45,4.9,0.99,3M,Thermal Pad Gray 210.00mm x 155.00mm Rectangular Tacky - Both Sides
PASS,100.0,0.2733,TP-0211,GP1000SF-0.020-02-0816,Thermal Pad,ModuleLED_Micro_8560,1.5,0.5519,0.8252,99.12,22.44,0.9,0.51,Bergquist,Thermal Pad Green 406.40mm x 203.20mm Rectangular Tacky - Both Sides
PASS,100.0,0.7952,TP-0212,TG-A1660-125-125-0.5,Thermal Pad,ModuleLED_Micro_8560,1.5,0.0299,0.8252,77.83,121.49,16.6,0.51,t-Global Technology,Thermal Pad Gray 125.00mm x 125.00mm Square
PASS,100.0,0.5141,TP-0213,TG-A486G-150-150-2.0-1A,Thermal Pad,ModuleLED_Micro_8560,1.5,0.311,0.8252,89.28,84.71,6.3,2.01,t-Global Technology,Thermal Pad Gray 150.00mm x 150.00mm Square Adhesive - One Side
PASS,100.0,0.6263,TP-0214,A17690-04,Thermal Pad,ModuleLED_Micro_8560,1.5,0.1989,0.8252,84.72,36.98,5.0,1.02,Laird Technologies - Thermal Materials,Thermal Pad Pink 228.60mm x 228.60mm Square Tacky - One Side
PASS,100.0,0.6594,TP-0215,62-02-0909-A579,Thermal Pad,ModuleLED_Micro_8560,1.5,0.1658,0.8252,83.35,37.77,3.0,0.51,Parker Chomerics,Thermal Pad Pink 228.60mm x 228.60mm Square Adhesive - One Side
PASS,100.0,0.7755,TP-0216,A18238-02,Thermal Pad,ModuleLED_Micro_8560,1.5,0.0497,0.8252,78.63,38.05,10.0,0.51,Laird Technologies - Thermal Materials,Thermal Pad Gray 229.00mm x 229.00mm Square Tacky - One Side
PASS,100.0,0.7471,TP-0217,TG-A1250-150-150-1.0,Thermal Pad,ModuleLED_Micro_8560,1.5,0.0781,0.8252,79.79,88.75,12.5,1.0,t-Global Technology,Thermal Pad Green 150.00mm x 150.00mm Square
PASS,100.0,0.7277,TP-0218,PL-1-10-76X127-55,Thermal Pad,ModuleLED_Micro_8560,1.5,0.0975,0.8252,80.58,207.32,10.0,1.0,Wakefield Thermal,"Thermal Interface Products ulTIMiFlux Gap Pad, Silicone, 1mm Thickness, 10 W/mK, 76.2x127mm, Grey"
FAIL,0.0,-1.6499,TP-0219,GPVOUS-0.100-01-0816,Thermal Pad,ModuleLED_Micro_8560,1.5,2.4751,0.8252,177.54,24.38,1.0,2.54,Bergquist,Thermal Pad Pink 406.40mm x 203.20mm Rectangular Tacky - One Side
PASS,100.0,0.5143,TP-0220,5516-10,Thermal Pad,ModuleLED_Micro_8560,1.5,0.3109,0.8252,89.25,27.39,3.1,0.99,3M,Thermal Pad Gray 320.00mm x 230.00mm Rectangular Tacky - Both Sides
PASS,100.0,0.5139,TP-0221,COH-3114LVC-200-10,Thermal Pad,ModuleLED_Micro_8560,1.5,0.3112,0.8252,89.3,50.91,3.1,0.99,Taica North America Corporation,Thermal Pad Gray 200.00mm x 200.00mm Square Tacky - Both Sides
PASS,100.0,0.6595,TP-0222,GPHC3.0-0.020-02-0816,Thermal Pad,ModuleLED_Micro_8560,1.5,0.1656,0.8252,83.36,25.23,3.0,0.51,Bergquist,Thermal Pad Blue 406.40mm x 203.20mm Rectangular Tacky - Both Sides
FAIL,19.94,-0.0652,TP-0223,COH-4065LVC-200-20,Thermal Pad,ModuleLED_Micro_8560,1.5,0.8903,0.8252,112.81,53.13,2.2,2.01,Taica North America Corporation,Thermal Pad Reddish Brown 200.00mm x 200.00mm Square Tacky - Both Sides
PASS,100.0,0.7256,TP-0224,GP5000S35-0.020-02-0816,Thermal Pad,ModuleLED_Micro_8560,1.5,0.0996,0.8252,80.66,25.77,5.0,0.51,Bergquist,Thermal Pad Green 406.40mm x 203.20mm Rectangular Tacky - Both Sides
PASS,100.0,0.4936,TP-0225,A12618-01,Thermal Pad,ModuleLED_Micro_8560,1.5,0.3316,0.8252,90.15,41.43,3.0,1.02,Laird Technologies - Thermal Materials,Thermal Pad Blue-Violet 228.60mm x 228.60mm Square Tacky - Both Sides
PASS,100.0,0.6302,TP-0226,TG-A1250-100-100-2.5,Thermal Pad,ModuleLED_Micro_8560,1.5,0.195,0.8252,84.53,217.59,12.5,2.5,t-Global Technology,Thermal Pad Green 100.00mm x 100.00mm Square
PASS,100.0,0.4933,TP-0227,61-04-0909-G579,Thermal Pad,ModuleLED_Micro_8560,1.5,0.3318,0.8252,90.1,42.31,3.0,1.02,Parker Chomerics,Thermal Pad Pink 228.60mm x 228.60mm Square
FAIL,0.41,-0.1687,TP-0228,61-04-0909-HCS10G,Thermal Pad,ModuleLED_Micro_8560,1.5,0.9939,0.8252,117.08,42.35,1.0,1.02,Parker Chomerics,Thermal Pad Orange 228.60mm x 228.60mm Square
PASS,100.0,0.4937,TP-0229,A14412-01,Thermal Pad,ModuleLED_Micro_8560,1.5,0.3315,0.8252,90.11,42.55,3.0,1.02,Laird Technologies - Thermal Materials,Thermal Pad Blue-Violet 228.60mm x 228.60mm Square Tacky - One Side
FAIL,0.0,-2.2749,TP-0230,2191193,Thermal Pad,ModuleLED_Micro_8560,1.5,3.1001,0.8252,202.97,27.18,1.0,3.18,Bergquist,Thermal Pad Pink 406.40mm x 203.20mm Rectangular Tacky - One Side
PASS,100.0,0.8128,TP-0231,TGP40000SF-0.020-01-0406-NA,Thermal Pad,ModuleLED_Micro_8560,1.5,0.0124,0.8252,77.11,93881.76,40.0,0.51,Bergquist Company,"Thermal Interface Products GAP PAD, Sil-Free, 40W/m-K, 4 x 6"" Sheet, Tacky Pad, 0.020"" Thickness, Thermexit"
PASS,100.0,0.7466,TP-0232,TG-A6200-310-310-0.5,Thermal Pad,ModuleLED_Micro_8560,1.5,0.0786,0.8252,79.82,23.46,6.2,0.5,t-Global Technology,Thermal Pad Blue 310.00mm x 310.00mm Square Tacky - Both Sides
PASS,100.0,0.5004,TP-0233,PLX-1-3-210X310-30,Thermal Pad,ModuleLED_Micro_8560,1.5,0.3247,0.8252,89.84,35.0,3.0,1.0,Wakefield Thermal,"Thermal Interface Products ulTIMiFlux Gap Pad, Silicone, 1mm Thickness, 3 W/m-K, 210x310mm, Blue"
PASS,100.0,0.7665,TP-0234,TG-A1660-100-100-1.0,Thermal Pad,ModuleLED_Micro_8560,1.5,0.0587,0.8252,79.0,240.34,16.6,1.0,t-Global Technology,Thermal Pad Gray 100.00mm x 100.00mm Square
PASS,100.0,0.7423,TP-0235,A10080-01,Thermal Pad,ModuleLED_Micro_8560,1.5,0.0828,0.8252,79.98,58.38,6.0,0.51,Laird Technologies - Thermal Materials,Thermal Pad Blue 203.20mm x 203.20mm Square
PASS,100.0,0.7439,TP-0236,PL-1-12-76X127-75,Thermal Pad,ModuleLED_Micro_8560,1.5,0.0812,0.8252,79.91,255.64,12.0,1.0,Wakefield Thermal Solutions,Thermal Pad Gray 127.00mm x 76.20mm Rectangular Tacky - One Side
PASS,100.0,0.4938,TP-0237,62-04-0909-A579,Thermal Pad,ModuleLED_Micro_8560,1.5,0.3314,0.8252,90.09,48.16,3.0,1.02,Parker Chomerics,Thermal Pad Pink 228.60mm x 228.60mm Square Adhesive - One Side
PASS,100.0,0.6082,TP-0238,TG-A4500-310-310-1.0,Thermal Pad,ModuleLED_Micro_8560,1.5,0.217,0.8252,85.43,26.2,4.5,1.0,t-Global Technology,Thermal Pad Purple 310.00mm x 310.00mm Square Tacky - Both Sides
PASS,100.0,0.4252,TP-0239,5519 210 MM X 155 MM X 2.0 MM,Thermal Pad,ModuleLED_Micro_8560,1.5,0.3999,0.8252,92.92,78.16,4.9,2.01,3M,Thermal Pad Gray 210.00mm x 155.00mm Rectangular Tacky - Both Sides
PASS,100.0,0.6595,TP-0240,A10538-17,Thermal Pad,ModuleLED_Micro_8560,1.5,0.1657,0.8252,83.37,48.86,3.0,0.51,Laird Technologies - Thermal Materials,Thermal Pad White 228.60mm x 228.60mm Square Tacky - Both Sides
PASS,100.0,0.5909,TP-0241,TG-A1250-100-100-3.0,Thermal Pad,ModuleLED_Micro_8560,1.5,0.2342,0.8252,86.16,258.03,12.5,3.0,t-Global Technology,Thermal Pad Green 100.00mm x 100.00mm Square
PASS,100.0,0.7257,TP-0242,GPHC5.0-0.020-02-0816,Thermal Pad,ModuleLED_Micro_8560,1.5,0.0995,0.8252,80.66,32.86,5.0,0.51,Bergquist,Thermal Pad Gray 406.40mm x 203.20mm Rectangular Tacky - Both Sides
PASS,100.0,0.5287,TP-0243,A17690-06,Thermal Pad,ModuleLED_Micro_8560,1.5,0.2964,0.8252,88.71,53.1,5.0,1.52,Laird Technologies - Thermal Materials,Thermal Pad Pink 228.60mm x 228.60mm Square Tacky - One Side
PASS,100.0,0.4121,TP-0244,A12619-01,Thermal Pad,ModuleLED_Micro_8560,1.5,0.4131,0.8252,93.45,54.66,3.0,1.27,Laird Technologies - Thermal Materials,Thermal Pad Blue-Violet 228.60mm x 228.60mm Square Tacky - Both Sides
PASS,100.0,0.708,TP-0245,TG-A1250-150-150-1.5,Thermal Pad,ModuleLED_Micro_8560,1.5,0.1172,0.8252,81.39,129.2,12.5,1.5,t-Global Technology,Thermal Pad Green 150.00mm x 150.00mm Square
PASS,100.0,0.4075,TP-0246,5549S 210 MM X 155MM X 1.5MM,Thermal Pad,ModuleLED_Micro_8560,1.5,0.4176,0.8252,93.58,89.69,3.5,1.5,3M,Thermal Pad Gray 210.00mm x 155.00mm Rectangular Tacky - One Side
FAIL,51.49,0.0002,TP-0247,A16104-10,Thermal Pad,ModuleLED_Micro_8560,1.5,0.8249,0.8252,110.28,55.94,3.0,2.54,Laird Technologies - Thermal Materials,Thermal Pad Gray 228.60mm x 228.60mm Square Tacky - Both Sides
PASS,100.0,0.4775,TP-0248,A17653-07,Thermal Pad,ModuleLED_Micro_8560,1.5,0.3476,0.8252,90.75,56.36,5.0,1.78,Laird Technologies - Thermal Materials,Thermal Pad Pink 228.60mm x 228.60mm Square Tacky - Both Sides
PASS,100.0,0.7439,TP-0249,PLX-1-12-76X127-58,Thermal Pad,ModuleLED_Micro_8560,1.5,0.0813,0.8252,79.91,310.93,12.0,1.0,Wakefield Thermal,"Thermal Interface Products ulTIMiFlux Gap Pad, Silicone, 1mm Thickness, 12 W/mK, 76x127mm, Grey"
PASS,100.0,0.7033,TP-0250,PLF-1-8-76X127-70,Thermal Pad,ModuleLED_Micro_8560,1.5,0.1218,0.8252,81.57,311.81,8.0,1.0,Wakefield Thermal,"Thermal Interface Products ulTIMiFlux Gap Pad, Silicone-Free, 1mm Thickness, 8 W/mK, 76.2x127mm, Grey"
PASS,100.0,0.6831,TP-0251,TGP7000ULM-0.040-02-0808,Thermal Pad,ModuleLED_Micro_8560,1.5,0.142,0.8252,82.4,74.44,7.0,1.02,Bergquist Company,"Thermal Interface Products GAP PAD, 7W/m-K, 8"" x 8"" Sheet, 0.040"" Thickness, TGP7000ULM, IDH 2261480"
PASS,100.0,0.798,TP-0252,TG-A1780-125-125-0.5,Thermal Pad,ModuleLED_Micro_8560,1.5,0.0271,0.8252,77.71,198.9,18.0,0.5,t-Global Technology,Thermal Pad Gray 125.00mm x 125.00mm Square
PASS,100.0,0.7861,TP-0253,TG-A1250-250-250-0.5,Thermal Pad,ModuleLED_Micro_8560,1.5,0.039,0.8252,78.2,49.93,12.5,0.5,t-Global Technology,Thermal Pad Green 250.00mm x 250.00mm Square
PASS,100.0,0.3315,TP-0254,A12620-34,Thermal Pad,ModuleLED_Micro_8560,1.5,0.4936,0.8252,96.71,59.93,3.0,1.52,Laird Technologies - Thermal Materials,Thermal Pad Blue-Violet 228.60mm x 228.60mm Square Tacky - One Side
PASS,100.0,0.6592,TP-0255,A17883-04,Thermal Pad,ModuleLED_Micro_8560,1.5,0.166,0.8252,83.36,61.12,6.0,1.02,Laird Technologies - Thermal Materials,Thermal Pad Teal 228.60mm x 228.60mm Square
PASS,100.0,0.7541,TP-0256,TGP7000ULM-0.020-02-0808,Thermal Pad,ModuleLED_Micro_8560,1.5,0.071,0.8252,79.5,81.03,7.0,0.51,Bergquist Company,"Thermal Interface Products GAP PAD, 7W/m-K, 8"" x 8"" Sheet, 0.020"" Thickness, TGP7000ULM, IDH 2563017"
PASS,100.0,0.69,TP-0257,TG-A1450-100-100-2.0,Thermal Pad,ModuleLED_Micro_8560,1.5,0.1352,0.8252,82.12,335.9,14.5,2.01,t-Global Technology,Thermal Pad Red 100.00mm x 100.00mm Square
PASS,100.0,0.5289,TP-0258,GPHC5.0-0.060-02-0816,Thermal Pad,ModuleLED_Micro_8560,1.5,0.2962,0.8252,88.67,42.47,5.0,1.52,Bergquist,Thermal Pad Gray 406.40mm x 203.20mm Rectangular Tacky - Both Sides
PASS,100.0,0.6677,TP-0259,TG-A6200-310-310-1.0,Thermal Pad,ModuleLED_Micro_8560,1.5,0.1574,0.8252,83.01,36.84,6.2,1.0,t-Global Technology,Thermal Pad Blue 310.00mm x 310.00mm Square Tacky - Both Sides
PASS,100.0,0.7277,TP-0260,A18213-04,Thermal Pad,ModuleLED_Micro_8560,1.5,0.0975,0.8252,80.6,68.55,10.0,1.0,Laird Technologies - Thermal Materials,Thermal Pad Gray 229.00mm x 229.00mm Square
PASS,100.0,0.8096,TP-0261,A18171-05,Thermal Pad,ModuleLED_Micro_8560,1.5,0.0156,0.8252,77.25,17.39,7.5,0.12,Laird Technologies - Thermal Materials,Thermal Pad Gray 457.20mm x 457.20mm Square Tacky - Both Sides
PASS,100.0,0.3316,TP-0262,61-06-0909-G579,Thermal Pad,ModuleLED_Micro_8560,1.5,0.4935,0.8252,96.75,70.94,3.0,1.52,Parker Chomerics,Thermal Pad Pink 228.60mm x 228.60mm Square
PASS,100.0,0.7992,TP-0263,A18171-08,Thermal Pad,ModuleLED_Micro_8560,1.5,0.026,0.8252,77.67,17.99,7.5,0.2,Laird Technologies - Thermal Materials,Thermal Pad Gray 457.20mm x 457.20mm Square Tacky - Both Sides
PASS,100.0,0.6685,TP-0264,TG-A1250-150-150-2.0,Thermal Pad,ModuleLED_Micro_8560,1.5,0.1567,0.8252,83.02,168.82,12.5,2.01,t-Global Technology,Thermal Pad Green 150.00mm x 150.00mm Square
PASS,100.0,0.6301,TP-0265,PLX-1-5-210X310-40,Thermal Pad,ModuleLED_Micro_8560,1.5,0.1951,0.8252,84.55,58.8,5.0,1.0,Wakefield Thermal,"Thermal Interface Products ulTIMiFlux Gap Pad, Silicone, 1mm Thickness, 5 W/m-K, 210x310mm, Grey"
PASS,100.0,0.5782,TP-0266,61-06-1015-PAD60,Thermal Pad,ModuleLED_Micro_8560,1.5,0.247,0.8252,86.66,40.12,6.0,1.52,Parker Chomerics,Thermal Pad Green 381.00mm x 254.00mm Rectangular
PASS,100.0,0.6089,TP-0267,COH-4000LVC-400-05,Thermal Pad,ModuleLED_Micro_8560,1.5,0.2163,0.8252,85.43,24.51,2.3,0.51,Taica North America Corporation,Thermal Pad Gray 400.00mm x 400.00mm Square Tacky - Both Sides
PASS,100.0,0.5782,TP-0268,A17883-06,Thermal Pad,ModuleLED_Micro_8560,1.5,0.2469,0.8252,86.67,75.74,6.0,1.52,Laird Technologies - Thermal Materials,Thermal Pad Teal 228.60mm x 228.60mm Square
PASS,100.0,0.331,TP-0269,62-06-0909-A579,Thermal Pad,ModuleLED_Micro_8560,1.5,0.4942,0.8252,96.77,77.26,3.0,1.52,Parker Chomerics,Thermal Pad Pink 228.60mm x 228.60mm Square Adhesive - One Side
PASS,100.0,0.6441,TP-0270,A11809-02,Thermal Pad,ModuleLED_Micro_8560,1.5,0.1811,0.8252,83.99,19.41,0.7,0.13,Laird Technologies - Thermal Materials,Thermal Pad Yellow 457.20mm x 457.20mm Square Tacky - Both Sides
PASS,100.0,0.7926,TP-0271,A18171-10,Thermal Pad,ModuleLED_Micro_8560,1.5,0.0325,0.8252,77.94,19.59,7.5,0.25,Laird Technologies - Thermal Materials,Thermal Pad Gray 457.20mm x 457.20mm Square Tacky - Both Sides
PASS,100.0,0.4938,TP-0272,A10233-30,Thermal Pad,ModuleLED_Micro_8560,1.5,0.3314,0.8252,90.12,81.29,3.0,1.02,Laird Technologies - Thermal Materials,Thermal Pad White 228.60mm x 228.60mm Square Tacky - Both Sides
PASS,100.0,0.2772,TP-0273,A17156-06,Thermal Pad,ModuleLED_Micro_8560,1.5,0.5479,0.8252,98.98,21.01,2.7,1.52,Laird Technologies - Thermal Materials,Thermal Pad Pink 457.20mm x 457.20mm Square Tacky - Both Sides
PASS,100.0,0.1651,TP-0274,61-08-0909-G579,Thermal Pad,ModuleLED_Micro_8560,1.5,0.6601,0.8252,103.46,85.5,3.0,2.03,Parker Chomerics,Thermal Pad Pink 228.60mm x 228.60mm Square
PASS,100.0,0.6595,TP-0275,TGP6000ULM-0.040-12-0816,Thermal Pad,ModuleLED_Micro_8560,1.5,0.1657,0.8252,83.35,54.22,6.0,1.02,Bergquist Company,"Thermal Interface Products GAP PAD, 6W/m-K, 8"" x 16"" Sheet, 0.040"" Thickness, TGP6000ULM, IDH 2195666"
PASS,100.0,0.7732,TP-0276,A18171-16,Thermal Pad,ModuleLED_Micro_8560,1.5,0.052,0.8252,78.73,21.48,7.5,0.4,Laird Technologies - Thermal Materials,Thermal Pad Gray 457.20mm x 457.20mm Square Tacky - Both Sides
PASS,100.0,0.7054,TP-0277,61-04-1015-PAD80G,Thermal Pad,ModuleLED_Micro_8560,1.5,0.1197,0.8252,81.5,48.56,8.3,1.02,Parker Chomerics,Thermal Pad Dark Gray 381.00mm x 254.00mm Rectangular
PASS,100.0,0.4949,TP-0278,61-08-1015-PAD60,Thermal Pad,ModuleLED_Micro_8560,1.5,0.3303,0.8252,90.06,49.62,6.0,2.03,Parker Chomerics,Thermal Pad Green 381.00mm x 254.00mm Rectangular
FAIL,51.98,-0.0005,TP-0279,A12624-01,Thermal Pad,ModuleLED_Micro_8560,1.5,0.8257,0.8252,110.28,92.08,3.0,2.54,Laird Technologies - Thermal Materials,Thermal Pad Blue-Violet 228.60mm x 228.60mm Square Tacky - Both Sides
PASS,100.0,0.6788,TP-0280,A18213-06,Thermal Pad,ModuleLED_Micro_8560,1.5,0.1464,0.8252,82.58,91.8,10.0,1.5,Laird Technologies - Thermal Materials,Thermal Pad Gray 229.00mm x 229.00mm Square
PASS,100.0,0.6594,TP-0281,A12616-08,Thermal Pad,ModuleLED_Micro_8560,1.5,0.1657,0.8252,83.37,23.67,3.0,0.51,Laird Technologies - Thermal Materials,Thermal Pad Blue-Violet 457.20mm x 457.20mm Square Tacky - Both Sides
PASS,100.0,0.7143,TP-0282,A10832-09,Thermal Pad,ModuleLED_Micro_8560,1.5,0.1108,0.8252,81.12,23.79,2.2,0.25,Laird Technologies - Thermal Materials,Thermal Pad Yellow 457.20mm x 457.20mm Square Tacky - Both Sides
PASS,100.0,0.5778,TP-0283,A15896-05,Thermal Pad,ModuleLED_Micro_8560,1.5,0.2474,0.8252,86.69,96.88,5.0,1.27,Laird Technologies - Thermal Materials,Thermal Pad Gray 228.60mm x 228.60mm Square Tacky - Both Sides
PASS,100.0,0.7611,TP-0284,A15726-00,Thermal Pad,ModuleLED_Micro_8560,1.5,0.0641,0.8252,79.22,24.32,3.8,0.25,Laird Technologies - Thermal Materials,Thermal Pad Gray 457.20mm x 457.20mm Square Tacky - Both Sides
PASS,100.0,0.7916,TP-0285,TG-A1450-250-250-0.5,Thermal Pad,ModuleLED_Micro_8560,1.5,0.0336,0.8252,77.98,82.36,14.5,0.5,t-Global Technology,Thermal Pad Red 250.00mm x 250.00mm Square
PASS,100.0,0.6136,TP-0286,TGP7000ULM-0.060-02-0808,Thermal Pad,ModuleLED_Micro_8560,1.5,0.2116,0.8252,85.24,125.02,7.0,1.52,Bergquist Company,"Thermal Interface Products GAP PAD, 7W/m-K, 8"" x 8"" Sheet, 0.060"" Thickness, TGP7000ULM, IDH 2474875"
PASS,100.0,0.6928,TP-0287,A17752-04,Thermal Pad,ModuleLED_Micro_8560,1.5,0.1324,0.8252,82.01,98.92,7.5,1.02,Laird Technologies - Thermal Materials,Thermal Pad Gray 228.60mm x 228.60mm Square Tacky - Both Sides
PASS,100.0,0.7091,TP-0288,61-10-0808-T500,Thermal Pad,ModuleLED_Micro_8560,1.5,0.1161,0.8252,81.35,126.07,2.1,0.25,Parker Chomerics,Thermal Pad Green 203.20mm x 203.20mm Square
PASS,100.0,0.6466,TP-0289,61-06-1015-PAD80G,Thermal Pad,ModuleLED_Micro_8560,1.5,0.1785,0.8252,83.88,53.86,8.3,1.52,Parker Chomerics,Thermal Pad Dark Gray 381.00mm x 254.00mm Rectangular
FAIL,51.07,-0.001,TP-0290,62-10-0909-A579,Thermal Pad,ModuleLED_Micro_8560,1.5,0.8262,0.8252,110.25,101.5,3.0,2.54,Parker Chomerics,Thermal Pad Pink 228.60mm x 228.60mm Square Adhesive - One Side
PASS,100.0,0.7015,TP-0291,SPA2000-0.015-00-1012-NA,Thermal Pad,ModuleLED_Micro_8560,1.5,0.1236,0.8252,81.65,68.87,3.0,0.38,Bergquist,Thermal Pad White 304.80mm x 254.00mm Rectangular
PASS,100.0,0.6925,TP-0292,A18444-04,Thermal Pad,ModuleLED_Micro_8560,1.5,0.1326,0.8252,82.01,102.3,7.5,1.02,Laird Technologies - Thermal Materials,Thermal Pad Gray 228.60mm x 228.60mm Square
FAIL,0.0,-0.2087,TP-0293,GPHC3.0-0.125-02-0816,Thermal Pad,ModuleLED_Micro_8560,1.5,1.0338,0.8252,118.66,64.91,3.0,3.18,Bergquist,Thermal Pad Blue 406.40mm x 203.20mm Rectangular Tacky - Both Sides
PASS,100.0,0.7359,TP-0294,62-03-1015-PAD80A,Thermal Pad,ModuleLED_Micro_8560,1.5,0.0893,0.8252,80.25,57.11,8.3,0.76,Parker Chomerics,Thermal Pad Dark Gray 381.00mm x 254.00mm Rectangular Adhesive - One Side
PASS,100.0,0.4712,TP-0295,GPTGP7000ULM-0.100-02-0808,Thermal Pad,ModuleLED_Micro_8560,1.5,0.354,0.8252,91.03,133.96,7.0,2.54,Bergquist,Thermal Pad Gray 203.20mm x 203.20mm Square Tacky - Both Sides
FAIL,51.55,0.0,TP-0296,61-10-0909-G579,Thermal Pad,ModuleLED_Micro_8560,1.5,0.8251,0.8252,110.17,106.46,3.0,2.54,Parker Chomerics,Thermal Pad Pink 228.60mm x 228.60mm Square
PASS,100.0,0.7054,TP-0297,62-04-1015-PAD80A,Thermal Pad,ModuleLED_Micro_8560,1.5,0.1197,0.8252,81.48,57.89,8.3,1.02,Parker Chomerics,Thermal Pad Dark Gray 381.00mm x 254.00mm Rectangular Adhesive - One Side
PASS,100.0,0.8003,TP-0298,TGP 40000SF-0.040-00-0606,Thermal Pad,ModuleLED_Micro_8560,1.5,0.0248,0.8252,77.62,158978.32,40.0,1.02,Bergquist Company,"Thermal Interface Products GAP PAD, Sil-Free, 40W/m-K, 6x6"" Sheet, 0.040"" Thickness, Thermexit, IDH 2972782"
PASS,100.0,0.331,TP-0299,A10235-31,Thermal Pad,ModuleLED_Micro_8560,1.5,0.4942,0.8252,96.72,111.51,3.0,1.52,Laird Technologies - Thermal Materials,Thermal Pad White 228.60mm x 228.60mm Square Tacky - Both Sides
PASS,100.0,0.7422,TP-0300,TGP12000ULM-0.040-00-0808,Thermal Pad,ModuleLED_Micro_8560,1.5,0.0829,0.8252,79.99,142.53,12.0,1.02,Bergquist Company,"Thermal Interface Products GAP PAD, 12W/m-K, Ultra-Low Modulus, 8""x8"" Sheet, 0.040"" Thickness, TGP12000ULM"
PASS,100.0,0.7765,TP-0301,A18500-01,Thermal Pad,ModuleLED_Micro_8560,1.5,0.0487,0.8252,78.59,31.82,5.0,0.25,Laird Technologies - Thermal Materials,Thermal Pad White 431.80mm x 431.80mm Rectangular
PASS,100.0,0.633,TP-0302,A18213-08,Thermal Pad,ModuleLED_Micro_8560,1.5,0.1922,0.8252,84.44,114.73,10.2,2.01,Laird Technologies - Thermal Materials,Thermal Pad Gray 229.00mm x 229.00mm Square
FAIL,0.0,-0.209,TP-0303,GP3000S30-0.125-02-0816,Thermal Pad,ModuleLED_Micro_8560,1.5,1.0341,0.8252,118.68,73.13,3.0,3.18,Bergquist,Thermal Pad Blue 406.40mm x 203.20mm Rectangular Tacky - Both Sides
PASS,100.0,0.6627,TP-0304,A17752-05,Thermal Pad,ModuleLED_Micro_8560,1.5,0.1625,0.8252,83.22,115.75,7.5,1.25,Laird Technologies - Thermal Materials,Thermal Pad Gray 228.60mm x 228.60mm Square Tacky - Both Sides
PASS,100.0,0.3299,TP-0305,GPHC5.0-0.100-02-0816,Thermal Pad,ModuleLED_Micro_8560,1.5,0.4953,0.8252,96.78,73.31,5.0,2.54,Bergquist,Thermal Pad Gray 406.40mm x 203.20mm Rectangular Tacky - Both Sides
PASS,100.0,0.5778,TP-0306,TGP6000ULM-0.060-12-0816,Thermal Pad,ModuleLED_Micro_8560,1.5,0.2473,0.8252,86.69,75.23,6.0,1.52,Bergquist Company,"Thermal Interface Products GAP PAD, 6W/m-K, 8"" x 16"" Sheet, 0.060"" Thickness, TGP6000ULM, IDH 2195667"
PASS,100.0,0.5422,TP-0307,TGP7000ULM-0.080-02-0808,Thermal Pad,ModuleLED_Micro_8560,1.5,0.2829,0.8252,88.11,152.13,7.0,2.03,Bergquist Company,"Thermal Interface Products GAP PAD, 7W/m-K, 8"" x 8"" Sheet, 0.080"" Thickness, TGP7000ULM, IDH 2474885"
PASS,100.0,0.8003,TP-0308,TGP40000SF-0.040-01-0606-NA,Thermal Pad,ModuleLED_Micro_8560,1.5,0.0249,0.8252,77.62,174885.44,40.0,1.02,Bergquist Company,"Thermal Interface Products GAP PAD, Sil-Free, 40W/m-K, 6 x 6"" Sheet, Tacky Pad, 0.040"" Thickness, Thermexit"
PASS,100.0,0.6265,TP-0309,A17536-04,Thermal Pad,ModuleLED_Micro_8560,1.5,0.1987,0.8252,84.7,31.26,5.0,1.02,Laird Technologies - Thermal Materials,Thermal Pad Pink 457.20mm x 457.20mm Square Tacky - Both Sides
PASS,100.0,0.1824,TP-0310,A17690-13,Thermal Pad,ModuleLED_Micro_8560,1.5,0.6428,0.8252,102.83,125.05,5.0,3.3,Laird Technologies - Thermal Materials,Thermal Pad Pink 228.60mm x 228.60mm Square Tacky - One Side
PASS,100.0,0.7818,TP-0311,TG-A1780-150-150-0.8,Thermal Pad,ModuleLED_Micro_8560,1.5,0.0433,0.8252,78.37,297.55,17.8,0.79,t-Global Technology,Thermal Pad Gray 150.00mm x 150.00mm Square
PASS,100.0,0.6828,TP-0312,61-15-0808-1671,Thermal Pad,ModuleLED_Micro_8560,1.5,0.1424,0.8252,82.42,163.25,2.6,0.38,Parker Chomerics,Thermal Pad White 203.20mm x 203.20mm Square
PASS,100.0,0.5777,TP-0313,A12617-25,Thermal Pad,ModuleLED_Micro_8560,1.5,0.2475,0.8252,86.69,32.91,3.0,0.76,Laird Technologies - Thermal Materials,Thermal Pad Blue-Violet 457.20mm x 457.20mm Square Tacky - Both Sides
PASS,100.0,0.7513,TP-0314,SuperThermal-B132-10-02-1500-1500,Thermal Pad,ModuleLED_Micro_8560,1.5,0.0739,0.8252,79.63,306.64,13.2,1.0,Aavid,"Thermal Interface Products SuperThermal Pad, 13.2 W/mK Conductivity, 1mm Thick, 2-Side Adhesive, 150x150mm"
PASS,100.0,0.63,TP-0315,A17752-06,Thermal Pad,ModuleLED_Micro_8560,1.5,0.1951,0.8252,84.54,132.45,7.5,1.5,Laird Technologies - Thermal Materials,Thermal Pad Gray 228.60mm x 228.60mm Square Tacky - Both Sides
PASS,100.0,0.6828,TP-0316,62-15-0808-1671,Thermal Pad,ModuleLED_Micro_8560,1.5,0.1424,0.8252,82.4,168.39,2.6,0.38,Parker Chomerics,Thermal Pad White 203.20mm x 203.20mm Square
PASS,100.0,0.7958,TP-0317,TG-A1660-250-250-0.5,Thermal Pad,ModuleLED_Micro_8560,1.5,0.0294,0.8252,77.81,112.34,16.6,0.5,t-Global Technology,Thermal Pad Gray 250.00mm x 250.00mm Square
PASS,100.0,0.7881,TP-0318,TGP 40000SF-0.060-00-0606,Thermal Pad,ModuleLED_Micro_8560,1.5,0.037,0.8252,78.12,195875.18,40.0,1.52,Bergquist Company,"Thermal Interface Products GAP PAD, Sil-Free, 40W/m-K, 6x6"" Sheet, 0.060"" Thickness, Thermexit, IDH 2972780"
PASS,100.0,0.7015,TP-0319,TGP12000ULM-0.060-00-0808,Thermal Pad,ModuleLED_Micro_8560,1.5,0.1236,0.8252,81.64,175.62,12.0,1.52,Bergquist Company,"Thermal Interface Products GAP PAD, 12W/m-K, Ultra-Low Modulus, 8""x8"" Sheet, 0.060"" Thickness, TGP12000ULM"
PASS,100.0,0.1651,TP-0320,A10237-21,Thermal Pad,ModuleLED_Micro_8560,1.5,0.6601,0.8252,103.51,142.96,3.0,2.03,Laird Technologies - Thermal Materials,Thermal Pad White 228.60mm x 228.60mm Square Tacky - Both Sides
PASS,100.0,0.5865,TP-0321,61-08-1015-PAD80G,Thermal Pad,ModuleLED_Micro_8560,1.5,0.2387,0.8252,86.33,78.1,8.3,2.03,Parker Chomerics,Thermal Pad Dark Gray 381.00mm x 254.00mm Rectangular
PASS,100.0,0.7423,TP-0322,2722287,Thermal Pad,ModuleLED_Micro_8560,1.5,0.0829,0.8252,79.98,186.02,12.0,1.02,Bergquist Company,"Thermal Interface Products GAP PAD, 12 W/m-K, Ultra-Low Modulus, 8"" x 8"" Sheet, 0.040"" Thickness"
PASS,100.0,0.7881,TP-0323,TGP40000SF-0.060-01-0606-NA,Thermal Pad,ModuleLED_Micro_8560,1.5,0.037,0.8252,78.12,215470.9,40.0,1.52,Bergquist Company,"Thermal Interface Products GAP PAD, Sil-Free, 40W/m-K, 6 x 6"" Sheet, Tacky Pad, 0.060"" Thickness, Thermexit"
PASS,100.0,0.4716,TP-0324,GP7000ULM-0.100-02-0808,Thermal Pad,ModuleLED_Micro_8560,1.5,0.3535,0.8252,91.04,190.29,7.0,2.54,Bergquist Company,"Thermal Interface Products GAP PAD, Silicone Thermal Interface, 7 W/m-K Thermal Conductivity, Ultra-Low Modulus, 8"" x 8"" Sheet, 0.100"" Thickness, GAP PAD TGP 7000ULM Series, IDH 2474876"
PASS,100.0,0.5991,TP-0325,A10833-06,Thermal Pad,ModuleLED_Micro_8560,1.5,0.226,0.8252,85.82,38.32,2.2,0.51,Laird Technologies - Thermal Materials,Thermal Pad Yellow 457.20mm x 457.20mm Square Tacky - Both Sides
PASS,100.0,0.6832,TP-0326,SP2000-0.020-00-1212,Thermal Pad,ModuleLED_Micro_8560,1.5,0.142,0.8252,82.38,87.36,3.5,0.51,Bergquist,Thermal Pad White 304.80mm x 304.80mm Square
PASS,100.0,0.7471,TP-0327,TG-A1250-310-310-1.0,Thermal Pad,ModuleLED_Micro_8560,1.5,0.0781,0.8252,79.78,85.56,12.5,1.0,t-Global Technology,Thermal Pad Green 310.00mm x 310.00mm Square
PASS,100.0,0.7704,TP-0328,TG-A1780-150-150-1.0,Thermal Pad,ModuleLED_Micro_8560,1.5,0.0547,0.8252,78.84,366.04,17.8,1.0,t-Global Technology,Thermal Pad Gray 150.00mm x 150.00mm Square
PASS,100.0,0.7258,TP-0329,TGP10000ULM-0.040-02-0808,Thermal Pad,ModuleLED_Micro_8560,1.5,0.0994,0.8252,80.67,200.96,10.0,1.02,Bergquist Company,"Thermal Interface Products GAP PAD, 10W/m-K, 8"" x 8"" Sheet, 0.040"" Thickness, TGP10000ULM, IDH 2591008"
PASS,100.0,0.7757,TP-0330,TGP 40000SF-0.080-00-0606,Thermal Pad,ModuleLED_Micro_8560,1.5,0.0494,0.8252,78.62,232994.75,40.0,2.03,Bergquist Company,"Thermal Interface Products GAP PAD, Sil-Free, 40W/m-K, 6x6"" Sheet, 0.080"" Thickness, Thermexit, IDH 2972781"
PASS,100.0,0.5643,TP-0331,A17752-08,Thermal Pad,ModuleLED_Micro_8560,1.5,0.2609,0.8252,87.21,165.49,7.5,2.01,Laird Technologies - Thermal Materials,Thermal Pad Gray 228.60mm x 228.60mm Square Tacky - Both Sides
PASS,100.0,0.6602,TP-0332,TGP12000ULM-0.080-00-0808,Thermal Pad,ModuleLED_Micro_8560,1.5,0.1649,0.8252,83.34,213.63,12.0,2.03,Bergquist Company,"Thermal Interface Products GAP PAD, 12W/m-K, Ultra-Low Modulus, 8""x8"" Sheet, 0.080"" Thickness, TGP12000ULM"
PASS,100.0,0.7757,TP-0333,TGP40000SF-0.080-01-0606-NA,Thermal Pad,ModuleLED_Micro_8560,1.5,0.0495,0.8252,78.62,253603.4,40.0,2.03,Bergquist Company,"Thermal Interface Products GAP PAD, Sil-Free, 40W/m-K, 6 x 6"" Sheet, Tacky Pad, 0.080"" Thickness, Thermexit"
PASS,100.0,0.5864,TP-0334,62-08-1015-PAD80A,Thermal Pad,ModuleLED_Micro_8560,1.5,0.2387,0.8252,86.34,94.84,8.3,2.03,Parker Chomerics,Thermal Pad Dark Gray 381.00mm x 254.00mm Rectangular Adhesive - One Side
PASS,100.0,0.5815,TP-0335,A18213-10,Thermal Pad,ModuleLED_Micro_8560,1.5,0.2437,0.8252,86.54,179.49,10.0,2.5,Laird Technologies - Thermal Materials,Thermal Pad Gray 229.00mm x 229.00mm Square
PASS,100.0,0.7017,TP-0336,2722288,Thermal Pad,ModuleLED_Micro_8560,1.5,0.1235,0.8252,81.64,228.07,12.0,1.52,Bergquist Company,"Thermal Interface Products GAP PAD, 12 W/m-K, Ultra-Low Modulus, 8"" x 8"" Sheet, 0.060"" Thickness"
PASS,100.0,0.3829,TP-0337,TGP7000ULM-0.125-02-0808,Thermal Pad,ModuleLED_Micro_8560,1.5,0.4422,0.8252,94.69,233.28,7.0,3.18,Bergquist Company,"Thermal Interface Products GAP PAD, 7W/m-K, 8"" x 8"" Sheet, 0.125"" Thickness, TGP7000ULM, IDH 2474886"
PASS,100.0,0.4936,TP-0338,GP3004SF-0.040-01-0918,Thermal Pad,ModuleLED_Micro_8560,1.5,0.3315,0.8252,90.11,98.35,3.0,1.02,Bergquist,Thermal Pad Gray 457.20mm x 228.60mm Rectangular Tacky - One Side
PASS,100.0,0.7632,TP-0339,TGP 40000SF-0.100-00-0606,Thermal Pad,ModuleLED_Micro_8560,1.5,0.0619,0.8252,79.13,287601.3,40.0,2.54,Bergquist Company,"Thermal Interface Products GAP PAD, Sil-Free, 40W/m-K, 6x6"" Sheet, 0.100"" Thickness, Thermexit, IDH 2964639"
FAIL,0.0,-0.8278,TP-0340,A14428-01,Thermal Pad,ModuleLED_Micro_8560,1.5,1.653,0.8252,143.73,201.4,3.0,5.08,Laird Technologies - Thermal Materials,Thermal Pad Blue-Violet 228.60mm x 228.60mm Square Tacky - One Side
PASS,100.0,0.4956,TP-0341,TGP6000ULM-0.080-12-0816,Thermal Pad,ModuleLED_Micro_8560,1.5,0.3296,0.8252,90.01,128.08,6.0,2.03,Bergquist Company,"Thermal Interface Products GAP PAD, 6W/m-K, 8"" x 16"" Sheet, 0.080"" Thickness, TGP6000ULM, IDH 2195669"
PASS,100.0,0.6771,TP-0342,TGP10000ULM-0.060-02-0808,Thermal Pad,ModuleLED_Micro_8560,1.5,0.148,0.8252,82.66,257.41,10.0,1.52,Bergquist Company,"Thermal Interface Products GAP PAD, 10W/m-K, 8"" x 8"" Sheet, 0.060"" Thickness, TGP10000ULM, IDH 2591009"
PASS,100.0,0.7601,TP-0343,TGP40000SF-0.100-01-0606-NA,Thermal Pad,ModuleLED_Micro_8560,1.5,0.065,0.8252,79.26,316349.34,40.0,2.67,Bergquist Company,"Thermal Interface Products GAP PAD, Sil-Free, 40W/m-K, 6 x 6"" Sheet, Tacky Pad, 0.105"" Thickness, Thermexit"
PASS,100.0,0.6601,TP-0344,2722289,Thermal Pad,ModuleLED_Micro_8560,1.5,0.165,0.8252,83.35,278.43,12.0,2.03,Bergquist Company,"Thermal Interface Products GAP PAD, 12 W/m-K, Ultra-Low Modulus, 8"" x 8"" Sheet, 0.080"" Thickness"
PASS,100.0,0.7981,TP-0345,TG-A1780-250-250-0.5,Thermal Pad,ModuleLED_Micro_8560,1.5,0.0271,0.8252,77.72,183.97,18.0,0.5,t-Global Technology,Thermal Pad Gray 250.00mm x 250.00mm Square
PASS,100.0,0.743,TP-0346,TG-A1780-150-150-1.5,Thermal Pad,ModuleLED_Micro_8560,1.5,0.0822,0.8252,79.96,533.9,17.8,1.5,t-Global Technology,Thermal Pad Gray 150.00mm x 150.00mm Square
PASS,100.0,0.3087,TP-0347,2214846,Thermal Pad,ModuleLED_Micro_8560,1.5,0.5165,0.8252,97.62,147.17,6.0,3.18,Bergquist,Thermal Pad Gray 406.40mm x 203.20mm Rectangular Tacky - Both Sides
PASS,100.0,0.7477,TP-0348,TGP 40000SF-0.125-00-0606,Thermal Pad,ModuleLED_Micro_8560,1.5,0.0775,0.8252,79.76,344818.63,40.0,3.18,Bergquist Company,"Thermal Interface Products GAP PAD, Sil-Free, 40W/m-K, 6x6"" Sheet, 0.125"" Thickness, Thermexit, IDH 2964638"
PASS,100.0,0.5033,TP-0349,TGF30SF-07870787-039,Thermal Pad,ModuleLED_Micro_8560,1.5,0.3219,0.8252,89.74,318.13,3.0,0.99,Leader Tech Inc.,Thermal Pad Gray 199.90mm x 199.90mm Square Tacky - Both Sides
PASS,100.0,0.4125,TP-0350,TGP6000ULM-0.100-12-0816,Thermal Pad,ModuleLED_Micro_8560,1.5,0.4126,0.8252,93.41,157.23,6.0,2.54,Bergquist Company,"Thermal Interface Products GAP PAD, 6W/m-K, 8"" x 16"" Sheet, 0.100"" Thickness, TGP6000ULM, IDH 2196912"
PASS,100.0,0.6273,TP-0351,TGP10000ULM-0.080-02-0808,Thermal Pad,ModuleLED_Micro_8560,1.5,0.1978,0.8252,84.66,315.96,10.0,2.03,Bergquist Company,"Thermal Interface Products GAP PAD, 10W/m-K, 8"" x 8"" Sheet, 0.080"" Thickness, TGP10000ULM, IDH 2591010"
PASS,100.0,0.7477,TP-0352,TGP40000SF-0.125-01-0606-NA,Thermal Pad,ModuleLED_Micro_8560,1.5,0.0775,0.8252,79.76,379290.26,40.0,3.18,Bergquist Company,"Thermal Interface Products GAP PAD, Sil-Free, 40W/m-K, 6 x 6"" Sheet, Tacky Pad, 0.125"" Thickness, Thermexit"
PASS,100.0,0.619,TP-0353,2722290,Thermal Pad,ModuleLED_Micro_8560,1.5,0.2061,0.8252,85.01,342.0,12.0,2.54,Bergquist Company,"Thermal Interface Products GAP PAD, 12 W/m-K, Ultra-Low Modulus, 8"" x 8"" Sheet, 0.100"" Thickness"
PASS,100.0,0.6682,TP-0354,TG-A1250-310-310-2.0,Thermal Pad,ModuleLED_Micro_8560,1.5,0.1569,0.8252,82.99,162.72,12.5,2.01,t-Global Technology,Thermal Pad Green 310.00mm x 310.00mm Square
PASS,100.0,0.7152,TP-0355,TG-A1780-150-150-2.0,Thermal Pad,ModuleLED_Micro_8560,1.5,0.11,0.8252,81.1,698.59,17.8,2.01,t-Global Technology,Thermal Pad Gray 150.00mm x 150.00mm Square
PASS,100.0,0.3086,TP-0356,TGP6000ULM-0.125-12-0816,Thermal Pad,ModuleLED_Micro_8560,1.5,0.5166,0.8252,97.65,200.59,6.0,3.18,Bergquist Company,"Thermal Interface Products GAP PAD, 6W/m-K, 8"" x 16"" Sheet, 0.125"" Thickness, TGP6000ULM, IDH 2214846"
PASS,100.0,0.5774,TP-0357,2722291,Thermal Pad,ModuleLED_Micro_8560,1.5,0.2477,0.8252,86.69,435.61,12.0,3.05,Bergquist Company,"Thermal Interface Products GAP PAD, 12 W/m-K, Ultra-Low Modulus, 8"" x 8"" Sheet, 0.120"" Thickness"
PASS,100.0,0.619,TP-0358,TGP12000ULM-0.100-00-0808,Thermal Pad,ModuleLED_Micro_8560,1.5,0.2061,0.8252,85.01,442.31,12.0,2.54,Bergquist Company,"Thermal Interface Products GAP PAD, 12W/m-K, Ultra-Low Modulus, 8""x8"" Sheet, 0.100"" Thickness, TGP12000ULM"
PASS,100.0,0.5664,TP-0359,TGP12000ULM-0.125-00-0808,Thermal Pad,ModuleLED_Micro_8560,1.5,0.2587,0.8252,87.13,453.59,12.0,3.18,Bergquist Company,"Thermal Interface Products GAP PAD, 12W/m-K, Ultra-Low Modulus, 8""x8"" Sheet, 0.125"" Thickness, TGP12000ULM"
PASS,100.0,0.6926,TP-0360,A17751-04,Thermal Pad,ModuleLED_Micro_8560,1.5,0.1326,0.8252,82.01,91.47,7.5,1.02,Laird Technologies - Thermal Materials,Thermal Pad Gray 457.20mm x 457.20mm Square Tacky - Both Sides
PASS,100.0,0.5362,TP-0361,2722292,Thermal Pad,ModuleLED_Micro_8560,1.5,0.289,0.8252,88.41,471.75,12.0,3.56,Bergquist Company,"Thermal Interface Products GAP PAD, 12 W/m-K, Ultra-Low Modulus, 8"" x 8"" Sheet, 0.140"" Thickness"
PASS,100.0,0.5776,TP-0362,TGP10000ULM-0.100-02-0808,Thermal Pad,ModuleLED_Micro_8560,1.5,0.2475,0.8252,86.7,478.76,10.0,2.54,Bergquist Company,"Thermal Interface Products GAP PAD, 10W/m-K, 8"" x 8"" Sheet, 0.100"" Thickness, TGP10000ULM, IDH 2599712"
PASS,100.0,0.5147,TP-0363,TGP10000ULM-0.125-02-0808,Thermal Pad,ModuleLED_Micro_8560,1.5,0.3105,0.8252,89.24,527.01,10.0,3.18,Bergquist Company,"Thermal Interface Products GAP PAD, 10W/m-K, 8"" x 8"" Sheet, 0.125"" Thickness, TGP10000ULM, IDH 2599713"
PASS,100.0,0.4956,TP-0364,2722293,Thermal Pad,ModuleLED_Micro_8560,1.5,0.3295,0.8252,90.06,539.28,12.0,4.06,Bergquist Company,"Thermal Interface Products GAP PAD, 12 W/m-K, Ultra-Low Modulus, 8"" x 8"" Sheet, 0.160"" Thickness"
