MPN,Manufacturer,Category,Description,Thermal_Conductivity,Thickness,Width,Length,Price_THB
06450-M,Qualtek,"Fans, Blowers, Thermal Management",120mm Sq Fan Filter/Screen Aluminum Washable in solvent or degreaser,,120 mm,,,86.78
DV-T263-101E-TR,Ohmite,"Fans, Blowers, Thermal Management",Heat Sink TO-263 (D²Pak) Aluminum 2.0W @ 30°C Top Mount,,"0.400"" (10.16mm)","1.020"" (25.91mm)","0.500"" (12.70mm)",93.93
06250-SS,Qualtek,"Fans, Blowers, Thermal Management",60mm Sq Fan Filter/Screen Stainless Steel Washable in solvent or degreaser,,60 mm,,,97.83
WV-T247-101E,Ohmite,"Fans, Blowers, Thermal Management","Heat Sink TO-247 Aluminum 1.0W @ 20°C Board Level, Vertical",,"0.630"" (16.00mm)","0.921"" (23.40mm)","1.260"" (32.00mm)",104.33
TC3-1G,Chip Quik Inc.,"Fans, Blowers, Thermal Management",Thermal Silicone Compound 1 gram Syringe,8.50W/m-K,,,,193.38
TC1-10G,Chip Quik Inc.,"Fans, Blowers, Thermal Management",Thermal Silicone Compound 10 gram Syringe,0.67W/m-K,,,,290.88
250G,"Boyd Laconia, LLC","Fans, Blowers, Thermal Management",Thermal Silicone Compound 2 oz Tube,0.76W/m-K,,,,441.03
TG-N909-30,t-Global Technology,"Fans, Blowers, Thermal Management",Thermal Non-Silicone Grease 30 gram Container,9.00W/m-K,,,,481.65
CW7270,Chemtronics,"Fans, Blowers, Thermal Management",Thermal Non-Silicone Grease 7 gram Syringe,0.71W/m-K,,,,504.32
CW7250,Chemtronics,"Fans, Blowers, Thermal Management",Thermal Non-Silicone Grease 3.4 gram Syringe,1.85W/m-K,,,,729.95
9460TC-3ML,MG Chemicals,"Fans, Blowers, Thermal Management",Thermal Epoxy Adhesive 3 ml Syringe,0.80W/m-K,,,,832.98
846-80G,MG Chemicals,"Fans, Blowers, Thermal Management",Thermal Silicone Grease 2.8 oz Container,-,,,,1068.6
CT40-5,Chemtronics,"Fans, Blowers, Thermal Management",Thermal Silicone Compound 5 oz Tube,0.63W/m-K,,,,1118.33
GF1500-00-60-50CC,Bergquist,"Fans, Blowers, Thermal Management","Thermal Liquid Gap Filler, 2 Part 50cc Cartridge",1.80W/m-K,,,,1129.05
8329TCS-6ML,MG Chemicals,"Fans, Blowers, Thermal Management","Thermal Epoxy, 2 Part 6 ml Syringe",1.40W/m-K,,,,1144.65
1978-DP,Techspray,"Fans, Blowers, Thermal Management",Thermal Non-Silicone Compound 4 oz Tube,-,,,,1213.55
TC3-10G,Chip Quik Inc.,"Fans, Blowers, Thermal Management",Thermal Silicone Compound 5cc Syringe,8.50W/m-K,,,,1233.38
8329TFS-25ML,MG Chemicals,"Fans, Blowers, Thermal Management","Thermal Epoxy, 2 Part 25 ml Syringe",1.20W/m-K,,,,1625.98
GF3500S35-07-60-50CC,Bergquist,"Fans, Blowers, Thermal Management","Thermal Liquid Gap Filler, 2 Part 50cc Cartridge",3.60W/m-K,,,,1674.4
GF3500S35-00-60-50CC,Bergquist,"Fans, Blowers, Thermal Management","Thermal Liquid Gap Filler, 2 Part 50cc Cartridge",3.60W/m-K,,,,1753.7
TC4-20G,Chip Quik Inc.,"Fans, Blowers, Thermal Management","Thermal Thermal Compound, Liquid Metal 20 gram Syringe",79.00 W/m-K,,,,1799.2
65-00-GEL75-0010,Parker Chomerics,"Fans, Blowers, Thermal Management",Thermal Silicone Gel 10cc Syringe,7.50W/m-K,,,,1982.83
ATS-EXL77-300-R0,Advanced Thermal Solutions Inc.,"Fans, Blowers, Thermal Management","Heat Sink Aluminum Top Mount, Extrusion",,"0.654"" (16.60mm)","4.754"" (120.75mm)","11.811"" (300.00mm)",2136.23
ATS-EXL98-300-R0,Advanced Thermal Solutions Inc.,"Fans, Blowers, Thermal Management","Heat Sink Aluminum Top Mount, Extrusion",,"1.417"" (36.00mm)","4.724"" (120.00mm)","11.811"" (300.00mm)",2183.03
CW7100,Chemtronics,"Fans, Blowers, Thermal Management",Thermal Silicone Grease 6.5 gram Syringe,5.60W/m-K,,,,2210.65
8329TFS-50ML,MG Chemicals,"Fans, Blowers, Thermal Management","Thermal Epoxy, 2 Part 45 ml Cartridge",1.20W/m-K,,,,2318.88
8329TCS-50ML,MG Chemicals,"Fans, Blowers, Thermal Management","Thermal Epoxy, 2 Part 50 ml Jar",1.40W/m-K,,,,2411.83
65-02-GEL75-0030,Parker Chomerics,"Fans, Blowers, Thermal Management",Thermal Silicone Gel 30cc Syringe,7.50W/m-K,,,,2652.33
1978-1,Techspray,"Fans, Blowers, Thermal Management",Thermal Non-Silicone Compound 1 lb Can,-,,,,2654.93
8349TFM-45ML,MG Chemicals,"Fans, Blowers, Thermal Management","Thermal Epoxy, 2 Part 45 ml Jar",0.90W/m-K,,,,2856.43
ATS-EXL312-300-R0,Advanced Thermal Solutions Inc.,"Fans, Blowers, Thermal Management","Heat Sink Aluminum Top Mount, Extrusion",,"1.180"" (29.97mm)","3.160"" (80.26mm)","11.811"" (300.00mm)",2937.03
ATS-EXL117-300-R0,Advanced Thermal Solutions Inc.,"Fans, Blowers, Thermal Management","Heat Sink Aluminum Top Mount, Extrusion",,"0.492"" (12.50mm)","9.213"" (234.00mm)","11.811"" (300.00mm)",3745.3
127-20-10,Wakefield Thermal Solutions,"Fans, Blowers, Thermal Management",Thermal Non-Silicone Grease 1 gram Syringe,20.00W/m-K,,,,4708.28
1188118,LOCTITE,"Fans, Blowers, Thermal Management","Thermal Epoxy, 2 Part (Order Catalyst Separately) 1.36 kg Container",-,,,,5197.73
1188119,LOCTITE,"Fans, Blowers, Thermal Management","Thermal Epoxy, 2 Part (Order Catalyst Separately) 8.16 kg Container",-,,,,9969.7
06325-M,Qualtek,"Fans, Blowers, Thermal Management",80mm Sq Fan Filter/Screen Aluminum Washable in solvent or degreaser,,80 mm,,,64.89
DV-T263-301E-TR,Ohmite,"Fans, Blowers, Thermal Management",Heat Sink TO-263 (D²Pak) Aluminum 6.0W @ 40°C Top Mount,,"0.460"" (11.68mm)","1.390"" (35.31mm)","0.500"" (12.70mm)",109.53
06325-SS,Qualtek,"Fans, Blowers, Thermal Management",80mm Sq Fan Filter/Screen Stainless Steel Washable in solvent or degreaser,,80 mm,,,110.83
06362-SS,Qualtek,"Fans, Blowers, Thermal Management",92mm Sq Fan Filter/Screen Stainless Steel Washable in solvent or degreaser,,92 mm,,,120.9
C247-025-1VE,Ohmite,"Fans, Blowers, Thermal Management","Heat Sink TO-247 Aluminum 5.0W @ 60°C Board Level, Vertical",,"0.710"" (18.03mm)","1.500"" (38.10mm)","0.984"" (25.00mm)",184.93
C40-058-VE,Ohmite,"Fans, Blowers, Thermal Management","Heat Sink TO-247, TO-264, SOT-227 Aluminum Board Level, Vertical",,"1.260"" (32.00mm)","1.724"" (43.79mm)","2.283"" (58.00mm)",186.55
C60-075-VE,Ohmite,"Fans, Blowers, Thermal Management","Heat Sink TO-220, TO-247, TO-264 Aluminum Board Level, Vertical",,"1.610"" (40.89mm)","2.480"" (62.99mm)","2.953"" (75.00mm)",405.28
TC1-20G,Chip Quik Inc.,"Fans, Blowers, Thermal Management",Thermal Silicone Compound 20 gram Syringe,0.67W/m-K,,,,420.88
ATS-EXL67-300-R0,Advanced Thermal Solutions Inc.,"Fans, Blowers, Thermal Management","Heat Sink Aluminum Top Mount, Extrusion",,"0.531"" (13.50mm)","1.083"" (27.50mm)","11.811"" (300.00mm)",445.58
65-00-GREASE15-0010,Parker Chomerics,"Fans, Blowers, Thermal Management",Thermal Silicone Grease 10cc Syringe,1.50W/m-K,,,,552.5
ATS-EXL1-254-R0,Advanced Thermal Solutions Inc.,"Fans, Blowers, Thermal Management","Heat Sink Aluminum Top Mount, Extrusion",,"0.394"" (10.00mm)","3.967"" (100.76mm)","10.000"" (254.00mm)",799.83
65-00-GEL37-0010,Parker Chomerics,"Fans, Blowers, Thermal Management",Thermal Silicone Gel 10cc Syringe,3.70W/m-K,,,,956.15
ATS-EXL68-300-R0,Advanced Thermal Solutions Inc.,"Fans, Blowers, Thermal Management","Heat Sink Aluminum Top Mount, Extrusion",,"0.984"" (25.00mm)","2.010"" (51.00mm)","11.811"" (300.00mm)",971.1
65-00-GEL35VT-0010,Parker Chomerics,"Fans, Blowers, Thermal Management",Thermal Silicone Gel 10cc Syringe,3.50W/m-K,,,,1045.85
ATS-EXL7-254-R0,Advanced Thermal Solutions Inc.,"Fans, Blowers, Thermal Management","Heat Sink Aluminum Top Mount, Extrusion",,"0.551"" (14.00mm)","3.976"" (101.00mm)","9.764"" (248.00mm)",1102.73
TG-N8000-30,t-Global Technology,"Fans, Blowers, Thermal Management",Thermal Non-Silicone Putty 30 gram Jar,8.00W/m-K,,,,1631.5
65-02-GEL50TBL-0030,Parker Chomerics,"Fans, Blowers, Thermal Management",Thermal Silicone Gel 30cc Syringe,5.00W/m-K,,,,1759.88
A18835-01,Laird Technologies - Thermal Materials,"Fans, Blowers, Thermal Management",Thermal Liquid Gap Filler 50cc Cartridge,5.40W/m-K,,,,1783.93
ATS-EXL78-300-R0,Advanced Thermal Solutions Inc.,"Fans, Blowers, Thermal Management","Heat Sink Aluminum Top Mount, Extrusion",,"0.299"" (7.60mm)","5.748"" (146.00mm)","11.811"" (300.00mm)",1819.03
ATS-EXL100-300-R0,Advanced Thermal Solutions Inc.,"Fans, Blowers, Thermal Management","Heat Sink Aluminum Top Mount, Extrusion",,"1.319"" (33.50mm)","5.118"" (130.00mm)","11.811"" (300.00mm)",2162.88
ATS-EXL424-288-R0,Advanced Thermal Solutions Inc.,"Fans, Blowers, Thermal Management","Heat Sink Aluminum Top Mount, Extrusion",,"0.650"" (16.51mm)","7.402"" (188.00mm)","11.339"" (288.00mm)",2272.4
ATS-EXL108-300-R0,Advanced Thermal Solutions Inc.,"Fans, Blowers, Thermal Management","Heat Sink Aluminum Top Mount, Extrusion",,"2.165"" (54.99mm)","9.449"" (240.00mm)","11.811"" (300.00mm)",4115.48
A16872-03,Laird Technologies - Thermal Materials,"Fans, Blowers, Thermal Management",Thermal Liquid Gap Filler 180cc Cartridge,2.30W/m-K,,,,4261.4
127-12-10,Wakefield Thermal Solutions,"Fans, Blowers, Thermal Management",Thermal Non-Silicone Grease 1 gram Syringe,12.00W/m-K,,,,4517.18
ATS-EXL312-1220-R0,Advanced Thermal Solutions Inc.,"Fans, Blowers, Thermal Management","Heat Sink Aluminum Top Mount, Extrusion",,"1.180"" (29.97mm)","3.160"" (80.26mm)","48.032"" (1220.00mm)",9673.3
DV-T268-301E-TR,Ohmite,"Fans, Blowers, Thermal Management",Heat Sink TO-268 (D³Pak) Aluminum 7.0W @ 35°C Top Mount,,"0.460"" (11.68mm)","1.580"" (40.13mm)","0.500"" (12.70mm)",115.05
ATS-EXL120-300-R0,Advanced Thermal Solutions Inc.,"Fans, Blowers, Thermal Management","Heat Sink Aluminum Top Mount, Extrusion",,"0.551"" (14.00mm)","3.150"" (80.00mm)","11.811"" (300.00mm)",2379.33
ATS-EXL115-300-R0,Advanced Thermal Solutions Inc.,"Fans, Blowers, Thermal Management","Heat Sink Aluminum Top Mount, Extrusion",,"1.181"" (30.00mm)","4.724"" (120.00mm)","11.811"" (300.00mm)",2569.78
ATS-EXL84-1220-R0,Advanced Thermal Solutions Inc.,"Fans, Blowers, Thermal Management","Heat Sink Aluminum Top Mount, Extrusion",,"0.984"" (25.00mm)","2.756"" (70.00mm)","48.032"" (1220.00mm)",2915.25
ATS-EXL117-1220-R0,Advanced Thermal Solutions Inc.,"Fans, Blowers, Thermal Management","Heat Sink Aluminum Top Mount, Extrusion",,"0.492"" (12.50mm)","9.213"" (234.00mm)","48.032"" (1220.00mm)",10042.18
ATS-EXL108-1220-R0,Advanced Thermal Solutions Inc.,"Fans, Blowers, Thermal Management","Heat Sink Aluminum Top Mount, Extrusion",,"2.165"" (54.99mm)","9.449"" (240.00mm)","48.032"" (1220.00mm)",18324.15
65-00-GREASE50-0010,Parker Chomerics,"Fans, Blowers, Thermal Management",Thermal Silicone Grease 10cc Jar,5.00W/m-K,,,,610.03
PV-T2X-38E,Ohmite,"Fans, Blowers, Thermal Management","Heat Sink TO-220, TO-247, TO-264 Aluminum Board Level, Vertical",,"1.500"" (38.10mm)","0.690"" (17.53mm)","1.180"" (29.97mm)",296.4
SILV5-THERMAL-PASTE,StarTech.com,"Fans, Blowers, Thermal Management",Thermal Silicone Compound 1.5 gram Syringe,3.20W/m-K,,,,1018.08
S-PUTTY-100,"Shiu Li Technology Co., Ltd.","Fans, Blowers, Thermal Management",Thermal Silicone Putty 100 gram Cartridge,3.50W/m-K,,,,1218.43
N-PUTTY-100,"Shiu Li Technology Co., Ltd.","Fans, Blowers, Thermal Management",Thermal Non-Silicone Putty 100 gram Cartridge,3.50W/m-K,,,,1222.0
G3380NA-120,"Shiu Li Technology Co., Ltd.","Fans, Blowers, Thermal Management",Thermal Non-Silicone Grease 120 gram Cartridge,1.30W/m-K,,,,1649.7
S-PUTTY2-100,"Shiu Li Technology Co., Ltd.","Fans, Blowers, Thermal Management",Thermal Silicone Putty 100 gram Cartridge,6.00W/m-K,,,,1741.35
H-PUTTY2-100,"Shiu Li Technology Co., Ltd.","Fans, Blowers, Thermal Management",Thermal Silicone Putty 100 gram Cartridge,6.00W/m-K,,,,1833.0
G3380D-100,"Shiu Li Technology Co., Ltd.","Fans, Blowers, Thermal Management",Thermal Silicone Grease 100 gram Cartridge,6.00W/m-K,,,,2072.7
SH-PUTTY3-100,"Shiu Li Technology Co., Ltd.","Fans, Blowers, Thermal Management",Thermal Silicone Putty 100 gram Cartridge,8.00W/m-K,,,,2600.0
EPDM30-135,"Shiu Li Technology Co., Ltd.","Fans, Blowers, Thermal Management","Thermal Liquid Gap Filler, 2 Part 50 ml Cartridges",3.00W/m-K,,,,2993.9
D2000-140,"Shiu Li Technology Co., Ltd.","Fans, Blowers, Thermal Management","Thermal Silicone Grease, 2 Part 140 gram Cartridge",2.00W/m-K,,,,3635.45
SH-PUTTY3-100-KIT,"Shiu Li Technology Co., Ltd.","Fans, Blowers, Thermal Management",Thermal Silicone Putty 100 gram Cartridge,8.00W/m-K,,,,3688.75
N-PUTTY3-100,"Shiu Li Technology Co., Ltd.","Fans, Blowers, Thermal Management",Thermal,,,,,3838.9
EP770-1100,"Shiu Li Technology Co., Ltd.","Fans, Blowers, Thermal Management","Thermal Epoxy, 2 Part 1 kg Can",2.50W/m-K,,,,3971.5
NL-PUTTY10-90,"Shiu Li Technology Co., Ltd.","Fans, Blowers, Thermal Management",Thermal 30 ml Cartridge,,,,,4346.88
X-PUTTY-900,"Shiu Li Technology Co., Ltd.","Fans, Blowers, Thermal Management",Thermal Silicone Putty 900 gram Container,3.00W/m-K,,,,6682.65
DV-T263-201E-TR,Ohmite,"Fans, Blowers, Thermal Management",Heat Sink TO-263 (D²Pak) Aluminum 2.0W @ 30°C Top Mount,,"0.480"" (12.19mm)","1.020"" (25.91mm)","0.500"" (12.70mm)",92.63
GF1000-00-15-50CC,Bergquist,"Fans, Blowers, Thermal Management","Thermal Liquid Gap Filler, 2 Part 50cc Cartridge",1.00W/m-K,,,,826.48
TC2-20G,Chip Quik Inc.,"Fans, Blowers, Thermal Management",Thermal Silicone Compound 20 gram Syringe,4.30W/m-K,,,,1330.88
65-02-GEL35VT-0030,Parker Chomerics,"Fans, Blowers, Thermal Management",Thermal Silicone Gel 30cc Syringe,3.50W/m-K,,,,1428.05
A17262-01,Laird Technologies - Thermal Materials,"Fans, Blowers, Thermal Management",Thermal Silicone Gap Filler 50cc Cartridge,6.40W/m-K,,,,3810.3
1188124,LOCTITE,"Fans, Blowers, Thermal Management","Thermal Epoxy, 2 Part (Order Catalyst Separately) 3 lb Container",-,,,,5478.2
A18578-08,Laird Technologies - Thermal Materials,"Fans, Blowers, Thermal Management",Thermal Liquid Gap Filler 75cc Cartridge,9.10W/m-K,,,,7582.25
TG-N909-1000,t-Global Technology,"Fans, Blowers, Thermal Management",Thermal Non-Silicone Grease 1 kg Container,9.00W/m-K,,,,13106.28
ATS-EXL110-1220-R0,Advanced Thermal Solutions Inc.,"Fans, Blowers, Thermal Management","Heat Sink Aluminum Top Mount, Extrusion",,"1.772"" (45.00mm)","7.874"" (200.00mm)","48.032"" (1220.00mm)",13792.35
A18578-02,Laird Technologies - Thermal Materials,"Fans, Blowers, Thermal Management",Thermal Liquid Gap Filler 180cc Cartridge,9.10W/m-K,,,,16599.05
06450-SS,Qualtek,"Fans, Blowers, Thermal Management",120mm Sq Fan Filter/Screen Stainless Steel Washable in solvent or degreaser,,120 mm,,,152.75
ATS-EXL58-300-R0,Advanced Thermal Solutions Inc.,"Fans, Blowers, Thermal Management","Heat Sink Aluminum Top Mount, Extrusion",,"0.315"" (8.00mm)","0.236"" (6.00mm)","11.811"" (300.00mm)",350.68
ATS-EXL61-300-R0,Advanced Thermal Solutions Inc.,"Fans, Blowers, Thermal Management","Heat Sink Aluminum Top Mount, Extrusion",,"0.236"" (6.00mm)","0.591"" (15.00mm)","11.811"" (300.00mm)",385.78
TC4-1G,Chip Quik Inc.,"Fans, Blowers, Thermal Management","Thermal Thermal Compound, Liquid Metal 1 gram Syringe",79.00 W/m-K,,,,391.95
ATS-EXL59-300-R0,Advanced Thermal Solutions Inc.,"Fans, Blowers, Thermal Management","Heat Sink Aluminum Top Mount, Extrusion",,"0.630"" (16.00mm)","0.551"" (14.00mm)","11.811"" (300.00mm)",465.73
TC3-3.5G,Chip Quik Inc.,"Fans, Blowers, Thermal Management",Thermal Silicone Compound 3.5 gram Syringe,8.50W/m-K,,,,485.88
TC4-2G,Chip Quik Inc.,"Fans, Blowers, Thermal Management","Thermal Thermal Compound, Liquid Metal 2 gram Syringe",79.00 W/m-K,,,,575.9
65-00-GREASE30-0010,Parker Chomerics,"Fans, Blowers, Thermal Management",Thermal Silicone Grease 10cc Syringe,3.00W/m-K,,,,581.1
65-00-GREASE70-0010,Parker Chomerics,"Fans, Blowers, Thermal Management",Thermal Silicone Grease 10cc Syringe,7.00W/m-K,,,,627.25
65-00-CIP60-0045,Parker Chomerics,"Fans, Blowers, Thermal Management","Thermal Silicone Compound, 2 Part 50cc Cartridge",6.00W/m-K,,,,673.4
1977-DP,Techspray,"Fans, Blowers, Thermal Management",Thermal Silicone Grease 4 oz Tube,-,,,,696.15
TC2-10G,Chip Quik Inc.,"Fans, Blowers, Thermal Management",Thermal Silicone Compound 10 gram Syringe,4.30W/m-K,,,,713.38
ATS-EXL63-300-R0,Advanced Thermal Solutions Inc.,"Fans, Blowers, Thermal Management","Heat Sink Aluminum Top Mount, Extrusion",,"1.378"" (35.00mm)","0.984"" (25.00mm)","11.811"" (300.00mm)",738.08
TC4-5G,Chip Quik Inc.,"Fans, Blowers, Thermal Management","Thermal Thermal Compound, Liquid Metal 5 gram Syringe",79.00 W/m-K,,,,756.28
TC4-10G,Chip Quik Inc.,"Fans, Blowers, Thermal Management","Thermal Thermal Compound, Liquid Metal 10 gram Syringe",79.00 W/m-K,,,,1110.2
ATS-EXL75-300-R0,Advanced Thermal Solutions Inc.,"Fans, Blowers, Thermal Management","Heat Sink Aluminum Top Mount, Extrusion",,"0.728"" (18.50mm)","2.976"" (75.60mm)","11.811"" (300.00mm)",1137.18
65-00-GEL20-0010,Parker Chomerics,"Fans, Blowers, Thermal Management",Thermal Gel Gap Filler 10cc Syringe,2.4W/m-K,,,,1274.33
ATS-EXL2-254-R0,Advanced Thermal Solutions Inc.,"Fans, Blowers, Thermal Management","Heat Sink Aluminum Top Mount, Extrusion",,"0.790"" (20.00mm)","3.967"" (100.76mm)","10.000"" (254.00mm)",1345.18
65-00-GEL50TBL-0010,Parker Chomerics,"Fans, Blowers, Thermal Management",Thermal Silicone Gel 10cc Syringe,5.00W/m-K,,,,1436.5
65-02-GREASE70-0030,Parker Chomerics,"Fans, Blowers, Thermal Management",Thermal Silicone Grease 30cc Cartridge,7.00W/m-K,,,,1595.43
TC1-200G,Chip Quik Inc.,"Fans, Blowers, Thermal Management",Thermal Silicone Compound 200 gram Jar,0.67W/m-K,,,,1623.38
TG4040-D-30CC,t-Global Technology,"Fans, Blowers, Thermal Management",Thermal Silicone Putty 30cc Syringe,3.00W/m-K,,,,1722.83
ATS-EXL74-300-R0,Advanced Thermal Solutions Inc.,"Fans, Blowers, Thermal Management","Heat Sink Aluminum Top Mount, Extrusion",,"0.590"" (15.00mm)","2.756"" (70.00mm)","11.811"" (300.00mm)",1774.18
65-02-GEL50VT-0030,Parker Chomerics,"Fans, Blowers, Thermal Management",Thermal Silicone Gel 30cc Syringe,5.20W/m-K,,,,1807.65
ATS-EXL102-300-R0,Advanced Thermal Solutions Inc.,"Fans, Blowers, Thermal Management","Heat Sink Aluminum Top Mount, Extrusion",,"1.063"" (27.00mm)","7.047"" (179.00mm)","11.811"" (300.00mm)",2278.9
65-02-GEL75VT-0030,Parker Chomerics,"Fans, Blowers, Thermal Management",Thermal Silicone Gel 30cc Cartridge,7.50W/m-K,,,,2346.83
ATS-EXL101-300-R0,Advanced Thermal Solutions Inc.,"Fans, Blowers, Thermal Management","Heat Sink Aluminum Top Mount, Extrusion",,"1.362"" (34.60mm)","6.000"" (152.40mm)","11.811"" (300.00mm)",2396.23
ATS-EXL119-300-R0,Advanced Thermal Solutions Inc.,"Fans, Blowers, Thermal Management","Heat Sink Aluminum Top Mount, Extrusion",,"0.551"" (14.00mm)","3.740"" (95.00mm)","11.811"" (300.00mm)",2595.45
ATS-EXL1-1220-R0,Advanced Thermal Solutions Inc.,"Fans, Blowers, Thermal Management","Heat Sink Aluminum Top Mount, Extrusion",,"0.394"" (10.00mm)","3.967"" (100.76mm)","48.032"" (1220.00mm)",3012.75
TG-A7000-55CC,t-Global Technology,"Fans, Blowers, Thermal Management",Thermal Silicone Putty 50cc Syringe,7.00W/m-K,,,,3062.8
TG-N8000-30CC,t-Global Technology,"Fans, Blowers, Thermal Management",Thermal Non-Silicone Putty 30cc Syringe,8.00W/m-K,,,,3084.9
TC2-50G,Chip Quik Inc.,"Fans, Blowers, Thermal Management",Thermal Silicone Compound 50 gram Jar,4.30W/m-K,,,,3248.38
ATS-EXL109-300-R0,Advanced Thermal Solutions Inc.,"Fans, Blowers, Thermal Management","Heat Sink Aluminum Top Mount, Extrusion",,"1.262"" (32.05mm)","7.874"" (200.00mm)","11.811"" (300.00mm)",3437.85
1188099,LOCTITE,"Fans, Blowers, Thermal Management","Thermal Epoxy, 2 Part (Order Catalyst Separately) 3 lb Container",1.34W/m-K,,,,5036.53
A10548-5,Laird Technologies - Thermal Materials,"Fans, Blowers, Thermal Management",Thermal Silicone Putty 100cc Jar,3.00W/m-K,,,,5112.25
65-01-GEL37-0180,Parker Chomerics,"Fans, Blowers, Thermal Management",Thermal Silicone Gel 180cc Syringe,3.70W/m-K,,,,5235.43
2624519,Bergquist,"Fans, Blowers, Thermal Management",Thermal Silicone Gel 150cc Cartridge,6.00W/m-K,,,,5516.23
ATS-EXL105-300-R0,Advanced Thermal Solutions Inc.,"Fans, Blowers, Thermal Management","Heat Sink Aluminum Top Mount, Extrusion",,"1.949"" (49.50mm)","13.465"" (342.00mm)","11.811"" (300.00mm)",6006.0
A16872-04,Laird Technologies - Thermal Materials,"Fans, Blowers, Thermal Management",Thermal Liquid Gap Filler 360cc Cartridge,2.30W/m-K,,,,6831.83
OB-200-16,Omega,"Fans, Blowers, Thermal Management","Thermal Epoxy, 2 Part 1 lb Can, 2 oz Can",-,,,,6945.58
65-02-GEL50VT-0180,Parker Chomerics,"Fans, Blowers, Thermal Management",Thermal Silicone Gel 180cc Syringe,5.20W/m-K,,,,7108.73
1188134,LOCTITE,"Fans, Blowers, Thermal Management","Thermal Epoxy, 2 Part (Order Catalyst Separately) 3 lb Container",2.78W/m-K,,,,7377.83
ATS-EXL99-1220-R0,Advanced Thermal Solutions Inc.,"Fans, Blowers, Thermal Management","Heat Sink Aluminum Top Mount, Extrusion",,"1.358"" (34.50mm)","3.937"" (100.00mm)","48.032"" (1220.00mm)",7695.68
ATS-EXL424-1220-R0,Advanced Thermal Solutions Inc.,"Fans, Blowers, Thermal Management","Heat Sink Aluminum Top Mount, Extrusion",,"0.650"" (16.51mm)","7.402"" (188.00mm)","48.032"" (1220.00mm)",7850.38
ATS-EXL76-1220-R1,Advanced Thermal Solutions Inc.,"Fans, Blowers, Thermal Management","Heat Sink Aluminum Top Mount, Extrusion",,"1.575"" (40.00mm)","3.677"" (93.40mm)","48.032"" (1220.00mm)",8629.4
ATS-EXL100-1220-R0,Advanced Thermal Solutions Inc.,"Fans, Blowers, Thermal Management","Heat Sink Aluminum Top Mount, Extrusion",,"1.319"" (33.50mm)","5.118"" (130.00mm)","48.032"" (1220.00mm)",11054.55
65-00-GEL50VT-0300,Parker Chomerics,"Fans, Blowers, Thermal Management",Thermal Silicone Gel 300cc Syringe,5.20W/m-K,,,,11792.3
1188135,LOCTITE,"Fans, Blowers, Thermal Management","Thermal Epoxy, 2 Part (Order Catalyst Separately) 20 lb Container",2.78W/m-K,,,,14655.55
ATS-EXL105-1220-R0,Advanced Thermal Solutions Inc.,"Fans, Blowers, Thermal Management","Heat Sink Aluminum Top Mount, Extrusion",,"1.949"" (49.50mm)","13.465"" (342.00mm)","48.032"" (1220.00mm)",23166.98
C220-050-2VE,Ohmite,"Fans, Blowers, Thermal Management","Heat Sink TO-220 Aluminum Board Level, Vertical",,"0.710"" (18.03mm)","1.500"" (38.10mm)","1.969"" (50.00mm)",275.93
ATS-EXL66-300-R0,Advanced Thermal Solutions Inc.,"Fans, Blowers, Thermal Management","Heat Sink Aluminum Top Mount, Extrusion",,"0.157"" (4.00mm)","1.000"" (25.40mm)","11.811"" (300.00mm)",402.35
ATS-EXL71-300-R0,Advanced Thermal Solutions Inc.,"Fans, Blowers, Thermal Management","Heat Sink Aluminum Top Mount, Extrusion",,"0.315"" (8.00mm)","1.457"" (37.00mm)","11.811"" (300.00mm)",575.58
ATS-EXL62-300-R0,Advanced Thermal Solutions Inc.,"Fans, Blowers, Thermal Management","Heat Sink Aluminum Top Mount, Extrusion",,"0.689"" (17.50mm)","0.955"" (24.26mm)","11.811"" (300.00mm)",724.43
ATS-EXL65-300-R0,Advanced Thermal Solutions Inc.,"Fans, Blowers, Thermal Management","Heat Sink Aluminum Top Mount, Extrusion",,"0.984"" (25.00mm)","1.614"" (41.00mm)","11.811"" (300.00mm)",755.3
ATS-EXL64-300-R0,Advanced Thermal Solutions Inc.,"Fans, Blowers, Thermal Management","Heat Sink Aluminum Top Mount, Extrusion",,"0.866"" (22.00mm)","0.984"" (25.00mm)","11.811"" (300.00mm)",908.7
ATS-EXL84-300-R0,Advanced Thermal Solutions Inc.,"Fans, Blowers, Thermal Management","Heat Sink Aluminum Top Mount, Extrusion",,"0.984"" (25.00mm)","2.756"" (70.00mm)","11.811"" (300.00mm)",1084.2
ATS-EXL66-1220-R0,Advanced Thermal Solutions Inc.,"Fans, Blowers, Thermal Management","Heat Sink Aluminum Top Mount, Extrusion",,"0.157"" (4.00mm)","1.000"" (25.40mm)","48.032"" (1220.00mm)",1322.1
ATS-EXL99-300-R0,Advanced Thermal Solutions Inc.,"Fans, Blowers, Thermal Management","Heat Sink Aluminum Top Mount, Extrusion",,"1.358"" (34.50mm)","3.937"" (100.00mm)","11.811"" (300.00mm)",1520.03
ATS-EXL59-1220-R0,Advanced Thermal Solutions Inc.,"Fans, Blowers, Thermal Management","Heat Sink Aluminum Top Mount, Extrusion",,"0.630"" (16.00mm)","0.551"" (14.00mm)","48.032"" (1220.00mm)",1598.03
ATS-EXL67-1220-R0,Advanced Thermal Solutions Inc.,"Fans, Blowers, Thermal Management","Heat Sink Aluminum Top Mount, Extrusion",,"0.531"" (13.50mm)","1.083"" (27.50mm)","48.032"" (1220.00mm)",1791.4
ATS-EXL104-300-R0,Advanced Thermal Solutions Inc.,"Fans, Blowers, Thermal Management","Heat Sink Aluminum Top Mount, Extrusion",,"1.350"" (34.29mm)","4.245"" (107.82mm)","11.811"" (300.00mm)",1919.13
ATS-EXL121-300-R0,Advanced Thermal Solutions Inc.,"Fans, Blowers, Thermal Management","Heat Sink Aluminum Top Mount, Extrusion",,"0.551"" (14.00mm)","2.362"" (60.00mm)","11.811"" (300.00mm)",1937.33
ATS-EXL103-300-R0,Advanced Thermal Solutions Inc.,"Fans, Blowers, Thermal Management","Heat Sink Aluminum Top Mount, Extrusion",,"1.323"" (33.60mm)","4.528"" (115.00mm)","11.811"" (300.00mm)",1993.23
ATS-EXL116-300-R0,Advanced Thermal Solutions Inc.,"Fans, Blowers, Thermal Management","Heat Sink Aluminum Top Mount, Extrusion",,"1.673"" (42.50mm)","2.031"" (51.60mm)","11.811"" (300.00mm)",2248.68
846-1P,MG Chemicals,"Fans, Blowers, Thermal Management",Thermal Silicone Grease 1 Pint Jar,-,,,,2435.88
ATS-EXL62-1220-R0,Advanced Thermal Solutions Inc.,"Fans, Blowers, Thermal Management","Heat Sink Aluminum Top Mount, Extrusion",,"0.689"" (17.50mm)","0.955"" (24.26mm)","48.032"" (1220.00mm)",2578.55
ATS-EXL65-1220-R0,Advanced Thermal Solutions Inc.,"Fans, Blowers, Thermal Management","Heat Sink Aluminum Top Mount, Extrusion",,"0.984"" (25.00mm)","1.614"" (41.00mm)","48.032"" (1220.00mm)",2718.63
A16872-02,Laird Technologies - Thermal Materials,"Fans, Blowers, Thermal Management",Thermal Liquid Gap Filler 75cc Cartridge,2.30W/m-K,,,,2723.18
ATS-EXL72-1220-R0,Advanced Thermal Solutions Inc.,"Fans, Blowers, Thermal Management","Heat Sink Aluminum Top Mount, Extrusion",,"0.260"" (6.60mm)","1.604"" (40.75mm)","48.032"" (1220.00mm)",3082.63
ATS-EXL73-1220-R0,Advanced Thermal Solutions Inc.,"Fans, Blowers, Thermal Management","Heat Sink Aluminum Top Mount, Extrusion",,"0.394"" (10.00mm)","1.772"" (45.00mm)","48.032"" (1220.00mm)",3303.3
ATS-EXL110-300-R0,Advanced Thermal Solutions Inc.,"Fans, Blowers, Thermal Management","Heat Sink Aluminum Top Mount, Extrusion",,"1.772"" (45.00mm)","7.874"" (200.00mm)","11.811"" (300.00mm)",3574.35
ATS-EXL75-1220-R0,Advanced Thermal Solutions Inc.,"Fans, Blowers, Thermal Management","Heat Sink Aluminum Top Mount, Extrusion",,"0.728"" (18.50mm)","2.976"" (75.60mm)","48.032"" (1220.00mm)",4060.23
2761872,Bergquist,"Fans, Blowers, Thermal Management","Thermal Liquid Gap Filler, 2 Part 400cc Cartridge",3.00W/m-K,,,,10337.6
TG-A7000-1000,t-Global Technology,"Fans, Blowers, Thermal Management",Thermal Silicone Putty 1 kg Container,7.00W/m-K,,,,13479.7
TG-N8000-330CC,t-Global Technology,"Fans, Blowers, Thermal Management",Thermal Non-Silicone Putty 330cc Syringe,8.00W/m-K,,,,15291.9
CR101-75VE,Ohmite,"Fans, Blowers, Thermal Management","Heat Sink TO-101 Aluminum Alloy Board Level, Vertical",,-,"1.969"" (50.00mm)","2.953"" (75.00mm)",204.43
ATS-EXL72-300-R0,Advanced Thermal Solutions Inc.,"Fans, Blowers, Thermal Management","Heat Sink Aluminum Top Mount, Extrusion",,"0.260"" (6.60mm)","1.604"" (40.75mm)","11.811"" (300.00mm)",955.5
ATS-EXL61-1220-R0,Advanced Thermal Solutions Inc.,"Fans, Blowers, Thermal Management","Heat Sink Aluminum Top Mount, Extrusion",,"0.236"" (6.00mm)","0.591"" (15.00mm)","48.032"" (1220.00mm)",1253.2
ATS-EXL70-300-R0,Advanced Thermal Solutions Inc.,"Fans, Blowers, Thermal Management","Heat Sink Aluminum Top Mount, Extrusion",,"1.402"" (35.60mm)","1.417"" (36.00mm)","11.811"" (300.00mm)",1339.33
ATS-EXL118-300-R0,Advanced Thermal Solutions Inc.,"Fans, Blowers, Thermal Management","Heat Sink Aluminum Top Mount, Extrusion",,"0.484"" (12.30mm)","1.996"" (50.70mm)","11.811"" (300.00mm)",1501.5
ATS-EXL60-1220-R0,Advanced Thermal Solutions Inc.,"Fans, Blowers, Thermal Management","Heat Sink Aluminum Top Mount, Extrusion",,"0.992"" (25.20mm)","0.547"" (13.89mm)","48.032"" (1220.00mm)",1844.05
ATS-EXL71-1220-R0,Advanced Thermal Solutions Inc.,"Fans, Blowers, Thermal Management","Heat Sink Aluminum Top Mount, Extrusion",,"0.315"" (8.00mm)","1.457"" (37.00mm)","48.032"" (1220.00mm)",2085.2
ATS-EXL113-1220-R0,Advanced Thermal Solutions Inc.,"Fans, Blowers, Thermal Management","Heat Sink Aluminum Top Mount, Extrusion",,"1.181"" (30.00mm)","1.575"" (40.00mm)","48.032"" (1220.00mm)",2223.33
ATS-EXL114-300-R0,Advanced Thermal Solutions Inc.,"Fans, Blowers, Thermal Management","Heat Sink Aluminum Top Mount, Extrusion",,"1.181"" (30.00mm)","3.150"" (80.00mm)","11.811"" (300.00mm)",2252.25
ATS-EXL63-1220-R0,Advanced Thermal Solutions Inc.,"Fans, Blowers, Thermal Management","Heat Sink Aluminum Top Mount, Extrusion",,"1.378"" (35.00mm)","0.984"" (25.00mm)","48.032"" (1220.00mm)",3057.6
ATS-EXL69-1220-R0,Advanced Thermal Solutions Inc.,"Fans, Blowers, Thermal Management","Heat Sink Aluminum Top Mount, Extrusion",,"1.122"" (28.50mm)","1.417"" (36.00mm)","48.032"" (1220.00mm)",3095.3
ATS-EXL64-1220-R0,Advanced Thermal Solutions Inc.,"Fans, Blowers, Thermal Management","Heat Sink Aluminum Top Mount, Extrusion",,"0.866"" (22.00mm)","0.984"" (25.00mm)","48.032"" (1220.00mm)",3355.95
ATS-EXL68-1220-R0,Advanced Thermal Solutions Inc.,"Fans, Blowers, Thermal Management","Heat Sink Aluminum Top Mount, Extrusion",,"0.984"" (25.00mm)","2.010"" (51.00mm)","48.032"" (1220.00mm)",3546.08
ATS-EXL70-1220-R0,Advanced Thermal Solutions Inc.,"Fans, Blowers, Thermal Management","Heat Sink Aluminum Top Mount, Extrusion",,"1.402"" (35.60mm)","1.417"" (36.00mm)","48.032"" (1220.00mm)",3639.35
ATS-EXL7-1220-R0,Advanced Thermal Solutions Inc.,"Fans, Blowers, Thermal Management","Heat Sink Aluminum Top Mount, Extrusion",,"0.551"" (14.00mm)","3.976"" (101.00mm)","48.032"" (1220.00mm)",4560.73
ATS-EXL118-1220-R0,Advanced Thermal Solutions Inc.,"Fans, Blowers, Thermal Management","Heat Sink Aluminum Top Mount, Extrusion",,"0.484"" (12.30mm)","1.996"" (50.70mm)","48.032"" (1220.00mm)",5093.4
ATS-EXL78-1220-R0,Advanced Thermal Solutions Inc.,"Fans, Blowers, Thermal Management","Heat Sink Aluminum Top Mount, Extrusion",,"0.299"" (7.60mm)","5.748"" (146.00mm)","48.032"" (1220.00mm)",6262.1
ATS-EXL121-1220-R0,Advanced Thermal Solutions Inc.,"Fans, Blowers, Thermal Management","Heat Sink Aluminum Top Mount, Extrusion",,"0.551"" (14.00mm)","2.362"" (60.00mm)","48.032"" (1220.00mm)",7061.93
ATS-EXL104-1220-R0,Advanced Thermal Solutions Inc.,"Fans, Blowers, Thermal Management","Heat Sink Aluminum Top Mount, Extrusion",,"1.350"" (34.29mm)","4.245"" (107.82mm)","48.032"" (1220.00mm)",9384.38
ATS-EXL103-1220-R0,Advanced Thermal Solutions Inc.,"Fans, Blowers, Thermal Management","Heat Sink Aluminum Top Mount, Extrusion",,"1.323"" (33.60mm)","4.528"" (115.00mm)","48.032"" (1220.00mm)",9867.0
ATS-EXL102-1220-R0,Advanced Thermal Solutions Inc.,"Fans, Blowers, Thermal Management","Heat Sink Aluminum Top Mount, Extrusion",,"1.063"" (27.00mm)","7.047"" (179.00mm)","48.032"" (1220.00mm)",11922.3
65-02-GREASE15-0030,Parker Chomerics,"Fans, Blowers, Thermal Management",Thermal Silicone Grease 30cc Cartridge,1.50W/m-K,,,,1404.98
SANG-CNN090,Littelfuse/Menbers,Relays,Interface SRP1-CE Series,,,,,1452.75
65-02-GREASE30-0030,Parker Chomerics,"Fans, Blowers, Thermal Management",Thermal Silicone Grease 30cc Cartridge,3.00W/m-K,,,,1478.43
65-00-GEL75VT-0010,Parker Chomerics,"Fans, Blowers, Thermal Management",Thermal Silicone Gel 10cc Syringe,7.50W/m-K,,,,1754.68
TG-ASD35AB-50CC,t-Global Technology,"Fans, Blowers, Thermal Management",Thermal,,,,,3040.7
A18876-02,Laird Technologies - Thermal Materials,"Fans, Blowers, Thermal Management",Thermal,,,,,3062.8
TG-ASD50AB-50CC,t-Global Technology,"Fans, Blowers, Thermal Management",Thermal,,,,,3384.23
A18876-01,Laird Technologies - Thermal Materials,"Fans, Blowers, Thermal Management",Thermal,,,,,4125.23
65-00-GREASE15-0160,Parker Chomerics,"Fans, Blowers, Thermal Management",Thermal Silicone Grease 160cc Container,1.50W/m-K,,,,4322.5
65-00-GREASE30-0160,Parker Chomerics,"Fans, Blowers, Thermal Management",Thermal Silicone Grease 160cc Container,3.00W/m-K,,,,4549.03
65-00-GREASE50-0160,Parker Chomerics,"Fans, Blowers, Thermal Management",Thermal Silicone Grease 160cc Container,5.00W/m-K,,,,4774.25
A18835-02,Laird Technologies - Thermal Materials,"Fans, Blowers, Thermal Management",Thermal Liquid Gap Filler 200cc Cartridge,5.40W/m-K,,,,4816.83
65-00-GREASE70-0160,Parker Chomerics,"Fans, Blowers, Thermal Management",Thermal Silicone Grease 160cc Container,7.00W/m-K,,,,4909.45
A18876-03,Laird Technologies - Thermal Materials,"Fans, Blowers, Thermal Management",Thermal,,,,,4946.83
65-02-GEL75VT-0180,Parker Chomerics,"Fans, Blowers, Thermal Management",Thermal Silicone Gel 180cc Cartridge,7.50W/m-K,,,,7977.13
A18876-04,Laird Technologies - Thermal Materials,"Fans, Blowers, Thermal Management",Thermal,,,,,8275.48
A18835-03,Laird Technologies - Thermal Materials,"Fans, Blowers, Thermal Management",Thermal Liquid Gap Filler 400cc Cartridge,5.40W/m-K,,,,8384.68
A18876-05,Laird Technologies - Thermal Materials,"Fans, Blowers, Thermal Management",Thermal,,,,,9829.3
TG-ASD35AB-1000,t-Global Technology,"Fans, Blowers, Thermal Management",Thermal,,,,,9917.38
SILVGREASE1,StarTech.com,"Fans, Blowers, Thermal Management",Thermal Silicone Compound 1.5 gram Syringe,1.93W/m-K,,,,264.55
HEATGREASE20,StarTech.com,"Fans, Blowers, Thermal Management",Thermal Silicone Compound 20 gram Tube,1.07W/m-K,,,,301.93
K5-PRO-10G,Gelid Solutions LLC,"Fans, Blowers, Thermal Management",Thermal,,,,,758.55
G3380A-110,"Shiu Li Technology Co., Ltd.","Fans, Blowers, Thermal Management",Thermal,,,,,853.13
K5-PRO-20G,Gelid Solutions LLC,"Fans, Blowers, Thermal Management",Thermal,,,,,868.4
X-PUTTY-100,"Shiu Li Technology Co., Ltd.","Fans, Blowers, Thermal Management",Thermal Silicone Putty 100 gram Cartridge,3.00W/m-K,,,,912.93
PK223DM-110,"Shiu Li Technology Co., Ltd.","Fans, Blowers, Thermal Management","Thermal Liquid Gap Filler, 2 Part 110 gram Cartridge",2.00W/m-K,,,,1008.15
U6-PRO-10G,Gelid Solutions LLC,"Fans, Blowers, Thermal Management",Thermal,,,,,1031.23
H-PUTTY-100,"Shiu Li Technology Co., Ltd.","Fans, Blowers, Thermal Management",Thermal Silicone Putty 100 gram Cartridge,3.50W/m-K,,,,1283.1
K5-PRO-30G,Gelid Solutions LLC,"Fans, Blowers, Thermal Management",Thermal,,,,,1406.28
NL-PUTTY04-75,"Shiu Li Technology Co., Ltd.","Fans, Blowers, Thermal Management",Thermal 30 ml Cartridge,,,,,1625.0
G3380K-130,"Shiu Li Technology Co., Ltd.","Fans, Blowers, Thermal Management",Thermal,,,,,1690.0
G3380NJ-130,"Shiu Li Technology Co., Ltd.","Fans, Blowers, Thermal Management",Thermal,,,,,1828.13
65-02-GEL20-0030,Parker Chomerics,"Fans, Blowers, Thermal Management",Thermal Gel Gap Filler 30cc Cartridge,2.4W/m-K,,,,1851.53
DTT06-90,"Shiu Li Technology Co., Ltd.","Fans, Blowers, Thermal Management",Thermal,,,,,1909.38
X-PUTTY-100-KIT,"Shiu Li Technology Co., Ltd.","Fans, Blowers, Thermal Management",Thermal Silicone Putty 100 gram Cartridge,3.00W/m-K,,,,1936.35
EPDM20-135,"Shiu Li Technology Co., Ltd.","Fans, Blowers, Thermal Management","Thermal Liquid Gap Filler, 2 Part 50 ml Cartridges",2.2W/m-K,,,,2077.4
N-PUTTY2-100,"Shiu Li Technology Co., Ltd.","Fans, Blowers, Thermal Management",Thermal Non-Silicone Putty 100 gram Cartridge,5.00W/m-K,,,,2138.5
G3380NK-130,"Shiu Li Technology Co., Ltd.","Fans, Blowers, Thermal Management",Thermal,,,,,2193.75
NL-PUTTY06-90,"Shiu Li Technology Co., Ltd.","Fans, Blowers, Thermal Management",Thermal 30 ml Cartridge,,,,,2193.75
PK223DM-110-KIT,"Shiu Li Technology Co., Ltd.","Fans, Blowers, Thermal Management","Thermal Liquid Gap Filler, 2 Part 110 gram Cartridge",2.00W/m-K,,,,2218.13
GCS-018-GS-WE-1KG,European Thermodynamics Ltd,"Fans, Blowers, Thermal Management",Thermal Silicone Grease 1 kg Container,1.80W/m-K,,,,2227.23
S-PUTTY-100-KIT,"Shiu Li Technology Co., Ltd.","Fans, Blowers, Thermal Management",Thermal Silicone Putty 100 gram Cartridge,3.50W/m-K,,,,2241.85
N-PUTTY-100-KIT,"Shiu Li Technology Co., Ltd.","Fans, Blowers, Thermal Management",Thermal Non-Silicone Putty 100 gram Cartridge,3.50W/m-K,,,,2245.43
H-PUTTY-100-KIT,"Shiu Li Technology Co., Ltd.","Fans, Blowers, Thermal Management",Thermal Silicone Putty 100 gram Cartridge,3.50W/m-K,,,,2306.85
G3380NC-100,"Shiu Li Technology Co., Ltd.","Fans, Blowers, Thermal Management",Thermal Non-Silicone Grease 100 gram Cartridge,4.50W/m-K,,,,2352.35
G3380T-130,"Shiu Li Technology Co., Ltd.","Fans, Blowers, Thermal Management",Thermal,,,,,2380.63
U6-PRO-50G,Gelid Solutions LLC,"Fans, Blowers, Thermal Management",Thermal,,,,,2448.88
UX-PRO-20G,Gelid Solutions LLC,"Fans, Blowers, Thermal Management",Thermal,,,,,2500.23
G3380NT-130,"Shiu Li Technology Co., Ltd.","Fans, Blowers, Thermal Management",Thermal,,,,,2559.38
S-PUTTY2-100-KIT,"Shiu Li Technology Co., Ltd.","Fans, Blowers, Thermal Management",Thermal Silicone Putty 100 gram Cartridge,6.00W/m-K,,,,2765.1
H-PUTTY2-100-KIT,"Shiu Li Technology Co., Ltd.","Fans, Blowers, Thermal Management",Thermal Silicone Putty 100 gram Cartridge,6.00W/m-K,,,,2856.43
G3380NA-120-KIT,"Shiu Li Technology Co., Ltd.","Fans, Blowers, Thermal Management",Thermal Non-Silicone Grease 120 gram Cartridge,1.30W/m-K,,,,2859.68
GCS-NSP30-100ML,European Thermodynamics Ltd,"Fans, Blowers, Thermal Management",Thermal Non-Silicone Putty 100 ml Syringe,3.00W/m-K,,,,3065.73
N-PUTTY2-100-KIT,"Shiu Li Technology Co., Ltd.","Fans, Blowers, Thermal Management",Thermal Non-Silicone Putty 100 gram Cartridge,5.00W/m-K,,,,3161.93
EPDM20-135-KIT,"Shiu Li Technology Co., Ltd.","Fans, Blowers, Thermal Management","Thermal Liquid Gap Filler, 2 Part 50 ml Cartridges",2.2W/m-K,,,,3287.38
GCS-NSP75 - 50ML,European Thermodynamics Ltd,"Fans, Blowers, Thermal Management",Thermal Non-Silicone Putty 50 ml Syringe,7.50W/m-K,,,,3313.7
G3380D-100-KIT,"Shiu Li Technology Co., Ltd.","Fans, Blowers, Thermal Management",Thermal Silicone Grease 100 gram Cartridge,6.00W/m-K,,,,3348.15
PK404DM-150-KIT,"Shiu Li Technology Co., Ltd.","Fans, Blowers, Thermal Management","Thermal Liquid Gap Filler, 2 Part 150 gram Cartridge",3.60W/m-K,,,,3500.9
G3380NC-100-KIT,"Shiu Li Technology Co., Ltd.","Fans, Blowers, Thermal Management",Thermal Non-Silicone Grease 100 gram Cartridge,4.50W/m-K,,,,3562.0
U6-PRO-100G,Gelid Solutions LLC,"Fans, Blowers, Thermal Management",Thermal,,,,,3715.73
DTT10-90,"Shiu Li Technology Co., Ltd.","Fans, Blowers, Thermal Management",Thermal,,,,,3900.0
PK605DM-160,"Shiu Li Technology Co., Ltd.","Fans, Blowers, Thermal Management","Thermal Liquid Gap Filler, 2 Part 160 gram Cartridge",5.00W/m-K,,,,4154.8
EPDM30-135-KIT,"Shiu Li Technology Co., Ltd.","Fans, Blowers, Thermal Management","Thermal Liquid Gap Filler, 2 Part 50 ml Cartridges",3.00W/m-K,,,,4203.88
UX-PRO-50G,Gelid Solutions LLC,"Fans, Blowers, Thermal Management",Thermal,,,,,4264.33
TT3000-150,"Shiu Li Technology Co., Ltd.","Fans, Blowers, Thermal Management",Thermal Silicone Grease 150 gram Cartridge,6.00W/m-K,,,,4353.38
D2000-140-KIT,"Shiu Li Technology Co., Ltd.","Fans, Blowers, Thermal Management","Thermal Silicone Grease, 2 Part 140 gram Cartridge",2.00W/m-K,,,,4845.43
N-PUTTY3-100-KIT,"Shiu Li Technology Co., Ltd.","Fans, Blowers, Thermal Management",Thermal,,,,,4854.85
N-PUTTY5-100,"Shiu Li Technology Co., Ltd.","Fans, Blowers, Thermal Management",Thermal,,,,,4915.63
DTT13-100,"Shiu Li Technology Co., Ltd.","Fans, Blowers, Thermal Management",Thermal,,,,,5200.0
PK605DM-160-KIT,"Shiu Li Technology Co., Ltd.","Fans, Blowers, Thermal Management","Thermal Liquid Gap Filler, 2 Part 160 gram Cartridge",5.00W/m-K,,,,5364.45
N-PUTTY5-100-KIT,"Shiu Li Technology Co., Ltd.","Fans, Blowers, Thermal Management",Thermal,,,,,5931.25
65-02-GEL20-0180,Parker Chomerics,"Fans, Blowers, Thermal Management",Thermal Gel Gap Filler 180cc Cartridge,2.4W/m-K,,,,6594.9
PK700DM-140,"Shiu Li Technology Co., Ltd.","Fans, Blowers, Thermal Management","Thermal Liquid Gap Filler, 2 Part 50 ml, 400 ml Cartridges",7.00W/m-K,,,,7484.75
PK700DM-140-KIT,"Shiu Li Technology Co., Ltd.","Fans, Blowers, Thermal Management","Thermal Liquid Gap Filler, 2 Part 50 ml, 400 ml Cartridges",7.00W/m-K,,,,8694.4
GCS-040-GNS-1KG,European Thermodynamics Ltd,"Fans, Blowers, Thermal Management",Thermal Non-Silicone Grease 1 kg Container,4.00W/m-K,,,,8798.08
S-PUTTY-950,"Shiu Li Technology Co., Ltd.","Fans, Blowers, Thermal Management",Thermal Silicone Putty 950 gram Container,3.50W/m-K,,,,9737.65
H-PUTTY-950,"Shiu Li Technology Co., Ltd.","Fans, Blowers, Thermal Management",Thermal Silicone Putty 950 gram Container,3.50W/m-K,,,,10272.6
65-00-GEL20-0300,Parker Chomerics,"Fans, Blowers, Thermal Management",Thermal Gel Gap Filler 300cc Cartridge,2.4W/m-K,,,,10526.1
S-PUTTY2-985,"Shiu Li Technology Co., Ltd.","Fans, Blowers, Thermal Management",Thermal Silicone Putty 985 gram Container,6.00W/m-K,,,,13938.6
H-PUTTY2-1000,"Shiu Li Technology Co., Ltd.","Fans, Blowers, Thermal Management",Thermal Silicone Putty 1 kg Container,6.00W/m-K,,,,14664.0
ATS-EXL6-254-R0,Advanced Thermal Solutions Inc.,"Fans, Blowers, Thermal Management","Heat Sink Aluminum Top Mount, Extrusion",,"1.063"" (27.00mm)","3.967"" (100.76mm)","10.000"" (254.00mm)",1878.5
ATS-EXL76-300-R1,Advanced Thermal Solutions Inc.,"Fans, Blowers, Thermal Management","Heat Sink Aluminum Top Mount, Extrusion",,"1.575"" (40.00mm)","3.677"" (93.40mm)","11.811"" (300.00mm)",3008.53
A17170-02,Laird Technologies - Thermal Materials,"Fans, Blowers, Thermal Management",Thermal Silicone Compound 180cc Cartridge,3.70W/m-K,,,,3057.28
A18560-09,Laird Technologies - Thermal Materials,"Fans, Blowers, Thermal Management",Thermal Liquid Gap Filler 30cc Cartridge,9.10W/m-K,,,,4789.2
GF3500S35-00-60-400CC,Bergquist,"Fans, Blowers, Thermal Management","Thermal Liquid Gap Filler, 2 Part 400cc Cartridge",3.60W/m-K,,,,8861.13
ATS-EXL109-1220-R0,Advanced Thermal Solutions Inc.,"Fans, Blowers, Thermal Management","Heat Sink Aluminum Top Mount, Extrusion",,"1.262"" (32.05mm)","7.874"" (200.00mm)","48.032"" (1220.00mm)",13139.43
06362-M,Qualtek,"Fans, Blowers, Thermal Management",92mm Sq Fan Filter/Screen Aluminum Washable in solvent or degreaser,,92 mm,,,71.83
ATS-EXL73-300-R0,Advanced Thermal Solutions Inc.,"Fans, Blowers, Thermal Management","Heat Sink Aluminum Top Mount, Extrusion",,"0.394"" (10.00mm)","1.772"" (45.00mm)","11.811"" (300.00mm)",792.68
127-6-10,Wakefield Thermal Solutions,"Fans, Blowers, Thermal Management",Thermal Non-Silicone Grease 10cc Syringe,6.00W/m-K,,,,1299.68
A17170-01,Laird Technologies - Thermal Materials,"Fans, Blowers, Thermal Management",Thermal Silicone Compound 75cc Cartridge,3.70W/m-K,,,,1939.93
ATS-EXL114-1220-R0,Advanced Thermal Solutions Inc.,"Fans, Blowers, Thermal Management","Heat Sink Aluminum Top Mount, Extrusion",,"1.181"" (30.00mm)","3.150"" (80.00mm)","48.032"" (1220.00mm)",4380.03
DP-100-30,Taica North America Corporation,"Fans, Blowers, Thermal Management",Thermal Silicone Gel 30 ml Syringe,-,,,,4408.3
ATS-EXL2-1220-R0,Advanced Thermal Solutions Inc.,"Fans, Blowers, Thermal Management","Heat Sink Aluminum Top Mount, Extrusion",,"0.790"" (20.00mm)","3.967"" (100.76mm)","48.032"" (1220.00mm)",6961.18
CR101-50VE,Ohmite,"Fans, Blowers, Thermal Management","Heat Sink TO-101 Aluminum Alloy Board Level, Vertical",,-,"1.063"" (27.00mm)","1.969"" (50.00mm)",155.35
ATS-EXL113-300-R0,Advanced Thermal Solutions Inc.,"Fans, Blowers, Thermal Management","Heat Sink Aluminum Top Mount, Extrusion",,"1.181"" (30.00mm)","1.575"" (40.00mm)","11.811"" (300.00mm)",1018.23
ATS-EXL58-1220-R0,Advanced Thermal Solutions Inc.,"Fans, Blowers, Thermal Management","Heat Sink Aluminum Top Mount, Extrusion",,"0.315"" (8.00mm)","0.236"" (6.00mm)","48.032"" (1220.00mm)",1273.68
TG-N8000-55CC,t-Global Technology,"Fans, Blowers, Thermal Management",Thermal Non-Silicone Putty 55cc Syringe,8.00W/m-K,,,,3978.0
ATS-EXL74-1220-R0,Advanced Thermal Solutions Inc.,"Fans, Blowers, Thermal Management","Heat Sink Aluminum Top Mount, Extrusion",,"0.590"" (15.00mm)","2.756"" (70.00mm)","48.032"" (1220.00mm)",5671.9
ATS-EXL116-1220-R0,Advanced Thermal Solutions Inc.,"Fans, Blowers, Thermal Management","Heat Sink Aluminum Top Mount, Extrusion",,"1.673"" (42.50mm)","2.031"" (51.60mm)","48.032"" (1220.00mm)",5813.93
ATS-EXL77-1220-R0,Advanced Thermal Solutions Inc.,"Fans, Blowers, Thermal Management","Heat Sink Aluminum Top Mount, Extrusion",,"0.654"" (16.60mm)","4.754"" (120.75mm)","48.032"" (1220.00mm)",6031.35
TG4040-D-1000,t-Global Technology,"Fans, Blowers, Thermal Management",Thermal Silicone Putty 1 kg Container,3.00W/m-K,,,,9373.33
ATS-EXL98-1220-R0,Advanced Thermal Solutions Inc.,"Fans, Blowers, Thermal Management","Heat Sink Aluminum Top Mount, Extrusion",,"1.417"" (36.00mm)","4.724"" (120.00mm)","48.032"" (1220.00mm)",11434.15
TG6060-D-1000,t-Global Technology,"Fans, Blowers, Thermal Management",Thermal Silicone Putty 1 kg Container,6.30W/m-K,,,,13010.08
TG-A7000-330CC,t-Global Technology,"Fans, Blowers, Thermal Management",Thermal Silicone Putty 330cc Syringe,7.00W/m-K,,,,13480.03
TG-N8000-1000,t-Global Technology,"Fans, Blowers, Thermal Management",Thermal Non-Silicone Putty 1 kg Jar,8.00W/m-K,,,,15291.9
CR101-25VE,Ohmite,"Fans, Blowers, Thermal Management","Heat Sink TO-101 Aluminum Alloy Board Level, Vertical",,-,"1.969"" (50.00mm)","0.984"" (25.00mm)",113.1
CR301-25VE,Ohmite,"Fans, Blowers, Thermal Management","Heat Sink TO-301 Aluminum Alloy Board Level, Vertical",,-,"2.362"" (60.00mm)","0.984"" (25.00mm)",130.33
CR201-25VE,Ohmite,"Fans, Blowers, Thermal Management","Heat Sink TO-201 Aluminum Alloy Board Level, Vertical",,-,"2.953"" (75.00mm)","0.984"" (25.00mm)",146.58
ATS-EXL60-300-R0,Advanced Thermal Solutions Inc.,"Fans, Blowers, Thermal Management","Heat Sink Aluminum Top Mount, Extrusion",,"0.992"" (25.20mm)","0.547"" (13.89mm)","11.811"" (300.00mm)",779.03
ATS-EXL69-300-R0,Advanced Thermal Solutions Inc.,"Fans, Blowers, Thermal Management","Heat Sink Aluminum Top Mount, Extrusion",,"1.122"" (28.50mm)","1.417"" (36.00mm)","11.811"" (300.00mm)",1156.35
ATS-EXL115-1220-R0,Advanced Thermal Solutions Inc.,"Fans, Blowers, Thermal Management","Heat Sink Aluminum Top Mount, Extrusion",,"1.181"" (30.00mm)","4.724"" (120.00mm)","48.032"" (1220.00mm)",5615.03
TS391LT,Chip Quik Inc.,"Soldering, Desoldering, Rework Products","Lead Free No-Clean Solder Paste Bi57.6Sn42Ag0.4 (57.6/42/0.4) Syringe, 0.53 oz (15g), 5cc",,,,,533.93
TS391SNL50,Chip Quik Inc.,"Soldering, Desoldering, Rework Products","Lead Free No-Clean Solder Paste Sn96.5Ag3Cu0.5 (96.5/3/0.5) Jar, 1.76 oz (50g)",,,,,583.38
TS391LT250,Chip Quik Inc.,"Soldering, Desoldering, Rework Products","Lead Free No-Clean Solder Paste Bi57.6Sn42Ag0.4 (57.6/42/0.4) Jar, 8.8 oz (250g)",,,,,2760.88
TS391SNL,Chip Quik Inc.,"Soldering, Desoldering, Rework Products","Lead Free No-Clean Solder Paste Sn96.5Ag3Cu0.5 (96.5/3/0.5) Syringe, 0.53 oz (15g), 5cc",,,,,533.93
TS391LT50,Chip Quik Inc.,"Soldering, Desoldering, Rework Products","Lead Free No-Clean Solder Paste Bi57.6Sn42Ag0.4 (57.6/42/0.4) Jar, 1.76 oz (50g)",,,,,713.38
TS391LT10,Chip Quik Inc.,"Soldering, Desoldering, Rework Products","Lead Free No-Clean Solder Paste Bi57.6Sn42Ag0.4 (57.6/42/0.4) Syringe, 1.23 oz (35g), 10cc",,,,,940.88
WS991SNL500T4,Chip Quik Inc.,"Soldering, Desoldering, Rework Products","Lead Free Water Soluble Solder Paste Sn96.5Ag3Cu0.5 (96.5/3/0.5) Jar, 17.64 oz (500g)",,,,,3490.83
TS391SNL10,Chip Quik Inc.,"Soldering, Desoldering, Rework Products","Lead Free No-Clean Solder Paste Sn96.5Ag3Cu0.5 (96.5/3/0.5) Syringe, 1.23 oz (35g), 10cc",,,,,1038.38
TS991SNL500T3,Chip Quik Inc.,"Soldering, Desoldering, Rework Products","Lead Free No-Clean Solder Paste Sn96.5Ag3Cu0.5 (96.5/3/0.5) Jar, 17.64 oz (500g)",,,,,3336.78
TS391SNL500C,Chip Quik Inc.,"Soldering, Desoldering, Rework Products","Lead Free No-Clean Solder Paste Sn96.5Ag3Cu0.5 (96.5/3/0.5) Cartridge, 17.64 oz (500g)",,,,,3898.38
TS391SNL250,Chip Quik Inc.,"Soldering, Desoldering, Rework Products","Lead Free No-Clean Solder Paste Sn96.5Ag3Cu0.5 (96.5/3/0.5) Jar, 8.8 oz (250g)",,,,,2273.38
WS991LT35T4,Chip Quik Inc.,"Soldering, Desoldering, Rework Products","Water Soluble Solder Paste Bi57.6Sn42Ag0.4 (57.6/42/0.4) Syringe, 1.23 oz (34.869g)",,,,,1341.28
TS991SNL35T4,Chip Quik Inc.,"Soldering, Desoldering, Rework Products","No-Clean Solder Paste Sn96.5Ag3Cu0.5 (96.5/3/0.5) Syringe, 1.23 oz (34.869g)",,,,,1385.8
WS991SNL35T4,Chip Quik Inc.,"Soldering, Desoldering, Rework Products","Water Soluble Solder Paste Sn96.5Ag3Cu0.5 (96.5/3/0.5) Syringe, 1.23 oz (34.869g)",,,,,1385.8
TS991SNL500T4,Chip Quik Inc.,"Soldering, Desoldering, Rework Products","Lead Free No-Clean Solder Paste Sn96.5Ag3Cu0.5 (96.5/3/0.5) Jar, 17.64 oz (500g)",,,,,3490.83
WS991LT500T4,Chip Quik Inc.,"Soldering, Desoldering, Rework Products","Lead Free Water Soluble Solder Paste Bi57.6Sn42Ag0.4 (57.6/42/0.4) Jar, 17.64 oz (500g)",,,,,3490.83
TS991SNL35T3,Chip Quik Inc.,"Soldering, Desoldering, Rework Products","No-Clean Solder Paste Sn96.5Ag3Cu0.5 (96.5/3/0.5) Syringe, 1.23 oz (34.869g)",,,,,1385.8
WS991LT500T4C,Chip Quik Inc.,"Soldering, Desoldering, Rework Products","Lead Free Water Soluble Solder Paste Sn42Bi57.6Ag0.4 (42/57.6/0.4) Cartridge, 17.64 oz (500g)",,,,,2914.6
TS391LT500C,Chip Quik Inc.,"Soldering, Desoldering, Rework Products","Lead Free No-Clean Solder Paste Bi57.6Sn42Ag0.4 (57.6/42/0.4) Cartridge, 17.64 oz (500g)",,,,,4905.88
65-02-GREASE50-0030,Parker Chomerics,"Fans, Blowers, Thermal Management",Thermal Silicone Grease 30cc Cartridge,5.00W/m-K,,,,1551.88
TG-N4000-30CC,t-Global Technology,"Fans, Blowers, Thermal Management",Thermal Non-Silicone Putty 30cc Syringe,4.0W/m-K,,,,1779.05
65-00-CIP60-0200,Parker Chomerics,"Fans, Blowers, Thermal Management","Thermal Silicone Compound, 2 Part 200cc Cartridge",6.00W/m-K,,,,2445.3
TG-N4000-55CC,t-Global Technology,"Fans, Blowers, Thermal Management",Thermal Non-Silicone Putty 55cc Syringe,4.0W/m-K,,,,3043.95
TG-N4000-330CC,t-Global Technology,"Fans, Blowers, Thermal Management",Thermal Non-Silicone Putty 330cc Syringe,4.0W/m-K,,,,12160.85
TG-N4000-1000,t-Global Technology,"Fans, Blowers, Thermal Management",Thermal Non-Silicone Putty 1 kg Jar,4.0W/m-K,,,,12160.85
TG-ASD50AB-2000,t-Global Technology,"Fans, Blowers, Thermal Management",Thermal,,,,,24403.6
09599,SparkFun Electronics,"Fans, Blowers, Thermal Management",Thermal Silicone Compound 5 gram Syringe,1.17W/m-K,,,,102.7
8615,MG Chemicals,"Fans, Blowers, Thermal Management",Thermal Non-Silicone Grease 3.5 gram Syringe,3.00W/m-K,,,,212.55
8610-60G,MG Chemicals,"Fans, Blowers, Thermal Management",Thermal Non-Silicone Compound 2 oz Tube,0.77W/m-K,,,,371.93
8617-85ML,MG Chemicals,"Fans, Blowers, Thermal Management",Thermal Non-Silicone Grease 85 ml Tube,1.00W/m-K,,,,819.86667
8327GF25-50CC,MG Chemicals,"Fans, Blowers, Thermal Management",Thermal Silicone Gap Filler 50 ml Cartridges,2.50W/m-K,,,,949.10833
G3380B-130,"Shiu Li Technology Co., Ltd.","Fans, Blowers, Thermal Management",Thermal,,,,,1259.38
U6-PRO-20G,Gelid Solutions LLC,"Fans, Blowers, Thermal Management",Thermal,,,,,1406.28
DTT04-75,"Shiu Li Technology Co., Ltd.","Fans, Blowers, Thermal Management",Thermal,,,,,1421.88
8327GF41-50CC,MG Chemicals,"Fans, Blowers, Thermal Management",Thermal Silicone Gap Filler 50 ml Cartridges,4.10W/m-K,,,,1451.23333
8463-7G,MG Chemicals,"Fans, Blowers, Thermal Management",Thermal Silicone Grease 7 gram Syringe,0.46W/m-K,,,,1519.05
GCS-NSP15-100ML,European Thermodynamics Ltd,"Fans, Blowers, Thermal Management",Thermal Non-Silicone Putty 100 ml Syringe,1.50W/m-K,,,,1533.35
843WBU-55ML,MG Chemicals,"Fans, Blowers, Thermal Management",Thermal,,,,,1535.366
8349TFM-25ML,MG Chemicals,"Fans, Blowers, Thermal Management","Thermal Epoxy, 2 Part 25 ml Syringe",0.90W/m-K,,,,1604.53
8327GL6-30ML,MG Chemicals,"Fans, Blowers, Thermal Management",Thermal Non-Silicone Gel 30 ml Cartridge,6.00W/m-K,,,,1827.48
PK404DM-150,"Shiu Li Technology Co., Ltd.","Fans, Blowers, Thermal Management","Thermal Liquid Gap Filler, 2 Part 150 gram Cartridge",3.60W/m-K,,,,2291.25
8349TFM-50ML,MG Chemicals,"Fans, Blowers, Thermal Management","Thermal Epoxy, 2 Part 50 ml Cartridges",0.90W/m-K,,,,2301.98
8617-1P,MG Chemicals,"Fans, Blowers, Thermal Management",Thermal Non-Silicone Grease 473 ml Jar,1.00W/m-K,,,,2477.8
2456616,Bergquist,"Fans, Blowers, Thermal Management","Thermal Liquid Gap Filler, 2 Part 50cc Cartridge",3.50W/m-K,,,,2515.078
2166563,Bergquist,"Fans, Blowers, Thermal Management",Thermal,,,,,2662.22
8327GL3-180ML,MG Chemicals,"Fans, Blowers, Thermal Management",Thermal Non-Silicone Gel 180 ml Cartridge,3.50W/m-K,,,,2755.68
2166733,Bergquist,"Fans, Blowers, Thermal Management",Thermal,,,,,2781.74778
2191665,Bergquist,"Fans, Blowers, Thermal Management",Thermal,,,,,2876.21444
2166721,Bergquist,"Fans, Blowers, Thermal Management",Thermal,,,,,2924.35
2166558,Bergquist,"Fans, Blowers, Thermal Management",Thermal,,,,,2930.77778
2179541,Bergquist,"Fans, Blowers, Thermal Management",Thermal,,,,,3181.34375
8618-85ML,MG Chemicals,"Fans, Blowers, Thermal Management",Thermal Non-Silicone Grease 85 ml Syringe,6.00W/m-K,,,,3260.4
2167589,Bergquist,"Fans, Blowers, Thermal Management",Thermal,,,,,3336.2875
2165986,Bergquist,"Fans, Blowers, Thermal Management",Thermal,,,,,3343.15375
2292097,Bergquist,"Fans, Blowers, Thermal Management","Thermal Silicone Compound, 2 Part 50cc Cartridge",3.50W/m-K,,,,3455.95714
2179542,Bergquist,"Fans, Blowers, Thermal Management",Thermal,,,,,3491.19714
2191843,Bergquist,"Fans, Blowers, Thermal Management",Thermal,,,,,3496.58286
2649737,Bergquist,"Fans, Blowers, Thermal Management",Thermal,,,,,3531.77571
S-PUTTY5-100,"Shiu Li Technology Co., Ltd.","Fans, Blowers, Thermal Management",Thermal Silicone Putty 30cc Tube,10.00W/m-K,,,,3534.38
2196649,Bergquist,"Fans, Blowers, Thermal Management",Thermal,,,,,3597.56429
153-Q-NC,Wakefield Thermal Solutions,"Fans, Blowers, Thermal Management","Thermal Epoxy, 2 Part 1 qt Container",-,,,,3717.06625
2167388,Bergquist,"Fans, Blowers, Thermal Management","Thermal Silicone Compound, 2 Part 50cc Cartridge",3.50W/m-K,,,,3805.19286
2193454,Bergquist,"Fans, Blowers, Thermal Management","Thermal Epoxy, 2 Part 50cc Cartridge",1.80W/m-K,,,,3893.87143
2682640,Bergquist,"Fans, Blowers, Thermal Management",Thermal,,,,,3990.78333
152-Q-NC,Wakefield Thermal Solutions,"Fans, Blowers, Thermal Management",Thermal Acrylic Adhesive 1 qt Container,-,,,,4022.3625
2322270,Bergquist,"Fans, Blowers, Thermal Management",Thermal,,,,,4072.68333
2189146,Bergquist,"Fans, Blowers, Thermal Management",Thermal,,,,,4134.65
2179547,Bergquist,"Fans, Blowers, Thermal Management","Thermal Silicone Compound, 2 Part 50cc Cartridge",3.50W/m-K,,,,4180.53
8329TCM-200ML,MG Chemicals,"Fans, Blowers, Thermal Management","Thermal Epoxy, 2 Part 200 ml Jar",1.40W/m-K,,,,4215.09
8329TCS-200ML,MG Chemicals,"Fans, Blowers, Thermal Management","Thermal Epoxy, 2 Part 200 ml Jar",1.40W/m-K,,,,4215.09
S-PUTTY5-100-KIT,"Shiu Li Technology Co., Ltd.","Fans, Blowers, Thermal Management",Thermal Silicone Putty 30cc Tube,10.00W/m-K,,,,4216.88
2195571,Bergquist,"Fans, Blowers, Thermal Management",Thermal,,,,,4264.59667
2194122,Bergquist,"Fans, Blowers, Thermal Management","Thermal Epoxy, 2 Part 50cc Cartridge",1.80W/m-K,,,,4322.60833
2189771,Bergquist,"Fans, Blowers, Thermal Management",Thermal,,,,,4329.86667
SPK4-0.006-00-58,Bergquist,"Fans, Blowers, Thermal Management",Thermal Pad Gray 19.05mm x 12.70mm Rectangular,0.9W/m-K,"0.0060"" (0.152mm)",,,4.55
SP400-0.009-00-58,Bergquist,"Fans, Blowers, Thermal Management",Thermal Pad Gray 19.05mm x 12.70mm Rectangular,0.9W/m-K,"0.0090"" (0.229mm)",,,6.83
SP400-0.009-00-54,Bergquist,"Fans, Blowers, Thermal Management",Thermal Pad Gray 19.05mm x 12.70mm Rectangular,0.9W/m-K,"0.0090"" (0.229mm)",,,6.83
SP400-0.007-00-54,Bergquist,"Fans, Blowers, Thermal Management",Thermal Pad Gray 19.05mm x 12.70mm Rectangular,0.9W/m-K,"0.0070"" (0.178mm)",,,7.15
SP400-0.007-00-104,Bergquist,"Fans, Blowers, Thermal Management",Thermal Pad Gray 25.40mm x 19.05mm Rectangular,0.9W/m-K,"0.0070"" (0.178mm)",,,8.13
SP900S-0.009-AC-54,Bergquist,"Fans, Blowers, Thermal Management",Thermal Pad Pink 19.05mm x 12.70mm Rectangular Adhesive - One Side,1.6W/m-K,"0.0090"" (0.229mm)",,,9.43
SP900S-0.009-00-54,Bergquist,"Fans, Blowers, Thermal Management",Thermal Pad Pink 19.05mm x 12.70mm Rectangular,1.6W/m-K,"0.0090"" (0.229mm)",,,9.43
SP400-0.009-00-51,Bergquist,"Fans, Blowers, Thermal Management",Thermal Pad Gray 17.45mm x 14.27mm Rectangular,0.9W/m-K,"0.0090"" (0.229mm)",,,9.75
TG-A1250-10-10-1.0,t-Global Technology,"Fans, Blowers, Thermal Management",Thermal Pad Green 10.00mm x 10.00mm Square,12.5W/m-K,"0.0394"" (1.000mm)",,,10.4
HF115AC-0.0055-AC-54,Bergquist,"Fans, Blowers, Thermal Management",Thermal Pad Gray 19.05mm x 12.70mm Rectangular Adhesive - One Side,0.8W/m-K,"0.0055"" (0.140mm)",,,10.73
1009-54,Bergquist,"Fans, Blowers, Thermal Management",Thermal Pad Pink 19.05mm x 12.70mm Rectangular,1.2W/m-K,"0.0090"" (0.229mm)",,,10.73
SPK10-0.006-00-54,Bergquist,"Fans, Blowers, Thermal Management",Thermal Pad Beige 19.05mm x 12.70mm Rectangular,1.3W/m-K,"0.0060"" (0.152mm)",,,11.38
SP900S-0.009-00-90,Bergquist,"Fans, Blowers, Thermal Management",Thermal Pad Pink 21.84mm x 18.80mm Rectangular,1.6W/m-K,"0.0090"" (0.229mm)",,,11.38
SP900S-0.009-00-104,Bergquist,"Fans, Blowers, Thermal Management",Thermal Pad Pink 25.40mm x 19.05mm Rectangular,1.6W/m-K,"0.0090"" (0.229mm)",,,11.7
SP900S-0.009-AC-58,Bergquist,"Fans, Blowers, Thermal Management",Thermal Pad Pink 19.05mm x 12.70mm Rectangular Adhesive - One Side,1.6W/m-K,"0.0090"" (0.229mm)",,,12.35
2188938,Bergquist,"Fans, Blowers, Thermal Management","Thermal Pad Gray, Green 25.02mm x 11.00mm Round",0.9W/m-K,"0.0120"" (0.305mm)",,,13.98
TG-A1250-15-15-0.5,t-Global Technology,"Fans, Blowers, Thermal Management",Thermal Pad Green 15.00mm x 15.00mm Square,12.5W/m-K,"0.0197"" (0.500mm)",,,14.3
CP23-TO220-21.5-11.4-5.8-0.45,t-Global Technology,"Fans, Blowers, Thermal Management",Thermal Pad Gray 21.50mm x 11.40mm x 5.80mm Rectangular,1.9W/m-K,"0.0177"" (0.450mm)",,,15.6
THJP0603AST1,Vishay Dale Thin Film,"Fans, Blowers, Thermal Management",Thermal Pad 1.55mm x 0.84mm Rectangular,70W/m-K,"0.0300"" (0.762mm)",,,17.55
V-1100-SMD/B-L,Assmann WSW Components,"Fans, Blowers, Thermal Management",Heat Sink TO-252 (DPak) Copper Top Mount,,"0.390"" (9.91mm)","0.790"" (20.07mm)","0.320"" (8.13mm)",18.53
V-1100-SMD/A-L,Assmann WSW Components,"Fans, Blowers, Thermal Management",Heat Sink TO-263 (D²Pak) Copper Top Mount,,"0.390"" (9.91mm)","1.031"" (26.20mm)","0.500"" (12.70mm)",18.85
53-77-9G,"Boyd Laconia, LLC","Fans, Blowers, Thermal Management","Thermal Pad Gray, Green 18.42mm x 13.21mm Rectangular",0.9W/m-K,"0.0060"" (0.152mm)",,,18.85
CP33-TO247-28.5-17.5-5.8-0.45,t-Global Technology,"Fans, Blowers, Thermal Management",Thermal Pad Gray 28.50mm x 17.50mm x 5.80mm Rectangular,1.9W/m-K,"0.0177"" (0.450mm)",,,20.8
SPK10-0.006-00-58,Bergquist,"Fans, Blowers, Thermal Management",Thermal Pad Beige 19.05mm x 12.70mm Rectangular,1.3W/m-K,"0.0060"" (0.152mm)",,,21.78
Q3-0.005-00-54,Bergquist,"Fans, Blowers, Thermal Management",Thermal Pad Black 19.05mm x 12.70mm Rectangular,2.0W/m-K,"0.0050"" (0.127mm)",,,22.1
SPT400-12-13.5-25,Bergquist,"Fans, Blowers, Thermal Management","Thermal Pad Gray, Green 25.02mm x 13.50mm Round",0.9W/m-K,"0.0120"" (0.305mm)",,,22.75
573300D00010G,"Boyd Laconia, LLC","Fans, Blowers, Thermal Management",Heat Sink TO-263 (D²Pak) Aluminum 1.3W @ 30°C Top Mount,,"0.400"" (10.16mm)","1.030"" (26.16mm)","0.500"" (12.70mm)",22.75
TG-A1250-15-15-1.0,t-Global Technology,"Fans, Blowers, Thermal Management",Thermal Pad Green 15.00mm x 15.00mm Square,12.5W/m-K,"0.0394"" (1.000mm)",,,22.75
60-11-8302-1674,Parker Chomerics,"Fans, Blowers, Thermal Management",Thermal Pad Blue 18.03mm x 12.70mm Rectangular,1.0W/m-K,"0.0100"" (0.254mm)",,,23.08
SPK10-0.006-00-90,Bergquist,"Fans, Blowers, Thermal Management",Thermal Pad Beige 21.84mm x 18.80mm Rectangular,1.3W/m-K,"0.0060"" (0.152mm)",,,23.4
TPS25961DRVR,Texas Instruments,Integrated Circuits (ICs),Hot Swap Controller 1 Channel General Purpose 6-WSON (2x2),,,2 mm,2 mm,22.68
175-6-220P,Wakefield Thermal Solutions,"Fans, Blowers, Thermal Management",Thermal Pad Gray 18.00mm x 12.70mm Rectangular,0.5W/m-K,"0.0060"" (0.152mm)",,,23.73
SPK10-0.006-00-104,Bergquist,"Fans, Blowers, Thermal Management",Thermal Pad Beige 25.40mm x 19.05mm Rectangular,1.3W/m-K,"0.0060"" (0.152mm)",,,24.38
V-1100-SMD/B,Assmann WSW Components,"Fans, Blowers, Thermal Management",Heat Sink TO-252 (DPak) Copper Top Mount,,"0.390"" (9.91mm)","0.790"" (20.07mm)","0.320"" (8.13mm)",25.35
53-77-4G,"Boyd Laconia, LLC","Fans, Blowers, Thermal Management","Thermal Pad Gray, Green 19.05mm x 12.70mm Rectangular",0.9W/m-K,"0.0060"" (0.152mm)",,,25.35
THJP0612AST1,Vishay Dale Thin Film,"Fans, Blowers, Thermal Management",Thermal Pad 1.06mm x 3.20mm Rectangular,259W/m-K,"0.0300"" (0.762mm)",,,26.0
HF115AC-0.0055-AC-90,Bergquist,"Fans, Blowers, Thermal Management",Thermal Pad Gray 21.84mm x 18.79mm Rectangular Adhesive - One Side,0.8W/m-K,"0.0055"" (0.140mm)",,,26.33
53-77-4ACG,"Boyd Laconia, LLC","Fans, Blowers, Thermal Management","Thermal Pad Gray, Green 19.05mm x 12.70mm Rectangular Adhesive - One Side",0.9W/m-K,"0.0060"" (0.152mm)",,,27.3
43-77-9G,"Boyd Laconia, LLC","Fans, Blowers, Thermal Management",Thermal Pad Amber 18.42mm x 13.21mm Rectangular,-,"0.0020"" (0.051mm)",,,28.28
173-7-240A,Wakefield Thermal Solutions,"Fans, Blowers, Thermal Management",Thermal Pad Gray 19.10mm x 12.70mm Rectangular Adhesive - One Side,1.2W/m-K,"0.0070"" (0.178mm)",,,29.58
SP400-0.009-00-09,Bergquist,"Fans, Blowers, Thermal Management",Thermal Pad Gray 9.14mm Dia Round,0.9W/m-K,"0.0090"" (0.229mm)",,,29.58
TG-APC93-20-20-2.0-0,t-Global Technology,"Fans, Blowers, Thermal Management",Thermal Pad Gray 20.00mm x 20.00mm Square,2.0W/m-K,"0.0790"" (2.000mm)",,,31.53
4171G,"Boyd Laconia, LLC","Fans, Blowers, Thermal Management",Thermal Pad 16.51mm x 12.70mm Rectangular,-,"0.0701"" (1.780mm)",,,32.83
TG-A3500-25-25-3.0,t-Global Technology,"Fans, Blowers, Thermal Management",Thermal Pad Yellow 25.00mm x 25.00mm Square Tacky - Both Sides,3.5W/m-K,"0.118"" (3.00mm)",,,33.48
53-77-9ACG,"Boyd Laconia, LLC","Fans, Blowers, Thermal Management","Thermal Pad Gray, Green 18.42mm x 13.21mm Rectangular Adhesive - One Side",0.9W/m-K,"0.0060"" (0.152mm)",,,33.8
4169G,"Boyd Laconia, LLC","Fans, Blowers, Thermal Management",Thermal Pad 19.30mm x 13.97mm Rectangular,-,"0.0620"" (1.575mm)",,,34.45
4180G,"Boyd Laconia, LLC","Fans, Blowers, Thermal Management",Thermal Pad 23.24mm x 18.80mm Rectangular,-,"0.0800"" (2.032mm)",,,35.6
MCP9844T-BE/MNY,Microchip Technology,Integrated Circuits (ICs),"Temp Monitoring System (Sensor) -40°C ~ 125°C Internal Sensor 2-Wire Serial, I2C Output 8-TDFN (2x3)",,,2 mm,3 mm,38.35
TPA6130A2RTJR,Texas Instruments,Integrated Circuits (ICs),"Amplifier IC Headphones, 2-Channel (Stereo) Class AB 20-QFN (4x4)",,,4 mm,4 mm,39.33
TG-A6200-20-20-2.0,t-Global Technology,"Fans, Blowers, Thermal Management",Thermal Pad Blue 20.00mm x 20.00mm Square Tacky - Both Sides,6.2W/m-K,"0.0790"" (2.000mm)",,,39.33
"SE97BTP,547",NXP USA Inc.,Integrated Circuits (ICs),"Temp Monitoring System (Sensor), DIMM DDR Memory -40°C ~ 125°C Internal Sensor I2C/SMBus Output 8-HWSON (2x3)",,,2 mm,3 mm,39.65
MCP98244T-BE/MNY,Microchip Technology,Integrated Circuits (ICs),"Temp Monitoring System (Sensor), DIMM DDR Memory -40°C ~ 125°C Internal Sensor I2C Output 8-TDFN (2x3)",,,2 mm,3 mm,42.25
SP600-104,Bergquist,"Fans, Blowers, Thermal Management",Thermal Pad Green 25.40mm x 19.05mm Rectangular,1.0W/m-K,"0.0090"" (0.229mm)",,,42.25
MCP98243T-BE/MNY,Microchip Technology,Integrated Circuits (ICs),"Temp Monitoring System (Sensor), DIMM DDR Memory -40°C ~ 125°C Internal Sensor I2C/SMBus Output 8-TDFN (2x3)",,,2 mm,3 mm,42.25
TG-A1250-15-15-2.0,t-Global Technology,"Fans, Blowers, Thermal Management",Thermal Pad Green 15.00mm x 15.00mm Square,12.5W/m-K,"0.0790"" (2.000mm)",,,43.23
CD-02-05-264,Wakefield Thermal Solutions,"Fans, Blowers, Thermal Management",Thermal Pad Orange 26.67mm x 21.59mm Rectangular,-,"0.0030"" (0.076mm)",,,43.23
DML3006LFDS-7,Diodes Incorporated,Integrated Circuits (ICs),Power Switch/Driver 1:1 N-Channel 10.5A V-DFN2020-8 (Type F),,,,,47.13
CD-02-05-247,Wakefield Thermal Solutions,"Fans, Blowers, Thermal Management",Thermal Pad Orange 24.13mm x 19.05mm Rectangular,-,"0.0030"" (0.076mm)",,,47.45
TAS2505IRGER,Texas Instruments,Integrated Circuits (ICs),Amplifier IC 1-Channel (Mono) with Mono Headphones Class D 24-VQFN (4x4),,,4 mm,4 mm,47.45
SP2000-0.015-00-104,Bergquist,"Fans, Blowers, Thermal Management",Thermal Pad White 25.40mm x 19.05mm Rectangular,3.5W/m-K,"0.0150"" (0.381mm)",,,47.45
TPA2012D2RTJR,Texas Instruments,Integrated Circuits (ICs),Amplifier IC 2-Channel (Stereo) Class D 20-QFN (4x4),,,4 mm,4 mm,47.78
TG-AH486-21-15-13.0-1A,t-Global Technology,"Fans, Blowers, Thermal Management",Thermal Pad Gray 21.00mm x 15.00mm Rectangular Adhesive - One Side,3.2W/m-K,"0.512"" (13.00mm)",,,49.46
QB0603B25WYT,KYOCERA AVX,"Fans, Blowers, Thermal Management",Thermal Pad 1.52mm x 0.76mm Rectangular,"50W/m-K, 76W/m-K","0.0025"" (0.064mm)",,,51.35
TG-A1250-30-30-0.5,t-Global Technology,"Fans, Blowers, Thermal Management",Thermal Pad Green 30.00mm x 30.00mm Square,12.5W/m-K,"0.0197"" (0.500mm)",,,52.65
V-1102-SMD/A-L,Assmann WSW Components,"Fans, Blowers, Thermal Management",Heat Sink TO-263 (D²Pak) Copper Top Mount,,"0.450"" (11.43mm)","1.000"" (25.40mm)","0.763"" (19.38mm)",52.98
MAX9716ETA+T,Analog Devices Inc./Maxim Integrated,Integrated Circuits (ICs),Amplifier IC 1-Channel (Mono) Class AB 8-TDFN (3x3),,,3 mm,3 mm,55.25
MAX9724AETC+T,Analog Devices Inc./Maxim Integrated,Integrated Circuits (ICs),"Amplifier IC Headphones, 2-Channel (Stereo) Class AB 12-TQFN (3x3)",,,3 mm,3 mm,55.9
MAX98300ETA+T,Analog Devices Inc./Maxim Integrated,Integrated Circuits (ICs),Amplifier IC 1-Channel (Mono) Class D 8-TDFN-EP (2x2),,,2 mm,2 mm,59.15
THJP1225AST1,Vishay Dale Thin Film,"Fans, Blowers, Thermal Management",Thermal Pad 3.20mm x 6.40mm Rectangular,259W/m-K,"0.0300"" (0.762mm)",,,59.48
TG-AH486-35-10-7.0-0,t-Global Technology,"Fans, Blowers, Thermal Management",Thermal Pad Gray 35.00mm x 10.00mm Rectangular,3.2W/m-K,"0.276"" (7.00mm)",,,62.73
HSP-2,Sensata-Crydom,"Fans, Blowers, Thermal Management",Thermal Pad Black 57.15mm x 44.45mm Rectangular Adhesive - One Side,2.0W/m-K,"0.0050"" (0.127mm)",,,65.98
TG-A486G-20-20-2.5-0,t-Global Technology,"Fans, Blowers, Thermal Management",Thermal Pad Gray 20.00mm x 20.00mm Square Tacky - Both Sides,6.3W/m-K,"0.0984"" (2.500mm)",,,65.98
4170G,"Boyd Laconia, LLC","Fans, Blowers, Thermal Management",Thermal Pad 19.30mm x 13.97mm Rectangular,-,"0.0618"" (1.570mm)",,,69.23
MAX98307ETE+T,Analog Devices Inc./Maxim Integrated,Integrated Circuits (ICs),Amplifier IC 1-Channel (Mono) Class DG 16-TQFN (3x3),,,3 mm,3 mm,70.85
7109D/TRG,"Boyd Laconia, LLC","Fans, Blowers, Thermal Management",Heat Sink TO-263 (D²Pak) Copper 2.0W @ 30°C Top Mount,,"0.450"" (11.43mm)","1.000"" (25.40mm)","0.763"" (19.38mm)",71.18
407150015050,Würth Elektronik,"Fans, Blowers, Thermal Management",Thermal Pad Black 15.00mm x 15.00mm Square Adhesive - Both Sides,400W/m-K,"0.197"" (5.00mm)",,,71.18
407150015030,Würth Elektronik,"Fans, Blowers, Thermal Management",Thermal Pad Black 15.00mm x 15.00mm Square Adhesive - Both Sides,400W/m-K,"0.118"" (3.00mm)",,,71.18
EMC2104-BP-TR,Microchip Technology,Integrated Circuits (ICs),"Fan Control, Temp Monitor Internal and External Sensor 2-Wire SMBus Output 20-QFN (4x4)",,,4 mm,4 mm,76.38
TG-AH486-45-25-6.0-0,t-Global Technology,"Fans, Blowers, Thermal Management",Thermal Pad Gray 45.00mm x 25.00mm Rectangular,3.2W/m-K,"0.236"" (6.00mm)",,,79.63
TPS2590RSAR,Texas Instruments,Integrated Circuits (ICs),Hot Swap Controller 1 Channel General Purpose 16-QFN (4x4),,,4 mm,4 mm,79.63
"TFA9879HN/N1,157",NXP USA Inc.,Integrated Circuits (ICs),Amplifier IC 1-Channel (Mono) Class D 24-HVQFN (4x4),,,4 mm,4 mm,79.95
407150015200,Würth Elektronik,"Fans, Blowers, Thermal Management",Thermal Pad Black 15.00mm x 15.00mm Square Adhesive - Both Sides,400W/m-K,"0.787"" (20.00mm)",,,80.28
QB0805A40WYT,KYOCERA AVX,"Fans, Blowers, Thermal Management",Thermal Pad 2.03mm x 1.27mm Rectangular,"100W/m-K, 156W/m-K","0.0402"" (1.020mm)",,,80.93
QB0805B40WYT,KYOCERA AVX,"Fans, Blowers, Thermal Management",Thermal Pad 2.03mm x 1.27mm Rectangular,"100W/m-K, 156W/m-K","0.0402"" (1.020mm)",,,80.93
TG-AH486-25-25-9.0-0,t-Global Technology,"Fans, Blowers, Thermal Management",Thermal Pad Gray 25.00mm x 25.00mm Square,3.2W/m-K,"0.354"" (9.00mm)",,,82.23
407150045015,Würth Elektronik,"Fans, Blowers, Thermal Management",Thermal Pad Black 45.00mm x 15.00mm Rectangular Adhesive - Both Sides,400W/m-K,"0.0591"" (1.500mm)",,,83.53
TPS2421-1DDAR,Texas Instruments,Integrated Circuits (ICs),Hot Swap Controller 1 Channel General Purpose 8-SO PowerPad,,,,,83.85
"TFA9879HN/N1,118",NXP USA Inc.,Integrated Circuits (ICs),Amplifier IC 1-Channel (Mono) Class D 24-HVQFN (4x4),,,4 mm,4 mm,85.15
4880SG,"Boyd Laconia, LLC","Fans, Blowers, Thermal Management",Mounting Kit For TO-220 Heat Sinks,,,,,86.31
TPS25910RSAR,Texas Instruments,Integrated Circuits (ICs),Hot Swap Controller 1 Channel General Purpose 16-QFN (4x4),,,4 mm,4 mm,90.03
TPS2420RSAR,Texas Instruments,Integrated Circuits (ICs),Hot Swap Controller 1 Channel General Purpose 16-QFN (4x4),,,4 mm,4 mm,90.03
60-11-5791-1671,Parker Chomerics,"Fans, Blowers, Thermal Management",Thermal Pad White 17.45mm x 14.28mm Rectangular,2.6W/m-K,"0.0150"" (0.381mm)",,,93.28
60-11-8302-1671,Parker Chomerics,"Fans, Blowers, Thermal Management",Thermal Pad White 18.03mm x 12.70mm Rectangular,2.6W/m-K,"0.0150"" (0.381mm)",,,94.58
MAX6604AATA+T,Analog Devices Inc./Maxim Integrated,Integrated Circuits (ICs),"Temp Monitoring System (Sensor), DIMM DDR Memory -20°C ~ 125°C Internal Sensor 2-Wire Serial, I2C/SMBUS Output 8-TDFN (2x3)",,,2 mm,3 mm,95.55
TG-A1250-40-40-0.5,t-Global Technology,"Fans, Blowers, Thermal Management",Thermal Pad Green 40.00mm x 40.00mm Square,12.5W/m-K,"0.0197"" (0.500mm)",,,95.88
MAX98357AETE+T,Analog Devices Inc./Maxim Integrated,Integrated Circuits (ICs),Amplifier IC 1-Channel (Mono) Class D 16-TQFN (3x3),,,3 mm,3 mm,100.49
MAX9722AETE+T,Analog Devices Inc./Maxim Integrated,Integrated Circuits (ICs),"Amplifier IC Headphones, 2-Channel (Stereo) Class AB 16-TQFN (3x3)",,,3 mm,3 mm,108.23
MAX9768BETG+T,Analog Devices Inc./Maxim Integrated,Integrated Circuits (ICs),Amplifier IC 1-Channel (Mono) Class D 24-TQFN (4x4),,,4 mm,4 mm,123.5
MAX9768ETG+T,Analog Devices Inc./Maxim Integrated,Integrated Circuits (ICs),Amplifier IC 1-Channel (Mono) Class D 24-TQFN (4x4),,,4 mm,4 mm,123.5
SP2000-0.015-00-58,Bergquist,"Fans, Blowers, Thermal Management",Thermal Pad White 19.05mm x 12.70mm Rectangular,3.5W/m-K,"0.0150"" (0.381mm)",,,124.48
MAX9737ETG+T,Analog Devices Inc./Maxim Integrated,Integrated Circuits (ICs),Amplifier IC 1-Channel (Mono) Class D 24-TQFN (4x4),,,4 mm,4 mm,124.48
MAX9737ETG+,Analog Devices Inc./Maxim Integrated,Integrated Circuits (ICs),Amplifier IC 1-Channel (Mono) Class D 24-TQFN (4x4),,,4 mm,4 mm,124.48
MP7770GF-Z,Monolithic Power Systems Inc.,Integrated Circuits (ICs),Amplifier IC 1-Channel (Mono) or 2-Channel (Stereo) Class D 28-TSSOP-EP,,,,,125.13
TG-A3500-40-40-5.0,t-Global Technology,"Fans, Blowers, Thermal Management",Thermal Pad Yellow 40.00mm x 40.00mm Square Tacky - Both Sides,3.5W/m-K,"0.197"" (5.00mm)",,,125.13
60-12-20264-TW10,Parker Chomerics,"Fans, Blowers, Thermal Management",Thermal Pad Black 50.80mm x 12.70mm Rectangular Adhesive - Both Sides,-,"0.0130"" (0.330mm)",,,132.6
MP5991GLU-Z,Monolithic Power Systems Inc.,Integrated Circuits (ICs),Hot Swap Controller 1 Channel Networking 32-LGA (5x5),,,5 mm,5 mm,133.25
MAX14611ETD+T,Analog Devices Inc./Maxim Integrated,Integrated Circuits (ICs),Voltage Level Translator Bidirectional 1 Circuit 4 Channel 20Mbps 14-TDFN (3x3),,,3 mm,3 mm,139.1
MAX98400AETX+T,Analog Devices Inc./Maxim Integrated,Integrated Circuits (ICs),Amplifier IC 2-Channel (Stereo) Class D 36-TQFN (6x6),,,6 mm,6 mm,147.55
TPA1517DWPR,Texas Instruments,Integrated Circuits (ICs),Amplifier IC 2-Channel (Stereo) Class AB 20-HSOIC,,,,,148.53
MAX9703ETJ+T,Analog Devices Inc./Maxim Integrated,Integrated Circuits (ICs),Amplifier IC 1-Channel (Mono) Class D 32-TQFN (5x5),,,5 mm,5 mm,149.18
MAX6639ATE+T,Analog Devices Inc./Maxim Integrated,Integrated Circuits (ICs),"Fan Control, Temp Monitor 0°C ~ 150°C, External Sensor Internal and External Sensor I2C/SMBus Output 16-TQFN (5x5)",,,5 mm,5 mm,151.13
MAX3394EETA+T,Analog Devices Inc./Maxim Integrated,Integrated Circuits (ICs),Voltage Level Translator Bidirectional 1 Circuit 2 Channel 6Mbps 8-TDFN (3x3),,,3 mm,3 mm,152.1
04308,Vicor Corporation,Power Supplies - Board Mount,MINI MODULE THERMAL PAD,,,,,152.1
TG-AH486-100-100-1.0-0,t-Global Technology,"Fans, Blowers, Thermal Management",Thermal Pad Gray 100.00mm x 100.00mm Square,3.2W/m-K,"0.0394"" (1.000mm)",,,154.05
ADP7183ACPZN-R7,Analog Devices Inc.,Integrated Circuits (ICs),Linear Voltage Regulator IC Negative Adjustable 1 Output 300mA 8-LFCSP (2x2),,,2 mm,2 mm,156.33
ADP7183ACPZN1.2-R7,Analog Devices Inc.,Integrated Circuits (ICs),Linear Voltage Regulator IC Negative Fixed 1 Output 300mA 8-LFCSP (2x2),,,2 mm,2 mm,156.33
ADP7183ACPZN3.3-R7,Analog Devices Inc.,Integrated Circuits (ICs),Linear Voltage Regulator IC Negative Fixed 1 Output 300mA 8-LFCSP (2x2),,,2 mm,2 mm,156.33
ADP7183ACPZN2.5-R7,Analog Devices Inc.,Integrated Circuits (ICs),Linear Voltage Regulator IC Negative Fixed 1 Output 300mA 8-LFCSP (2x2),,,2 mm,2 mm,156.33
TG-A1250-30-30-2.0,t-Global Technology,"Fans, Blowers, Thermal Management",Thermal Pad Green 30.00mm x 30.00mm Square,12.5W/m-K,"0.0790"" (2.000mm)",,,159.58
MAX6639FATE+,Analog Devices Inc./Maxim Integrated,Integrated Circuits (ICs),"Fan Control, Temp Monitor 0°C ~ 150°C, External Sensor Internal and External Sensor I2C/SMBus Output 16-TQFN (5x5)",,,5 mm,5 mm,169.0
573100D00000G,"Boyd Laconia, LLC","Fans, Blowers, Thermal Management",Heat Sink TO-252 (DPak) Aluminum 0.8W @ 30°C Top Mount,,"0.400"" (10.16mm)","0.900"" (22.86mm)","0.315"" (8.00mm)",169.65
TG-A1250-25-25-3.0,t-Global Technology,"Fans, Blowers, Thermal Management",Thermal Pad Green 25.00mm x 25.00mm Square,12.5W/m-K,"0.118"" (3.00mm)",,,169.98
MAX98400BETG+T,Analog Devices Inc./Maxim Integrated,Integrated Circuits (ICs),Amplifier IC 2-Channel (Stereo) Class D 24-TQFN (4x4),,,4 mm,4 mm,176.8
TG-A1780-25-25-0.5,t-Global Technology,"Fans, Blowers, Thermal Management",Thermal Pad Gray 25.00mm x 25.00mm Square,17.8W/m-K,"0.0197"" (0.500mm)",,,178.75
MAX3378EETD+T,Analog Devices Inc./Maxim Integrated,Integrated Circuits (ICs),Voltage Level Translator Bidirectional 1 Circuit 4 Channel 16Mbps 14-TDFN (3x3),,,3 mm,3 mm,183.95
MAX5903NNETT+T,Analog Devices Inc./Maxim Integrated,Integrated Circuits (ICs),Hot Swap Controller 1 Channel General Purpose 6-TDFN (3x3),,,3 mm,3 mm,205.73
SSM2518CPZ-R7,Analog Devices Inc.,Integrated Circuits (ICs),Amplifier IC 2-Channel (Stereo) Class D 20-LFCSP (4x4),,,4 mm,4 mm,208.65
MAX9736AETJ+T,Analog Devices Inc./Maxim Integrated,Integrated Circuits (ICs),Amplifier IC 1-Channel (Mono) or 2-Channel (Stereo) Class D 32-TQFN (7x7),,,7 mm,7 mm,209.3
IRS2052MTRPBF,Infineon Technologies,Integrated Circuits (ICs),Amplifier IC 2-Channel (Stereo) Class D 48-MLPQ (7x7),,,7 mm,7 mm,211.58
4051100100017,Würth Elektronik,"Fans, Blowers, Thermal Management",Thermal Pad 100.00mm x 100.00mm Square Acrylic,1800W/m-K,"0.0015"" (0.037mm)",,,217.75
TG-A1250-40-40-1.5,t-Global Technology,"Fans, Blowers, Thermal Management",Thermal Pad Green 40.00mm x 40.00mm Square,12.5W/m-K,"0.0591"" (1.500mm)",,,222.63
COH-1706-200-05,Taica North America Corporation,"Fans, Blowers, Thermal Management",Thermal Pad Gray 200.00mm x 200.00mm Square Tacky - Both Sides,1.7W/m-K,"0.0200"" (0.508mm)",,,225.88
01777,Vicor Corporation,Power Supplies - Board Mount,THERMAL PADS VI-200S,,,,,231.08
MAX9744ETH+T,Analog Devices Inc./Maxim Integrated,Integrated Circuits (ICs),Amplifier IC 2-Channel (Stereo) Class D 44-TQFN (7x7),,,7 mm,7 mm,233.35
MAX9744ETH+,Analog Devices Inc./Maxim Integrated,Integrated Circuits (ICs),Amplifier IC 2-Channel (Stereo) Class D 44-TQFN (7x7),,,7 mm,7 mm,243.1
TG-A1780-30-30-0.5,t-Global Technology,"Fans, Blowers, Thermal Management",Thermal Pad Gray 30.00mm x 30.00mm Square,17.8W/m-K,"0.0197"" (0.500mm)",,,252.2
MAX31865ATP+,Analog Devices Inc./Maxim Integrated,Integrated Circuits (ICs),Temp Monitoring System (Sensor) External Sensor SPI Output 20-TQFN (5x5),,,5 mm,5 mm,246.96
TPA3106D1VFPR,Texas Instruments,Integrated Circuits (ICs),Amplifier IC 1-Channel (Mono) Class D 32-HLQFP (7x7),,,7 mm,7 mm,267.8
TG-A6200F-100-100-0.5,t-Global Technology,"Fans, Blowers, Thermal Management",Thermal Pad Blue 100.00mm x 100.00mm Square Tacky - One Side,5.0W/m-K,"0.0197"" (0.500mm)",,,273.98
MAX31865ATP+T,Analog Devices Inc./Maxim Integrated,Integrated Circuits (ICs),Temp Monitoring System (Sensor) External Sensor SPI Output 20-TQFN (5x5),,,5 mm,5 mm,292.83
7109DG,"Boyd Laconia, LLC","Fans, Blowers, Thermal Management",Heat Sink TO-263 (D²Pak) Copper 2.0W @ 30°C Top Mount,,"0.450"" (11.43mm)","1.000"" (25.40mm)","0.763"" (19.38mm)",294.78
ADT7462ACPZ-REEL,onsemi,Integrated Circuits (ICs),"Fan Control, Temp Monitor -40°C ~ 125°C, External Sensor Internal and External Sensor SMBus Output 32-LFCSP-VQ (5x5)",,,5 mm,5 mm,295.43
ADP1761ACPZ-R7,Analog Devices Inc.,Integrated Circuits (ICs),Linear Voltage Regulator IC Positive Adjustable 1 Output 1A 16-LFCSP (3x3),,,3 mm,3 mm,296.08
LTC4217CDHC#TRPBF,Analog Devices Inc.,Integrated Circuits (ICs),"Hot Swap Controller, Monitor 1 Channel General Purpose 16-DFN (5x3)",,,5 mm,3 mm,298.03
LTC4219CDHC-12#TRPBF,Analog Devices Inc.,Integrated Circuits (ICs),"Hot Swap Controller, Monitor 1 Channel General Purpose 16-DFN (5x3)",,,5 mm,3 mm,298.03
LTC4219CDHC-12#PBF,Analog Devices Inc.,Integrated Circuits (ICs),"Hot Swap Controller, Monitor 1 Channel General Purpose 16-DFN (5x3)",,,5 mm,3 mm,298.03
SP2000-0.015-00-54,Bergquist,"Fans, Blowers, Thermal Management",Thermal Pad White 19.05mm x 12.70mm Rectangular,3.5W/m-K,"0.0150"" (0.381mm)",,,317.2
MAX5954AETX+T,Analog Devices Inc./Maxim Integrated,Integrated Circuits (ICs),Hot Plug Controller 3 Channel PCI Express® 36-TQFN (6x6),,,6 mm,6 mm,326.95
MAX5954AETX+,Analog Devices Inc./Maxim Integrated,Integrated Circuits (ICs),Hot Plug Controller 3 Channel PCI Express® 36-TQFN (6x6),,,6 mm,6 mm,327.6
ADP1762ACPZ-R7,Analog Devices Inc.,Integrated Circuits (ICs),Linear Voltage Regulator IC Positive Adjustable 1 Output 2A 16-LFCSP (3x3),,,3 mm,3 mm,333.13
ADP1762ACPZ-1.2-R7,Analog Devices Inc.,Integrated Circuits (ICs),Linear Voltage Regulator IC Positive Fixed 1 Output 2A 16-LFCSP (3x3),,,3 mm,3 mm,333.13
ADP1762ACPZ-1.3-R7,Analog Devices Inc.,Integrated Circuits (ICs),Linear Voltage Regulator IC Positive Fixed 1 Output 2A 16-LFCSP (3x3),,,3 mm,3 mm,333.13
LTC4217IDHC-12#PBF,Analog Devices Inc.,Integrated Circuits (ICs),"Hot Swap Controller, Monitor 1 Channel General Purpose 16-DFN (5x3)",,,5 mm,3 mm,337.68
LTC4217IDHC#TRPBF,Analog Devices Inc.,Integrated Circuits (ICs),"Hot Swap Controller, Monitor 1 Channel General Purpose 16-DFN (5x3)",,,5 mm,3 mm,337.68
LTC4217IDHC#PBF,Analog Devices Inc.,Integrated Circuits (ICs),"Hot Swap Controller, Monitor 1 Channel General Purpose 16-DFN (5x3)",,,5 mm,3 mm,337.68
GP1500-0.080-02-0404,Bergquist,"Fans, Blowers, Thermal Management",Thermal Pad Black 101.60mm x 101.60mm Square Tacky - Both Sides,1.5W/m-K,"0.0800"" (2.032mm)",,,338.65
LTC4232IDHC#PBF,Analog Devices Inc.,Integrated Circuits (ICs),"Hot Swap Controller, Monitor 1 Channel General Purpose 16-DFN (5x3)",,,5 mm,3 mm,351.0
LTC4219IDHC-12#PBF,Analog Devices Inc.,Integrated Circuits (ICs),"Hot Swap Controller, Monitor 1 Channel General Purpose 16-DFN (5x3)",,,5 mm,3 mm,351.0
MAX3395EETC+T,Analog Devices Inc./Maxim Integrated,Integrated Circuits (ICs),Voltage Level Translator Bidirectional 1 Circuit 4 Channel 6Mbps 12-TQFN (4x4),,,4 mm,4 mm,354.25
ADP1763ACPZ-R7,Analog Devices Inc.,Integrated Circuits (ICs),Linear Voltage Regulator IC Positive Adjustable 1 Output 3A 16-LFCSP (3x3),,,3 mm,3 mm,368.23
ADP1763ACPZ-1.0-R7,Analog Devices Inc.,Integrated Circuits (ICs),Linear Voltage Regulator IC Positive Fixed 1 Output 3A 16-LFCSP (3x3),,,3 mm,3 mm,368.23
TG-A6200-100-100-1.0,t-Global Technology,"Fans, Blowers, Thermal Management",Thermal Pad Blue 100.00mm x 100.00mm Square Tacky - Both Sides,6.2W/m-K,"0.0394"" (1.000mm)",,,378.95
TG-A1780-40-40-0.5,t-Global Technology,"Fans, Blowers, Thermal Management",Thermal Pad Gray 40.00mm x 40.00mm Square,17.8W/m-K,"0.0197"" (0.500mm)",,,384.48
GP1500-0.020-02-0404,Bergquist,"Fans, Blowers, Thermal Management",Thermal Pad Black 101.60mm x 101.60mm Square Tacky - Both Sides,1.5W/m-K,"0.0200"" (0.508mm)",,,403.0
QB0603A25WYT,KYOCERA AVX,"Fans, Blowers, Thermal Management",Thermal Pad 1.52mm x 0.76mm Rectangular,"50W/m-K, 76W/m-K","0.0025"" (0.064mm)",,,416.0
A18197-05,Laird Technologies - Thermal Materials,"Fans, Blowers, Thermal Management",Thermal Pad Gray 228.60mm x 228.60mm Square Tacky - Both Sides,5.3W/m-K,"0.0049"" (0.125mm)",,,442.33
69-13-42348-T412,Parker Chomerics,"Fans, Blowers, Thermal Management",Thermal Pad Gray 28.00mm x 28.00mm Square Adhesive - Both Sides,1.4W/m-K,"0.0091"" (0.230mm)",,,468.98
T62-310-310-0.13,t-Global Technology,"Fans, Blowers, Thermal Management",Thermal Pad Black 310.00mm x 310.00mm Square,20W/m-K,"0.0050"" (0.127mm)",,,489.78
A18197-08,Laird Technologies - Thermal Materials,"Fans, Blowers, Thermal Management",Thermal Pad Gray 228.60mm x 228.60mm Square Tacky - Both Sides,5.3W/m-K,"0.0079"" (0.200mm)",,,500.83
EYG-S091210,Panasonic Electronic Components,"Fans, Blowers, Thermal Management",Thermal Pad Gray 115.00mm x 90.00mm Rectangular,-,"0.0039"" (0.100mm)",,,501.48
ADP1764ACPZ-R7,Analog Devices Inc.,Integrated Circuits (ICs),Linear Voltage Regulator IC Positive Adjustable 1 Output 4A 16-LFCSP (3x3),,,3 mm,3 mm,505.05
TG-A6200-150-150-0.5,t-Global Technology,"Fans, Blowers, Thermal Management",Thermal Pad Blue 150.00mm x 150.00mm Square Tacky - Both Sides,6.2W/m-K,"0.0197"" (0.500mm)",,,519.03
A18197-10,Laird Technologies - Thermal Materials,"Fans, Blowers, Thermal Management",Thermal Pad Gray 228.60mm x 228.60mm Square Tacky - Both Sides,5.3W/m-K,"0.0098"" (0.250mm)",,,541.13
A17916-08,Laird Technologies - Thermal Materials,"Fans, Blowers, Thermal Management",Thermal Pad Gray 228.60mm x 228.60mm Square Tacky - Both Sides,2.0W/m-K,"0.0800"" (2.032mm)",,,541.78
BP100-0.005-00-1112,Bergquist,"Fans, Blowers, Thermal Management",Thermal Pad White 304.80mm x 279.40mm Rectangular Adhesive - Both Sides,0.8W/m-K,"0.0050"" (0.127mm)",,,550.55
T62-1-310-310-0.16,t-Global Technology,"Fans, Blowers, Thermal Management",Thermal Pad Black 310.00mm x 310.00mm Square Adhesive - One Side,15W/m-K,"0.0063"" (0.160mm)",,,573.95
ADP1765ACPZ-R7,Analog Devices Inc.,Integrated Circuits (ICs),Linear Voltage Regulator IC Positive Adjustable 1 Output 5A 16-LFCSP (3x3),,,3 mm,3 mm,639.28
ADP1765ACPZ-1.0-R7,Analog Devices Inc.,Integrated Circuits (ICs),Linear Voltage Regulator IC Positive Fixed 1 Output 5A 16-LFCSP (3x3),,,3 mm,3 mm,639.28
GP1500-0.040-02-0404,Bergquist,"Fans, Blowers, Thermal Management",Thermal Pad Black 101.60mm x 101.60mm Square Tacky - Both Sides,1.5W/m-K,"0.0400"" (1.016mm)",,,663.98
GT10D-300-300-0.25-1A,t-Global Technology,"Fans, Blowers, Thermal Management",Thermal Pad Pink 300.00mm x 300.00mm Square Adhesive - One Side,1.5W/m-K,"0.0098"" (0.250mm)",,,684.78
SF400-505005,Same Sky (Formerly CUI Devices),"Fans, Blowers, Thermal Management",Thermal Pad Gray 50.00mm x 50.00mm Square Tacky - Both Sides,2.5W/m-K,"0.0197"" (0.500mm)",,,703.3
MAX9709ETN+D,Analog Devices Inc./Maxim Integrated,Integrated Circuits (ICs),Amplifier IC 1-Channel (Mono) or 2-Channel (Stereo) Class D 56-TQFN (8x8),,,8 mm,8 mm,708.5
GPVOUS-0.020-01-0816,Bergquist,"Fans, Blowers, Thermal Management",Thermal Pad Pink 406.40mm x 203.20mm Rectangular Tacky - One Side,1.0W/m-K,"0.0200"" (0.508mm)",,,718.25
A17733-04,Laird Technologies - Thermal Materials,"Fans, Blowers, Thermal Management",Thermal Pad Yellow 228.60mm x 228.60mm Square Adhesive - One Side,1.2W/m-K,"0.0400"" (1.016mm)",,,727.68
2191342,Bergquist,"Fans, Blowers, Thermal Management",Thermal Pad Gray 304.80mm x 292.10mm Rectangular,0.9W/m-K,"0.0060"" (0.152mm)",,,728.98
TG-A1250-125-125-0.5,t-Global Technology,"Fans, Blowers, Thermal Management",Thermal Pad Green 125.00mm x 125.00mm Square,12.5W/m-K,"0.0197"" (0.500mm)",,,736.45
69-12-42355-1674,Parker Chomerics,"Fans, Blowers, Thermal Management",Thermal Pad Blue 203.20mm x 203.20mm Square Adhesive - One Side,1.0W/m-K,"0.0100"" (0.254mm)",,,761.8
TG-A6200-100-100-2.5,t-Global Technology,"Fans, Blowers, Thermal Management",Thermal Pad Blue 100.00mm x 100.00mm Square Tacky - Both Sides,6.2W/m-K,"0.0984"" (2.500mm)",,,764.4
A17084-06,Laird Technologies - Thermal Materials,"Fans, Blowers, Thermal Management",Thermal Pad Brown 457.20mm x 304.80mm Rectangular,-,"0.0090"" (0.229mm)",,,780.65
GP1500-0.040-02-0816,Bergquist,"Fans, Blowers, Thermal Management",Thermal Pad Black 406.40mm x 203.20mm Rectangular Tacky - Both Sides,1.5W/m-K,"0.0400"" (1.016mm)",,,790.08
GPVOUS-0.040-01-0816,Bergquist,"Fans, Blowers, Thermal Management",Thermal Pad Pink 406.40mm x 203.20mm Rectangular Tacky - One Side,1.0W/m-K,"0.0400"" (1.016mm)",,,802.1
TG-A6200-150-150-1.0,t-Global Technology,"Fans, Blowers, Thermal Management",Thermal Pad Blue 150.00mm x 150.00mm Square Tacky - Both Sides,6.2W/m-K,"0.0394"" (1.000mm)",,,814.78
A15993-00,Laird Technologies - Thermal Materials,"Fans, Blowers, Thermal Management",Thermal Pad Gray 228.60mm x 228.60mm Square Tacky - Both Sides,3.0W/m-K,"0.0200"" (0.508mm)",,,827.78
A18172-10,Laird Technologies - Thermal Materials,"Fans, Blowers, Thermal Management",Thermal Pad Gray 228.60mm x 228.60mm Square Tacky - Both Sides,7.5W/m-K,"0.0098"" (0.250mm)",,,865.15
TG-A1250-100-100-1.0,t-Global Technology,"Fans, Blowers, Thermal Management",Thermal Pad Green 100.00mm x 100.00mm Square,12.5W/m-K,"0.0394"" (1.000mm)",,,902.53
BP100-0.011-00-1010,Bergquist,"Fans, Blowers, Thermal Management",Thermal Pad White 254.00mm x 254.00mm Square Adhesive - Both Sides,0.8W/m-K,"0.0110"" (0.279mm)",,,922.35
EYG-S121807,Panasonic Electronic Components,"Fans, Blowers, Thermal Management",Thermal Pad Gray 180.00mm x 115.00mm Rectangular,-,"0.0028"" (0.070mm)",,,941.2
PL-1-5-1016-H,Wakefield Thermal Solutions,"Fans, Blowers, Thermal Management",Thermal Pad Gold 101.60mm x 101.60mm Square Tacky - One Side,5.0W/m-K,"0.0390"" (0.991mm)",,,945.1
EYG-S0918ZLX2,Panasonic Electronic Components,"Fans, Blowers, Thermal Management",Thermal Pad Gray 180.00mm x 90.00mm Rectangular,-,"0.0079"" (0.200mm)",,,958.75
EYG-S121810,Panasonic Electronic Components,"Fans, Blowers, Thermal Management",Thermal Pad Gray 180.00mm x 115.00mm Rectangular,-,"0.0039"" (0.100mm)",,,964.6
GP1500R-0.020-02-0816,Bergquist,"Fans, Blowers, Thermal Management",Thermal Pad Black 406.40mm x 203.20mm Rectangular Tacky - Both Sides,1.5W/m-K,"0.0200"" (0.508mm)",,,966.88
4051210297017,Würth Elektronik,"Fans, Blowers, Thermal Management",Thermal Pad 297.00mm x 210.00mm Rectangular Acrylic,1800W/m-K,"0.0015"" (0.037mm)",,,968.83
BP100-0.008-00-1010,Bergquist,"Fans, Blowers, Thermal Management",Thermal Pad White 254.00mm x 254.00mm Square Adhesive - Both Sides,0.8W/m-K,"0.0080"" (0.203mm)",,,980.53
2191191,Bergquist,"Fans, Blowers, Thermal Management",Thermal Pad Pink 406.40mm x 203.20mm Rectangular Tacky - One Side,1.0W/m-K,"0.0600"" (1.524mm)",,,1007.5
69-13-42350-T412,Parker Chomerics,"Fans, Blowers, Thermal Management",Thermal Pad Gray 152.40mm x 152.40mm Square Adhesive - Both Sides,1.4W/m-K,"0.0091"" (0.230mm)",,,1018.23
A14556-01,Laird Technologies - Thermal Materials,"Fans, Blowers, Thermal Management",Thermal Pad Blue 228.60mm x 228.60mm Square Tacky - Both Sides,2.8W/m-K,"0.0200"" (0.508mm)",,,1021.15
A17690-02,Laird Technologies - Thermal Materials,"Fans, Blowers, Thermal Management",Thermal Pad Pink 228.60mm x 228.60mm Square Tacky - One Side,5.0W/m-K,"0.0200"" (0.508mm)",,,1049.1
SPK10-0.006-00-11.512,Bergquist,"Fans, Blowers, Thermal Management",Thermal Pad Beige 304.80mm x 292.10mm Rectangular,1.3W/m-K,"0.0060"" (0.152mm)",,,1079.65
A10464-07,Laird Technologies - Thermal Materials,"Fans, Blowers, Thermal Management",Thermal Pad Gray 609.60mm x 457.20mm Rectangular,5.0W/m-K,"0.0200"" (0.508mm)",,,1130.03
GP1500-0.080-02-0816,Bergquist,"Fans, Blowers, Thermal Management",Thermal Pad Black 406.40mm x 203.20mm Rectangular Tacky - Both Sides,1.5W/m-K,"0.0800"" (2.032mm)",,,1178.45
TG-A486G-150-150-1.0-1A,t-Global Technology,"Fans, Blowers, Thermal Management",Thermal Pad Gray 150.00mm x 150.00mm Square Adhesive - One Side,6.3W/m-K,"0.0394"" (1.000mm)",,,1213.55
COH-4065LVC-200-10,Taica North America Corporation,"Fans, Blowers, Thermal Management",Thermal Pad Reddish Brown 200.00mm x 200.00mm Square Tacky - Both Sides,2.2W/m-K,"0.0390"" (0.991mm)",,,1177.47
SP900S-0.009-AC-1212,Bergquist,"Fans, Blowers, Thermal Management",Thermal Pad Pink 304.80mm x 304.80mm Square Adhesive - One Side,1.6W/m-K,"0.0090"" (0.229mm)",,,1232.4
A14692-30,Laird Technologies - Thermal Materials,"Fans, Blowers, Thermal Management",Thermal Pad Amber 457.20mm x 279.40mm Rectangular,-,"0.0020"" (0.051mm)",,,1273.68
A17653-03,Laird Technologies - Thermal Materials,"Fans, Blowers, Thermal Management",Thermal Pad Pink 228.60mm x 228.60mm Square Tacky - Both Sides,5.0W/m-K,"0.0300"" (0.762mm)",,,1312.68
69-11-42341-T558,Parker Chomerics,"Fans, Blowers, Thermal Management",Thermal Pad Gray 152.40mm x 152.40mm Square Tacky - Both Sides,-,"0.0045"" (0.115mm)",,,1341.28
2165804,Bergquist,"Fans, Blowers, Thermal Management",Thermal Pad Beige 304.80mm x 292.10mm Rectangular Adhesive - One Side,1.3W/m-K,"0.0060"" (0.152mm)",,,1439.1
5549S-05,3M,"Fans, Blowers, Thermal Management",Thermal Pad Gray 210.00mm x 155.00mm Rectangular Tacky - One Side,3.5W/m-K,"0.0197"" (0.500mm)",,,1445.28
61-02-0909-G579,Parker Chomerics,"Fans, Blowers, Thermal Management",Thermal Pad Pink 228.60mm x 228.60mm Square,3.0W/m-K,"0.0200"" (0.508mm)",,,1467.05
A18330-04,Laird Technologies - Thermal Materials,"Fans, Blowers, Thermal Management",Thermal Pad Gray 127.00mm x 76.00mm Rectangular,34W/m-K,"0.0394"" (1.000mm)",,,1483.95
8810-0.5-5,3M (TC),"Fans, Blowers, Thermal Management",Thermal Pad White 4.57m x 12.70mm Rectangular Adhesive - Both Sides,0.6W/m-K,"0.0098"" (0.250mm)",,,1510.93
TG-APC94-150-150-2.0-0,t-Global Technology,"Fans, Blowers, Thermal Management",Thermal Pad Red 150.00mm x 150.00mm Square,4.0W/m-K,"0.0790"" (2.000mm)",,,1553.83
A15340-01,Laird Technologies - Thermal Materials,"Fans, Blowers, Thermal Management",Thermal Pad Green 228.60mm x 228.60mm Square,1.2W/m-K,"0.200"" (5.08mm)",,,1587.95
GP1500-0.125-02-0816,Bergquist,"Fans, Blowers, Thermal Management",Thermal Pad Black 406.40mm x 203.20mm Rectangular Tacky - Both Sides,1.5W/m-K,"0.125"" (3.18mm)",,,1638.0
A10464-10,Laird Technologies - Thermal Materials,"Fans, Blowers, Thermal Management",Thermal Pad Gray 609.60mm x 457.20mm Rectangular Adhesive - One Side,5.0W/m-K,"0.0200"" (0.508mm)",,,1641.9
EYG-S182307,Panasonic Electronic Components,"Fans, Blowers, Thermal Management",Thermal Pad Gray 230.00mm x 180.00mm Rectangular,-,"0.0028"" (0.070mm)",,,1673.1
5583S 210 MM X 300 MM X 2.0 MM,3M,"Fans, Blowers, Thermal Management",Thermal Pad White 300.00mm x 210.00mm Rectangular Tacky - One Side,1.0W/m-K,"0.0790"" (2.000mm)",,,1682.2
A18213-02,Laird Technologies - Thermal Materials,"Fans, Blowers, Thermal Management",Thermal Pad Gray 229.00mm x 229.00mm Square,10W/m-K,"0.0197"" (0.500mm)",,,1685.45
TG-A1450-100-100-1.0,t-Global Technology,"Fans, Blowers, Thermal Management",Thermal Pad Red 100.00mm x 100.00mm Square,14.5W/m-K,"0.0394"" (1.000mm)",,,1703.98
A17653-04,Laird Technologies - Thermal Materials,"Fans, Blowers, Thermal Management",Thermal Pad Pink 228.60mm x 228.60mm Square Tacky - Both Sides,5.0W/m-K,"0.0400"" (1.016mm)",,,1716.0
TG-A1250-100-100-2.0,t-Global Technology,"Fans, Blowers, Thermal Management",Thermal Pad Green 100.00mm x 100.00mm Square,12.5W/m-K,"0.0790"" (2.000mm)",,,1716.98
A10092-01,Laird Technologies - Thermal Materials,"Fans, Blowers, Thermal Management",Thermal Pad Pink 203.20mm x 203.20mm Square,6.0W/m-K,"0.0100"" (0.254mm)",,,1724.13
20265,Vicor Corporation,Power Supplies - Board Mount,THERMAL PAD FOR MICRORAM 1=10PCS,,,,,1729.98
A15340-03,Laird Technologies - Thermal Materials,"Fans, Blowers, Thermal Management",Thermal Pad Green 228.60mm x 228.60mm Square Tacky - One Side,1.2W/m-K,"0.200"" (5.08mm)",,,1735.18
A16367-02,Laird Technologies - Thermal Materials,"Fans, Blowers, Thermal Management",Thermal Pad Pink 228.60mm x 215.90mm Rectangular Tacky - One Side,2.8W/m-K,"0.0200"" (0.508mm)",,,1753.7
5519 210 MM X 155 MM X 1.0 MM,3M,"Fans, Blowers, Thermal Management",Thermal Pad Gray 210.00mm x 155.00mm Rectangular Tacky - Both Sides,4.9W/m-K,"0.0390"" (0.991mm)",,,1785.23
GP1000SF-0.020-02-0816,Bergquist,"Fans, Blowers, Thermal Management",Thermal Pad Green 406.40mm x 203.20mm Rectangular Tacky - Both Sides,0.9W/m-K,"0.0200"" (0.508mm)",,,1800.5
EYG-S182307DP,Panasonic Electronic Components,"Fans, Blowers, Thermal Management",Thermal Pad Gray 230.00mm x 180.00mm Rectangular,-,"0.0028"" (0.070mm)",,,1832.68
EYG-S1431ZLAA,Panasonic Electronic Components,"Fans, Blowers, Thermal Management",Thermal Pad Gray 308.00mm x 140.00mm Rectangular,-,"0.0079"" (0.200mm)",,,1844.05
EYG-S1818ZLX2,Panasonic Electronic Components,"Fans, Blowers, Thermal Management",Thermal Pad Gray 180.00mm x 180.00mm Square,-,"0.0079"" (0.200mm)",,,1844.05
TG-A1660-125-125-0.5,t-Global Technology,"Fans, Blowers, Thermal Management",Thermal Pad Gray 125.00mm x 125.00mm Square,16.6W/m-K,"0.020"" (0.50mm)",,,1844.38
TG-A486G-150-150-2.0-1A,t-Global Technology,"Fans, Blowers, Thermal Management",Thermal Pad Gray 150.00mm x 150.00mm Square Adhesive - One Side,6.3W/m-K,"0.0790"" (2.000mm)",,,1851.85
A17690-04,Laird Technologies - Thermal Materials,"Fans, Blowers, Thermal Management",Thermal Pad Pink 228.60mm x 228.60mm Square Tacky - One Side,5.0W/m-K,"0.0400"" (1.016mm)",,,1877.53
62-02-0909-A579,Parker Chomerics,"Fans, Blowers, Thermal Management",Thermal Pad Pink 228.60mm x 228.60mm Square Adhesive - One Side,3.0W/m-K,"0.0200"" (0.508mm)",,,1917.83
A18238-02,Laird Technologies - Thermal Materials,"Fans, Blowers, Thermal Management",Thermal Pad Gray 229.00mm x 229.00mm Square Tacky - One Side,10W/m-K,"0.0200"" (0.508mm)",,,1938.95
20264,Vicor Corporation,Power Supplies - Board Mount,THERMMATE MINI 10PK,,,,,1939.6
TG-A1250-150-150-1.0,t-Global Technology,"Fans, Blowers, Thermal Management",Thermal Pad Green 150.00mm x 150.00mm Square,12.5W/m-K,"0.0394"" (1.000mm)",,,1940.25
GPVOUS-0.100-01-0816,Bergquist,"Fans, Blowers, Thermal Management",Thermal Pad Pink 406.40mm x 203.20mm Rectangular Tacky - One Side,1.0W/m-K,"0.100"" (2.54mm)",,,1955.85
5516-10,3M,"Fans, Blowers, Thermal Management",Thermal Pad Gray 320.00mm x 230.00mm Rectangular Tacky - Both Sides,3.1W/m-K,"0.0390"" (0.991mm)",,,1958.78
COH-3114LVC-200-10,Taica North America Corporation,"Fans, Blowers, Thermal Management",Thermal Pad Gray 200.00mm x 200.00mm Square Tacky - Both Sides,3.1W/m-K,"0.0390"" (0.991mm)",,,1978.6
EYG-S182310DP,Panasonic Electronic Components,"Fans, Blowers, Thermal Management",Thermal Pad Gray 230.00mm x 180.00mm Rectangular,-,"0.0039"" (0.100mm)",,,2024.1
GPHC3.0-0.020-02-0816,Bergquist,"Fans, Blowers, Thermal Management",Thermal Pad Blue 406.40mm x 203.20mm Rectangular Tacky - Both Sides,3.0W/m-K,"0.0200"" (0.508mm)",,,2024.43
COH-4065LVC-200-20,Taica North America Corporation,"Fans, Blowers, Thermal Management",Thermal Pad Reddish Brown 200.00mm x 200.00mm Square Tacky - Both Sides,2.2W/m-K,"0.0790"" (2.000mm)",,,2065.05
GP5000S35-0.020-02-0816,Bergquist,"Fans, Blowers, Thermal Management",Thermal Pad Green 406.40mm x 203.20mm Rectangular Tacky - Both Sides,5.0W/m-K,"0.0200"" (0.508mm)",,,2067.65
A14692-31,Laird Technologies - Thermal Materials,"Fans, Blowers, Thermal Management",Thermal Pad Amber 457.20mm x 279.40mm Rectangular,-,"0.0030"" (0.076mm)",,,2081.3
A12618-01,Laird Technologies - Thermal Materials,"Fans, Blowers, Thermal Management",Thermal Pad Blue-Violet 228.60mm x 228.60mm Square Tacky - Both Sides,3.0W/m-K,"0.0400"" (1.016mm)",,,2103.73
A14704-22,Laird Technologies - Thermal Materials,"Fans, Blowers, Thermal Management",Thermal Pad Amber 457.20mm x 279.40mm Rectangular Adhesive - One Side,-,"0.0030"" (0.076mm)",,,2110.88
TG-A1250-100-100-2.5,t-Global Technology,"Fans, Blowers, Thermal Management",Thermal Pad Green 100.00mm x 100.00mm Square,12.5W/m-K,"0.0984"" (2.500mm)",,,2114.13
61-04-0909-G579,Parker Chomerics,"Fans, Blowers, Thermal Management",Thermal Pad Pink 228.60mm x 228.60mm Square,3.0W/m-K,"0.0400"" (1.016mm)",,,2148.25
61-04-0909-HCS10G,Parker Chomerics,"Fans, Blowers, Thermal Management",Thermal Pad Orange 228.60mm x 228.60mm Square,1.0W/m-K,"0.0400"" (1.016mm)",,,2150.2
A14412-01,Laird Technologies - Thermal Materials,"Fans, Blowers, Thermal Management",Thermal Pad Blue-Violet 228.60mm x 228.60mm Square Tacky - One Side,3.0W/m-K,"0.0400"" (1.016mm)",,,2160.6
8810-0.75-5,3M (TC),"Fans, Blowers, Thermal Management",Thermal Pad White 4.57m x 19.05mm Rectangular Adhesive - Both Sides,0.6W/m-K,"0.0098"" (0.250mm)",,,2165.15
2191193,Bergquist,"Fans, Blowers, Thermal Management",Thermal Pad Pink 406.40mm x 203.20mm Rectangular Tacky - One Side,1.0W/m-K,"0.125"" (3.18mm)",,,2181.08
TG-A6200-310-310-0.5,t-Global Technology,"Fans, Blowers, Thermal Management",Thermal Pad Blue 310.00mm x 310.00mm Square Tacky - Both Sides,6.2W/m-K,"0.0197"" (0.500mm)",,,2190.83
A14692-32,Laird Technologies - Thermal Materials,"Fans, Blowers, Thermal Management",Thermal Pad Amber 457.20mm x 279.40mm Rectangular,-,"0.0040"" (0.102mm)",,,2262.33
TG-A1660-100-100-1.0,t-Global Technology,"Fans, Blowers, Thermal Management",Thermal Pad Gray 100.00mm x 100.00mm Square,16.6W/m-K,"0.0394"" (1.000mm)",,,2335.13
A10080-01,Laird Technologies - Thermal Materials,"Fans, Blowers, Thermal Management",Thermal Pad Blue 203.20mm x 203.20mm Square,6.0W/m-K,"0.0200"" (0.508mm)",,,2341.95
PL-1-12-76X127-75,Wakefield Thermal Solutions,"Fans, Blowers, Thermal Management",Thermal Pad Gray 127.00mm x 76.20mm Rectangular Tacky - One Side,12W/m-K,"0.0394"" (1.000mm)",,,2403.7
20263,Vicor Corporation,Power Supplies - Board Mount,THERM PAD FOR MAXI 1=10,,,,,2438.15
62-04-0909-A579,Parker Chomerics,"Fans, Blowers, Thermal Management",Thermal Pad Pink 228.60mm x 228.60mm Square Adhesive - One Side,3.0W/m-K,"0.0400"" (1.016mm)",,,2445.3
TG-A4500-310-310-1.0,t-Global Technology,"Fans, Blowers, Thermal Management",Thermal Pad Purple 310.00mm x 310.00mm Square Tacky - Both Sides,4.5W/m-K,"0.0394"" (1.000mm)",,,2446.28
5519 210 MM X 155 MM X 2.0 MM,3M,"Fans, Blowers, Thermal Management",Thermal Pad Gray 210.00mm x 155.00mm Rectangular Tacky - Both Sides,4.9W/m-K,"0.0790"" (2.000mm)",,,2471.95
A10538-17,Laird Technologies - Thermal Materials,"Fans, Blowers, Thermal Management",Thermal Pad White 228.60mm x 228.60mm Square Tacky - Both Sides,3.0W/m-K,"0.0200"" (0.508mm)",,,2480.73
TG-A1250-100-100-3.0,t-Global Technology,"Fans, Blowers, Thermal Management",Thermal Pad Green 100.00mm x 100.00mm Square,12.5W/m-K,"0.118"" (3.00mm)",,,2507.05
8810-1-5,3M (TC),"Fans, Blowers, Thermal Management",Thermal Pad White 4.57m x 25.40mm Rectangular Adhesive - Both Sides,0.6W/m-K,"0.0098"" (0.250mm)",,,2545.73
GPHC5.0-0.020-02-0816,Bergquist,"Fans, Blowers, Thermal Management",Thermal Pad Gray 406.40mm x 203.20mm Rectangular Tacky - Both Sides,5.0W/m-K,"0.0200"" (0.508mm)",,,2636.73
A17690-06,Laird Technologies - Thermal Materials,"Fans, Blowers, Thermal Management",Thermal Pad Pink 228.60mm x 228.60mm Square Tacky - One Side,5.0W/m-K,"0.0600"" (1.524mm)",,,2696.2
A12619-01,Laird Technologies - Thermal Materials,"Fans, Blowers, Thermal Management",Thermal Pad Blue-Violet 228.60mm x 228.60mm Square Tacky - Both Sides,3.0W/m-K,"0.0500"" (1.270mm)",,,2775.18
TG-A1250-150-150-1.5,t-Global Technology,"Fans, Blowers, Thermal Management",Thermal Pad Green 150.00mm x 150.00mm Square,12.5W/m-K,"0.0591"" (1.500mm)",,,2824.58
5549S 210 MM X 155MM X 1.5MM,3M,"Fans, Blowers, Thermal Management",Thermal Pad Gray 210.00mm x 155.00mm Rectangular Tacky - One Side,3.5W/m-K,"0.0591"" (1.500mm)",,,2836.6
A16104-10,Laird Technologies - Thermal Materials,"Fans, Blowers, Thermal Management",Thermal Pad Gray 228.60mm x 228.60mm Square Tacky - Both Sides,3.0W/m-K,"0.100"" (2.54mm)",,,2840.5
A17653-07,Laird Technologies - Thermal Materials,"Fans, Blowers, Thermal Management",Thermal Pad Pink 228.60mm x 228.60mm Square Tacky - Both Sides,5.0W/m-K,"0.0700"" (1.778mm)",,,2861.63
TG-A1780-125-125-0.5,t-Global Technology,"Fans, Blowers, Thermal Management",Thermal Pad Gray 125.00mm x 125.00mm Square,18W/m-K,"0.0197"" (0.500mm)",,,3019.58
TG-A1250-250-250-0.5,t-Global Technology,"Fans, Blowers, Thermal Management",Thermal Pad Green 250.00mm x 250.00mm Square,12.5W/m-K,"0.0197"" (0.500mm)",,,3031.93
A12620-34,Laird Technologies - Thermal Materials,"Fans, Blowers, Thermal Management",Thermal Pad Blue-Violet 228.60mm x 228.60mm Square Tacky - One Side,3.0W/m-K,"0.0600"" (1.524mm)",,,3042.98
A17883-04,Laird Technologies - Thermal Materials,"Fans, Blowers, Thermal Management",Thermal Pad Teal 228.60mm x 228.60mm Square,6.0W/m-K,"0.0400"" (1.016mm)",,,3103.1
TG-A1450-100-100-2.0,t-Global Technology,"Fans, Blowers, Thermal Management",Thermal Pad Red 100.00mm x 100.00mm Square,14.5W/m-K,"0.0790"" (2.000mm)",,,3263.65
EYG-S131810,Panasonic Electronic Components,"Fans, Blowers, Thermal Management",Thermal Pad Gray 180.00mm x 125.00mm Rectangular,-,"0.0039"" (0.100mm)",,,3318.58
GPHC5.0-0.060-02-0816,Bergquist,"Fans, Blowers, Thermal Management",Thermal Pad Gray 406.40mm x 203.20mm Rectangular Tacky - Both Sides,5.0W/m-K,"0.0600"" (1.524mm)",,,3407.3
TG-A6200-310-310-1.0,t-Global Technology,"Fans, Blowers, Thermal Management",Thermal Pad Blue 310.00mm x 310.00mm Square Tacky - Both Sides,6.2W/m-K,"0.0394"" (1.000mm)",,,3440.13
A18213-04,Laird Technologies - Thermal Materials,"Fans, Blowers, Thermal Management",Thermal Pad Gray 229.00mm x 229.00mm Square,10W/m-K,"0.0394"" (1.000mm)",,,3492.78
61-06-0909-G579,Parker Chomerics,"Fans, Blowers, Thermal Management",Thermal Pad Pink 228.60mm x 228.60mm Square,3.0W/m-K,"0.0600"" (1.524mm)",,,3601.98
TG-A1250-150-150-2.0,t-Global Technology,"Fans, Blowers, Thermal Management",Thermal Pad Green 150.00mm x 150.00mm Square,12.5W/m-K,"0.0790"" (2.000mm)",,,3690.7
61-06-1015-PAD60,Parker Chomerics,"Fans, Blowers, Thermal Management",Thermal Pad Green 381.00mm x 254.00mm Rectangular,6.0W/m-K,"0.0600"" (1.524mm)",,,3772.28
COH-4000LVC-400-05,Taica North America Corporation,"Fans, Blowers, Thermal Management",Thermal Pad Gray 400.00mm x 400.00mm Square Tacky - Both Sides,2.3W/m-K,"0.0200"" (0.508mm)",,,3810.63
A17883-06,Laird Technologies - Thermal Materials,"Fans, Blowers, Thermal Management",Thermal Pad Teal 228.60mm x 228.60mm Square,6.0W/m-K,"0.0600"" (1.524mm)",,,3845.73
62-06-0909-A579,Parker Chomerics,"Fans, Blowers, Thermal Management",Thermal Pad Pink 228.60mm x 228.60mm Square Adhesive - One Side,3.0W/m-K,"0.0600"" (1.524mm)",,,3922.75
A10233-30,Laird Technologies - Thermal Materials,"Fans, Blowers, Thermal Management",Thermal Pad White 228.60mm x 228.60mm Square Tacky - Both Sides,3.0W/m-K,"0.0400"" (1.016mm)",,,4127.5
A17156-06,Laird Technologies - Thermal Materials,"Fans, Blowers, Thermal Management",Thermal Pad Pink 457.20mm x 457.20mm Square Tacky - Both Sides,2.7W/m-K,"0.0600"" (1.524mm)",,,4266.28
61-08-0909-G579,Parker Chomerics,"Fans, Blowers, Thermal Management",Thermal Pad Pink 228.60mm x 228.60mm Square,3.0W/m-K,"0.0800"" (2.032mm)",,,4341.35
2190540,Bergquist,"Fans, Blowers, Thermal Management",Thermal Pad Light Green Rectangular,5.0W/m-K,,,,4351.75
61-04-1015-PAD80G,Parker Chomerics,"Fans, Blowers, Thermal Management",Thermal Pad Dark Gray 381.00mm x 254.00mm Rectangular,8.3W/m-K,"0.0400"" (1.016mm)",,,4565.93
61-08-1015-PAD60,Parker Chomerics,"Fans, Blowers, Thermal Management",Thermal Pad Green 381.00mm x 254.00mm Rectangular,6.0W/m-K,"0.0800"" (2.032mm)",,,4666.03
A12624-01,Laird Technologies - Thermal Materials,"Fans, Blowers, Thermal Management",Thermal Pad Blue-Violet 228.60mm x 228.60mm Square Tacky - Both Sides,3.0W/m-K,"0.100"" (2.54mm)",,,4675.45
A18213-06,Laird Technologies - Thermal Materials,"Fans, Blowers, Thermal Management",Thermal Pad Gray 229.00mm x 229.00mm Square,10W/m-K,"0.0591"" (1.500mm)",,,4677.4
8810-2-5,3M (TC),"Fans, Blowers, Thermal Management",Thermal Pad White 4.57m x 50.80mm Rectangular Adhesive - Both Sides,0.6W/m-K,"0.0098"" (0.250mm)",,,4727.78
A12616-08,Laird Technologies - Thermal Materials,"Fans, Blowers, Thermal Management",Thermal Pad Blue-Violet 457.20mm x 457.20mm Square Tacky - Both Sides,3.0W/m-K,"0.0200"" (0.508mm)",,,4806.43
A15896-05,Laird Technologies - Thermal Materials,"Fans, Blowers, Thermal Management",Thermal Pad Gray 228.60mm x 228.60mm Square Tacky - Both Sides,5.0W/m-K,"0.0500"" (1.270mm)",,,4918.88
TG-A1450-250-250-0.5,t-Global Technology,"Fans, Blowers, Thermal Management",Thermal Pad Red 250.00mm x 250.00mm Square,14.5W/m-K,"0.0197"" (0.500mm)",,,5001.1
A17752-04,Laird Technologies - Thermal Materials,"Fans, Blowers, Thermal Management",Thermal Pad Gray 228.60mm x 228.60mm Square Tacky - Both Sides,7.5W/m-K,"0.0400"" (1.016mm)",,,5022.55
61-10-0808-T500,Parker Chomerics,"Fans, Blowers, Thermal Management",Thermal Pad Green 203.20mm x 203.20mm Square,2.1W/m-K,"0.0100"" (0.254mm)",,,5057.65
61-06-1015-PAD80G,Parker Chomerics,"Fans, Blowers, Thermal Management",Thermal Pad Dark Gray 381.00mm x 254.00mm Rectangular,8.3W/m-K,"0.0600"" (1.524mm)",,,5063.83
62-10-0909-A579,Parker Chomerics,"Fans, Blowers, Thermal Management",Thermal Pad Pink 228.60mm x 228.60mm Square Adhesive - One Side,3.0W/m-K,"0.100"" (2.54mm)",,,5153.53
SPA2000-0.015-00-1012-NA,Bergquist,"Fans, Blowers, Thermal Management",Thermal Pad White 304.80mm x 254.00mm Rectangular,3.0W/m-K,"0.0150"" (0.381mm)",,,5180.18
A18444-04,Laird Technologies - Thermal Materials,"Fans, Blowers, Thermal Management",Thermal Pad Gray 228.60mm x 228.60mm Square,7.5W/m-K,"0.0400"" (1.016mm)",,,5194.48
GPHC3.0-0.125-02-0816,Bergquist,"Fans, Blowers, Thermal Management",Thermal Pad Blue 406.40mm x 203.20mm Rectangular Tacky - Both Sides,3.0W/m-K,"0.125"" (3.18mm)",,,5208.13
62-03-1015-PAD80A,Parker Chomerics,"Fans, Blowers, Thermal Management",Thermal Pad Dark Gray 381.00mm x 254.00mm Rectangular Adhesive - One Side,8.3W/m-K,"0.0300"" (0.762mm)",,,5370.3
GPTGP7000ULM-0.100-02-0808,Bergquist,"Fans, Blowers, Thermal Management",Thermal Pad Gray 203.20mm x 203.20mm Square Tacky - Both Sides,7.0W/m-K,"0.100"" (2.54mm)",,,5374.2
61-10-0909-G579,Parker Chomerics,"Fans, Blowers, Thermal Management",Thermal Pad Pink 228.60mm x 228.60mm Square,3.0W/m-K,"0.100"" (2.54mm)",,,5405.4
62-04-1015-PAD80A,Parker Chomerics,"Fans, Blowers, Thermal Management",Thermal Pad Dark Gray 381.00mm x 254.00mm Rectangular Adhesive - One Side,8.3W/m-K,"0.0400"" (1.016mm)",,,5442.78
A10235-31,Laird Technologies - Thermal Materials,"Fans, Blowers, Thermal Management",Thermal Pad White 228.60mm x 228.60mm Square Tacky - Both Sides,3.0W/m-K,"0.0600"" (1.524mm)",,,5661.83
A18500-01,Laird Technologies - Thermal Materials,"Fans, Blowers, Thermal Management",Thermal Pad White 431.80mm x 431.80mm Rectangular,5W/m-K,"0.0100"" (0.254mm)",,,5765.18
A18213-08,Laird Technologies - Thermal Materials,"Fans, Blowers, Thermal Management",Thermal Pad Gray 229.00mm x 229.00mm Square,10.2W/m-K,"0.0790"" (2.000mm)",,,5845.78
GP3000S30-0.125-02-0816,Bergquist,"Fans, Blowers, Thermal Management",Thermal Pad Blue 406.40mm x 203.20mm Rectangular Tacky - Both Sides,3.0W/m-K,"0.125"" (3.18mm)",,,5867.55
A17752-05,Laird Technologies - Thermal Materials,"Fans, Blowers, Thermal Management",Thermal Pad Gray 228.60mm x 228.60mm Square Tacky - Both Sides,7.5W/m-K,"0.0492"" (1.250mm)",,,5876.98
9882 1 IN X 36 YD,3M,"Fans, Blowers, Thermal Management",Thermal Pad Granite 32.92m x 25.40mm Rectangular Adhesive - Both Sides,0.6W/m-K,"0.0020"" (0.051mm)",,,5878.93
GPHC5.0-0.100-02-0816,Bergquist,"Fans, Blowers, Thermal Management",Thermal Pad Gray 406.40mm x 203.20mm Rectangular Tacky - Both Sides,5.0W/m-K,"0.100"" (2.54mm)",,,5882.18
9885 1 IN X 36 YD,3M,"Fans, Blowers, Thermal Management",Thermal Pad Gray 32.92m x 25.40mm Rectangular Adhesive - Both Sides,0.6W/m-K,"0.0050"" (0.127mm)",,,5973.83
A17536-04,Laird Technologies - Thermal Materials,"Fans, Blowers, Thermal Management",Thermal Pad Pink 457.20mm x 457.20mm Square Tacky - Both Sides,5.0W/m-K,"0.0400"" (1.016mm)",,,6348.23
A17690-13,Laird Technologies - Thermal Materials,"Fans, Blowers, Thermal Management",Thermal Pad Pink 228.60mm x 228.60mm Square Tacky - One Side,5.0W/m-K,"0.130"" (3.30mm)",,,6349.2
TG-A1780-150-150-0.8,t-Global Technology,"Fans, Blowers, Thermal Management",Thermal Pad Gray 150.00mm x 150.00mm Square,17.8W/m-K,"0.0310"" (0.787mm)",,,6504.88
8805-2-5,3M (TC),"Fans, Blowers, Thermal Management",Thermal Pad White 4.57m x 50.80mm Rectangular Adhesive - Both Sides,0.6W/m-K,"0.0049"" (0.125mm)",,,6508.45
61-15-0808-1671,Parker Chomerics,"Fans, Blowers, Thermal Management",Thermal Pad White 203.20mm x 203.20mm Square,2.6W/m-K,"0.0150"" (0.381mm)",,,6549.4
A12617-25,Laird Technologies - Thermal Materials,"Fans, Blowers, Thermal Management",Thermal Pad Blue-Violet 457.20mm x 457.20mm Square Tacky - Both Sides,3.0W/m-K,"0.0300"" (0.762mm)",,,6683.63
A17752-06,Laird Technologies - Thermal Materials,"Fans, Blowers, Thermal Management",Thermal Pad Gray 228.60mm x 228.60mm Square Tacky - Both Sides,7.5W/m-K,"0.0591"" (1.500mm)",,,6724.9
62-15-0808-1671,Parker Chomerics,"Fans, Blowers, Thermal Management",Thermal Pad White 203.20mm x 203.20mm Square,2.6W/m-K,"0.0150"" (0.381mm)",,,6755.45
TG-A1660-250-250-0.5,t-Global Technology,"Fans, Blowers, Thermal Management",Thermal Pad Gray 250.00mm x 250.00mm Square,16.6W/m-K,"0.0197"" (0.500mm)",,,6821.75
A10237-21,Laird Technologies - Thermal Materials,"Fans, Blowers, Thermal Management",Thermal Pad White 228.60mm x 228.60mm Square Tacky - Both Sides,3.0W/m-K,"0.0800"" (2.032mm)",,,7258.55
61-08-1015-PAD80G,Parker Chomerics,"Fans, Blowers, Thermal Management",Thermal Pad Dark Gray 381.00mm x 254.00mm Rectangular,8.3W/m-K,"0.0800"" (2.032mm)",,,7343.38
SP2000-0.020-00-1212,Bergquist,"Fans, Blowers, Thermal Management",Thermal Pad White 304.80mm x 304.80mm Square,3.5W/m-K,"0.0200"" (0.508mm)",,,7885.8
TG-A1250-310-310-1.0,t-Global Technology,"Fans, Blowers, Thermal Management",Thermal Pad Green 310.00mm x 310.00mm Square,12.5W/m-K,"0.0394"" (1.000mm)",,,7988.5
TG-A1780-150-150-1.0,t-Global Technology,"Fans, Blowers, Thermal Management",Thermal Pad Gray 150.00mm x 150.00mm Square,17.8W/m-K,"0.0394"" (1.000mm)",,,8002.15
A17752-08,Laird Technologies - Thermal Materials,"Fans, Blowers, Thermal Management",Thermal Pad Gray 228.60mm x 228.60mm Square Tacky - Both Sides,7.5W/m-K,"0.0790"" (2.000mm)",,,8402.55
62-08-1015-PAD80A,Parker Chomerics,"Fans, Blowers, Thermal Management",Thermal Pad Dark Gray 381.00mm x 254.00mm Rectangular Adhesive - One Side,8.3W/m-K,"0.0800"" (2.032mm)",,,8917.35
A18213-10,Laird Technologies - Thermal Materials,"Fans, Blowers, Thermal Management",Thermal Pad Gray 229.00mm x 229.00mm Square,10W/m-K,"0.0984"" (2.500mm)",,,9145.5
A14428-01,Laird Technologies - Thermal Materials,"Fans, Blowers, Thermal Management",Thermal Pad Blue-Violet 228.60mm x 228.60mm Square Tacky - One Side,3.0W/m-K,"0.200"" (5.08mm)",,,10225.8
GP3004SF-0.040-01-0918,Bergquist,"Fans, Blowers, Thermal Management",Thermal Pad Gray 457.20mm x 228.60mm Rectangular Tacky - One Side,3.0W/m-K,"0.0400"" (1.016mm)",,,9987.71
TG-A1780-250-250-0.5,t-Global Technology,"Fans, Blowers, Thermal Management",Thermal Pad Gray 250.00mm x 250.00mm Square,18W/m-K,"0.0197"" (0.500mm)",,,11171.55
TG-A1780-150-150-1.5,t-Global Technology,"Fans, Blowers, Thermal Management",Thermal Pad Gray 150.00mm x 150.00mm Square,17.8W/m-K,"0.0591"" (1.500mm)",,,11671.73
2214846,Bergquist,"Fans, Blowers, Thermal Management",Thermal Pad Gray 406.40mm x 203.20mm Rectangular Tacky - Both Sides,6.0W/m-K,"0.125"" (3.18mm)",,,11808.23
TGF30SF-07870787-039,Leader Tech Inc.,"Fans, Blowers, Thermal Management",Thermal Pad Gray 199.90mm x 199.90mm Square Tacky - Both Sides,3.0W/m-K,"0.0390"" (0.991mm)",,,12351.63
TG-A1250-310-310-2.0,t-Global Technology,"Fans, Blowers, Thermal Management",Thermal Pad Green 310.00mm x 310.00mm Square,12.5W/m-K,"0.0790"" (2.000mm)",,,15193.75
TG-A1780-150-150-2.0,t-Global Technology,"Fans, Blowers, Thermal Management",Thermal Pad Gray 150.00mm x 150.00mm Square,17.8W/m-K,"0.0790"" (2.000mm)",,,15272.08
A17751-04,Laird Technologies - Thermal Materials,"Fans, Blowers, Thermal Management",Thermal Pad Gray 457.20mm x 457.20mm Square Tacky - Both Sides,7.5W/m-K,"0.0400"" (1.016mm)",,,18578.3
TG-A1250-5-5-1.0,t-Global Technology,"Fans, Blowers, Thermal Management",Thermal Pad Green 5.00mm x 5.00mm Square,12.5W/m-K,"0.0394"" (1.000mm)",,,3.25
TG-A2200-5-5-2.0,t-Global Technology,"Fans, Blowers, Thermal Management",Thermal Pad Gray 5.00mm x 5.00mm Square Tacky - One Side,2.2W/m-K,"0.0790"" (2.000mm)",,,3.25
TG-A6200-7.2-6.3-1.0,t-Global Technology,"Fans, Blowers, Thermal Management",Thermal Pad Blue 7.20mm x 6.30mm Rectangular Tacky - Both Sides,6.2W/m-K,"0.0394"" (1.000mm)",,,3.25
TG-A2200-10-10-1.0,t-Global Technology,"Fans, Blowers, Thermal Management",Thermal Pad Gray 10.00mm x 10.00mm Square Tacky - One Side,2.2W/m-K,"0.0394"" (1.000mm)",,,3.25
TG-A4500-10-10-0.5,t-Global Technology,"Fans, Blowers, Thermal Management",Thermal Pad Purple 10.00mm x 10.00mm Square Tacky - Both Sides,4.5W/m-K,"0.0197"" (0.500mm)",,,3.25
TG-A6200-5-5-1.0,t-Global Technology,"Fans, Blowers, Thermal Management",Thermal Pad Blue 5.00mm x 5.00mm Square Tacky - Both Sides,6.2W/m-K,"0.0394"" (1.000mm)",,,3.25
TG-A2200-10-10-1.5,t-Global Technology,"Fans, Blowers, Thermal Management",Thermal Pad Gray 10.00mm x 10.00mm Square Tacky - One Side,2.2W/m-K,"0.0591"" (1.500mm)",,,3.58
TG-A6200-10-10-0.5,t-Global Technology,"Fans, Blowers, Thermal Management",Thermal Pad Blue 10.00mm x 10.00mm Square Tacky - Both Sides,6.2W/m-K,"0.0197"" (0.500mm)",,,3.9
TG-A2200-10-10-2.0,t-Global Technology,"Fans, Blowers, Thermal Management",Thermal Pad Gray 10.00mm x 10.00mm Square Tacky - One Side,2.2W/m-K,"0.0790"" (2.000mm)",,,4.23
TG-ALC-15-15-0.2-0,t-Global Technology,"Fans, Blowers, Thermal Management",Thermal Pad Green 15.00mm x 15.00mm Square Tacky - Both Sides,4.2W/m-K,"0.0079"" (0.200mm)",,,4.23
TG-A3500-10-10-2.0,t-Global Technology,"Fans, Blowers, Thermal Management",Thermal Pad Yellow 10.00mm x 10.00mm Square Tacky - Both Sides,3.5W/m-K,"0.0790"" (2.000mm)",,,4.23
T62-1-15-15-0.16,t-Global Technology,"Fans, Blowers, Thermal Management",Thermal Pad Black 15.00mm x 15.00mm Square Adhesive - One Side,15W/m-K,"0.0063"" (0.160mm)",,,4.55
DC0011/08-TG-A373F-0.25-2A,t-Global Technology,"Fans, Blowers, Thermal Management",Thermal Pad Yellow 19.05mm x 12.70mm Rectangular Adhesive - Both Sides,1.4W/m-K,"0.0100"" (0.254mm)",,,4.88
Q3-0.005-00-104,Bergquist,"Fans, Blowers, Thermal Management",Thermal Pad Black 25.40mm x 19.05mm Rectangular,2.0W/m-K,"0.0050"" (0.127mm)",,,5.2
TG-A6200-10-5-2.0,t-Global Technology,"Fans, Blowers, Thermal Management",Thermal Pad Blue 10.00mm x 5.00mm Rectangular Tacky - Both Sides,6.2W/m-K,"0.0790"" (2.000mm)",,,5.2
Q3-0.005-00-51,Bergquist,"Fans, Blowers, Thermal Management",Thermal Pad Black 17.45mm x 14.27mm Rectangular,2.0W/m-K,"0.0050"" (0.127mm)",,,5.53
TG-A3500-10-10-3.0,t-Global Technology,"Fans, Blowers, Thermal Management",Thermal Pad Yellow 10.00mm x 10.00mm Square Tacky - Both Sides,3.5W/m-K,"0.118"" (3.00mm)",,,5.85
TG-A6200-10-10-1.0,t-Global Technology,"Fans, Blowers, Thermal Management",Thermal Pad Blue 10.00mm x 10.00mm Square Tacky - Both Sides,6.2W/m-K,"0.0394"" (1.000mm)",,,5.85
SP600-90,Bergquist,"Fans, Blowers, Thermal Management",Thermal Pad Green 21.84mm x 18.80mm Rectangular,1.0W/m-K,"0.0090"" (0.229mm)",,,6.5
TG-A1250-10-10-0.5,t-Global Technology,"Fans, Blowers, Thermal Management",Thermal Pad Green 10.00mm x 10.00mm Square,12.5W/m-K,"0.0197"" (0.500mm)",,,6.5
TG-A2200-15-15-1.0,t-Global Technology,"Fans, Blowers, Thermal Management",Thermal Pad Gray 15.00mm x 15.00mm Square Tacky - One Side,2.2W/m-K,"0.0394"" (1.000mm)",,,6.5
TG-A4500-10-10-2.0,t-Global Technology,"Fans, Blowers, Thermal Management",Thermal Pad Purple 10.00mm x 10.00mm Square Tacky - Both Sides,4.5W/m-K,"0.0790"" (2.000mm)",,,6.5
TG-A6200-11-11-1.0,t-Global Technology,"Fans, Blowers, Thermal Management",Thermal Pad Blue 11.00mm x 11.00mm Square Tacky - Both Sides,6.2W/m-K,"0.0394"" (1.000mm)",,,7.15
TG-A3500-10-10-4.0,t-Global Technology,"Fans, Blowers, Thermal Management",Thermal Pad Yellow 10.00mm x 10.00mm Square Tacky - Both Sides,3.5W/m-K,"0.157"" (4.00mm)",,,7.15
LI98-28-28-0.25,t-Global Technology,"Fans, Blowers, Thermal Management",Thermal Pad White 28.00mm x 28.00mm Square Adhesive - Both Sides,1.0W/m-K,"0.0100"" (0.254mm)",,,7.15
TG-T1000-10-10-0.25-5PT,t-Global Technology,"Fans, Blowers, Thermal Management",Thermal Pad White 10.00mm x 10.00mm Square Adhesive - Both Sides,1.0W/m-K,"0.0100"" (0.254mm)",,,7.15
SP400-0.007-AC-54,Bergquist,"Fans, Blowers, Thermal Management",Thermal Pad Gray 19.05mm x 12.70mm Rectangular Adhesive - One Side,0.9W/m-K,"0.0070"" (0.178mm)",,,7.48
TG-A9000-10-10-1.0,t-Global Technology,"Fans, Blowers, Thermal Management",Thermal Pad Pink 10.00mm x 10.00mm Square,9.0W/m-K,"0.0394"" (1.000mm)",,,7.48
T62-30-30-0.13,t-Global Technology,"Fans, Blowers, Thermal Management",Thermal Pad Black 30.00mm x 30.00mm Square,20W/m-K,"0.0050"" (0.127mm)",,,8.13
TG-A6200-15-15-0.5,t-Global Technology,"Fans, Blowers, Thermal Management",Thermal Pad Blue 15.00mm x 15.00mm Square Tacky - Both Sides,6.2W/m-K,"0.0197"" (0.500mm)",,,8.13
TG-A3500-10-10-5.0,t-Global Technology,"Fans, Blowers, Thermal Management",Thermal Pad Yellow 10.00mm x 10.00mm Square Tacky - Both Sides,3.5W/m-K,"0.197"" (5.00mm)",,,8.45
SP400-0.009-00-90,Bergquist,"Fans, Blowers, Thermal Management",Thermal Pad Gray 21.84mm x 18.80mm Rectangular,0.9W/m-K,"0.0090"" (0.229mm)",,,8.78
TG-A6200-10-10-1.5,t-Global Technology,"Fans, Blowers, Thermal Management",Thermal Pad Blue 10.00mm x 10.00mm Square Tacky - Both Sides,6.2W/m-K,"0.0591"" (1.500mm)",,,8.78
A18172-16,Laird Technologies - Thermal Materials,"Fans, Blowers, Thermal Management",Thermal Pad Gray 228.60mm x 228.60mm Square Tacky - Both Sides,7.5W/m-K,"0.0157"" (0.400mm)",,,749.13
A18172-08,Laird Technologies - Thermal Materials,"Fans, Blowers, Thermal Management",Thermal Pad Gray 228.60mm x 228.60mm Square Tacky - Both Sides,7.5W/m-K,-,,,803.08
A18171-05,Laird Technologies - Thermal Materials,"Fans, Blowers, Thermal Management",Thermal Pad Gray 457.20mm x 457.20mm Square Tacky - Both Sides,7.5W/m-K,"0.0049"" (0.125mm)",,,3532.1
A18197-16,Laird Technologies - Thermal Materials,"Fans, Blowers, Thermal Management",Thermal Pad Gray 228.60mm x 228.60mm Square Tacky - Both Sides,5.3W/m-K,"0.0160"" (0.406mm)",,,710.78
A13418-01,Laird Technologies - Thermal Materials,"Fans, Blowers, Thermal Management","Thermal Pad Silver, Yellow 228.60mm x 228.60mm Square Tacky - Both Sides",-,"0.0050"" (0.127mm)",,,1267.18
A14696-04,Laird Technologies - Thermal Materials,"Fans, Blowers, Thermal Management",Thermal Pad Gray 457.20mm x 304.80mm Rectangular,-,"0.0030"" (0.076mm)",,,1658.8
A11809-02,Laird Technologies - Thermal Materials,"Fans, Blowers, Thermal Management",Thermal Pad Yellow 457.20mm x 457.20mm Square Tacky - Both Sides,0.7W/m-K,"0.0050"" (0.127mm)",,,3941.28
A10832-02,Laird Technologies - Thermal Materials,"Fans, Blowers, Thermal Management",Thermal Pad Yellow 228.60mm x 228.60mm Square Tacky - Both Sides,2.2W/m-K,"0.0100"" (0.254mm)",,,1617.53
A18172-05,Laird Technologies - Thermal Materials,"Fans, Blowers, Thermal Management",Thermal Pad Gray 228.60mm x 228.60mm Square Tacky - Both Sides,7.5W/m-K,"0.0049"" (0.125mm)",,,814.13
A18171-08,Laird Technologies - Thermal Materials,"Fans, Blowers, Thermal Management",Thermal Pad Gray 457.20mm x 457.20mm Square Tacky - Both Sides,7.5W/m-K,"0.0079"" (0.200mm)",,,3653.325
A18171-10,Laird Technologies - Thermal Materials,"Fans, Blowers, Thermal Management",Thermal Pad Gray 457.20mm x 457.20mm Square Tacky - Both Sides,7.5W/m-K,"0.0098"" (0.250mm)",,,3978.89375
A18171-16,Laird Technologies - Thermal Materials,"Fans, Blowers, Thermal Management",Thermal Pad Gray 457.20mm x 457.20mm Square Tacky - Both Sides,7.5W/m-K,"0.0157"" (0.400mm)",,,4363.45
A10832-09,Laird Technologies - Thermal Materials,"Fans, Blowers, Thermal Management",Thermal Pad Yellow 457.20mm x 457.20mm Square Tacky - Both Sides,2.2W/m-K,"0.0100"" (0.254mm)",,,4831.01667
A15726-00,Laird Technologies - Thermal Materials,"Fans, Blowers, Thermal Management",Thermal Pad Gray 457.20mm x 457.20mm Square Tacky - Both Sides,3.8W/m-K,"0.0100"" (0.254mm)",,,4940.0
A10833-06,Laird Technologies - Thermal Materials,"Fans, Blowers, Thermal Management",Thermal Pad Yellow 457.20mm x 457.20mm Square Tacky - Both Sides,2.2W/m-K,"0.0200"" (0.508mm)",,,7783.1
A17064-00,Laird Technologies - Thermal Materials,"Fans, Blowers, Thermal Management",Thermal Phase Change Thermal Compound 1 kg Can,1.50W/m-K,,,,8310.82
