MPN,Manufacturer,Category,Description,Thermal_Conductivity,Thickness,Width,Length,Price_THB
HTS02S,Carlo Gavazzi,Thermal Interface Products,Thermal Interface Products 2.38 mL sachet,,,,,540.15
Q3-0.005-AC-1212,Bergquist Company,Thermal Interface Products,"Thermal Interface Products Sil-Pad, Grease TI, 0.005"" Thickness, 1 Side Adhesive",,,,,470.28
Q3-0.005-00-1212,Bergquist Company,Thermal Interface Products,"Thermal Interface Products Grease TI, 12""x12"" Sheet, 0.005"" Thickness, Sil-Pad TSPQ2000/Q-Pad 3",,,,,481.33
QII-0.006-00-101,Bergquist Company,Thermal Interface Products,"Thermal Interface Products Foil-Format Grease, 0.006"" Thickness, SIL PAD TSPQ2500/Q-Pad II, IDH 2189103",,,,,23.73
Q3-0.005-00-54,Bergquist Company,Thermal Interface Products,"Thermal Interface Products Grease TI, 0.005"" Thickness, 0.750x0.500x0.187x0.147"", Sil-Pad TSPQ2000/Q-Pad 3",,,0.750 mm,0.500 mm,19.5
Q3-0.005-AC-47,Bergquist Company,Thermal Interface Products,"Thermal Interface Products Grease TI, 0.005"" Thickness, 1 Side Adhesive, Sil-Pad TSPQ2000/Q-Pad 3",,,,,13.65
Q3-0.005-00-90,Bergquist Company,Thermal Interface Products,"Thermal Interface Products Grease TI, 0.005"" Thickness, 0.860x0.740x0.200x0.160"", Sil-Pad TSPQ2000/Q-Pad 3",,,0.860 mm,0.740 mm,16.9
Q3-0.005-00-48,Bergquist Company,Thermal Interface Products,"Thermal Interface Products Grease TI, 0.005"" Thickness, 1.00x1.00x0.187"", Sil-Pad TSPQ2000/Q-Pad 3",,,1.00 mm,1.00 mm,10.4
Q3-0.005-00-114,Bergquist Company,Thermal Interface Products,"Thermal Interface Products Grease TI, 0.005"" Thickness, Sil-Pad TSPQ2000/Q-Pad 3, BG427925, IDH 2191526",,,,,21.45
A14259-01,Laird Technologies,Thermal Interface Products,Thermal Interface Products Tgrease 2500 1kg 3.8W/mK Sil Free,3.8 W/m-K,,,,10396.75
A18560-09,Laird Technologies,Thermal Interface Products,Thermal Interface Products Tputty 910 - 30cc cartridge,,,,,4788.88
SANG-CNN090,Littelfuse,Relay Sockets & Fixings,"Relay Sockets & Fixings SSR Accessory, Thermal Grease CL",,,,,1476.8
175-6-240P,Wakefield Thermal,Thermal Interface Products,"Thermal Interface Products Greaseless Conductive Kapton Reinforced Insulators for TO-220, 0.006"", Grey",,,,,23.73
175-6-280P,Wakefield Thermal,Thermal Interface Products,"Thermal Interface Products Greaseless Conductive Kapton Reinforced Insulators for TO-220, 0.006"", Grey",,,,,33.8
A15423-02,Laird Technologies,Thermal Interface Products,Thermal Interface Products Tgrease 1500 10cc manual syringe,,,,,1174.88
175-6-330P,Wakefield Thermal,Thermal Interface Products,"Thermal Interface Products Greaseless Conductive Kapton Reinforced Insulators for TO-3, 0.006"", Grey",,,,,33.8
175-6-250P,Wakefield Thermal,Thermal Interface Products,"Thermal Interface Products Greaseless Conductive Kapton Reinforced Insulators for TO-220, 0.006"", Grey",,,,,21.13
TC2-20G,Chip Quik,Thermal Interface Products,Thermal Interface Products Heat Sink Thermal Compound / Grease - Grey Ultra Conductive 20g Syringe 10cc,,,,,1330.88
175-6-410P,Wakefield Thermal,Thermal Interface Products,"Thermal Interface Products Greaseless Conductive Kapton Reinforced Insulators for DO-4/DO-5, 0.006"", Grey",,,,,43.88
A14855-02,Laird Technologies,Thermal Interface Products,Thermal Interface Products Tgrease 1500 1kg 1.2 W/mK,1.2 W/m-K,,,,4779.78
TC1-200G,Chip Quik,Thermal Interface Products,Thermal Interface Products Heat Sink Thermal Compound / Grease - High Density 200g Jar,,,,,1623.38
TC1-10G,Chip Quik,Thermal Interface Products,Thermal Interface Products Heat Sink Thermal Compound / Grease - High Density 10g Syringe 5cc,,,,,290.88
TC3-10G,Chip Quik,Thermal Interface Products,Thermal Interface Products Heat Sink Thermal Compound- Grey Ultra Max Conductive 10G Syringe 5cc,,,,,1233.38
QII-0.006-00-1212,Bergquist Company,Thermal Interface Products,"Thermal Interface Products Foil-Format Grease, 12""x12"" Sheet, 0.006"" Thickness, SIL PAD TSPQ2500/Q-Pad II",,,,,494.0
QII0.0090024/150,Bergquist Company,Thermal Interface Products,"Thermal Interface Products Foil-Format Grease, 0.009"" Thickness, SIL PAD TSPQ2500/Q-Pad II",,,,,101330.45
26532003,Crouzet,Relay Sockets & Fixings,"Relay Sockets & Fixings SSR Accessory, Thermal Grease",,,,,1585.68
P0200-20,Littelfuse,Thermal Interface Products,Thermal Interface Products COMPOUNDHEATSINK2OZJ AR,,,,,1180.4
TC3-1G,Chip Quik,Thermal Interface Products,Thermal Interface Products Heat Sink Thermal Compound - Grey Ultra Max Conductive 1g Syringe 1cc,,,,,193.38
TC4-10G,Chip Quik,Thermal Interface Products,Thermal Interface Products Heat Sink Thermal Compound - Deep-Space Liquid Metal 79 W/mK 10g/3cc Syringe,79 W/m-K,,,,1075.1
TC3-3.5G,Chip Quik,Thermal Interface Products,Thermal Interface Products Heat Sink Thermal Compound - Grey Ultra Max Conductive 3.5g Syringe 3cc,,,,,485.88
TC4-2G,Chip Quik,Thermal Interface Products,Thermal Interface Products Heat Sink Thermal Compound - Deep-Space Liquid Metal 79 W/mK 2g/1cc Syringe,79 W/m-K,,,,568.1
TC4-20G,Chip Quik,Thermal Interface Products,Thermal Interface Products Heat Sink Thermal Compound - Deep-Space Liquid Metal 79 W/mK 20g/3cc Syringe,79 W/m-K,,,,1847.63
TC4-5G,Chip Quik,Thermal Interface Products,Thermal Interface Products Heat Sink Thermal Compound - Deep-Space Liquid Metal 79 W/mK 5g/1cc Syringe,79 W/m-K,,,,758.23
TC4-1G,Chip Quik,Thermal Interface Products,Thermal Interface Products Heat Sink Thermal Compound - Deep-Space Liquid Metal 79 W/mK 1g/1cc Syringe,79 W/m-K,,,,377.98
127-12-10,Wakefield Thermal,Thermal Interface Products,"Thermal Interface Products Thermal Grease, Extreme Performance, Non-Silicone, 12 W/m-K, 10cc Syringe",12 W/m-K,,,,4517.18
127-20-10,Wakefield Thermal,Thermal Interface Products,"Thermal Interface Products Thermal Grease, Extreme Performance, Non-Silicone, 20 W/m-K, 10cc Syringe",20 W/m-K,,,,4708.28
TC1-20G,Chip Quik,Thermal Interface Products,Thermal Interface Products Heat Sink Thermal Compound / Grease - High Density 20g Syringe 10cc,,,,,420.88
QII-0.006-AC-1212,Bergquist Company,Thermal Interface Products,"Thermal Interface Products SIL PAD, Foil-Format Grease, 12""x12"" Sheet, 0.006"" Thickness, 1 Side Adhesive",,,,,609.7
TC2-10G,Chip Quik,Thermal Interface Products,"Thermal Interface Products Heat Sink Compound, Grey Ultra Conductive 10g Syringe 5cc",,,,,713.38
Q3-0.005-00-67,Bergquist Company,Thermal Interface Products,"Thermal Interface Products Grease TI, 0.005"" Thickness, 1.5x0.9x0.150x1.20"", Sil-Pad TSPQ2000/Q-Pad 3",,,1.5 mm,0.9 mm,26.33
QII-0.006-00-54,Bergquist Company,Thermal Interface Products,"Thermal Interface Products Foil-Format Grease, 0.006"" Thickness, SIL PAD TSPQ2500/Q-Pad II, Q2-54, BG40256",,,,,12.35
Q3-0.005-00-51,Bergquist Company,Thermal Interface Products,"Thermal Interface Products Grease TI, 0.005"" Thickness, Sil-Pad TSPQ2000/Q-Pad 3, IDH 2191307",,,,,5.53
Q3-0.005-00-104,Bergquist Company,Thermal Interface Products,"Thermal Interface Products Grease TI, 0.005"" Thickness, 1.00x0.75x0.300x0.140"", Sil-Pad TSPQ2000/Q-Pad 3",,,1.00 mm,0.75 mm,19.18
120-SA,Wakefield Thermal,Thermal Interface Products,"Thermal Interface Products Silicone Oil-Based Thermal Joint Compound, 4 Gram Plastic Pak",,,,,176.48
Q3-0.005-00-101,Bergquist Company,Thermal Interface Products,"Thermal Interface Products Grease TI, 0.005"" Thickness, 2.50x2.00x0.344x1.812"", Sil-Pad TSPQ2000/Q-Pad 3",,,2.50 mm,2.00 mm,23.73
175-6-220P,Wakefield Thermal,Thermal Interface Products,"Thermal Interface Products Greaseless Conductive Kapton Reinforced Insulators for TO-220, 0.006"", Grey",,,,,23.73
CT40-5,Chemtronics,Chemicals,Chemicals 5 OZ HEATSINK GREASE,,,,,1118.33
175-6-310P,Wakefield Thermal,Thermal Interface Products,"Thermal Interface Products Greaseless Conductive Kapton Reinforced Insulators for TO-3, 0.006"", Grey",,,,,34.45
Q3-0.005-00-58,Bergquist Company,Thermal Interface Products,"Thermal Interface Products Grease TI, 0.005"" Thickness, 0.750x0.500x0.187x0.125"", Sil-Pad TSPQ2000/Q-Pad 3",,,0.750 mm,0.500 mm,34.45
175-6-210P,Wakefield Thermal,Thermal Interface Products,"Thermal Interface Products Greaseless Conductive Kapton Reinforced Insulators for TO-220, 0.006"", Grey",,,,,27.63
175-6-230P,Wakefield Thermal,Thermal Interface Products,"Thermal Interface Products Greaseless Conductive Kapton Reinforced Insulators for TO-220, 0.006"", Grey",,,,,26.98
TC2-50G,Chip Quik,Thermal Interface Products,Thermal Interface Products Heat Sink Thermal Compound / Grease - Grey Ultra Conductive 50g Jar,,,,,3248.38
A16849-13,Laird Technologies,Thermal Interface Products,"Thermal Interface Products Tgrease 300X 360cc,Cartridge",,,300 mm,360 mm,6299.8
A16850-01,Laird Technologies,Thermal Interface Products,"Thermal Interface Products Tgrease 300X 1kg,Can,1quart",,,300 mm,1 mm,6863.68
127-6-10,Wakefield Thermal,Thermal Interface Products,"Thermal Interface Products Thermal Grease, High Performance, Non-Silicone, 6 W/m-K, 10cc Syringe",6 W/m-K,,,,1325.68
DP-100,Taica,Thermal Interface Products,"Thermal Interface Products Thermal Conductive GEL, 6.5W/mK, 5.0kV/mm, 30ml Syringe, Lamda Gel DP",6.5 W/m-K,,,,4419.35
Q3-0.005-00-86,Bergquist Company,Thermal Interface Products,"Thermal Interface Products Grease TI, 0.005"" Thickness, 1.56x1.05x0.156"", 4 Leads, Sil-Pad TSPQ2000/Q-Pad 3",,,1.56 mm,1.05 mm,14.63
Q3-0.005-AC-12/250,Bergquist Company,Thermal Interface Products,"Thermal Interface Products Sil-Pad, Grease TI, 0.005"" Thickness, 1 Side Adhesive, 12""x250' Roll",,,,,81354.33
QII-0.006-AC-12/250,Bergquist Company,Thermal Interface Products,"Thermal Interface Products SIL PAD, Foil-Format Grease, 0.006"" Thickness, 1 Side Adhesive, 12""x250' Roll",,,,,96364.45
122-30CC,Wakefield Thermal,Thermal Interface Products,"Thermal Interface Products High Performance Thermal Compound, 30cc Syringe",,,,,4859.73
122-2,Wakefield Thermal,Thermal Interface Products,"Thermal Interface Products High Performance Thermal Compound, 2 oz (0.06 kg) Jar",,,,,2872.68
Q3-0.005-00-12/250,Bergquist Company,Thermal Interface Products,"Thermal Interface Products Grease TI, 0.005"" Thickness, 12""x250' Roll, Sil-Pad TSPQ2000/Q-Pad 3",,,,,59968.68
4953G,Aavid,Thermal Interface Products,"Thermal Interface Products Thermalbond Hardener Epoxy, 4 lb Package",,,,,13266.83
A14855-01,Laird Technologies,Thermal Interface Products,Thermal Interface Products Tgrease 1500 7kg can 1.2 W/mK,1.2 W/m-K,,,,21990.48
A14259-11,Laird Technologies,Thermal Interface Products,"Thermal Interface Products Tgrease 2500 14kg,1Gal Pail",,,,,89876.8
TIC4000-00-00-5CC,Bergquist Company,Thermal Interface Products,"Thermal Interface Products Thermal Interface Compound for Copper-Based Heat Sinks, 5CC Syringe, TGR 4000",,,,,11309.35
A17250-02,Laird Technologies,Thermal Interface Products,Thermal Interface Products TPUTTY 607 20KG 5GAL,,,,,155988.95
HF105-0.0055-00-1212,Bergquist Company,Thermal Interface Products,"Thermal Interface Products Phase Change Coated Aluminum, 12""x12"" Sheet, 0.0055"" Thickness",,,,,823.23
TIC4000-00-00-25CC,Bergquist Company,Thermal Interface Products,"Thermal Interface Products Thermal Interface Compound for Copper Heat Sink, 25CC Syringe, TGR 4000/4000",,,,,50198.2
A16850-03,Laird Technologies,Thermal Interface Products,"Thermal Interface Products Tgrease 300X 3kg,Can,1gal",,,300 mm,3 mm,56063.15
2947520,Bergquist Company,Thermal Interface Products,"Thermal Interface Products Priming Oil for Liqui-Form TLF Series, Silicone, 100ml Bottle",,,,,4238.0
TIC4000-00-00-200CC,Bergquist Company,Thermal Interface Products,"Thermal Interface Products Thermal Interface Compound for Copper Heat Sink, 200CC Syringe, TGR 4000/4000",,,,,194021.1
TIC4000-00-00-600CC,Bergquist Company,Thermal Interface Products,"Thermal Interface Products Thermal Interface Compound for Copper Heat Sink, 600CC Cartridge, TGR 4000/4000",,,,,447620.55
2746271,Bergquist Company,Thermal Interface Products,"Thermal Interface Products Glass-Reinforced Grease Replacement Thermal Interface, Sil-Pad TSP Q2000/Q-Pad 3",,,,,11.05
QII-0.006-00-61,Bergquist Company,Thermal Interface Products,"Thermal Interface Products Foil-Format Grease, 0.006"" Thickness, Sil-Pad TSPQ2500/Q-Pad II",,,,,3.9
QII-0.006-00-24/150,Bergquist Company,Thermal Interface Products,"Thermal Interface Products Foil-Format Grease, 0.006"" Thickness, 24""x150', IDH 2213683",,,,,101771.8
QII-0.006-00-12/250,Bergquist Company,Thermal Interface Products,"Thermal Interface Products Foil-Format Grease, 0.006"" Thickness, 12""x250' Roll, SIL PAD TSPQ2500/Q-Pad II",,,,,59670.98
2189716,Bergquist Company,Thermal Interface Products,"Thermal Interface Products Foil-Format Grease for Maximum Heat Transfer, Sil-Pad TSP Q2500/Q-Pad II Series",,,,,17158.38
2249387,Bergquist Company,Thermal Interface Products,"Thermal Interface Products Foil-Format Grease, 0.006"" Thickness, 1x1.59"", SIL PAD TSPQ2500/Q-Pad II",,,1 mm,1.59 mm,33.8
EGX-MXM-RTX3000 HTS_82x98x5.4mm,ADLINK Technology,Heat Sinks,"Heat Sinks 1.32-20774-1000-A02. EGX MXM RTX3000 80W3. heat spreader, 82x98x5.4mm4. TIM1: GPU Grease 7762, 25x27x0.15mm5. TIM2: PK404,14x40x2.5mm6.TIM3: PK404,5.2x5.2x1.5mm7.TIM4:BS75D,25x6.6x3.75mm8.TIM5:PK404,25x5x2.5mm",,5.4 mm,82 mm,98 mm,3006.19
EGX-MXM-T1000 HTS_82x62.35x4.9mm,ADLINK Technology,Heat Sinks,"Heat Sinks 1.32-20795-1000-A02. EGX MXM-T1000 50W3. heat spreader, 82x62.35x4.9mm4. TIM1: CPU Grease 7762, 17x17x0.15mm5. TIM2:  RS:300, 15x15x1.0mm6.TIM3: RS: 300,6x6x1.5mm",,4.9 mm,82 mm,62.35 mm,2620.48
2189478,Bergquist Company,," High Performance Thermal Interface Compound for Copper-Based Heat Sink, TGR 4000",,,,,3283.8
EGX-MXM-T1000_82x69.82x24.7mm,ADLINK Technology,Heat Sinks,"Heat Sinks 1. 32-20830-0400-A02. nVIDIA GPU T10003. heat sink, 82x69.82x24.7mm4. TIM: CPU Grease 7762, 15x15mm            V-Ram Pad XR-HL 33.0x15.0x1.5mm            MOS pad RS300 6x38x2.0 mm5. Fan: oe55x11.2mm, PWM 4 pin, 12V",,24.7 mm,82 mm,69.82 mm,4333.04
F145-0163,White-Rodgers,Liquid Cooling Connectors & Accessories,Liquid Cooling Connectors & Accessories HEAT TRANSFER COMPOUND PACKING GREASE FOR USE IN IMMERSION WELLS TO IMPROVE THERMAL CONDUCTIVITY/THERMAL RESPONSE,,,,,665.28
F145-0650,White-Rodgers,Liquid Cooling Connectors & Accessories,Liquid Cooling Connectors & Accessories HEAT TRANSFER COMPOUND PACKING GREASE WITH WELL ADAPTOR FOR USE IN IMMERSION WELLS TO IMPROVE THERMAL CONDUCTIVITY/THERMAL RESPONSE,,,,,986.38
253G,Aavid,Thermal Interface Products,"Thermal Interface Products Thermalcote Thermally Loaded Silicone Based Grease, 4.54 kg(10 lb) Can",,,,,10627.5
LBSA3505-00-240-50CC,Bergquist Company,Thermal Interface Products,"Thermal Interface Products Liquid Silicon Adhesive, 1-Part, 50CC Dual Cartridge, LIQUI-BOND TLBSA3500",,,,,3319.55
TS991AX500T4,Chip Quik,Solder,Solder Thermally Stable Solder Paste NC (No-Clean) Sn63/Pb37 T4 (500g jar),,,,,2435.88
WS430SNL500T4C,Chip Quik,Solder,Solder Solder Paste Sn96.5/Ag3.0/Cu0.5 T4 88.5% Water-Washable No-Clean 500g Cartridge Thermally Stable,,,,,2596.43
TS991LT500T4C,Chip Quik,Solder,Solder Solder Paste Sn42/Bi57.6/Ag0.4 T4 90% No-Clean 500g Cartridge Thermally Stable,,,,,2583.43
WS430LT500T4C,Chip Quik,Solder,Solder Solder Paste Sn42/Bi57.6/Ag0.4 T4 89.75% Water-Washable No-Clean 500g Cartridge Thermally Stable,,,,,2586.68
TS391AX250,Chip Quik,Solder,Solder Paste No-Clean 250g Sn63/Pb37 T4,,,,,1785.88
TS391SNL,Chip Quik,Solder,Solder Paste NoClean 15g T4 Sn96.5/Ag3.0/Cu0.5,,,,,550.88
TS391AX,Chip Quik,Solder,Solder Paste No-Clean 15g Sn63/Pb37 T4,,,,,518.38
TS391AX10,Chip Quik,Solder,Solder Paste No-Clean 35g Sn63/Pb37 T4,,,,,875.88
TS391SNL250,Chip Quik,Solder,Solder Paste NoCln 250g T4 Sn96.5/Ag3.0/Cu0.5,,,,,2273.38
TS391AX50,Chip Quik,Solder,Solder Paste No-Clean 50g Sn63/Pb37 T4,,,,,453.38
TS391LT10,Chip Quik,Solder,Solder Paste NoClean 35g Sn42/Bi57.6/Ag0.4 T4,,,,,940.88
TS391LT,Chip Quik,Solder,Solder Paste NoClean 15g Sn42/Bi57.6/Ag0.4 T4,,,,,550.88
TS391SNL50,Chip Quik,Solder,Solder Paste NoClean 50g T4 Sn96.5/Ag3.0/Cu0.5,,,,,583.38
TS391LT50,Chip Quik,Solder,Solder Paste No-Clean 50g Sn42/Bi57.6/Ag0.4 T4,,,,,713.38
TS391AX500C,Chip Quik,Solder,Solder Paste No-Clean 500g Sn63/Pb37 T4,,,,,3020.88
TS391SNL10,Chip Quik,Solder,Solder Paste NoClean 35g T4 Sn96.5/Ag3.0/Cu0.5,,,,,1038.38
TS391LT250,Chip Quik,Solder,Solder Paste NoClean 250g Sn42/Bi57.6/Ag0.4 T4,,,,,2760.88
TLF6000HG-00-00-150CC,Bergquist Company,Thermal Interface Products,"Thermal Interface Products Conductive, 1-Part, Liquid Formable, 180ml Cartridge, 6 W/m-K, Liqui-Form",6 W/m-K,,,,5204.55
TS991SNL500T3,Chip Quik,Solder,Solder Thermally Stable Solder Paste NC (No-Clean) Sn96.5/Ag3.0/Cu0.5 T3 (500g jar),,,,,2910.38
TS991SNL35T3,Chip Quik,Solder,Solder Thermally Stable Solder Paste NC (No-Clean) Sn96.5/Ag3.0/Cu0.5 T3 (35g syringe),,,,,1417.33
TS991SNL35T4,Chip Quik,Solder,Solder Thermally Stable Solder Paste NC (No-Clean) Sn96.5/Ag3.0/Cu0.5 T4 (35g syringe),,,,,1460.23
TS991AX500T4C,Chip Quik,Solder,Solder Solder Paste Sn63/Pb37 T4 90% No-Clean 500g Cartridge Thermally Stable,,,,,2430.68
WS430AX500T4C,Chip Quik,Solder,Solder Solder Paste Sn63/Pb37 T4 89.75% Water-Washable No-Clean 500g Cartridge Thermally Stable,,,,,2433.93
TS991AX35T4,Chip Quik,Solder,Solder Thermally Stable Solder Paste NC (No-Clean) Sn63/Pb37 T4 (35g syringe),,,,,1264.25
TSE3941-150G,MG Chemicals,Thermal Interface Products,Thermal Interface Products TOSHIBA SILICONE 150G ADHESIVE-SEALAN,,,,,2899.65
LF3500-00-00-30CC,Bergquist Company,Thermal Interface Products,"Thermal Interface Products 1-Part, Liquid Formable Material, 30CC Cartridge, 3.5 W/m-K, Liqui-Form",3.5 W/m-K,,,,4472.65
LF2000-00-00-30CC,Bergquist Company,Thermal Interface Products,"Thermal Interface Products 1-Part, Liquid Formable Material, 30CC Cartridge, 2 W/m-K, Liqui-Form",2 W/m-K,,,,3041.03
WS991SNL500T4,Chip Quik,Solder,Solder Thermally Stable Solder Paste WS (Water-Soluble) Sn96.5/Ag3.0/Cu0.5 T4 (500g jar,,,,,2598.38
LBSA3505-07-240-50CC,Bergquist Company,Thermal Interface Products,"Thermal Interface Products Liquid Silicon Adhesive, 1-Part, 50CC Dual Cartridge, LIQUI-BOND TLBSA3500",,,,,4620.53
TS991SNL500T4C,Chip Quik,Solder,Solder Solder Paste Sn96.5/Ag3.0/Cu0.5 T4 88.5% No-Clean 500g Cartridge Thermally Stable,,,,,2593.18
WS991SNL35T4,Chip Quik,Solder,Solder Thermally Stable Solder Paste WS (Water-Soluble) Sn96.5/Ag3.0/Cu0.5 T4 (35g syri,,,,,908.38
LF3500-00-00-4.33G,Bergquist Company,Thermal Interface Products,"Thermal Interface Products 1-Part, Liquid Formable Material, 4.33 Gallon Pail, 3.5 W/m-K, Liqui-Form",3.5 W/m-K,,,,249788.18
TLB400SLT-00-00-10G,Bergquist Company,Thermal Interface Products,"Thermal Interface Products Silicon Adhesive Sealant, 10 Gallon Kit, Liqui-Bond TLB400SLT",,,,,243170.85
2580287,Bergquist Company,Thermal Interface Products,"Thermal Interface Products Conductive, 1-Part, Liquid Formable, 1 Gallon, 6.0 W/m-K, Liqui-Form TLF 6000HG",6.0 W/m-K,,,,91340.28
TS391LT500C,Chip Quik,Solder,Solder Paste No-Clean 500g Sn42/Bi57.6/Ag0.4 T4,,,,,4905.88
LBEA1805-10-30-50CC,Bergquist Company,Thermal Interface Products,"Thermal Interface Products Liquid Epoxy Adhesive, 2-Part, 50CC Dual Cartridge, Liqui-Bond TLBEA1800/EA 1805",,,,,4711.53
LBEA1805-10-30-1200CC,Bergquist Company,Thermal Interface Products,"Thermal Interface Products Liquid Epoxy Adhesive, 2-Part, 1200CC Kit, Liqui-Bond TLB EA1800/EA 1805",,,,,53833.98
LBEA1805-00-30-200CC,Bergquist Company,Thermal Interface Products,"Thermal Interface Products Liquid Epoxy Adhesive, 2-Part, 200CC Dual Cartridge, Liqui-Bond TLBEA1800/EA1805",,,,,9985.3
TS391SNL500C,Chip Quik,Solder,Solder Paste NoCln 500g T4 Sn96.5/Ag3.0/Cu0.5,,,,,3898.38
LBEA1805-00-30-400CC,Bergquist Company,Thermal Interface Products,"Thermal Interface Products Liquid Epoxy Adhesive, 2-Part, 400CC Dual Cartridge, Liqui-Bond TLBEA1800/EA1805",,,,,22252.43
TLB400SLT-00-00-1200cc,Bergquist Company,Thermal Interface Products,"Thermal Interface Products Silicon Adhesive Sealant, Adaptable Cure Profile, 1200CC Kit, Liqui-Bond",,,,,30007.9
LBEA1805-07-30-50CC,Bergquist Company,Thermal Interface Products,"Thermal Interface Products Liquid Epoxy Adhesive, 2-Part, 50CC Dual Cartridge, Liqui-Bond TLBEA1800/EA 1805",,,,,3884.73
LBEA1805-07-30-1200CC,Bergquist Company,Thermal Interface Products,"Thermal Interface Products Liquid Epoxy Adhesive, 2-Part, 1200CC Kit, Liqui-Bond TLB EA1800/EA 1805",,,,,53833.98
LBSA3505-10-240-1200CC,Bergquist Company,Thermal Interface Products,"Thermal Interface Products Liquid Silicon Adhesive, 1-Part, 1200CC Kit, Liqui-Bond TLB SA3500/SA3505",,,,,67922.4
LBSA3505-07-240-1200CC,Bergquist Company,Thermal Interface Products,"Thermal Interface Products Liquid Silicon Adhesive, 1-Part, 1200CC Kit, Liqui-Bond TLB SA3500/SA3505",,,,,67922.4
LBSA3505-00-240-200CC,Bergquist Company,Thermal Interface Products,"Thermal Interface Products Liquid Silicon Adhesive, 1-Part, 200CC Cartridge, Liqui-Bond TLB SA3500/SA3505",,,,,10911.88
LBSA3505-00-240-1200CC,Bergquist Company,Thermal Interface Products,"Thermal Interface Products Liquid Silicon Adhesive, 1-Part, 1200CC Kit, Liqui-Bond TLB SA3500/SA3505",,,,,59062.58
TLB400SLT-00-00-400cc,Bergquist Company,Thermal Interface Products,"Thermal Interface Products Silicon Adhesive Sealant, 400CC Cartridge, Liqui-Bond TLB400SLT",,,,,12792.33
TLF6000HG-00-00-0.7G,Bergquist Company,Thermal Interface Products,"Thermal Interface Products Conductive, 1-Part, Liquid Formable, 1 Gallon Pail, 6 W/m-K, Liqui-Form",6 W/m-K,,,,54209.03
TS991SNL500T4,Chip Quik,Solder,Solder Thermally Stable Solder Paste NC (No-Clean) Sn96.5/Ag3.0/Cu0.5 T4 (500g jar),,,,,3225.95
WS991LT500T4C,Chip Quik,Solder,Solder Thermally Stable Solder Paste WS (Water-Soluble) Sn42/Bi57.6/Ag0.4 T4 (500g cartridge),,,,,2931.18
WS991LT500T4,Chip Quik,Solder,Solder Thermally Stable Solder Paste WS (Water-Soluble) Sn42/Bi57.6/Ag0.4 T4 (500g jar),,,,,2989.35
WS991LT35T4,Chip Quik,Solder,Solder Thermally Stable Solder Paste WS (Water-Soluble) Sn42/Bi57.6/Ag0.4 T4 (35g syrin,,,,,1073.48
WS991AX500T4,Chip Quik,Solder,Solder Thermally Stable Solder Paste WS (Water-Soluble) Sn63/Pb37 T4 (500g jar),,,,,2435.88
WS991AX35T4,Chip Quik,Solder,Solder Thermally Stable Solder Paste WS (Water-Soluble) Sn63/Pb37 T4 (35g syringe),,,,,1253.2
PADLED-225100,Wakefield Thermal,LED Heat Sinks & Thermal Substrates,"LED Heat Sinks & Thermal Substrates Heat Sink, PAD LED, 225mm Diameter, 100mm Height",,225 mm,,,5449.93
PADLED-130100,Wakefield Thermal,LED Heat Sinks & Thermal Substrates,"LED Heat Sinks & Thermal Substrates Heat Sink, PAD LED, 130mm Diameter, 100mm Height",,130 mm,,,1735.18
PADLED-13080,Wakefield Thermal,LED Heat Sinks & Thermal Substrates,"LED Heat Sinks & Thermal Substrates Heat Sink, PAD LED, 130mm Diameter, 80mm Height",,130 mm,,,1558.05
PADLED-165100,Wakefield Thermal,LED Heat Sinks & Thermal Substrates,"LED Heat Sinks & Thermal Substrates Heat Sink, PAD LED, 165mm Diameter, 100mm Height",,165 mm,,,2831.08
53-77-13ACG,Aavid,Thermal Interface Products,"Thermal Interface Products Thermalsil III Pad for TO220, Sil Rubber, 18.03x12.70x 0.152mm, Adhesive-1 Side",,0.152 mm,18.03 mm,12.70 mm,29.9
SQD02-SBBN-PADM-BE001,Amphenol LTW,Liquid Cooling Connectors & Accessories,"Liquid Cooling Connectors & Accessories Liquid Cooling Connector, SnapQD02, Pair, Blue, 7/16 inch - 20 UNF, Push Pull",,,,,2004.6
SQD-02PADM-PRD001,Amphenol LTW,Liquid Cooling Connectors & Accessories,"Liquid Cooling Connectors & Accessories Liquid Cooling Connector, SnapQD02, Plug, Red, 7/16 inch - 20 UNF, Push Pull",,,,,716.95
SQD-02PADM-PBE001,Amphenol LTW,Liquid Cooling Connectors & Accessories,"Liquid Cooling Connectors & Accessories Liquid Cooling Connector, SnapQD02, Plug, Blue, 7/16 inch - 20 UNF, Push Pull",,,,,716.95
SQD02-SBBN-PADM-RD001,Amphenol LTW,Liquid Cooling Connectors & Accessories,"Liquid Cooling Connectors & Accessories Liquid Cooling Connector, SnapQD02, Pair, Red, 7/16 inch - 20 UNF, Push Pull",,,,,2004.6
SQDB-02PADM-BNA001,Amphenol LTW,Liquid Cooling Connectors & Accessories,"Liquid Cooling Connectors & Accessories Liquid Cooling Connector, SnapQDB02 (Blind Mating), Plug, 7/16 inch - 20 UNF, Push Pull",,,,,1267.83
53-02-103G,Aavid,Thermal Interface Products,"Thermal Interface Products Thermalsil III Pad for TO218, Polygon, 5-Side, 23.80x19.05x 0.152mm, Sil Rubber",,0.152 mm,23.80 mm,19.05 mm,32.18
PADLED-16580,Wakefield Thermal,LED Heat Sinks & Thermal Substrates,"LED Heat Sinks & Thermal Substrates Heat Sink, PAD LED, 165mm Diameter, 80mm Height",,165 mm,,,3407.3
PADLED-22560,Wakefield Thermal,LED Heat Sinks & Thermal Substrates,"LED Heat Sinks & Thermal Substrates Heat Sink, PAD LED, 225mm Diameter, 60mm Height",,225 mm,,,5401.18
20265,Vicor,Thermal Interface Products,Thermal Interface Products ICRO THERMATE QTY 1 piece = pack of 10,,,,,1729.98
53-78-1ACG,Aavid,Thermal Interface Products,Thermal Interface Products Thermalsil III Insulator Pad/Film for TO-220,,,,,108.88
TGP 40000SF-0.080-00-0606,Bergquist Company,Thermal Interface Products,"Thermal Interface Products GAP PAD, Sil-Free, 40W/m-K, 6x6"" Sheet, 0.080"" Thickness, Thermexit, IDH 2972781",40 W/m-K,,6 mm,6 mm,8149.7
TGP40000SF-0.125-01-0606-NA,Bergquist Company,Thermal Interface Products,"Thermal Interface Products GAP PAD, Sil-Free, 40W/m-K, 6 x 6"" Sheet, Tacky Pad, 0.125"" Thickness, Thermexit",40 W/m-K,,6 mm,6 mm,13266.83
TGP40000SF-0.040-01-0606-NA,Bergquist Company,Thermal Interface Products,"Thermal Interface Products GAP PAD, Sil-Free, 40W/m-K, 6 x 6"" Sheet, Tacky Pad, 0.040"" Thickness, Thermexit",40 W/m-K,,6 mm,6 mm,6117.15
TGP40000SF-0.060-01-0606-NA,Bergquist Company,Thermal Interface Products,"Thermal Interface Products GAP PAD, Sil-Free, 40W/m-K, 6 x 6"" Sheet, Tacky Pad, 0.060"" Thickness, Thermexit",40 W/m-K,,6 mm,6 mm,7536.75
A10080-39,Laird Technologies,Thermal Interface Products,"Thermal Interface Products Tpli 220 A1 16x16"" 6 W/mK gap filler",6 W/m-K,,16 mm,16 mm,9329.45
SP1500ST-0.008-02-1012,Bergquist Company,Thermal Interface Products,"Thermal Interface Products SIL PAD, Conductive, Soft, 10""x12"" Sheet, 0.008"" Thickness, Tack Both Sides",,,,,1410.83
TGP12000ULM-0.080-00-0808,Bergquist Company,Thermal Interface Products,"Thermal Interface Products GAP PAD, 12W/m-K, Ultra-Low Modulus, 8""x8"" Sheet, 0.080"" Thickness, TGP12000ULM",12 W/m-K,,,,8570.58
TGF 2900LVO-00-400CC,Bergquist Company,Thermal Interface Products,"Thermal Interface Products Gap Filler, 2-Part, 2.9 W/m-K, Silicone, 400CC Cartridge, IDH 2859942",2.9 W/m-K,,,,14193.4
A12624-01,Laird Technologies,Thermal Interface Products,"Thermal Interface Products Tflex 6100 9x9"" 3.0W/mK gap filler",3.0 W/m-K,,9 mm,9 mm,4641.33
SP1100ST-0.012-02-1212,Bergquist Company,Thermal Interface Products,"Thermal Interface Products Sil-Pad, Insulating, Conductive, Soft Tack, 12""x12"" Sheet, 0.012"" Thickness",,,,,1692.93
GPHC3.0-0.080-02-0816,Bergquist Company,Thermal Interface Products,"Thermal Interface Products GAP PAD, 8"" x 16"" Sheet, 0.080"" Thickness, TGPHC3000/HC 3.0, IDH 2167935",,,,,3284.13
GPVOUS-0.200-01-0816,Bergquist Company,Thermal Interface Products,"Thermal Interface Products GAP PAD, 8"" x 16"" Sheet, 0.200"" Thickness TGP1000VOUS/VO Ultra Soft, IDH 2166005",,,,,3054.68
GPHC3.0-0.100-02-0816,Bergquist Company,Thermal Interface Products,"Thermal Interface Products GAP PAD, 8"" x 16"" Sheet, 0.100"" Thickness, TGPHC3000/HC 3.0, IDH 2193848",,,,,8540.68
GPHC3.0-0.040-02-0816,Bergquist Company,Thermal Interface Products,"Thermal Interface Products GAP PAD, 8"" x 16"" Sheet, 0.040"" Thickness, TGPHC3000/HC 3.0, IDH 2167920",,,,,1686.75
GPVOUS-0.080-01-0816,Bergquist Company,Thermal Interface Products,"Thermal Interface Products GAP PAD, 8""x16"" Sheet, 0.080"" Thickness, 1 Side Tack, TGP1000VOUS/VO Ultra Soft",,,,,1296.75
TGP40000SF-0.080-01-0606-NA,Bergquist Company,Thermal Interface Products,"Thermal Interface Products GAP PAD, Sil-Free, 40W/m-K, 6 x 6"" Sheet, Tacky Pad, 0.080"" Thickness, Thermexit",40 W/m-K,,6 mm,6 mm,8870.55
GP5000S35-0.125-02-0816,Bergquist Company,Thermal Interface Products,"Thermal Interface Products GAP PAD, S-Class, 8""x16"" Sheet, 0.125"" Thickness, TGP5000/5000S35",,,,,4942.93
A17084-06,Laird Technologies,Thermal Interface Products,"Thermal Interface Products 12x18in, G",,,12 mm,18 mm,755.3
A15996-04,Laird Technologies,Thermal Interface Products,"Thermal Interface Products TFLEX 740 DC1 9"" X 9""",,,,,3888.95
GP3500ULM-0.060-02-0816,Bergquist Company,Thermal Interface Products,"Thermal Interface Products GAP PAD, Ultra-Low Modulus, 8""x16"" Sheet, 0.060"" Thickness, TGP3500ULM/3500ULM",,,,,2436.85
GPVOUS-0.250-01-0816,Bergquist Company,Thermal Interface Products,"Thermal Interface Products GAP PAD, 8"" x 16"" Sheet, 0.250"" Thickness TGP1000VOUS/VO Ultra Soft, IDH 2166014",,,,,3055.0
GPVOUS-0.125-01-0816,Bergquist Company,Thermal Interface Products,"Thermal Interface Products GAP PAD, 8""x16"" Sheet, 0.125"" Thickness, 1 Side Tack, TGP1000VOUS/VO Ultra Soft",,,,,1930.83
GPVOUS-0.160-01-0816,Bergquist Company,Thermal Interface Products,"Thermal Interface Products GAP PAD, 8"" x 16"" Sheet, 0.160"" Thickness TGP1000VOUS/VO Ultra Soft, IDH 2166004",,,,,2777.13
TGP40000SF-0.020-01-0406-NA,Bergquist Company,Thermal Interface Products,"Thermal Interface Products GAP PAD, Sil-Free, 40W/m-K, 4 x 6"" Sheet, Tacky Pad, 0.020"" Thickness, Thermexit",40 W/m-K,,4 mm,6 mm,2189.2
GP5000S35-0.080-02-0816,Bergquist Company,Thermal Interface Products,"Thermal Interface Products GAP PAD, S-Class, 8""x16"" Sheet, 0.080"" Thickness, TGP5000/5000S35, IDH 2166513",,,,,3854.18
A15421-32,Laird Technologies,Thermal Interface Products,"Thermal Interface Products TGARD 5000,A0",,,,,1352.0
SPA1500-0.010-00-1212,Bergquist Company,Thermal Interface Products,"Thermal Interface Products Elastomeric Material, 12""x12"" Sheet, 0.010"" Thickness, Sil-Pad TSPA2000/A1500",,,,,1587.95
SPK10-0.006-AC-58,Bergquist Company,Thermal Interface Products,"Thermal Interface Products SIL PAD, 0.006"" Thickness, 1 Side Adhesive, 19.05x12.70mm, TSPK1300/K-10",,12.70 mm,19.05 mm,12.70 mm,28.28
SuperThermal-B132-10-02-1500-1500,Aavid,Thermal Interface Products,"Thermal Interface Products SuperThermal Pad, 13.2 W/mK Conductivity, 1mm Thick, 2-Side Adhesive, 150x150mm",13.2 W/m-K,1 mm,150 mm,150 mm,6703.45
SP400-0.009-00-1212,Bergquist Company,Thermal Interface Products,"Thermal Interface Products Sil-Pad, 12"" x 12"" Sheet, 0.009"" Thickness, Sil-Pad TSP900/400, IDH 2167743",,,,,527.8
A17653-02,Laird Technologies,Thermal Interface Products,Thermal Interface Products Tflex HD720 9x9 in,,,9 mm,9 mm,958.75
SPA2000-0.015-AC-1012,Bergquist Company,Thermal Interface Products,"Thermal Interface Products Sil-Pad, 10""x12"" Sheet, 0.015"" Thickness, 1 Side Adhesive, TSPA3000/A2000",,,,,8999.58
A17653-04,Laird Technologies,Thermal Interface Products,Thermal Interface Products Tflex HD740 9x9,,,9 mm,9 mm,1677.98
GP3000S30-0.080-02-0816,Bergquist Company,Thermal Interface Products,"Thermal Interface Products GAP PAD, Conductive, Soft, 8""x16"" Sheet, 0.080"" Thickness, TGP3000/3000S30",,,,,2981.55
A17653-06,Laird Technologies,Thermal Interface Products,Thermal Interface Products Tflex HD760 9x9,,,9 mm,9 mm,2463.83
BP660P-0.008-00-1112,Bergquist Company,Thermal Interface Products,"Thermal Interface Products Film Reinforced, Adhesive Tape, 11x12"" Sheet, 0.008"" Thickness, 1 Side Adhesive",,,11 mm,12 mm,992.55
SP1500ST-0.012-02-1012,Bergquist Company,Thermal Interface Products,"Thermal Interface Products SIL PAD, Insulating, Conductive, Soft Tack, 10""x12"" Sheet, 0.012"" Thickness",,,,,2509.0
SP1200-0.009-00-1212,Bergquist Company,Thermal Interface Products,"Thermal Interface Products Elastomeric Material, 12""x12"" Sheet, 0.009"" Thickness, Sil-Pad TSP1800/1200",,,,,920.4
SP1500ST-0.008-02-54,Bergquist Company,Thermal Interface Products,"Thermal Interface Products Insulating, Conductive, Soft Tack, 0.008"" Thickness, SIL PAD TSP1800ST/1500ST",,,,,15.28
SPA1500-0.010-AC-1212,Bergquist Company,Thermal Interface Products,"Thermal Interface Products Sil-Pad, Elastomeric Material, 12""x12"" Sheet, 0.010"" Thickness, 1 Side Adhesive",,,,,1812.53
36967,Vicor,Thermal Interface Products,"Thermal Interface Products Thermal Pad 0.007"" Brick ACFront",,,,,2045.88
TGP10000ULM-0.080-02-0808,Bergquist Company,Thermal Interface Products,"Thermal Interface Products GAP PAD, 10W/m-K, 8"" x 8"" Sheet, 0.080"" Thickness, TGP10000ULM, IDH 2591010",10 W/m-K,,,,12675.65
TGP12000ULM-0.040-00-0808,Bergquist Company,Thermal Interface Products,"Thermal Interface Products GAP PAD, 12W/m-K, Ultra-Low Modulus, 8""x8"" Sheet, 0.040"" Thickness, TGP12000ULM",12 W/m-K,,,,5718.05
TGP12000ULM-0.125-00-0808,Bergquist Company,Thermal Interface Products,"Thermal Interface Products GAP PAD, 12W/m-K, Ultra-Low Modulus, 8""x8"" Sheet, 0.125"" Thickness, TGP12000ULM",12 W/m-K,,,,18197.08
GP7000ULM-0.100-02-0808,Bergquist Company,Thermal Interface Products,"Thermal Interface Products GAP PAD, Silicone Thermal Interface, 7 W/m-K Thermal Conductivity, Ultra-Low Modulus, 8"" x 8"" Sheet, 0.100"" Thickness, GAP PAD TGP 7000ULM Series, IDH 2474876",7 W/m-K,,,,7633.93
TGP7000ULM-0.040-02-0808,Bergquist Company,Thermal Interface Products,"Thermal Interface Products GAP PAD, 7W/m-K, 8"" x 8"" Sheet, 0.040"" Thickness, TGP7000ULM, IDH 2261480",7 W/m-K,,,,2986.43
GP3000S30-0.040-02-0816,Bergquist Company,Thermal Interface Products,"Thermal Interface Products GAP PAD, Conductive, Soft, 8""x16"" Sheet, 0.040"" Thickness, TGP3000/3000S30",,,,,1846.33
A15037103,Laird Technologies,Thermal Interface Products,Thermal Interface Products TO-220 Insltr H0.125 T-gard 5000-A1,,,,,26.33
SP400-0.009-00-51,Bergquist Company,Thermal Interface Products,"Thermal Interface Products Sil-Pad, 0.009"" Thickness, 17.45x14.27mm, Sil-Pad TSP900/400, IDH 2191246",,14.27 mm,17.45 mm,14.27 mm,9.75
SP400-0.007-00-58,Bergquist Company,Thermal Interface Products,"Thermal Interface Products Sil-Pad, 0.007"" Thickness, 19.05x12.70mm, Sil-Pad TSP900/400, IDH 2191244",,12.70 mm,19.05 mm,12.70 mm,11.38
TGP6000ULM-0.100-12-0816,Bergquist Company,Thermal Interface Products,"Thermal Interface Products GAP PAD, 6W/m-K, 8"" x 16"" Sheet, 0.100"" Thickness, TGP6000ULM, IDH 2196912",6 W/m-K,,,,12615.85
A17634-08,Laird Technologies,Thermal Interface Products,"Thermal Interface Products Tflex HD380,DC1 9x9",,,9 mm,9 mm,1582.43
TGP10000ULM-0.040-02-0808,Bergquist Company,Thermal Interface Products,"Thermal Interface Products GAP PAD, 10W/m-K, 8"" x 8"" Sheet, 0.040"" Thickness, TGP10000ULM, IDH 2591008",10 W/m-K,,,,8062.28
TGP10000ULM-0.060-02-0808,Bergquist Company,Thermal Interface Products,"Thermal Interface Products GAP PAD, 10W/m-K, 8"" x 8"" Sheet, 0.060"" Thickness, TGP10000ULM, IDH 2591009",10 W/m-K,,,,10326.88
TGP7000ULM-0.020-02-0808,Bergquist Company,Thermal Interface Products,"Thermal Interface Products GAP PAD, 7W/m-K, 8"" x 8"" Sheet, 0.020"" Thickness, TGP7000ULM, IDH 2563017",7 W/m-K,,,,3250.65
TGP6000ULM-0.040-12-0816,Bergquist Company,Thermal Interface Products,"Thermal Interface Products GAP PAD, 6W/m-K, 8"" x 16"" Sheet, 0.040"" Thickness, TGP6000ULM, IDH 2195666",6 W/m-K,,,,4350.78
SPK10-0.006-AC-11.512,Bergquist Company,Thermal Interface Products,"Thermal Interface Products SIL PAD, 11.5""x12"" Sheet, 0.006"" Thickness, 1 Side Adhesive, TSPK1300/K-10",,,,,1269.45
GPVOS-0.125-01-0816,Bergquist Company,Thermal Interface Products,"Thermal Interface Products GAP PAD, 8""x16"" Sheet, 0.125"" Thickness, GAP PAD TGP 800VOS/VO Soft, IDH 2165897",,,,,2023.78
GPVOS-0.100-01-0816,Bergquist Company,Thermal Interface Products,"Thermal Interface Products GAP PAD, 8""x16"" Sheet, 0.100"" Thickness, GAP PAD TGP 800VOS/VO Soft, IDH 2165893",,,,,2319.53
GPVO-0.125-01-0816,Bergquist Company,Thermal Interface Products,"Thermal Interface Products GAP PAD, 8"" x 16"" Sheet, 0.125"" Thickness, GAP PAD TGP 800VO/VO, IDH 2165844",,,,,3501.23
GP3500ULM-G-0.060-12-0816,Bergquist Company,Thermal Interface Products,"Thermal Interface Products GAP PAD, Ultra-Low Modulus, 8""x16"" Sheet, 0.060"" Thick, 2 Side Tack, IDH 2191982",,,,,4776.85
GPHC3.0-0.010-02-0816,Bergquist Company,Thermal Interface Products,"Thermal Interface Products GAP PAD, 8"" x 16"" Sheet, 0.010"" Thickness, TGPHC3000/HC 3.0, IDH 2167953",,,,,1448.53
GP3500ULM-G-0.100-12-0816,Bergquist Company,Thermal Interface Products,"Thermal Interface Products GAP PAD, Ultra-Low Modulus, 8""x16"" Sheet, 0.100"" Thick, 2 Side Tack, IDH 2193351",,,,,6993.68
GP3500ULM-G-0.020-12-0816,Bergquist Company,Thermal Interface Products,"Thermal Interface Products GAP PAD, Ultra-Low Modulus, 8""x16"" Sheet, 0.020"" Thickness, Tack and Fiberglass",,,,,1533.35
GPVOUS-0.080-AC-0816,Bergquist Company,Thermal Interface Products,"Thermal Interface Products GAP PAD, 8""x16"" Sheet, 0.080"" Thickness, 1 Side Adhesive, IDH 2166010",,,,,1848.28
A10093-02,Laird Technologies,Thermal Interface Products,"Thermal Interface Products Tpli 220FG A1 8 x 8""",,,8 mm,8 mm,2340.0
GPVO-0.060-01-0816,Bergquist Company,Thermal Interface Products,"Thermal Interface Products GAP PAD, 8"" x 16"" Sheet, 0.060"" Thickness, GAP PAD TGP 800VO/VO, IDH 2165842",,,,,1434.23
GPVOS-0.060-01-0816,Bergquist Company,Thermal Interface Products,"Thermal Interface Products GAP PAD, 8""x16"" Sheet, 0.060"" Thickness, GAP PAD TGP 800VOS/VO Soft, IDH 2165884",,,,,1440.08
GPVOS-0.080-01-0816,Bergquist Company,Thermal Interface Products,"Thermal Interface Products GAP PAD, 8""x16"" Sheet, 0.080"" Thickness, GAP PAD TGP 800VOS/VO Soft, IDH 2165896",,,,,1439.1
GPVOUS-0.020-00-0816,Bergquist Company,Thermal Interface Products,"Thermal Interface Products GAP PAD, 8"" x 16"" Sheet, 0.020"" Thickness TGP1000VOUS/VO Ultra Soft, IDH 2191210",,,,,726.38
GP3500ULM-0.100-02-0816,Bergquist Company,Thermal Interface Products,"Thermal Interface Products GAP PAD, Ultra-Low Modulus, 8""x16"" Sheet, 0.100"" Thickness, TGP3500ULM/3500ULM",,,,,4902.3
SP900S-0.009-AC-104,Bergquist Company,Thermal Interface Products,"Thermal Interface Products SIL PAD, Low-Pressure, 0.009"" Thickness, 1 Side Adhesive, TSP1600S/900S",,,,,12.35
SP900S-0.009-AC-137,Bergquist Company,Thermal Interface Products,"Thermal Interface Products SIL PAD, Low-Pressure, 0.009"" Thickness, 1 Side Adhesive, 1.25x1"", TSP1600S/900S",,,1.25 mm,1 mm,22.43
GP3500ULM-0.080-02-0816,Bergquist Company,Thermal Interface Products,"Thermal Interface Products GAP PAD, Ultra-Low Modulus, 8""x16"" Sheet, 0.008"" Thickness, TGP3500ULM/3500ULM",,,,,4270.18
GPVOUS-0.060-01-0816,Bergquist Company,Thermal Interface Products,"Thermal Interface Products GAP PAD, 8""x16"" Sheet, 0.060"" Thickness, 1 Side Tack, TGP1000VOUS/VO Ultra Soft",,,,,1150.5
GP1000SF-0.040-02-0816,Bergquist Company,Thermal Interface Products,"Thermal Interface Products GAP PAD, Conductive, Sil-Free, 8""x16"" Sheet, 0.040"" Thickness, TGP1100SF/1000SF",,,,,4041.38
GP3500ULM-0.040-02-0816,Bergquist Company,Thermal Interface Products,"Thermal Interface Products GAP PAD, Ultra-Low Modulus, 8""x16"" Sheet, 0.040"" Thickness, TGP3500ULM/3500ULM",,,,,2121.6
GPVOUS-0.160-AC-0816,Bergquist Company,Thermal Interface Products,"Thermal Interface Products GAP PAD, 8""x16"" Sheet, 0.160"" Thickness, 1 Side Adhesive",,,,,3176.88
GP1500-0.100-02-0816,Bergquist Company,Thermal Interface Products,"Thermal Interface Products GAP PAD, Conductive, Unreinforced, 8""x16"" Sheet, 0.100"" Thickness, IDH 2166016",,,,,1706.58
GP1500-0.020-02-0816,Bergquist Company,Thermal Interface Products,"Thermal Interface Products GAP PAD, Conductive, Unreinforced, 8""x16"" Sheet, 0.020"" Thickness, TGP1500/1500",,,,,510.58
GP1500-0.200-02-0816,Bergquist Company,Thermal Interface Products,"Thermal Interface Products GAP PAD, Conductive, Unreinforced, 8""x16"" Sheet, 0.200"" Thickness, TGP1500/1500",,,,,3540.88
TSP 900-0.007-AC-44,Bergquist Company,Thermal Interface Products,"Thermal Interface Products Original Sil-Pad Material, 0.007"" Thickness, 1 Side Adhesive, Sil-Pad TSP900/400",,,,,29.58
SPA2000-0.015-AC-62,Bergquist Company,Thermal Interface Products,"Thermal Interface Products SIL PAD, 0.015"" Thickness, 1 Side Adhesive, 19.05x15.24mm, TO-220",,15.24 mm,19.05 mm,15.24 mm,42.25
GP3500ULM-0.125-02-0816,Bergquist Company,Thermal Interface Products,"Thermal Interface Products GAP PAD, Ultra-Low Modulus, 8""x16"" Sheet, 0.125"" Thickness, TGP3500ULM/3500ULM",,,,,4745.0
GP1000SF-0.010-02-0816,Bergquist Company,Thermal Interface Products,"Thermal Interface Products GAP PAD, Conductive, Sil-Free, 8""x16"" Sheet, 0.010"" Thickness, TGP1100SF/1000SF",,,,,2492.43
GPVOUS-0.060-AC-0816,Bergquist Company,Thermal Interface Products,"Thermal Interface Products GAP PAD, 8""x16"" Sheet, 0.060"" Thickness, 1 Side Adhesive",,,,,1485.25
SP400-0.009-00-24,Bergquist Company,Thermal Interface Products,"Thermal Interface Products Sil-Pad, 0.009"" Thickness, TSP900/400, 7403-09FR-24, BG96428, IDH 2192723",,,,,20.8
SP400-0.007-AC-102,Bergquist Company,Thermal Interface Products,"Thermal Interface Products Sil-Pad, 0.007"" Thickness, 1 Side Adhesive, Sil-Pad TSP900/400, 3223-07AC-102",,,,,14.3
SPA2000-0.015-00-104,Bergquist Company,Thermal Interface Products,"Thermal Interface Products Insulator, 0.015"" Thickness, No Adhesive, 1.000x0.750"", Sil-Pad TSPA3000/A2000",,,1.000 mm,0.750 mm,64.35
SSR-TP-1,Schneider Electric Relays,Relay Sockets & Fixings,Relay Sockets & Fixings Thermal Pad for Class 6 SSRs,,,,,1886.95
GPA3000-0.020-01-0816,Bergquist Company,Thermal Interface Products,"Thermal Interface Products GAP PAD, Conductive, Reinforced, 8""x16"" Sheet, 0.020"" Thickness, 1 Side Tack",,,,,2901.28
SP400-0.009-00-104,Bergquist Company,Thermal Interface Products,"Thermal Interface Products Sil-Pad, 0.009"" Thickness, Sil-Pad TSP900/400, 7403-09FR-104, BG99623",,,,,17.55
GPVOUS-0.250-AC-0816,Bergquist Company,Thermal Interface Products,"Thermal Interface Products GAP PAD, 8""x16"" Sheet, 0.250"" Thickness, 1 Side Adhesive",,,,,3421.6
GP2200SF-0.010-02-0816,Bergquist Company,Thermal Interface Products,"Thermal Interface Products GAP PAD, S-Class, 8""x16"" Sheet, 0.010"" Thickness, GAP PAD TGP2200SF/2200SF",,,,,1786.85
GP2200SF-0.125-02-0816,Bergquist Company,Thermal Interface Products,"Thermal Interface Products GAP PAD, S-Class, 8""x16"" Sheet, 0.125"" Thickness, GAP PAD TGP2200SF/2200SF",,,,,4578.93
GP2200SF-0.040-02-0816,Bergquist Company,Thermal Interface Products,"Thermal Interface Products GAP PAD, S-Class, 8""x16"" Sheet, 0.040"" Thickness, GAP PAD TGP2200SF/2200SF",,,,,2090.4
GP2200SF-0.060-02-0816,Bergquist Company,Thermal Interface Products,"Thermal Interface Products GAP PAD, S-Class, 8""x16"" Sheet, 0.060"" Thickness, GAP PAD TGP2200SF/2200SF",,,,,4241.25
AF100-204005,Same Sky,Thermal Interface Products,"Thermal Interface Products Thermal interface material, AF100, non-silicone- based, 20x40x0.5 mm",,0.5 mm,20 mm,40 mm,369.85
SP400-0.009-00-23,Bergquist Company,Thermal Interface Products,"Thermal Interface Products Sil-Pad, 0.009"" Thickness, TSP900/400, 7403-09FR-23, BG95121, IDH 2192653",,,,,20.48
SF600G-404005,Same Sky,Thermal Interface Products,"Thermal Interface Products Thermal interface material, SF600G, silicone- based, 40x40x0.5 mm",,0.5 mm,40 mm,40 mm,2092.03
SF100S-707005,Same Sky,Thermal Interface Products,"Thermal Interface Products Thermal interface material, SF100S, silicone- based, 70x70x0.5 mm",,0.5 mm,70 mm,70 mm,161.53
A16104-08,Laird Technologies,Thermal Interface Products,"Thermal Interface Products Tflex HR680 9x9"" 3.0W/mK gap filler",3.0 W/m-K,,9 mm,9 mm,2354.95
SP400-0.009-00-57,Bergquist Company,Thermal Interface Products,"Thermal Interface Products Sil-Pad, 0.009"" Thickness, TSP900/400, 7403-09FR-57, BG95092, IDH 2167705",,,,,15.93
SPA2000-0.015-00-58,Bergquist Company,Thermal Interface Products,"Thermal Interface Products Insulator, 0.015"" Thickness, No Adhesive, 0.750x0.500"", Sil-Pad TSPA3000/A2000",,,0.750 mm,0.500 mm,27.95
SPA2000-0.015-00-54,Bergquist Company,Thermal Interface Products,"Thermal Interface Products Insulator, 0.015"" Thickness, No Adhesive, 0.750x0.500"", Sil-Pad TSPA3000/A2000",,,0.750 mm,0.500 mm,28.93
SF600G-313005,Same Sky,Thermal Interface Products,"Thermal Interface Products Thermal interface material, SF600G, silicone- based, 31.25x30x0.5 mm",,0.5 mm,31.25 mm,30 mm,1763.45
GP2000S40-0.020-02-0816,Bergquist Company,Thermal Interface Products,"Thermal Interface Products GAP PAD, S-Class, 8""x16"" Sheet, 0.020"" Thickness, GAP PAD TGP2000/2000S40",,,,,3296.8
GP2200SF-0.080-02-0816,Bergquist Company,Thermal Interface Products,"Thermal Interface Products GAP PAD, S-Class, 8""x16"" Sheet, 0.080"" Thickness, GAP PAD TGP2200SF/2200SF",,,,,4929.6
GP2000S40-0.125-02-0816,Bergquist Company,Thermal Interface Products,"Thermal Interface Products GAP PAD, S-Class, 8""x16"" Sheet, 0.125"" Thickness, 2 Side Tack, TGP2000/2000S40",,,,,6142.18
GP2000S40-0.100-02-0816,Bergquist Company,Thermal Interface Products,"Thermal Interface Products GAP PAD, S-Class, 8""x16"" Sheet, 0.100"" Thickness, 2 Side Tack, TGP2000/2000S40",,,,,4757.68
GPA2000-0.020-02-0816,Bergquist Company,Thermal Interface Products,"Thermal Interface Products GAP PAD, High Performance, 8""x16"" Sheet, 0.020"" Thickness, TGPA2000/A2000",,,,,3224.0
HSE01-193175P,Same Sky,Heat Sinks,"Heat Sinks heat sink, extrusion, 19 x 31.5 x 7.5 mm, T411 pad",,7.5 mm,19 mm,31.5 mm,66.95
A17916-09,Laird Technologies,Thermal Interface Products,Thermal Interface Products Tflex B290 9x9IN,,,9 mm,9 mm,585.98
GPA2000-0.040-02-0816,Bergquist Company,Thermal Interface Products,"Thermal Interface Products GAP PAD, High Performance, 8""x16"" Sheet, 0.040"" Thickness, TGPA2000/A2000",,,,,4226.63
SPK6-0.006-AC-11.512,Bergquist Company,Thermal Interface Products,"Thermal Interface Products SIL PAD, Kapton-Based, 11.5""x12"" Sheet, 0.006"" Thickness, 1 Side Adhesive",,,,,2060.83
A17690-05,Laird Technologies,Thermal Interface Products,"Thermal Interface Products Tflex HD750,DC1 9x9",,,9 mm,9 mm,2305.88
GP2000S40-0.060-02-0816,Bergquist Company,Thermal Interface Products,"Thermal Interface Products GAP PAD, S-Class, 8""x16"" Sheet, 0.060"" Thickness, 2 Side Tack, TGP2000/2000S40",,,,,3284.45
A17690-06,Laird Technologies,Thermal Interface Products,Thermal Interface Products Tflex HD760 DC1 9x9 IN,,,9 mm,9 mm,2695.23
GP3000S30-0.020-02-0816,Bergquist Company,Thermal Interface Products,"Thermal Interface Products GAP PAD, Conductive, Soft, 8""x16"" Sheet, 0.020"" Thickness, TGP3000/3000S30",,,,,2163.2
GP3000S30-0.060-02-0816,Bergquist Company,Thermal Interface Products,"Thermal Interface Products GAP PAD, Conductive, Soft, 8""x16"" Sheet, 0.060"" Thickness, TGP3000/3000S30",,,,,2674.1
GP3000S30-0.010-02-0816,Bergquist Company,Thermal Interface Products,"Thermal Interface Products GAP PAD, Conductive, Soft, 8""x16"" Sheet, 0.010"" Thickness, 2 Side Tack",,,,,1430.33
SF600G-414505,Same Sky,Thermal Interface Products,"Thermal Interface Products Thermal interface material, SF600G, silicone- based, 41.25x45x0.5 mm",,0.5 mm,41.25 mm,45 mm,1943.5
SPK4-0.006-AC-11.512,Bergquist Company,Thermal Interface Products,"Thermal Interface Products SIL PAD, 11.5""x12"" Sheet, 0.006"" Thickness, 1 Side Adhesive, TSPK900/K-4",,,,,1066.98
A17916-07,Laird Technologies,Thermal Interface Products,Thermal Interface Products TFLEX B270,,,,,473.53
A17915-18,Laird Technologies,Thermal Interface Products,Thermal Interface Products Tflex B2180 18x18IN,,,18 mm,18 mm,3933.15
GP3000S30-0.015-02-0816,Bergquist Company,Thermal Interface Products,"Thermal Interface Products GAP PAD, Conductive, Soft, 8""x16"" Sheet, 0.015"" Thickness, TGP3000/3000S30",,,,,1982.5
A12618-33,Laird Technologies,Thermal Interface Products,"Thermal Interface Products Tflex 640 18x18"" 3.0W/mK gap filler",3.0 W/m-K,,18 mm,18 mm,8578.05
SP400-0.009-00-04,Bergquist Company,Thermal Interface Products,"Thermal Interface Products Sil-Pad, 0.009"" Thickness, 1.650x1.140"", Sil-Pad TSP900/400, IDH 2192638",,,1.650 mm,1.140 mm,21.45
SP400-0.009-AC-1212,Bergquist Company,Thermal Interface Products,"Thermal Interface Products Sil-Pad, 12""x12"" Sheet, 0.009"" Thickness, 1 Side Adhesive, Sil-Pad TSP900/400",,,,,1034.8
SP2000-0.020-AC-1212,Bergquist Company,Thermal Interface Products,"Thermal Interface Products SIL PAD, 12""x12"" Sheet, 0.020"" Thickness, 1 Side Adhesive, TSP3500/2000",,,,,12773.48
GF1100SF-00-240-50cc,Bergquist Company,Thermal Interface Products,"Thermal Interface Products Gap Filler, 2-Part, No Spacer Beads, Pot Life=240m, 50cc, TGF1100SF/1100SF",,,,,1244.43
SP1200-0.012-00-1212,Bergquist Company,Thermal Interface Products,"Thermal Interface Products Elastomeric Material, 12""x12"" Sheet, 0.012"" Thickness, Sil-Pad TSP1800/1200",,,,,2051.73
A15754-03,Laird Technologies,Thermal Interface Products,Thermal Interface Products TFLEX SF830 9.0X9.0IN,,,9.0 mm,9.0 mm,2809.95
SP1200-0.016-AC-1212,Bergquist Company,Thermal Interface Products,"Thermal Interface Products Sil-Pad, Elastomeric Material, 12""x12"" Sheet, 0.016"" Thickness, 1 Side Adhesive",,,,,2435.23
GPVOS-0.160-AC-0816,Bergquist Company,Thermal Interface Products,"Thermal Interface Products GAP PAD, 8""x16"" Sheet, 0.160"" Thickness, 1 Side Adhesive, TGP800VOS/VO Soft",,,,,4452.5
GF2000-00-15-50CC,Bergquist Company,Thermal Interface Products,"Thermal Interface Products Gap Filler, 2-Part, No Spacer Beads, Pot Life=15m, 50cc, Gap Filler TGF2000/2000",,,,,1118.98
BP660P-0.008-00-1212,Bergquist Company,Thermal Interface Products,"Thermal Interface Products Conductive, Film Reinforced, Adhesive Tape, 12x12"" Sheet, 0.008"" Thickness",,,12 mm,12 mm,837.85
26532722N,Crouzet,Thermal Interface Products,"Thermal Interface Products SSR Accessory, Thermal Pad, Sticker",,,,,29.25
GF4000-00-240-1200CC,Bergquist Company,Thermal Interface Products,"Thermal Interface Products Conductive, Liquid Gap Filler, 1200CC Kit, Gap Filler TGF 4000/4000, IDH 2193410",,,,,41096.58
A17633-07,Laird Technologies,Thermal Interface Products,Thermal Interface Products Tflex HD370 9x9,,,9 mm,9 mm,1243.13
SPK6-0.006-00-11.512,Bergquist Company,Thermal Interface Products,"Thermal Interface Products SIL PAD, Kapton-Based, 11.5""x12"" Sheet, 0.006"" Thickness",,,,,1453.73
EAPUS SARCON GR-HM 10.8X10.8X0.5MM,ADLINK Technology,Thermal Interface Products,"Thermal Interface Products Pad,Type=GR-Hm,Size=10.8x10.8x0.5mm,K=6W/mK,Color=Reddish Gray",6 W/m-K,0.5 mm,10.8 mm,10.8 mm,92.5
GPVOUS-0.200-AC (5504924DDW REV 1),Bergquist Company,Thermal Interface Products,"Thermal Interface Products GAP PAD, 0.200"" Thickness, 1 Side Adhesive, TGP1000VOUS/VO Ultra Soft",,,,,195.98
TGP7000ULM-0.080-02-0808,Bergquist Company,Thermal Interface Products,"Thermal Interface Products GAP PAD, 7W/m-K, 8"" x 8"" Sheet, 0.080"" Thickness, TGP7000ULM, IDH 2474885",7 W/m-K,,,,6103.18
GPVO-0.060-AC-0816,Bergquist Company,Thermal Interface Products,"Thermal Interface Products GAP PAD, 8""x16"" Sheet, 0.060"" Thickness, 1 Side Adhesive, TGP800VO/VO",,,,,1688.7
TGH-TP1,Ohmite,Thermal Interface Products,Thermal Interface Products SOT-227 THERMAL PAD,,,,,163.15
A15754-10,Laird Technologies,Thermal Interface Products,"Thermal Interface Products Tflex SF8100 9.0x9.0IN,",,,9.0 mm,9.0 mm,9686.95
GF4500CVO-00-240-50CC,Bergquist Company,Thermal Interface Products,"Thermal Interface Products Liquid Gap-Filling Material, 2-Part, 4.5W/m-K, 50ml Cartridge, TGF4500CVO",4.5 W/m-K,,,,1121.9
A18238-02,Laird Technologies,Thermal Interface Products,"Thermal Interface Products TFLEX SF10DF,0.50 229X229MM",,229 mm,229 mm,229 mm,2148.25
A17634-07,Laird Technologies,Thermal Interface Products,Thermal Interface Products Tflex HD370 DC1 9.00x9.00 in,,,9.00 mm,9.00 mm,1430.65
GPVOS-0.160-01-0816,Bergquist Company,Thermal Interface Products,"Thermal Interface Products GAP PAD, 8""x16"" Sheet, 0.160"" Thickness, GAP PAD TGP 800VOS/VO Soft, IDH 2165898",,,,,3879.2
A15330-03,Laird Technologies,Thermal Interface Products,"Thermal Interface Products Tflex 3100 DC1 9x9"" 1.2W/mK",1.2 W/m-K,,9 mm,9 mm,1150.18
402150403020,Wurth Elektronik,Thermal Interface Products,Thermal Interface Products WE-PCM Rect Phs Mtrl 400mm x 300mm x .2mm,,400 mm,,,2998.78
GF1500-10-60-50CC,Bergquist Company,Thermal Interface Products,"Thermal Interface Products Liquid Gap Filler, 50CC Dual Cartridge, Gap Filler TGF 1500/1500, IDH 2167352",,,,,1241.83
SP2000-0.015-AC-54,Bergquist Company,Thermal Interface Products,"Thermal Interface Products SIL PAD, 0.75 Inch x 0.5 Inch, 0.015"" Thickness, 1 Side Adhesive, TSP3500/2000",,,,,53.3
SF100S-204005,Same Sky,Thermal Interface Products,"Thermal Interface Products Thermal interface material, SF100S, silicone- based, 20x40x0.5 mm",,0.5 mm,20 mm,40 mm,208.98
GP1450-0.060-01-0816,Bergquist Company,Thermal Interface Products,"Thermal Interface Products GAP PAD, Reworkable, 8""x16"" Sheet, 0.060"" Thickness, TGP1350/1450",,,,,1680.25
GPVO-0.020-AC-0816,Bergquist Company,Thermal Interface Products,"Thermal Interface Products GAP PAD, 8""x16"" Sheet, 0.020"" Thickness, 1 Side Adhesive, IDH 2165785",,,,,784.23
GPVOS-0.020-AC-0816,Bergquist Company,Thermal Interface Products,"Thermal Interface Products GAP PAD, 8""x16"" Sheet, 0.020"" Thickness, 1 Side Adhesive, TGP800VOS/VO Soft",,,,,1249.63
188923F00000G,Aavid,Thermal Interface Products,"Thermal Interface Products In-Sil-8 Pad for TO-3, Grey, 0.009 Inch Thickness, 1.593 x 1.1 Inch",,,1.593 mm,1.1 mm,19.83
GPHC3.0-0.030-02-0816,Bergquist Company,Thermal Interface Products,"Thermal Interface Products GAP PAD, 8"" x 16"" Sheet, 0.030"" Thickness, TGPHC3000/HC 3.0, IDH 2194753",,,,,1817.73
GP1000SF-0.020-02-54,Bergquist Company,Thermal Interface Products,"Thermal Interface Products GAP PAD, Conductive, Silicone-Free Gap Filling Material, TGP1100SF/1000SF Series",,,,,12.03
A15334-01,Laird Technologies,Thermal Interface Products,"Thermal Interface Products Tflex 3140 9x9"" 1.2W/mK",1.2 W/m-K,,9 mm,9 mm,1304.23
A15325-01,Laird Technologies,Thermal Interface Products,"Thermal Interface Products Tflex 350 9"" x 9""",,,,,516.43
GF2000-00-60-50cc,Bergquist Company,Thermal Interface Products,"Thermal Interface Products Gap Filler, 2-Part, No Spacer Beads, Pot Life=60m, 50cc, Gap Filler TGF2000/2000",,,,,988.33
A15329-03,Laird Technologies,Thermal Interface Products,"Thermal Interface Products Tflex 390 DC1 9"" x 9""",,,,,1038.38
GPVOUS-0.125-AC-11X18,Bergquist Company,Thermal Interface Products,"Thermal Interface Products GAP PAD, 11""x18"" Sheet, 0.125"" Thickness, 1 Side Adhesive",,,,,5742.1
GPVOS-0.200-01-0816,Bergquist Company,Thermal Interface Products,"Thermal Interface Products GAP PAD, 8""x16"" Sheet, 0.200"" Thickness, GAP PAD TGP 800VOS/VO Soft, IDH 2166565",,,,,3718.65
GPVOS-0.020-01-0816,Bergquist Company,Thermal Interface Products,"Thermal Interface Products GAP PAD, 8""x16"" Sheet, 0.020"" Thickness, GAP PAD TGP 800VOS/VO Soft, IDH 2165894",,,,,832.0
GPVO-0.080-01-0816,Bergquist Company,Thermal Interface Products,"Thermal Interface Products GAP PAD, 8"" x 16"" Sheet, 0.080"" Thickness, GAP PAD TGP 800VO/VO, IDH 2165843",,,,,2013.7
GP1000SF-0.080-02-0816,Bergquist Company,Thermal Interface Products,"Thermal Interface Products GAP PAD, Conductive, Sil-Free, 8""x16"" Sheet, 0.080"" Thickness, TGP1100SF/1000SF",,,,,4666.35
GP1000SF-0.015-02-0816,Bergquist Company,Thermal Interface Products,"Thermal Interface Products GAP PAD, Conductive, Sil-Free, 8""x16"" Sheet, 0.015"" Thickness, TGP1100SF/1000SF",,,,,2194.73
A17916-17,Laird Technologies,Thermal Interface Products,Thermal Interface Products Tflex B2170 9x9IN,,,9 mm,9 mm,1012.38
SP900S-0.009-AC-131,Bergquist Company,Thermal Interface Products,"Thermal Interface Products SIL PAD, Low-Pressure, 0.009"" Thickness, 1 Side Adhesive, TSP1600S/900S",,,,,15.6
GPVOUS-0.100-AC-0816,Bergquist Company,Thermal Interface Products,"Thermal Interface Products GAP PAD, 8""x16"" Sheet, 0.010"" Thickness, 1 Side Adhesive, VO Ultra Soft",,,,,2030.93
GP3500ULM-G-0.080-12-0816,Bergquist Company,Thermal Interface Products,"Thermal Interface Products GAP PAD, Ultra-Low Modulus, 8""x16"" Sheet, 0.080"" Thickness, 2 Side Tack",,,,,6065.48
GPA3000-0.080-01-0816,Bergquist Company,Thermal Interface Products,"Thermal Interface Products GAP PAD, Conductive, Reinforced, 8""x16"" Sheet, 0.080"" Thickness, 1 Side Tack",,,,,7377.83
GP1500S30-0.250-02-0816,Bergquist Company,Thermal Interface Products,"Thermal Interface Products GAP PAD, S-Class, 8""x16"" Sheet, 0.250"" Thickness, 2 Side Tack, TGP1300/1500S30",,,,,8444.48
PL-1-5-1016-H,Wakefield Thermal,Thermal Interface Products,"Thermal Interface Products ulTIMiFlux Gap Pad, Silicone, 1mm Thickness, 5 W/m-K, 101.6x101.6mm, Hyper Soft",5 W/m-K,1 mm,101.6 mm,101.6 mm,882.38
GP1500-0.160-02-0816,Bergquist Company,Thermal Interface Products,"Thermal Interface Products GAP PAD, Conductive, Unreinforced, 8""x16"" Sheet, 0.160"" Thickness, TGP1500/1500",,,,,3911.7
A15331-01,Laird Technologies,Thermal Interface Products,"Thermal Interface Products Tflex 3110 9x9"" 1.2W/mK",1.2 W/m-K,,9 mm,9 mm,1040.0
GPVOS-0.060-AC-0816,Bergquist Company,Thermal Interface Products,"Thermal Interface Products GAP PAD, 8""x16"" Sheet, 0.060"" Thickness, 1 Side Adhesive, TGP800VOS/VO Soft",,,,,2192.45
GPVOS-0.080-AC-0816,Bergquist Company,Thermal Interface Products,"Thermal Interface Products GAP PAD, 8""x16"" Sheet, 0.080"" Thickness, 1 Side Adhesive, TGP800VOS/VO Soft",,,,,2511.93
GP1500S30-0.060-02-0816,Bergquist Company,Thermal Interface Products,"Thermal Interface Products GAP PAD, S-Class, 8""x16"" Sheet, 0.060"" Thickness, 2 Side Tack, TGP1300/1500S30",,,,,2238.28
GP1500S30-0.080-02-0816,Bergquist Company,Thermal Interface Products,"Thermal Interface Products GAP PAD, S-Class, 8""x16"" Sheet, 0.080"" Thickness, 2 Side Tack, TGP1300/1500S30",,,,,2048.15
A12632-04,Laird Technologies,Thermal Interface Products,"Thermal Interface Products Tflex 6180 9x9"" 3.0W/mK gap filler",3.0 W/m-K,,9 mm,9 mm,8993.73
GPA3000-0.015-01-0816,Bergquist Company,Thermal Interface Products,"Thermal Interface Products GAP PAD, Conductive, Reinforced, 8""x16"" Sheet, 0.015"" Thickness, 1 Side Tack",,,,,3744.65
GPA3000-0.040-01-0816,Bergquist Company,Thermal Interface Products,"Thermal Interface Products GAP PAD, Conductive, Reinforced, 8""x16"" Sheet, 0.040"" Thickness, 1 Side Tack",,,,,4587.38
GP2200SF-0.015-02-0816,Bergquist Company,Thermal Interface Products,"Thermal Interface Products GAP PAD, S-Class, 8""x16"" Sheet, 0.015"" Thickness, GAP PAD TGP2200SF/2200SF",,,,,2259.73
A12627-01,Laird Technologies,Thermal Interface Products,"Thermal Interface Products Tflex 6130 9x9"" 3.0W/mK gap filler",3.0 W/m-K,,9 mm,9 mm,6543.23
SP900S-0.009-AC-62,Bergquist Company,Thermal Interface Products,"Thermal Interface Products SIL PAD, Low-Pressure, 0.009"" Thickness, 1 Side Adhesive, TSP1600S/900S",,,,,36.4
COH-4065LVC t1.0,Taica,Thermal Interface Products,"Thermal Interface Products Gap Pad, 6.5 W/mK, Square, 400x400mm, 1mm Thick, Both Sides Tacky, Alpha Gel",6.5 W/m-K,400 mm,400 mm,400 mm,7184.13
SPK10-0.006-AC-61,Bergquist Company,Thermal Interface Products,"Thermal Interface Products SIL PAD, 0.006"" Thickness, 1 Side Adhesive, 19.05x10.41mm, TSPK1300/K-10",,10.41 mm,19.05 mm,10.41 mm,38.68
GP1000HD-0.020-01-0816,Bergquist Company,Thermal Interface Products,"Thermal Interface Products GAP PAD, Highly Durable, 8""x16"" Sheet, 0.020"" Thickness, TGP1000HD/1000HD",,,,,1657.18
COH-4065LVC-200-10,Taica,Thermal Interface Products,"Thermal Interface Products Gap Pad, 6.5 W/mK, Square, 200x200mm, 1mm Thick, Both Sides Tacky, Alpha Gel",6.5 W/m-K,200 mm,200 mm,200 mm,1214.85
WTI15S0F0-12.0x12.0,Wakefield Thermal,Thermal Interface Products,"Thermal Interface Products Thermal Insulator Pad, 0.015"" Thickness, Square, 12x12"" Sheet, White",,,12 mm,12 mm,8856.25
SP900S-0.009-00-25,Bergquist Company,Thermal Interface Products,"Thermal Interface Products SIL PAD, Low-Pressure, 0.009"" Thickness, 25.4x6.6mm, TSP1600S/900S, IDH 2214788",,6.6 mm,25.4 mm,6.6 mm,33.15
BP100-0.011-00-1112,Bergquist Company,Thermal Interface Products,"Thermal Interface Products Adhesive Tape, 11""x12"" Sheet, 0.011"" Thickness, Bond-Ply TBP850/100, IDH 2190076",,,,,1097.53
A17915-09,Laird Technologies,Thermal Interface Products,Thermal Interface Products Tflex B290 18x18IN,,,18 mm,18 mm,1992.9
GP2500S20-0.015-02-0816,Bergquist Company,Thermal Interface Products,"Thermal Interface Products GAP PAD, S-Class, 8""x16"" Sheet, 0.015"" Thickness, GAP PAD TGP2400/2500S20",,,,,2169.05
SPK10-0.006-00-52,Bergquist Company,Thermal Interface Products,"Thermal Interface Products Polyimide-Based Insulator, 0.010"" Thickness, Sil-Pad TSPK1300/K-10, IDH 2167644",,,,,51.35
GPA2000-0.010-02-0816,Bergquist Company,Thermal Interface Products,"Thermal Interface Products GAP PAD, High Performance, 8""x16"" Sheet, 0.010"" Thickness, TGPA2000/A2000",,,,,1839.83
GF1100SF-00-15-50CC,Bergquist Company,Thermal Interface Products,"Thermal Interface Products Gap Filler, Conductive, Sil-Free, 50CC Dual Cartridge, TGF1100SF/1100SF",,,,,1596.73
SPK4-0.006-AC-124,Bergquist Company,Thermal Interface Products,"Thermal Interface Products Insulator, 0.006"" Thickness, 1 Side Adhesive, SIL PAD TSPK900/K-4, BG91079",,,,,31.2
189790F00000G,Aavid,Thermal Interface Products,"Thermal Interface Products In-Sil-8 Pad for TO-3, TO-220, TO-218, Rust, 0.009 Inch Thickness",,,,,38.68
188854F00000G,Aavid,Thermal Interface Products,"Thermal Interface Products In-Sil-8 Pad for TO220/218/247, Grey, 0.007""Thick, 0.75x0.50"", 0.147""Hole Dia.",,,0.75 mm,0.50 mm,9.1
SoftFlex-B016-20-01-0762-0762,Aavid,Thermal Interface Products,"Thermal Interface Products SoftFlex Pad, 1.6 W/mK Conductivity, 2mm Thick, 1-Side Adhesive, 76.2x76.2mm",1.6 W/m-K,2 mm,76.2 mm,76.2 mm,248.63
TGF60-07870787-039,LeaderTech,Thermal Interface Products,Thermal Interface Products 6W/m-K 200*200*1 TGF60 Gray,6 W/m-K,,200 mm,200 mm,7270.9
1009-58,Bergquist Company,Thermal Interface Products,"Thermal Interface Products Sil-Pad, 0.009"" Thickness, Sil-Pad TSP 1200 Series / Sil-Pad 1000 Series",,,,,16.9
GF3500S35-07-60-400CC,Bergquist Company,Thermal Interface Products,"Thermal Interface Products Liquid Gap Filler, 200CC Dual Cartridge, TGF 3600/3500S35, IDH 2190466",,,,,14638.65
TGF30SF-07870787-039,LeaderTech,Thermal Interface Products,Thermal Interface Products 3W/m-K 200*200*1 TGF30SF White Gray,3 W/m-K,,200 mm,200 mm,2390.38
GF3500S35-00-60-200CC,Bergquist Company,Thermal Interface Products,"Thermal Interface Products Liquid Gap Filler, 400CC Kit, Gap Filler TGF 3600/3500S35, IDH 2167260",,,,,7510.75
FP120,ebm-papst,Fan Accessories,"Fan Accessories Fan Filter Pad, 119x119mm, for use with PMFA120, Sold Per Each",,119 mm,119 mm,119 mm,151.78
FP60L,ebm-papst,Fan Accessories,"Fan Accessories Fan Filter Pad, 60x60mm, for use with PMFA60, Sold Per Each",,60 mm,60 mm,60 mm,131.95
TGF30-07870787-020,LeaderTech,Thermal Interface Products,Thermal Interface Products 3W/m-K 200*200*0.5 TGF30 Sky Blue,3 W/m-K,,200 mm,200 mm,864.5
GF1000-05-15-50CC,Bergquist Company,Thermal Interface Products,"Thermal Interface Products Gap Filler, Pot Life=15m, 50CC Dual Cartridge, Gap Filler TGF1000/1000",,,,,1905.48
2015AC-52,Bergquist Company,Thermal Interface Products,"Thermal Interface Products High Performance/Reliability Insulator, Sil-Pad TSP 3500/2000, IDH 2192469",,,,,52.33
A14426-01,Laird Technologies,Thermal Interface Products,"Thermal Interface Products Tflex 6180 DC1 9x9"" 3.0W/mK gap filler",3.0 W/m-K,,9 mm,9 mm,8880.63
34636,Vicor,Thermal Interface Products,Thermal Interface Products PKG INTER PADS 'A',,,,,1761.5
SP400-0.009-00-53,Bergquist Company,Thermal Interface Products,"Thermal Interface Products The Original Sil-Pad Material, 0.009"" Thickness, Sil-Pad TSP 900/Sil-Pad 400",,,,,18.53
GF2000-00-600-50CC,Bergquist Company,Thermal Interface Products,"Thermal Interface Products Liquid Gap Filler, 50CC Dual Cartridge, Gap Filler TGF 2000/2000, IDH 2166655",,,,,1148.88
GF1500-00-60-200CC,Bergquist Company,Thermal Interface Products,"Thermal Interface Products Liquid Gap Filler, 200CC Dual Cartridge, Gap Filler TGF 1500/1500, IDH 2167589",,,,,3336.45
7717-19NG,Aavid,Heat Sinks,"Heat Sinks Semiconductor Mounting Pad for IC, Nylon, 8 Leads, 12.70mm OD, 6.99mm Thickness",,12.70 mm,,,22.43
A18053-06,Laird Technologies,Thermal Interface Products,Thermal Interface Products TFLEX 360TG,,,,,727.68
QSRZ-G2L0,Ka-Ro electronics,Computer-On-Modules - COM,Computer-On-Modules - COM QFN type lead style has a 1mm pitch with 100 pads. The ground pad additionally acts as thermal pad.,,1 mm,,,3095.3
GF1500-07-60-50CC,Bergquist Company,Thermal Interface Products,"Thermal Interface Products Liquid Gap Filler, 50CC Dual Cartridge, Gap Filler TGF 1500/1500, IDH 2167235",,,,,1521.33
PP1000-0.009-AC-1212,Bergquist Company,Thermal Interface Products,"Thermal Interface Products Sil-Pad, 12""x12"" Sheet, 0.009"" Thickness, 1 Side Adhesive",,,,,3609.45
PLK-129345,Wakefield Thermal,Thermal Interface Products,Thermal Interface Products ulTIMiFlux Gap Pad Evalution Kit,,,,,9671.68
SP900S-0.009-00-122,Bergquist Company,Thermal Interface Products,"Thermal Interface Products SIL PAD, Low-Pressure, 0.009"" Thickness, TSP1600S/900S, BG404720, IDH 2189078",,,,,22.75
A17669-008,Laird Technologies,Thermal Interface Products,Thermal Interface Products Tflex UT20200 18 x 18,,,18 mm,18 mm,2028.65
56-02-101G,Aavid,Thermal Interface Products,"Thermal Interface Products Mica Insulator for TO-218, TO-18, TO-247, TO3P",,,,,15.28
SPA2000-0.015-00-97,Bergquist Company,Thermal Interface Products,"Thermal Interface Products Insulator, 0.015"" Thickness, No Adhesive, 0.805x0.890"", Sil-Pad TSPA3000/A2000",,,0.805 mm,0.890 mm,515.45
BPLMSHD-0.010-00-1212,Bergquist Company,Thermal Interface Products,"Thermal Interface Products Laminate Material - Silicone, High Durability, 12""x12"" Sheet, 0.010"" Thickness",,,,,1505.08
A18053-04,Laird Technologies,Thermal Interface Products,Thermal Interface Products TFLEX 340TG,,,,,591.83
2192610,Bergquist Company,Thermal Interface Products,"Thermal Interface Products Original Sil-Pad, 0.009"" Thickness, Sil-Pad TSP 1200/Also Known as Sil-Pad 1000",,,,,18.2
PP1000-0.009-AC-104,Bergquist Company,Thermal Interface Products,"Thermal Interface Products Insulator, 0.009"" Thickness, 1 Side Adhesive, Sil-Pad TSPPP1200/Poly-Pad 1000",,,,,33.8
PP1000-0.009-00-1212,Bergquist Company,Thermal Interface Products,"Thermal Interface Products Insulator, 12""x12"" Sheet, 0.009"" Thickness, Sil-Pad TSPPP1200/Poly-Pad 1000",,,,,3218.48
T11-62-3.00A-03-31,Sensata Technologies,Circuit Breakers,Circuit Breakers,,,,,538.85
56-03-8G,Aavid,Thermal Interface Products,"Thermal Interface Products Mica Insulator for TO-3, Rhombus, 42.85x30.15x 0.051mm",,0.051 mm,42.85 mm,30.15 mm,20.15
T11-2-10.0A-01-11AL,AIRPAX,Circuit Breakers,"Circuit Breakers Cir Brkr, HydMag, 2 pl, 250VAC,14A, rocker hndl",,,,,575.9
SP400-0.007-00-88,Bergquist Company,Thermal Interface Products,"Thermal Interface Products The Original Sil-Pad Material, 0.007"" Thickness, Sil-Pad TSP 900/Sil-Pad 400",,,,,50.05
PL-05-5-1016-H,Wakefield Thermal,Thermal Interface Products,"Thermal Interface Products ulTIMiFlux Gap Pad, Silicone, 0.5mm Thick, 5 W/m-K, 101.6x101.6mm, Hyper Soft",5 W/m-K,0.5 mm,101.6 mm,101.6 mm,436.48
PL-1-1-1016,Wakefield Thermal,Thermal Interface Products,"Thermal Interface Products ulTIMiFlux Gap Pad, Silicone, 1mm Thickness, 1 W/m-K, 101.6x101.6mm, Grey",1 W/m-K,1 mm,101.6 mm,101.6 mm,224.9
SPK10-0.006-00-51,Bergquist Company,Thermal Interface Products,"Thermal Interface Products Insulator, 0.006"" Thickness, 17.45x14.27mm, SIL PAD TSPK1300/K-10, IDH 2192507",,14.27 mm,17.45 mm,14.27 mm,23.4
TEN-HS6,TRACO Power,Heat Sinks,"Heat Sinks heatsink, therml pad 2 clamps for TEN",,,,,126.1
PL-05-3-1016-H,Wakefield Thermal,Thermal Interface Products,"Thermal Interface Products ulTIMiFlux Gap Pad, Silicone, 0.5mm Thick, 3 W/m-K, 101.6x101.6mm, Hyper Soft",3 W/m-K,0.5 mm,101.6 mm,101.6 mm,351.98
PL-1-6-76X127-60,Wakefield Thermal,Thermal Interface Products,"Thermal Interface Products ulTIMiFlux Gap Pad, Silicone, 1mm Thickness, 6 W/mK, 76.2x127mm, Grey",6 W/m-K,1 mm,76.2 mm,127 mm,787.8
7717-175DAPG,Aavid,Heat Sinks,"Heat Sinks Semi Mounting Pad for Crystal Can Relays, Rectangular, DAP, 20.32x10.16x1.28mm",,1.28 mm,20.32 mm,10.16 mm,37.05
TGF20-07870787-039,LeaderTech,Thermal Interface Products,Thermal Interface Products 2W/m-K 200*200*1 TGF20 Light Blue,2 W/m-K,,200 mm,200 mm,2390.38
7717-8NG,Aavid,Heat Sinks,"Heat Sinks Semiconductor Mounting Pad for IC, 8 Leads, 1.91mm Thickness",,1.91 mm,,,52.0
A18145-03,Laird Technologies,Thermal Interface Products,Thermal Interface Products TFLEX RB330 9X9IN,,,9 mm,9 mm,625.95
WTI20S0F0-12.0x12.0,Wakefield Thermal,Thermal Interface Products,"Thermal Interface Products Thermal Insulator Pad, 0.020"" Thickness, Square, 12x12"" Sheet, White",,,12 mm,12 mm,9952.15
WTI10S0F0-12.0x12.0,Wakefield Thermal,Thermal Interface Products,"Thermal Interface Products Thermal Insulator Pad, 0.010"" Thickness, Square, 12x12"" Sheet, White",,,12 mm,12 mm,7800.0
WTI10S0F1-12.0x12.0,Wakefield Thermal,Thermal Interface Products,"Thermal Interface Products Thermal Insulator Pad, 0.010"" Thickness, Square, 12x12"" Sheet, 1 Side Adhesive",,,12 mm,12 mm,8392.8
53-03-2G,Aavid,Thermal Interface Products,"Thermal Interface Products Thermalsil III Insulator for TO-3, 42.04x27mm, 3.96mm Hole Diameter",,27 mm,42.04 mm,27 mm,58.83
53-77-4G,Aavid,Thermal Interface Products,"Thermal Interface Products Thermalsil III Pad for TO-220, Grey/Green, 19.05x12.70x 0.152mm, Silicone Rubber",,0.152 mm,19.05 mm,12.70 mm,22.1
563696,Bergquist Company,Thermal Interface Products,"Thermal Interface Products Electrically Isolating Phase Change Thermal Interface Material, EIF 1000KA",,,,,25.35
WTI15S0F1-12.0x12.0,Wakefield Thermal,Thermal Interface Products,"Thermal Interface Products Thermal Insulator Pad, 0.015"" Thickness, Square, 12x12"" Sheet, 1 Side Adhesive",,,12 mm,12 mm,8920.28
TAP-TP1,Ohmite,Thermal Interface Products,Thermal Interface Products GRAPHITE THERMAL PAD,,,,,676.65
7717-18NG,Aavid,Heat Sinks,"Heat Sinks Semi Mounting Pad for TO-18, Nylon, 4 Leads, 5.72mm OD, 2.54mm Thickness",,5.72 mm,,,26.33
189854F00000G,Aavid,Thermal Interface Products,"Thermal Interface Products In-Sil-8 Pad for TO220/218/247, Grey, 0.007""Thick, 0.75x0.50"", 0.147""Hole Dia.",,,0.75 mm,0.50 mm,17.23
WTI20S0F1-12.0x12.0,Wakefield Thermal,Thermal Interface Products,"Thermal Interface Products Thermal Insulator Pad, 0.020"" Thickness, Square, 12x12"" Sheet, 1 Side Adhesive",,,12 mm,12 mm,10687.95
PL-2-3-1016-H,Wakefield Thermal,Thermal Interface Products,"Thermal Interface Products ulTIMiFlux Gap Pad, Silicone, 2mm Thickness, 3 W/m-K, 101.6x101.6mm, Hyper Soft",3 W/m-K,2 mm,101.6 mm,101.6 mm,572.65
TGF600M,LeaderTech,Thermal Interface Products,Thermal Interface Products 6W/m-K 200*300*1mm TGF600M Brown,6 W/m-K,1 mm,200 mm,300 mm,6648.85
A10097-02,Laird Technologies,Thermal Interface Products,"Thermal Interface Products Tpli 250,A1 8"" x 8""",,,,,4752.48
T11-0-1.00A-01-11AL-V,AIRPAX,Circuit Breakers,"Circuit Breakers Cir Brkr,HydMag",,,,,575.9
56-77-10G,Aavid,Thermal Interface Products,"Thermal Interface Products Mica Insulator for TO-220, 21.89mm",,21.89 mm,,,40.95
EYG-R0606ZLSL,Panasonic,Thermal Interface Products,Thermal Interface Products 61.5 mmx58 mmx0.25 mm250 W/m-K - 55 C+ 400 C,250 W/m-K,61.5 mm,,,281.45
EYG-R0309ZLMF,Panasonic,Thermal Interface Products,Thermal Interface Products 92 mmx32 mmx0.25 mm250 W/m-K - 55 C+ 400 C,250 W/m-K,92 mm,,,263.25
URETHANE-PAD-40X60X30,IDEC,Thermal Interface Products,Thermal Interface Products Urethane pad,,,,,12.03
110G,Aavid,Thermal Interface Products,"Thermal Interface Products Teflon-Filled Bushings, TO3, 5.03/5.21mm ID, 6.81/6.98mm OD, 1.57/1.40mm Thick",,5.21 mm,,,67.28
A18906-16,Laird Technologies,Thermal Interface Products,Thermal Interface Products Thickness 4mm 457x457mm Grey,,4 mm,457 mm,457 mm,70988.78
T26-2-7.00A-01-11A-V,AIRPAX,Circuit Breakers,Circuit Breakers Cir Brkr Hyd Mag,,,,,1811.23
EYG-R0715ZLSD,Panasonic,Thermal Interface Products,Thermal Interface Products 153 mmx67 mmx0.25 mm250 W/m-K - 55 C+ 400 C,250 W/m-K,153 mm,,,553.15
T11-1-7.00A-01-31B-V,AIRPAX,Circuit Breakers,Circuit Breakers Cir Brkr Hyd Mag,,,,,556.4
T21-62-15.0A-01-31AL-V,AIRPAX,Circuit Breakers,Circuit Breakers Cir Brkr Hyd Mag,,,,,1319.18
EYG-R0925ZLWA,Panasonic,Thermal Interface Products,Thermal Interface Products 246 mmx85 mmx0.25 mm250 W/m-K - 55 C+ 400 C,250 W/m-K,246 mm,,,1567.48
173-9-240P,Wakefield Thermal,Thermal Interface Products,"Thermal Interface Products DeltaPads Thermally Conductive Insulators for TO-220, 0.009"", Grey, No Adhesive",,,,,28.28
EYG-R1018ZLSA,Panasonic,Thermal Interface Products,Thermal Interface Products 182.5 mmx104.5 mmx0.25 mm250 W/m-K - 55 C+ 400 C,250 W/m-K,182.5 mm,,,977.6
EYG-R1316ZLAC,Panasonic,Thermal Interface Products,Thermal Interface Products 163 mmx125 mmx0.25 mm250 W/m-K - 55 C+ 400 C,250 W/m-K,163 mm,,,1601.6
A18770-13,Laird Technologies,Thermal Interface Products,Thermal Interface Products,,,,,157018.55
A18770-06,Laird Technologies,Thermal Interface Products,Thermal Interface Products,,,,,19942.33
53-77-2G,Aavid,Thermal Interface Products,"Thermal Interface Products Thermalsil III Pad for TO-220, Grey/Green, 17.50x14.27x 0.152mm, Silicone Rubber",,0.152 mm,17.50 mm,14.27 mm,31.53
A18770-20,Laird Technologies,Thermal Interface Products,Thermal Interface Products,,,,,163509.13
T21-1-3.00A-01-11AL,AIRPAX,Circuit Breakers,Circuit Breakers Cir Brkr Hyd Mag,,,,,1319.18
WTC5S1F0-1.00x1.00,Wakefield Thermal,Thermal Interface Products,"Thermal Interface Products Thermal Conductor Pad, 0.005"" Thickness, Square, 25.4x25.4mm, Black",,25.4 mm,25.4 mm,25.4 mm,78.0
GL-20-10,Wakefield Thermal,Thermal Interface Products,"Thermal Interface Products ulTIMiFlux Gel, 10cc Syringe, Pink, 20g/m Flow Rate, 0.004"", 3.5w/mK",3.5 W/m-K,,,,1770.6
T11-2-30.0A-01-20,AIRPAX,Circuit Breakers,Circuit Breakers Cir Brkr Hyd Mag,,,,,672.1
WTC5R1F0-0.69x0.56,Wakefield Thermal,Thermal Interface Products,"Thermal Interface Products Thermal Conductor Pad, 0.005"" Thickness, Rectangle, 17.45x14.27mm, Black",,14.27 mm,17.45 mm,14.27 mm,54.93
WTC5R0F0-2.50x2.00,Wakefield Thermal,Thermal Interface Products,"Thermal Interface Products Thermal Conductor Pad, 0.005"" Thickness, Rectangle, 63.5x50.8mm, Black",,50.8 mm,63.5 mm,50.8 mm,74.43
TGF10-07870787-059,LeaderTech,Thermal Interface Products,Thermal Interface Products Thermal Gap Filler White Grey 1.0W/m-K,1.0 W/m-K,,,,2517.78
WTC6R1A0-0.75x0.50,Wakefield Thermal,Thermal Interface Products,"Thermal Interface Products Thermal Conductor Pad, 0.006"" Thickness, Rectangle, 19.05x12.7mm, Black",,12.7 mm,19.05 mm,12.7 mm,34.13
GL-08-10,Wakefield Thermal,Thermal Interface Products,"Thermal Interface Products ulTIMiFlux Gel, 10cc Syringe, Yellow, 8g/m Flow Rate, 0.015"", 2.4w/mK",2.4 W/m-K,,,,2231.78
PL-05-3-254,Wakefield Thermal,Thermal Interface Products,"Thermal Interface Products ulTIMiFlux Gap Pad, Silicone, 0.5mm Thickness, 3 W/m-K, 25.4x25.4mm, Green",3 W/m-K,0.5 mm,25.4 mm,25.4 mm,94.25
PL-05-3-254-H,Wakefield Thermal,Thermal Interface Products,"Thermal Interface Products ulTIMiFlux Gap Pad, Silicone, 0.5mm Thickness, 3 W/m-K, 25.4x25.4mm, Hyper Soft",3 W/m-K,0.5 mm,25.4 mm,25.4 mm,98.48
PL-2-3-254,Wakefield Thermal,Thermal Interface Products,"Thermal Interface Products ulTIMiFlux Gap Pad, Silicone, 2mm Thickness, 3 W/m-K, 25.4x25.4mm, Green",3 W/m-K,2 mm,25.4 mm,25.4 mm,109.85
PL-2-5-254,Wakefield Thermal,Thermal Interface Products,"Thermal Interface Products ulTIMiFlux Gap Pad, Silicone, 2mm Thickness, 5 W/m-K, 25.4x25.4mm, Gold",5 W/m-K,2 mm,25.4 mm,25.4 mm,176.15
TGF20-07870787-020,LeaderTech,Thermal Interface Products,Thermal Interface Products 2W/m-K 200*200*0.5 TGF20 Light Blue,2 W/m-K,,200 mm,200 mm,1405.3
TGF40-07870787-039,LeaderTech,Thermal Interface Products,Thermal Interface Products 4W/m-K 200*200*1 TGF40 Purple,4 W/m-K,,200 mm,200 mm,3343.93
T21-62-2.75A-06-20A-V,AIRPAX,Circuit Breakers,"Circuit Breakers Cir Brkr, HydMag, 1 pl, 32VDC/125VAC, 10A",,,,,1776.78
TGF35-07870787-020,LeaderTech,Thermal Interface Products,Thermal Interface Products 3.5W/m-K 200*200*0.5 TGF35 Green,3.5 W/m-K,,200 mm,200 mm,3344.25
TGF15-07870787-039,LeaderTech,Thermal Interface Products,Thermal Interface Products 1.5W/m-K 200*200*1 TGF15 Pink,1.5 W/m-K,,200 mm,200 mm,3344.25
PL-2-3-254-H,Wakefield Thermal,Thermal Interface Products,"Thermal Interface Products ulTIMiFlux Gap Pad, Silicone, 2mm Thickness, 3 W/m-K, 25.4x25.4mm, Hyper Soft",3 W/m-K,2 mm,25.4 mm,25.4 mm,114.08
PL-2-1-254,Wakefield Thermal,Thermal Interface Products,"Thermal Interface Products ulTIMiFlux Gap Pad, Silicone, 2mm Thickness, 1 W/m-K, 25.4x25.4mm, Grey",1 W/m-K,2 mm,25.4 mm,25.4 mm,102.7
SPK10-0.006-AC-136,Bergquist Company,Thermal Interface Products,"Thermal Interface Products Insulator, 0.006"" Thickness, 1 Side Adhesive, SIL PAD TSPK1300/K-10, K10AC-136",,,,,53.63
TO-218-70,Essentra,Thermal Interface Products,"Thermal Interface Products Tranistor Insulator Pad,Grey",,,,,48.1
T10-S-SW-01-20A,AIRPAX,Circuit Breakers,Circuit Breakers Cir Brkr Hyd Mag,,,,,507.0
7717-86NG,Aavid,Heat Sinks,"Heat Sinks Semiconductor Mounting Pad for TO-5, 3 Leads, 1.91mm Thickness",,1.91 mm,,,21.13
COH-1706-200-10-1NT,Taica,Thermal Interface Products,"Thermal Interface Products Gap Pad, 3.8 W/mK, Square, 200x200mm, 1mm Thick, 1-Side Non-Tacky, Alpha Gel",3.8 W/m-K,200 mm,200 mm,200 mm,496.28
PL-05-5-254-H,Wakefield Thermal,Thermal Interface Products,"Thermal Interface Products ulTIMiFlux Gap Pad, Silicone, 0.5mm Thickness, 5 W/m-K, 25.4x25.4mm, Hyper Soft",5 W/m-K,0.5 mm,25.4 mm,25.4 mm,102.05
127007,Wakefield Thermal,Thermal Interface Products,"Thermal Interface Products Thermal Pad, 33x33mm, 0.003mm Thick",,33 mm,33 mm,33 mm,145.93
TGF30SF-07870787-020,LeaderTech,Thermal Interface Products,Thermal Interface Products 3W/m-K 200*200*0.5 TGF30SF White Gray,3 W/m-K,,200 mm,200 mm,3344.25
PINLED-4830,Wakefield Thermal,LED Heat Sinks & Thermal Substrates,"LED Heat Sinks & Thermal Substrates Heat Sink, Pin LED, 48mm Diameter, 30mm Height",,48 mm,,,427.7
T11-2-5.00A-01-11AL,AIRPAX,Circuit Breakers,Circuit Breakers Cir Brkr Hyd Mag,,,,,575.9
7717-175NG,Aavid,Heat Sinks,"Heat Sinks Semiconductor Mounting Pad for Crystal Can Relays, 1.27mm Thickness",,1.27 mm,,,29.58
7717-79DAPG,Aavid,Heat Sinks,"Heat Sinks Semiconductor Mounting Pad for TO-5, DAP, Diameter 9.02mm",,9.02 mm,,,66.63
COH-4065LVC t3.0,Taica,Thermal Interface Products,"Thermal Interface Products Gap Pad, 6.5 W/mK, Square, 400x400mm, 3mm Thick, Both Sides Tacky, Alpha Gel",6.5 W/m-K,400 mm,400 mm,400 mm,20092.15
WTI9S0F0-12.0x12.0,Wakefield Thermal,Thermal Interface Products,"Thermal Interface Products Thermal Insulator Pad, 0.009"" Thickness, Square, 12x12"" Sheet, Gray",,,12 mm,12 mm,810.23
CD-02-05-C-22,Wakefield Thermal,Thermal Interface Products,"Thermal Interface Products ulTIMiFlux Dielectric Phase Change, Chipset Pad 0.846"" x 0.846"", No Hole",,,,,48.43
CD-02-05-C-26,Wakefield Thermal,Thermal Interface Products,"Thermal Interface Products ulTIMiFlux Dielectric Phase Change, Chipset Pad 1.003"" x 1.003"", No Hole",,,,,57.2
CD-02-05-218,Wakefield Thermal,Thermal Interface Products,"Thermal Interface Products ulTIMiFlux Dielectric Phase Change Thermal Material, TO-218 Pad with Hole",,,,,57.2
5519-0.5,3M Electronic Specialty,Thermal Interface Products,Thermal Interface Products THERM COND INT PAD 0.5MM 155MMX210MM,,0.5 mm,,,1406.6
T11-2-5.00A-01-11A,AIRPAX,Circuit Breakers,"Circuit Breakers Cir Brkr,HydMag",,,,,556.4
CD-02-05-C-18,Wakefield Thermal,Thermal Interface Products,"Thermal Interface Products ulTIMiFlux Dielectric Phase Change, Chipset Pad 0.689"" x 0.689"", No Hole",,,,,47.45
7717-178NG,Aavid,Heat Sinks,"Heat Sinks Semiconductor Mounting Pad for TO-5, 3 Leads, 0.53mm Thickness",,0.53 mm,,,18.53
7717-44NG,Aavid,Heat Sinks,"Heat Sinks Semiconductor Mounting Pad for TO-5, TO-18, Circular, Nylon, 3.18x7.75mm",,7.75 mm,3.18 mm,7.75 mm,45.83
CD-02-05-66,Wakefield Thermal,Thermal Interface Products,"Thermal Interface Products ulTIMiFlux Dielectric Phase Change Thermal Material, TO-66 Pad, 2 Pin",,,,,38.68
TGF50-07870787-059,LeaderTech,Thermal Interface Products,"Thermal Interface Products Thermal gap filler, 5 W/m-K, 7.87""x7.87""x0.059""",5 W/m-K,,,,11063.0
SANP-C1N030,Littelfuse,Relay Sockets & Fixings,"Relay Sockets & Fixings SSR Accessory, Thermal Pad HP CL",,,,,94.25
A18906-12,Laird Technologies,Thermal Interface Products,Thermal Interface Products Thickness 3mm 457x457mm Grey,,3 mm,457 mm,457 mm,54774.2
A18906-10,Laird Technologies,Thermal Interface Products,Thermal Interface Products Thickness 2.50mm 457x457mm Grey,,2.50 mm,457 mm,457 mm,42774.55
A18906-06,Laird Technologies,Thermal Interface Products,Thermal Interface Products Thickness 1.50mm 457x457mm Grey,,1.50 mm,457 mm,457 mm,24449.1
CS-SNICKERDOODLE-09,krtkl,Modules Accessories,"Modules Accessories snickerdoodle cookieJar Enclosure. Machined Aluminum Enclosure for Connectors Up snickerdoodle, Laser Engraved, Blue Anodized. Includes: 4x SS machine screws for panel mounting, conductive / adhesive grounding pad, adhesive thermal pad, 4x adhesive-b",,,,,2210.0
7717-178DAPG,Aavid,Heat Sinks,"Heat Sinks Semiconductor Mounting Pad for TO-5, Circular, DAP, 0.53x8.89mm",,8.89 mm,0.53 mm,8.89 mm,19.83
7717-5DAPG,Aavid,Heat Sinks,"Heat Sinks Semiconductor Mounting Pad for TO-5, Circular, DAP, 3.18x8.89mm",,8.89 mm,3.18 mm,8.89 mm,32.5
COH-1019LVC (1NT) t2.0,Taica,Thermal Interface Products,"Thermal Interface Products Gap Pad, 1.9 W/mK, Square, 400x400mm, 2mm Thick, 1-Side Non-Tacky, Alpha Gel",1.9 W/m-K,400 mm,400 mm,400 mm,4143.75
CD-02-05-025,Wakefield Thermal,Thermal Interface Products,"Thermal Interface Products ulTIMiFlux Dielectric Phase Change Material, 1"" x 1"" Square Pad, 0.003"" Thick",,,,,38.35
CD-02-05-247-2,Wakefield Thermal,Thermal Interface Products,"Thermal Interface Products ulTIMiFlux Dielectric Phase Change Material, Dual Mount TO-247 Pad, 2 Holes",,,,,73.13
43-77-8G,Aavid,Thermal Interface Products,"Thermal Interface Products Thermalfilm for Case 90, Case 199, 18.92x13.84mm, 3.81mm Hole Diameter",,13.84 mm,18.92 mm,13.84 mm,21.78
7717-79NG,Aavid,Heat Sinks,"Heat Sinks Semiconductor Mounting Pad for TO-5, 3 Leads, 0.97mm Thickness",,0.97 mm,,,37.38
7717-3DAPG,Aavid,Heat Sinks,"Heat Sinks Semiconductor Mounting Pad for TO-5, Circular, DAP, 1.9x8.71mm",,8.71 mm,1.9 mm,8.71 mm,22.75
5300AC 1.500G,Aavid,Thermal Interface Products,"Thermal Interface Products Thermalsil III Conductive Silicone Rubber Insulators, 38.1mm W, Adhesive 1-Side",,38.1 mm,,,388.05
A18770-05,Laird Technologies,Thermal Interface Products,Thermal Interface Products,,,,,1178.45
TGP 40000SF-0.100-00-0606,Bergquist Company,Thermal Interface Products,"Thermal Interface Products GAP PAD, Sil-Free, 40W/m-K, 6x6"" Sheet, 0.100"" Thickness, Thermexit, IDH 2964639",40 W/m-K,,6 mm,6 mm,10059.73
WTC6S0A1-12.0x12.0,Wakefield Thermal,Thermal Interface Products,"Thermal Interface Products Thermal Conductor Pad, 0.006"" Thickness, Square, 12x12"" Sheet, 1 Side Adhesive",,,12 mm,12 mm,1176.18
7717-4NG,Aavid,Heat Sinks,"Heat Sinks Semiconductor Mounting Pad for TO-5, 4 Leads, 1.91mm Thickness",,1.91 mm,,,18.2
TGP 40000SF-0.125-00-0606,Bergquist Company,Thermal Interface Products,"Thermal Interface Products GAP PAD, Sil-Free, 40W/m-K, 6x6"" Sheet, 0.125"" Thickness, Thermexit, IDH 2964638",40 W/m-K,,6 mm,6 mm,12061.08
A18770-04,Laird Technologies,Thermal Interface Products,Thermal Interface Products,,,,,7014.8
7717-93DAP,Aavid,Heat Sinks,"Heat Sinks Semiconductor Mounting Pad, DAP",,,,,22.43
WTC5S0F1-12.0x12.0,Wakefield Thermal,Thermal Interface Products,"Thermal Interface Products Thermal Conductor Pad, 0.005"" Thickness, Square, 12x12"" Sheet, 1 Side Adhesive",,,12 mm,12 mm,1053.0
CWD2450H,Crydom,Solid State Relays - SSRs,Solid State Relays - SSRs SOLID STATE RELAY 24-280 VAC,,,,,2434.9
TGP40000SF-0.100-01-0606-NA,Bergquist Company,Thermal Interface Products,"Thermal Interface Products GAP PAD, Sil-Free, 40W/m-K, 6 x 6"" Sheet, Tacky Pad, 0.105"" Thickness, Thermexit",40 W/m-K,,6 mm,6 mm,11065.28
TGP 40000SF-0.060-00-0606,Bergquist Company,Thermal Interface Products,"Thermal Interface Products GAP PAD, Sil-Free, 40W/m-K, 6x6"" Sheet, 0.060"" Thickness, Thermexit, IDH 2972780",40 W/m-K,,6 mm,6 mm,6851.33
43-77-20G,Aavid,Thermal Interface Products,"Thermal Interface Products Thermalfilm for TO-218, TO-220, TO-3P, 23.24x18.8mm, 3.66mm Hole Diameter",,18.8 mm,23.24 mm,18.8 mm,26.0
5591-25,3M Electronic Specialty,Thermal Interface Products,"Thermal Interface Products WX300901310  3M(TM) THERMALLY COND INTERFACE PAD 5591, 210MM X 300MM 2.5MM",,210 mm,,,1095.25
DC400D10H,Crydom,Solid State Relays - SSRs,"Solid State Relays - SSRs SSR Relay, Panel Mount, IP00, 400VDC/10A, 4-32VDC In, FET Output, Thermal Pad",,,,,4460.63
TGF25-07870787-039,LeaderTech,Thermal Interface Products,Thermal Interface Products 2.5W/m-K 200*200*1 TGF25 Yellow,2.5 W/m-K,,200 mm,200 mm,3344.25
5584-05,3M Electronic Specialty,Thermal Interface Products,Thermal Interface Products Silicon Intrfac Pad 210mm x 300mm x0.5mm,,210 mm,,,763.43
5584-20,3M Electronic Specialty,Thermal Interface Products,Thermal Interface Products Silicon Intrfac Pad 210mm x 300mm x2.0mm,,210 mm,,,1353.3
A18770-02,Laird Technologies,Thermal Interface Products,Thermal Interface Products,,,,,4306.9
84134021H,Crydom,Solid State Relays - SSRs,"Solid State Relays - SSRs SSR Relay, Panel Mount, IP00, 280VAC/50A, AC In, Zero Cross, Thermal Pad",,,,,2188.88
20264,Vicor,Thermal Interface Products,Thermal Interface Products Thermal Pads Package of 10 pcs,,,,,1939.6
CWD4890H,Crydom,Solid State Relays - SSRs,Solid State Relays - SSRs SOLID STATE RELAY 48-660 VAC,,,,,4025.13
4040220,Wurth Elektronik,Thermal Interface Products,Thermal Interface Products WE-TINS Thermally Conduc Insulator Pad for TO-220 19.05 x 12.7 x 3.17mm Hole Dia,,3.17 mm,19.05 mm,12.7 mm,28.93
2705074,Bergquist Company,Thermal Interface Products,"Thermal Interface Products GAP PAD, 12 W/m-K, Highly Conformable, Soft, GAP PAD TGP 12000",12 W/m-K,,,,15291.58
TGF35-07870787-039,LeaderTech,Thermal Interface Products,Thermal Interface Products 3.5W/m-K 200*200*1 TGF35 Green,3.5 W/m-K,,200 mm,200 mm,3344.25
7717-86DAPG,Aavid,Heat Sinks,"Heat Sinks Semiconductor Mounting Pad for TO-5, Circular, DAP, 1.9x8.71mm",,8.71 mm,1.9 mm,8.71 mm,40.95
7717-22NG,Aavid,Heat Sinks,"Heat Sinks Semiconductor Mounting Pad for TO-5, Nylon, 3 Leads, Diameter 8.71mm",,8.71 mm,,,9.1
84137010H,Crydom,Solid State Relays - SSRs,"Solid State Relays - SSRs SSR Relay, Panel Mount, IP20, 280VAC/25A, DC In, Zero Cross, Thermal Pad",,,,,2423.53
5516-1.0,3M Electronic Specialty,Thermal Interface Products,Thermal Interface Products THERM COND INT PAD 1.0MM 230MMX320MM,,1.0 mm,,,1958.78
A18330-12,Laird Technologies,Thermal Interface Products,Thermal Interface Products 3.00 127x76mm,,76 mm,127 mm,76 mm,4736.88
A18330-06,Laird Technologies,Thermal Interface Products,Thermal Interface Products 1.50 127x76mm,,76 mm,127 mm,76 mm,2461.23
7717-21NG,Aavid,Heat Sinks,"Heat Sinks Semiconductor Mounting Pad for IC, Nylon, 10 Leads, 12.70mm OD, 6.99mm Thickness",,12.70 mm,,,48.43
A18330-04,Laird Technologies,Thermal Interface Products,Thermal Interface Products 1.00 127x76mm,,76 mm,127 mm,76 mm,1441.7
R6HG11050ZA,Bergquist Company,Thermal Interface Products,"Thermal Interface Products GAP PAD, S-Class, TGP5000/5000S35, R6HG11050ZA",,,,,282.1
A17752-02,Laird Technologies,Thermal Interface Products,Thermal Interface Products TFLEX HD90500,,,,,2317.58
A15896-04,Laird Technologies,Thermal Interface Products,"Thermal Interface Products Tflex 740 9x9"" 5.0W/mK gap filler",5.0 W/m-K,,9 mm,9 mm,4201.6
A17170-09,Laird Technologies,Thermal Interface Products,Thermal Interface Products T PUTTY 508 SYRINGE 30CC,,,,,7056.4
SSP3A250BDRT,Schneider Electric,Solid State Relays - SSRs,"Solid State Relays - SSRs three phase relay, Harmony Solid State Relays, 50A, panel mount, random switching, thermal pad, input 4 to 32V DC, output 42 to 660V AC",,,,,6553.3
A18213-06,Laird Technologies,Thermal Interface Products,"Thermal Interface Products TFLEX SF10,1.50 229X229MM",,229 mm,229 mm,229 mm,4677.4
A18213-12,Laird Technologies,Thermal Interface Products,"Thermal Interface Products TFLEX SF10,3.00 229X229MM",,229 mm,229 mm,229 mm,12550.85
A18213-04,Laird Technologies,Thermal Interface Products,"Thermal Interface Products TFLEX SF10,1.00 229X229MM",,229 mm,229 mm,229 mm,3492.78
A18213-02,Laird Technologies,Thermal Interface Products,"Thermal Interface Products TFLEX SF10,0.50 229X229MM",,229 mm,229 mm,229 mm,1684.8
SSP3A250BDT,Schneider Electric,Solid State Relays - SSRs,"Solid State Relays - SSRs three phase relay, Harmony Solid State Relays, 50A, panel mount, zero voltage switching, thermal pad, input 4 to 32V DC, output 42 to 660V AC",,,,,6487.65
A18213-10,Laird Technologies,Thermal Interface Products,Thermal Interface Products TFLEX SF10 229X229MM,,229 mm,229 mm,229 mm,9145.5
SP400-0.007-00-1212,Bergquist Company,Thermal Interface Products,"Thermal Interface Products Sil-Pad, 12"" x 12"" Sheet, 0.007"" Thickness, Sil-Pad TSP900/400, IDH 2167741",,,,,465.08
A17883-06,Laird Technologies,Thermal Interface Products,Thermal Interface Products Tflex HD81500 9x9,,,9 mm,9 mm,4229.88
5549S-10,3M Electronic Specialty,Thermal Interface Products,Thermal Interface Products Silicon Intrfac Pad 210mm x 155mm x1.0mm,,210 mm,,,1937.33
A17752-10,Laird Technologies,Thermal Interface Products,Thermal Interface Products Tflex HD92500 9x9,,,9 mm,9 mm,10058.1
A17752-04,Laird Technologies,Thermal Interface Products,Thermal Interface Products Tflex HD91000 9x9,,,9 mm,9 mm,4967.3
20266,Vicor,Thermal Interface Products,Thermal Interface Products Thermal Pads Package of 10 pcs,,,,,2145.33
A10092-01,Laird Technologies,Thermal Interface Products,"Thermal Interface Products Tpli 210 FG A0 8x8"" 6 W/mK gap filler",6 W/m-K,,8 mm,8 mm,1723.8
A12618-01,Laird Technologies,Thermal Interface Products,"Thermal Interface Products Tflex 640 9x9"" 3.0W/mK gap filler",3.0 W/m-K,,9 mm,9 mm,2103.4
A17752-05,Laird Technologies,Thermal Interface Products,Thermal Interface Products Tflex HD91250 9x9,,,9 mm,9 mm,5994.63
10-L4LB-05G,Aavid,Heat Sinks,"Heat Sinks Push Pin Heat Sink for BGA, 45.2x41.4x11.89mm, IC=45x45, Brass Pins, Pad",,11.89 mm,45.2 mm,41.4 mm,147.23
CWD2425H,Crydom,Solid State Relays - SSRs,Solid State Relays - SSRs SOLID STATE RELAY 24-280 VAC,,,,,2127.13
A18330-08,Laird Technologies,Thermal Interface Products,Thermal Interface Products 2.00 127x76mm,,76 mm,127 mm,76 mm,3294.85
SP1200-0.012-AC-1212,Bergquist Company,Thermal Interface Products,"Thermal Interface Products Sil-Pad, Elastomeric Material, 12""x12"" Sheet, 0.012"" Thickness, 1 Side Adhesive",,,,,1319.83
SP1200-0.009-AC-1212,Bergquist Company,Thermal Interface Products,"Thermal Interface Products Sil-Pad, Elastomeric Material, 12""x12"" Sheet, 0.009"" Thickness, 1 Side Adhesive",,,,,2107.95
374524B00023G,Aavid,Heat Sinks,"Heat Sinks Heat Sink for Metal/Ceramic BGA Packages, Square, Pin Fin, No Pad",,,,,78.0
A17752-06,Laird Technologies,Thermal Interface Products,Thermal Interface Products Tflex HD91500 9x9,,,9 mm,9 mm,6408.68
A18501-20,Laird Technologies,Thermal Interface Products,"Thermal Interface Products Tgard 220B,A1 17x17inch",,,17 mm,17 mm,6903.0
GP1500R-0.010-02-03.8503.85,Bergquist Company,Thermal Interface Products,Thermal Interface Products,,,,,924.3
A10462-20,Laird Technologies,Thermal Interface Products,"Thermal Interface Products Tgon 805,A1 18"" x 24""",,,,,1132.3
GPHC5.0-0.080-02-0816,Bergquist Company,Thermal Interface Products,"Thermal Interface Products GAP PAD, S-Class, 8""x16"" Sheet, 0.080"" Thickness, TGPHC5000/HC 5.0",,,,,4346.23
20263,Vicor,Thermal Interface Products,Thermal Interface Products Thermal Pad Maxi,,,,,2438.15
A18171-16,Laird Technologies,Thermal Interface Products,Thermal Interface Products Tpcm 7400 18x18in,,,18 mm,18 mm,4804.15
GPHC5.0-0.060-02-0816,Bergquist Company,Thermal Interface Products,"Thermal Interface Products GAP PAD, S-Class, 8""x16"" Sheet, 0.060"" Thickness, TGPHC5000/HC 5.0, IDH 2195378",,,,,3093.68
4051210297017,Wurth Elektronik,Thermal Interface Products,Thermal Interface Products WE-TGS Thml Sht Rect 297 x 210 x 37um,,,297 mm,210 mm,1076.4
A14424-01,Laird Technologies,Thermal Interface Products,"Thermal Interface Products Tflex 6160 DC1 9x9"" 3.0W/mK gap filler",3.0 W/m-K,,9 mm,9 mm,8192.6
GPHC3.0-0.020-02-0816,Bergquist Company,Thermal Interface Products,"Thermal Interface Products GAP PAD, 8"" x 16"" Sheet, 0.020"" Thickness, TGPHC3000/HC 3.0, IDH 2167931",,,,,1558.38
GPHC3.0-0.125-02-0816,Bergquist Company,Thermal Interface Products,"Thermal Interface Products GAP PAD, 8"" x 16"" Sheet, 0.125"" Thickness, TGPHC3000/HC 3.0, IDH 2167921",,,,,4250.68
A18172-10,Laird Technologies,Thermal Interface Products,Thermal Interface Products TPCM 7250,,,,,865.15
A18172-05,Laird Technologies,Thermal Interface Products,Thermal Interface Products TPCM 7125 9X9IN,,,9 mm,9 mm,830.7
A10092-63,Laird Technologies,Thermal Interface Products,"Thermal Interface Products Tpli210 FG A0 16x16"" 6 W/mK gap filler",6 W/m-K,,16 mm,16 mm,6371.95
A18172-08,Laird Technologies,Thermal Interface Products,Thermal Interface Products TPCM 7200 9X9IN,,,9 mm,9 mm,803.08
A10098-02,Laird Technologies,Thermal Interface Products,"Thermal Interface Products Tpli 260 A1 8x8"" 6 W/mK gap filler",6 W/m-K,,8 mm,8 mm,5773.95
A18500-01,Laird Technologies,Thermal Interface Products,Thermal Interface Products TGARD 210B A0  17X17IN,,,17 mm,17 mm,5699.53
GP1000SF-0.020-02-0816,Bergquist Company,Thermal Interface Products,"Thermal Interface Products GAP PAD, Conductive, Sil-Free, 8""x16"" Sheet, 0.020"" Thickness, TGP1100SF/1000SF",,,,,1800.18
GPVOUS-0.100-01-0816,Bergquist Company,Thermal Interface Products,"Thermal Interface Products GAP PAD, 8"" x 16"" Sheet, 0.100"" Thickness TGP1000VOUS/VO Ultra Soft, IDH 2166006",,,,,1721.2
GPVOUS-0.080-00-0816,Bergquist Company,Thermal Interface Products,"Thermal Interface Products GAP PAD, 8"" x 16"" Sheet, 0.080"" Thickness TGP1000VOUS/VO Ultra Soft, IDH 2191192",,,,,1296.43
A12620-34,Laird Technologies,Thermal Interface Products,"Thermal Interface Products Tflex 660 DC1 9x9"" 3.0W/mK gap filler",3.0 W/m-K,,9 mm,9 mm,3263.65
A18172-16,Laird Technologies,Thermal Interface Products,Thermal Interface Products TPCM 7400 9X9IN,,,9 mm,9 mm,749.13
A10092-45,Laird Technologies,Thermal Interface Products,"Thermal Interface Products Tpli210 FG A1 16x16"" 6 W/mK gap filler",6 W/m-K,,16 mm,16 mm,6951.1
A16104-10,Laird Technologies,Thermal Interface Products,"Thermal Interface Products Tflex HR6100 9x9"" 3.0W/mK gap filler",3.0 W/m-K,,9 mm,9 mm,2847.65
GPVOUS-0.040-01-0816,Bergquist Company,Thermal Interface Products,"Thermal Interface Products GAP PAD, 8""x16"" Sheet, 0.040"" Thickness, 1 Side Tack, TGP1000VOUS/VO Ultra Soft",,,,,815.1
A17251-03,Laird Technologies,Thermal Interface Products,Thermal Interface Products Tputty 607 Cartridge 360cc,,,,,10081.83
A18494-02,Laird Technologies,Thermal Interface Products,"Thermal Interface Products Ttape 1050A White Acryllic Thermally Conductive Tape 9"" x 9"" -40C to 125C",,,,,748.15
20267,Vicor,Thermal Interface Products,Thermal Interface Products Package of 10 pcs,,,,,1939.6
A12620-01,Laird Technologies,Thermal Interface Products,"Thermal Interface Products Tflex 660 9x9"" 3.0W/mK gap filler",3.0 W/m-K,,9 mm,9 mm,3358.23
GP1500R-0.010-02-0816,Bergquist Company,Thermal Interface Products,"Thermal Interface Products GAP PAD, Conductive, Reinforced, 8""x16"" Sheet, 0.010"" Thickness, TGP1500R/1500R",,,,,829.4
GP5000S35-0.060-02-0816,Bergquist Company,Thermal Interface Products,"Thermal Interface Products GAP PAD, S-Class, 8""x16"" Sheet, 0.060"" Thickness, IDH 2190540, 2166548",,,,,4438.85
SP2000-0.015-00-104,Bergquist Company,Thermal Interface Products,"Thermal Interface Products High Reliability Insulator, 0.015"" Thickness, Sil-Pad TSP3500/2000, IDH 2191272",,,,,42.25
SP2000-0.015-00-54,Bergquist Company,Thermal Interface Products,"Thermal Interface Products High Reliability Insulator, 0.015"" Thickness, 0.75x0.6"", SIL PAD TSP3500/2000",,,0.75 mm,0.6 mm,302.58
A15993-00,Laird Technologies,Thermal Interface Products,"Thermal Interface Products Tflex HR620 9x9"" 3.0W/mK gap filler",3.0 W/m-K,,9 mm,9 mm,827.13
A17752-08,Laird Technologies,Thermal Interface Products,Thermal Interface Products Tflex HD92000 9x9,,,9 mm,9 mm,8356.08
A18841-08,Laird Technologies,Thermal Interface Products,Thermal Interface Products Tflex SF4 2.00 229x229mm,,229 mm,229 mm,229 mm,3080.03
A18843-12,Laird Technologies,Thermal Interface Products,Thermal Interface Products Tflex SF7 3.00 229x229mm,,229 mm,229 mm,229 mm,7069.08
A18843-06,Laird Technologies,Thermal Interface Products,Thermal Interface Products Tflex SF7 1.50 229x229mm,,229 mm,229 mm,229 mm,3892.53
A18843-14,Laird Technologies,Thermal Interface Products,Thermal Interface Products Tflex SF7 3.50 229x229mm,,229 mm,229 mm,229 mm,8115.25
A15421-33,Laird Technologies,Thermal Interface Products,"Thermal Interface Products TGARD 5000,A1",,,,,1698.78
A18841-16,Laird Technologies,Thermal Interface Products,Thermal Interface Products Tflex SF4 4.00 229x229mm,,229 mm,229 mm,229 mm,5728.45
A18843-04,Laird Technologies,Thermal Interface Products,Thermal Interface Products Tflex SF7 1.00 229x229mm,,229 mm,229 mm,229 mm,3059.88
A10235-31,Laird Technologies,Thermal Interface Products,"Thermal Interface Products Tputty 502 60 FG2 9x9"" 3W/mK XSoft",3 W/m-K,,9 mm,9 mm,5661.5
40006010,Wurth Elektronik,Thermal Interface Products,Thermal Interface Products WE-TGF Thrml Flr Pad 200mm x 400mm x 1mm,,200 mm,,,5622.5
40006030,Wurth Elektronik,Thermal Interface Products,Thermal Interface Products WE-TGF Thrml Flr Pad 200mm x 400mm x 3mm,,200 mm,,,5617.95
SP2000-0.010-00-1212,Bergquist Company,Thermal Interface Products,"Thermal Interface Products Insulator, 12""x12"" Sheet, 0.010"" Thickness, SIL PAD IDH 2189912, 2165819",,,,,5193.5
A18841-04,Laird Technologies,Thermal Interface Products,Thermal Interface Products Tflex SF4 1.00 229x229mm,,229 mm,229 mm,229 mm,1838.85
A18841-14,Laird Technologies,Thermal Interface Products,Thermal Interface Products Tflex SF4 3.50 229x229mm,,229 mm,229 mm,229 mm,5072.6
GP5000S35-0.040-02-0816,Bergquist Company,Thermal Interface Products,"Thermal Interface Products GAP PAD, S-Class, 8""x16"" Sheet, 0.040"" Thickness, TGP5000/5000S35, IDH 2191197",,,,,2808.33
GP5000S35-0.100-02-0816,Bergquist Company,Thermal Interface Products,"Thermal Interface Products GAP PAD, S-Class, 8""x16"" Sheet, 0.100"" Thickness, TGP5000/5000S35, IDH 2166605",,,,,8437.98
GP5000S35-0.020-02-0816,Bergquist Company,Thermal Interface Products,"Thermal Interface Products GAP PAD, S-Class, 8""x16"" Sheet, 0.020"" Thickness, TGP5000/5000S35",,,,,2022.48
A15972-02,Laird Technologies,Thermal Interface Products,"Thermal Interface Products Tflex HR610 18x18"" 3.0W/mK gap filler",3.0 W/m-K,,18 mm,18 mm,2145.65
A15754-06,Laird Technologies,Thermal Interface Products,Thermal Interface Products TFLEX SF860,,,,,6469.45
A18330-05,Laird Technologies,Thermal Interface Products,Thermal Interface Products 1.25 127x76mm,,76 mm,127 mm,76 mm,2115.1
40016010,Wurth Elektronik,Thermal Interface Products,Thermal Interface Products WE-TGF Sqare Flr Pad 100mm x 100mm x 1mm,,100 mm,,,772.85
A18841-10,Laird Technologies,Thermal Interface Products,Thermal Interface Products Tflex SF4 2.50 229x229mm,,229 mm,229 mm,229 mm,3727.75
A18843-02,Laird Technologies,Thermal Interface Products,Thermal Interface Products Tflex SF7 0.50 229x229mm,,229 mm,229 mm,229 mm,1928.88
A18843-10,Laird Technologies,Thermal Interface Products,Thermal Interface Products Tflex SF7 2.50 229x229mm,,229 mm,229 mm,229 mm,6388.53
SP900S-0.009-00-1212,Bergquist Company,Thermal Interface Products,"Thermal Interface Products Insulator, Low-Pressure, 12""x12"" Sheet, 0.009"" Thickness, SIL PAD TSP1600S/900S",,,,,1121.9
SP900S-0.009-AC-1212,Bergquist Company,Thermal Interface Products,"Thermal Interface Products SIL PAD, Low-Pressure, 0.009"" Thickness, 1 Side Adhesive, 12""x12"" Sheet",,,,,1232.08
A18197-16,Laird Technologies,Thermal Interface Products,Thermal Interface Products Tpcm 5400 9x9in,,,9 mm,9 mm,710.78
A18196-08,Laird Technologies,Thermal Interface Products,Thermal Interface Products Tpcm 5200 18x18in,,,18 mm,18 mm,1828.45
A18196-05,Laird Technologies,Thermal Interface Products,Thermal Interface Products Tpcm 5125 18x18in,,,18 mm,18 mm,1604.2
SPK10-0.006-00-58,Bergquist Company,Thermal Interface Products,"Thermal Interface Products Insulator, 0.006"" Thickness, 19.05x12.70mm, SIL PAD TSPK1300/K-10, IDH 2191203",,12.70 mm,19.05 mm,12.70 mm,16.9
A17634-06,Laird Technologies,Thermal Interface Products,Thermal Interface Products Tflex HD360 DC1 9.00x9.00 in,,,9.00 mm,9.00 mm,1261.65
A18213-03,Laird Technologies,Thermal Interface Products,"Thermal Interface Products TFLEX SF10,0.75",,,,,3631.88
A18841-12,Laird Technologies,Thermal Interface Products,Thermal Interface Products Tflex SF4 3.00 229x229mm,,229 mm,229 mm,229 mm,4418.38
SSP3A250B7T,Schneider Electric,Solid State Relays - SSRs,"Solid State Relays - SSRs three phase relay, Harmony Solid State Relays, 50A, panel mount, zero voltage switching, thermal pad, input 18 to 36V AC, output 42 to 660V AC",,,,,6547.78
A15896-02,Laird Technologies,Thermal Interface Products,"Thermal Interface Products Tflex 720 9"" x 9""",,,,,2802.48
A18213-05,Laird Technologies,Thermal Interface Products,Thermal Interface Products TFLEX SF10 229X229MM,,229 mm,229 mm,229 mm,6378.78
A18213-14,Laird Technologies,Thermal Interface Products,"Thermal Interface Products TFLEX SF10,3.50",,,,,14742.65
A17751-04,Laird Technologies,Thermal Interface Products,Thermal Interface Products Tflex HD91000 18x18,,,18 mm,18 mm,18573.75
A17653-03,Laird Technologies,Thermal Interface Products,Thermal Interface Products Tflex HD730 9x9,,,9 mm,9 mm,1312.68
A17690-04,Laird Technologies,Thermal Interface Products,Thermal Interface Products Tflex HD740 DC1 9x9 IN,,,9 mm,9 mm,1834.3
A14558-01,Laird Technologies,Thermal Interface Products,"Thermal Interface Products T-flex 540 9"" X 9"" X 0.040""",,,,,1658.48
374024B60024G-MOD W/STAB PAD,Aavid,, Heat Sink with BGA Solder Anchor,,,,,858.65
A17883-05,Laird Technologies,Thermal Interface Products,Thermal Interface Products Tflex HD81250 9x9,,,9 mm,9 mm,3231.15
A17690-02,Laird Technologies,Thermal Interface Products,"Thermal Interface Products Tflex HD720,DC1 9x9",,,9 mm,9 mm,1048.78
A17689-04,Laird Technologies,Thermal Interface Products,Thermal Interface Products Tflex HD740 DC1 18x18 IN,,,18 mm,18 mm,7084.35
A18444-08,Laird Technologies,Thermal Interface Products,"Thermal Interface Products 9x9IN, Tflex HD7.5,2.00",,,9 mm,9 mm,8690.5
A18444-06,Laird Technologies,Thermal Interface Products,"Thermal Interface Products 9x9IN, Tflex HD7.5,1.50",,,9 mm,9 mm,6955.33
SP2000-0.015-AC-1212,Bergquist Company,Thermal Interface Products,"Thermal Interface Products SIL PAD, 12""x12"" Sheet, 0.015"" Thickness, 1 Side Adhesive, IDH 2165822",,,,,8828.3
A17883-04,Laird Technologies,Thermal Interface Products,Thermal Interface Products Tflex HD81000 9x9,,,9 mm,9 mm,3248.05
SP400-0.009-00-05,Bergquist Company,Thermal Interface Products,"Thermal Interface Products Sil-Pad, 0.009"" Thickness, 1.650x1.140"", Sil-Pad TSP900/400, IDH 2192642",,,1.650 mm,1.140 mm,15.93
A10092-02,Laird Technologies,Thermal Interface Products,"Thermal Interface Products Tpli 210 FG A1 8x8"" 6 W/mK gap filler",6 W/m-K,,8 mm,8 mm,1916.2
A18444-05,Laird Technologies,Thermal Interface Products,"Thermal Interface Products 9x9IN, Tflex HD7.5,1.25",,,9 mm,9 mm,6078.15
SP400-0.007-00-90,Bergquist Company,Thermal Interface Products,"Thermal Interface Products Sil-Pad, 0.007"" Thickness, 21.84x18.80mm, Sil-Pad TSP900/400, IDH 2191350",,18.80 mm,21.84 mm,18.80 mm,10.4
GF3500S35-00-60-50cc,Bergquist Company,Thermal Interface Products,"Thermal Interface Products Gap Filler, 2-Part, No Spacer Beads, Pot Life=60m, 50cc, IDH 2166399",,,,,1753.38
SP2000-0.015-00-1212,Bergquist Company,Thermal Interface Products,"Thermal Interface Products Insulator, 12"" x 12"" Sheet, 0.015"" Thickness, SIL PAD IDH 2165820",,,,,7379.78
A18444-12,Laird Technologies,Thermal Interface Products,"Thermal Interface Products 9x9IN, Tflex HD7.5,3.00",,,9 mm,9 mm,12101.05
HSP-1,Crydom,Thermal Interface Products,Thermal Interface Products Accessory Non-adhesv thermal pad for SSRs,,,,,91.98
A17883-08,Laird Technologies,Thermal Interface Products,Thermal Interface Products Tflex HD82000 9x9,,,9 mm,9 mm,4868.83
GP2500S20-0.250-02-0816,Bergquist Company,Thermal Interface Products,"Thermal Interface Products GAP PAD, S-Class, 8""x16"" Sheet, 0.250"" Thickness, GAP PAD TGP2400/2500S20",,,,,11829.03
SP400-0.007-00-54,Bergquist Company,Thermal Interface Products,"Thermal Interface Products Sil-Pad, 0.007"" Thickness, 19.05x12.7mm, Sil-Pad TSP900/400, IDH 2191243",,12.7 mm,19.05 mm,12.7 mm,6.5
A17883-10,Laird Technologies,Thermal Interface Products,Thermal Interface Products Tflex HD82500 9x9,,,9 mm,9 mm,6588.08
A18862-02,Laird Technologies,Thermal Interface Products,Thermal Interface Products Tputty SF560 20kg 5gal pail,,,,,104131.63
A18444-20,Laird Technologies,Thermal Interface Products,"Thermal Interface Products 9x9IN, Tflex HD7.5,5.00",,,9 mm,9 mm,19173.7
A18444-04,Laird Technologies,Thermal Interface Products,"Thermal Interface Products 9x9IN, Tflex HD7.5,1.00",,,9 mm,9 mm,5194.48
SPK10-0.006-00-11.512,Bergquist Company,Thermal Interface Products,"Thermal Interface Products Insulator, 11.5""x12"" Sheet, 0.006"" Thickness, SIL PAD TSPK1300/K-10",,,,,1236.95
A18500-20,Laird Technologies,Thermal Interface Products,"Thermal Interface Products Tgard 220B,A0 17x17inch",,,17 mm,17 mm,6500.33
A18862-03,Laird Technologies,Thermal Interface Products,Thermal Interface Products Tputty SF560 13kg 1gal pail,,,,,69790.5
SP400-0.007-00-104,Bergquist Company,Thermal Interface Products,"Thermal Interface Products Sil-Pad, 0.007"" Thickness, 25.4x19.05mm, Sil-Pad TSP900/400, IDH 2191205",,19.05 mm,25.4 mm,19.05 mm,7.48
SF400-505005,Same Sky,Thermal Interface Products,"Thermal Interface Products Thermal interface material, SF400, silicone- based, 50x50x0.5 mm",,0.5 mm,50 mm,50 mm,703.3
SP400-0.007-AC-1212,Bergquist Company,Thermal Interface Products,"Thermal Interface Products Sil-Pad, 12""x12"" Sheet, 0.007"" Thickness, 1 Side Adhesive, 0.437x0.312""",,,0.437 mm,0.312 mm,563.55
A17752-16,Laird Technologies,Thermal Interface Products,Thermal Interface Products Tflex HD94000 9x9,,,9 mm,9 mm,15242.83
GF3500LV-00-240-50CC,Bergquist Company,Thermal Interface Products,"Thermal Interface Products Liquid Gap Filler, 50CC Dual Cartridge, TGF 3500LVO/3500LV, IDH 2168254",,,,,2849.6
A18863-03,Laird Technologies,Thermal Interface Products,Thermal Interface Products Tputty SF560 Cartridge360cc Net 326cc EFD,,,,,7759.38
01777,Vicor,Thermal Interface Products,Thermal Interface Products MODULE THERMO PAD,,,,,231.08
A18863-04,Laird Technologies,Thermal Interface Products,Thermal Interface Products Tputty SF560 Cartridge 600cc Net 601cc EFD,,,,,13272.03
A18330-10,Laird Technologies,Thermal Interface Products,Thermal Interface Products 2.50 127x76mm,,76 mm,127 mm,76 mm,3988.08
A17633-14,Laird Technologies,Thermal Interface Products,Thermal Interface Products Tflex HD3140 9x9,,,9 mm,9 mm,2375.43
GP3004SF-0.010-01-0918,Bergquist Company,Thermal Interface Products,"Thermal Interface Products GAP PAD, Sil-Free, 9""x18"" Sheet, 0.010"" Thickness, 1 Side Tack, TGP3004SF/3004SF",,,,,11537.18
A18863-01,Laird Technologies,Thermal Interface Products,Thermal Interface Products Tputty SF560 Cartridge75cc Net 56cc EFD,,,,,2953.93
A18863-07,Laird Technologies,Thermal Interface Products,Thermal Interface Products Tputty SF560 Cartridge300cc Net 300cc Alu,,,,,7182.5
A10080-02,Laird Technologies,Thermal Interface Products,"Thermal Interface Products Tpli 220 A1 8x8"" 6 W/mK gap filler",6 W/m-K,,8 mm,8 mm,2494.7
A10548-5,Laird Technologies,Thermal Interface Products,Thermal Interface Products T PUTTY 502 SILICONE CN02572-8 100CC,,,,,5112.25
A12617-01,Laird Technologies,Thermal Interface Products,"Thermal Interface Products Tflex 630 9x9"" 3.0W/mK gap filler",3.0 W/m-K,,9 mm,9 mm,1855.43
GPHC5.0-0.020-02-0816,Bergquist Company,Thermal Interface Products,"Thermal Interface Products GAP PAD, S-Class, 8""x16"" Sheet, 0.020"" Thickness, TGPHC5000/HC 5.0",,,,,2571.08
GPHC5.0-0.125-02-0816,Bergquist Company,Thermal Interface Products,"Thermal Interface Products GAP PAD, S-Class, 8""x16"" Sheet, 0.125"" Thickness, TGPHC5000/HC 5.0",,,,,8566.68
1009-54,Bergquist Company,Thermal Interface Products,"Thermal Interface Products Sil-Pad, 0.009"" Thickness, Sil-Pad TSP 1200 Series / Sil-Pad 1000 Series",,,,,10.73
A17170-01,Laird Technologies,Thermal Interface Products,Thermal Interface Products TPUTTY 508 CARTRIDGE 75CC,,,,,1978.93
7717-18DAPG,Aavid,Heat Sinks,"Heat Sinks Semiconductor Mounting Pad for TO-18, DAP, 4 Leads, 5.08mm OD, 2.54mm Thickness",,5.08 mm,,,117.65
04308,Vicor,Thermal Interface Products,Thermal Interface Products THERMO PAD MINI MOD,,,,,152.1
A10093-41,Laird Technologies,Thermal Interface Products,"Thermal Interface Products Tpli220 FG A1 16x16"" 6 W/mK gap filler",6 W/m-K,,16 mm,16 mm,9327.5
A10095-02,Laird Technologies,Thermal Interface Products,"Thermal Interface Products Tpli 230 A1 8x8"" 6 W/mK gap filler",6 W/m-K,,8 mm,8 mm,3328.33
A10096-02,Laird Technologies,Thermal Interface Products,"Thermal Interface Products Tpli 240 A1 8x8"" 6 W/mK gap filler",6 W/m-K,,8 mm,8 mm,4096.3
GPHC5.0-0.040-02-0816,Bergquist Company,Thermal Interface Products,"Thermal Interface Products GAP PAD, S-Class, 8""x16"" Sheet, 0.040"" Thickness, TGPHC5000/HC 5.0",,,,,2367.95
A14568-01,Laird Technologies,Thermal Interface Products,"Thermal Interface Products Tflex 5140 9x9"" 2.8W/mK gap filler",2.8 W/m-K,,9 mm,9 mm,4715.1
A15322-02,Laird Technologies,Thermal Interface Products,"Thermal Interface Products Tflex 320 18x18"" 1.2W/mK",1.2 W/m-K,,18 mm,18 mm,1663.03
A14416-01,Laird Technologies,Thermal Interface Products,"Thermal Interface Products Tflex 680 DC1 9x9"" 3.0W/mK gap filler",3.0 W/m-K,,9 mm,9 mm,4306.58
A15342-01,Laird Technologies,Thermal Interface Products,"Thermal Interface Products Tflex 320H 9"" x 9""",,,,,673.4
A15328-01,Laird Technologies,Thermal Interface Products,"Thermal Interface Products Tflex 380 9"" x 9"" x .080""",,,,,797.23
A15340-01,Laird Technologies,Thermal Interface Products,"Thermal Interface Products Tflex 3200 9x9"" 1.2W/mK",1.2 W/m-K,,9 mm,9 mm,1621.1
A15340-03,Laird Technologies,Thermal Interface Products,"Thermal Interface Products Tflex 3200 DC1 9x9"" 1.2W/mK",1.2 W/m-K,,9 mm,9 mm,1735.18
A15332-03,Laird Technologies,Thermal Interface Products,"Thermal Interface Products Tflex 3120 DC1 9x9"" 1.2W/mK",1.2 W/m-K,,9 mm,9 mm,1295.13
GPHC5.0-0.100-02-0816,Bergquist Company,Thermal Interface Products,"Thermal Interface Products GAP PAD, S-Class, 8""x16"" Sheet, 0.100"" Thickness, TGPHC5000/HC 5.0",,,,,6108.38
A17682-020,Laird Technologies,Thermal Interface Products,Thermal Interface Products Tflex UT20500 9 x 9,,,9 mm,9 mm,1386.13
4051100100017,Wurth Elektronik,Thermal Interface Products,Thermal Interface Products WE-TGS Thrmal Sheet 100mm x 100mm x 37um,,100 mm,,,241.8
A14561-01,Laird Technologies,Thermal Interface Products,"Thermal Interface Products Tflex 570 9x9"" 2.8W/mK gap filler",2.8 W/m-K,,9 mm,9 mm,2591.23
KK071CUT-1,Carlo Gavazzi,Thermal Interface Products,Thermal Interface Products THERMAL PAD YEL CUT 35MM*42MM( 1 PCS),,35 mm,,,61.75
404016015,Wurth Elektronik,Thermal Interface Products,Thermal Interface Products WE-TINS Thml Ind Pad 300 x 300mm x 0.23mm,,300 mm,300 mm,300 mm,1339.0
A17170-02,Laird Technologies,Thermal Interface Products,Thermal Interface Products TPUTTY 508 CARTRIDGE 180CC,,,,,3118.7
A15324-02,Laird Technologies,Thermal Interface Products,"Thermal Interface Products Tflex 340 18x18"" 1.2W/mK",1.2 W/m-K,,18 mm,18 mm,1929.85
A15324-01,Laird Technologies,Thermal Interface Products,"Thermal Interface Products Tflex 340 Green 9"" x 9"" x 0.40mm",,0.40 mm,,,435.83
A15750-00,Laird Technologies,Thermal Interface Products,"Thermal Interface Products Tgard K52,1,0505,A1 11"" x 18""",,,,,1904.18
PLX-1-12-76X127-58,Wakefield Thermal,Thermal Interface Products,"Thermal Interface Products ulTIMiFlux Gap Pad, Silicone, 1mm Thickness, 12 W/mK, 76x127mm, Grey",12 W/m-K,1 mm,76 mm,127 mm,2915.9
PLX-1-3-210X310-30,Wakefield Thermal,Thermal Interface Products,"Thermal Interface Products ulTIMiFlux Gap Pad, Silicone, 1mm Thickness, 3 W/m-K, 210x310mm, Blue",3 W/m-K,1 mm,210 mm,310 mm,2213.58
407150015030,Wurth Elektronik,Thermal Interface Products,Thermal Interface Products WE-TGFG Graphite Foam Gasket,,,,,78.98
407150015200,Wurth Elektronik,Thermal Interface Products,Thermal Interface Products WE-TGFG Graphite Foam Gasket,,,,,89.05
A14412-01,Laird Technologies,Thermal Interface Products,"Thermal Interface Products Tflex 640 DC1 9x9"" 3.0W/mK gap filler",3.0 W/m-K,,9 mm,9 mm,2159.3
A10096-01,Laird Technologies,Thermal Interface Products,"Thermal Interface Products Tpli 240 A0 8x8"" 6 W/mK gap filler",6 W/m-K,,8 mm,8 mm,3944.85
A14566-01,Laird Technologies,Thermal Interface Products,"Thermal Interface Products Tflex 5120 9"" x 9"" x 0.120""",,,,,4109.95
A15336-01,Laird Technologies,Thermal Interface Products,"Thermal Interface Products Tflex 3160 9x9"" 1.2W/mK",1.2 W/m-K,,9 mm,9 mm,1429.03
A15326-02,Laird Technologies,Thermal Interface Products,"Thermal Interface Products Tflex 360 18x18"" 1.2W/mK",1.2 W/m-K,,18 mm,18 mm,2259.08
A14418-01,Laird Technologies,Thermal Interface Products,"Thermal Interface Products Tflex 6100 DC1 9x9"" 3.0W/mK gap filler",3.0 W/m-K,,9 mm,9 mm,5315.05
A12623-01,Laird Technologies,Thermal Interface Products,"Thermal Interface Products Tflex 690 9x9"" 3.0W/mK gap filler",3.0 W/m-K,,9 mm,9 mm,4689.1
GPVOUS-0.060-00-0816,Bergquist Company,Thermal Interface Products,"Thermal Interface Products GAP PAD, 8"" x 16"" Sheet, 0.060"" Thickness TGP1000VOUS/VO Ultra Soft, IDH 2191191",,,,,1006.85
A12622-01,Laird Technologies,Thermal Interface Products,"Thermal Interface Products Tflex 680 9x9"" 3.0W/mK gap filler",3.0 W/m-K,,9 mm,9 mm,4248.73
A12616-08,Laird Technologies,Thermal Interface Products,"Thermal Interface Products Tflex 620 18x18"" 3.0W/mK gap filler",3.0 W/m-K,,18 mm,18 mm,4806.43
A18477-02,Laird Technologies,Thermal Interface Products,"Thermal Interface Products Tflex HD720,PI  18.0x18.0in,",,,18.0 mm,18.0 mm,3887.0
407150015115,Wurth Elektronik,Thermal Interface Products,Thermal Interface Products WE-TGFG Rect Flr Pad 15mm x 15mm x 11.5mm,,15 mm,,,85.8
A18330-07,Laird Technologies,Thermal Interface Products,Thermal Interface Products 1.75 127x76mm,,76 mm,127 mm,76 mm,2855.45
40114005,Wurth Elektronik,Thermal Interface Products,Thermal Interface Products WE-TGF Sqare Rei Pad 100mm x 100mm x 0.5mm,,100 mm,,,361.08
40012020,Wurth Elektronik,Thermal Interface Products,Thermal Interface Products WE-TGF Sqare Flr Pad 100mm x 100mm x 2mm,,100 mm,,,485.55
A17820-02,Laird Technologies,Thermal Interface Products,"Thermal Interface Products TFLEX HD90500,DC1",,,,,2812.23
A17820-03,Laird Technologies,Thermal Interface Products,"Thermal Interface Products TFLEX HD90750,DC1 9X9IN",,,9 mm,9 mm,3029.65
A15796-27,Laird Technologies,Thermal Interface Products,"Thermal Interface Products Tflex 7100 9x9"" 5.0W/mK gap filler",5.0 W/m-K,,9 mm,9 mm,8418.8
40011050,Wurth Elektronik,Thermal Interface Products,Thermal Interface Products WE-TGF 1W Square 100x100x5mm,,5 mm,100 mm,100 mm,499.2
40016020,Wurth Elektronik,Thermal Interface Products,Thermal Interface Products WE-TGF Sqare Flr Pad 100mm x 100mm x 2mm,,100 mm,,,1143.35
40112005,Wurth Elektronik,Thermal Interface Products,Thermal Interface Products WE-TGF Sqare Rei Pad 100mm x 100mm x .5mm,,100 mm,,,163.8
40016005,Wurth Elektronik,Thermal Interface Products,Thermal Interface Products WE-TGF Sqare Thml 100mm x 100mm x 0.5mm,,100 mm,,,550.55
40014020,Wurth Elektronik,Thermal Interface Products,Thermal Interface Products WE-TGF Sqare Flr Pad 100mm x 100mm x 2mm,,100 mm,,,598.33
40014030,Wurth Elektronik,Thermal Interface Products,Thermal Interface Products WE-TGF Sqare Flr Pad 100mm x 100mm x 3mm,,100 mm,,,752.38
40015030,Wurth Elektronik,Thermal Interface Products,Thermal Interface Products WE-TGF Sqare Flr Pad 100mm x 100mm x 3mm,,100 mm,,,877.18
40016030,Wurth Elektronik,Thermal Interface Products,Thermal Interface Products WE-TGF Sqare Flr Pad 100mm x 100mm x 3mm,,100 mm,,,1339.0
A16104-15,Laird Technologies,Thermal Interface Products,"Thermal Interface Products Tflex HR6150 9x9"" 3.0W/mK gap filler",3.0 W/m-K,,9 mm,9 mm,4173.0
40111020,Wurth Elektronik,Thermal Interface Products,Thermal Interface Products WE-TGF 1W Square 100x100x2mm,,2 mm,100 mm,100 mm,266.18
40012050,Wurth Elektronik,Thermal Interface Products,Thermal Interface Products WE-TGF Sqare Flr Pad 100mm x 100mm x 5mm,,100 mm,,,621.4
40013020,Wurth Elektronik,Thermal Interface Products,Thermal Interface Products WE-TGF Sqare Flr Pad 100mm x 100mm x 2mm,,100 mm,,,429.98
A17262-01,Laird Technologies,Thermal Interface Products,"Thermal Interface Products TFLEX CR607,CARTDUAL 2X25CC",,,2 mm,25 mm,3810.3
GPVOUS-0.020-01-0816,Bergquist Company,Thermal Interface Products,"Thermal Interface Products GAP PAD, 8""x16"" Sheet, 0.020"" Thickness, 1 Side Tack, TGP1000VOUS/VO Ultra Soft",,,,,718.25
407150015050,Wurth Elektronik,Thermal Interface Products,Thermal Interface Products WE-TGFG Graphite Foam Gasket,,,,,78.98
A16104-16,Laird Technologies,Thermal Interface Products,"Thermal Interface Products Tflex HR6160 9x9"" 3.0W/mK gap filler",3.0 W/m-K,,9 mm,9 mm,4312.43
40111005,Wurth Elektronik,Thermal Interface Products,Thermal Interface Products WE-TGF 1W Square 100x100x.5mm,,5 mm,100 mm,100 mm,151.45
HSP-2,Crydom,Thermal Interface Products,Thermal Interface Products Thermal Pad for 1-phase SSR W/Adhsve,,,,,65.0
SPK4-0.006-00-58,Bergquist Company,Thermal Interface Products,"Thermal Interface Products Insulator, 0.006"" Thickness, 19.05x12.70mm, SIL PAD TSPK900/K-4, IDH 2167662",,12.70 mm,19.05 mm,12.70 mm,3.9
SPK4-0.006-00-11.512,Bergquist Company,Thermal Interface Products,"Thermal Interface Products Insulator, 11.5"" x 12"" Sheet, 0.006"" Thickness, SIL PAD TSPK900/K-4, IDH 2191342",,,,,1081.93
SPK10-0.006-AC-104,Bergquist Company,Thermal Interface Products,"Thermal Interface Products Insulator, 0.006"" Thickness, 1 Side Adhesive, SIL PAD TSPK1300/K-10, K10AC-104",,,,,32.5
A16104-04,Laird Technologies,Thermal Interface Products,"Thermal Interface Products Tflex HR640 9x9"" 3.0W/mK gap filler",3.0 W/m-K,,9 mm,9 mm,1139.78
SF400-303005,Same Sky,Thermal Interface Products,"Thermal Interface Products Thermal interface material, SF400, silicone- based, 30x30x0.5 mm",,0.5 mm,30 mm,30 mm,666.58
40115010,Wurth Elektronik,Thermal Interface Products,Thermal Interface Products WE-TGF Sqare Rei Pad 100mm x 100mm x 1mm,,100 mm,,,674.7
407200045020,Wurth Elektronik,Thermal Interface Products,Thermal Interface Products WE-TGFG Thml Flr Pad 45mm x 20mm x 2mm,,45 mm,,,103.03
40015020,Wurth Elektronik,Thermal Interface Products,Thermal Interface Products WE-TGF Sqare Flr Pad 100mm x 100mm x 2mm,,100 mm,,,618.8
407150045015,Wurth Elektronik,Thermal Interface Products,Thermal Interface Products WE-TGFG Thml Flr Pad 45mm x 15mm x 1.5mm,,45 mm,,,92.63
A17251-04,Laird Technologies,Thermal Interface Products,Thermal Interface Products Tputty 607 Cartridge 600cc,,,,,16476.53
GPVOUS-0.125-AC-0816,Bergquist Company,Thermal Interface Products,"Thermal Interface Products GAP PAD, 8""x16"" Sheet, 0.125"" Thickness, 1 Side Adhesive",,,,,2499.9
A10538-17,Laird Technologies,Thermal Interface Products,"Thermal Interface Products Tputty 502-020 FG2 9"" x 9"" sheet",,,,,2479.1
AF500-202005,Same Sky,Thermal Interface Products,"Thermal Interface Products Thermal interface material, AF500, non-silicone- based, 20x20x0.5 mm",,0.5 mm,20 mm,20 mm,1430.33
40103005,Wurth Elektronik,Thermal Interface Products,Thermal Interface Products WE-TGF Thml Rein Pad 200mm x 400mm x .5mm,,200 mm,,,2078.05
A18843-08,Laird Technologies,Thermal Interface Products,Thermal Interface Products Tflex SF7 2.00 229x229mm,,229 mm,229 mm,229 mm,5278.98
GP1500-0.080-02-0816,Bergquist Company,Thermal Interface Products,"Thermal Interface Products GAP PAD, Conductive, Unreinforced, 8""x16"" Sheet, 0.080"" Thickness, TGP1500/1500",,,,,1178.13
SF100-202005,Same Sky,Thermal Interface Products,"Thermal Interface Products Thermal interface material, SF100, silicone- based, 20x20x0.5 mm",,0.5 mm,20 mm,20 mm,245.05
A17747-02,Laird Technologies,Thermal Interface Products,"Thermal Interface Products Tflex P320 9.00x9.00 in,",,,9.00 mm,9.00 mm,1128.08
40104005,Wurth Elektronik,Thermal Interface Products,Thermal Interface Products WE-TGF Thml Rein Pad 200mm x 400mm x .5mm,,200 mm,,,2652.65
SF100-404005,Same Sky,Thermal Interface Products,"Thermal Interface Products Thermal interface material, SF100, silicone- based, 40x40x0.5 mm",,0.5 mm,40 mm,40 mm,295.75
A16872-09,Laird Technologies,Thermal Interface Products,Thermal Interface Products TPUTTY 403 SYRINGE 30CC,,,,,2707.9
GP2500S20-0.160-02-0816,Bergquist Company,Thermal Interface Products,"Thermal Interface Products GAP PAD, S-Class, 8""x16"" Sheet, 0.160"" Thickness, GAP PAD TGP2400/2500S20",,,,,4766.45
A10832-02,Laird Technologies,Thermal Interface Products,"Thermal Interface Products Tpcm 910 9x9"" 2.2 W/mK TIM",2.2 W/m-K,,9 mm,9 mm,1617.2
A15037003,Laird Technologies,Thermal Interface Products,"Thermal Interface Products TO-220, 0.5X0.75 H0.12,T-gard 5000-A0",,,0.5 mm,0.75 mm,27.95
A15038003,Laird Technologies,Thermal Interface Products,"Thermal Interface Products TO-247, 0.750X1.0 H.140,T-gard 5000-A0",,,0.750 mm,1.0 mm,27.95
SPK10-0.006-00-46,Bergquist Company,Thermal Interface Products,"Thermal Interface Products Insulator, 0.006"" Thickness, 31.75x31.75mm, SIL PAD TSPK1300/K-10, IDH 2192506",,31.75 mm,31.75 mm,31.75 mm,96.2
A18843-16,Laird Technologies,Thermal Interface Products,Thermal Interface Products Tflex SF7 4.00 229x229mm,,229 mm,229 mm,229 mm,9625.53
40013050,Wurth Elektronik,Thermal Interface Products,Thermal Interface Products WE-TGF Sqare Flr Pad 100mm x 100mm x 5mm,,100 mm,,,1015.3
40112010,Wurth Elektronik,Thermal Interface Products,Thermal Interface Products WE-TGF Sqare Rei Pad 100mm x 100mm x 1mm,,100 mm,,,293.15
40115005,Wurth Elektronik,Thermal Interface Products,Thermal Interface Products WE-TGF Sqare Rei Pad 100mm x 100mm x 0.5mm,,100 mm,,,425.75
A16104-06,Laird Technologies,Thermal Interface Products,"Thermal Interface Products Tflex HR660 9x9"" 3.0W/mK gap filler",3.0 W/m-K,,9 mm,9 mm,1870.05
A17633-06,Laird Technologies,Thermal Interface Products,Thermal Interface Products Tflex HD360 9x9,,,9 mm,9 mm,1141.08
40004040,Wurth Elektronik,Thermal Interface Products,Thermal Interface Products WE-TGF Thrml Flr Pad 200mm x 400mm x 4mm,,200 mm,,,6336.2
40101005,Wurth Elektronik,Thermal Interface Products,Thermal Interface Products WE-TGF 1W Rectangle 400x200x.5mm,,5 mm,400 mm,200 mm,773.18
40011020,Wurth Elektronik,Thermal Interface Products,Thermal Interface Products WE-TGF 1W Square 100x100x2mm,,2 mm,100 mm,100 mm,270.73
40113005,Wurth Elektronik,Thermal Interface Products,Thermal Interface Products WE-TGF Sqare Rei Pad 100mm x 100mm x 0.5mm,,100 mm,,,282.1
GP1500-0.125-02-0816,Bergquist Company,Thermal Interface Products,"Thermal Interface Products GAP PAD, Conductive, Unreinforced, 8""x16"" Sheet, 0.125"" Thickness, TGP1500/1500",,,,,1651.98
A18841-06,Laird Technologies,Thermal Interface Products,Thermal Interface Products Tflex SF4 1.50 229x229mm,,229 mm,229 mm,229 mm,2454.08
A18840-04,Laird Technologies,Thermal Interface Products,Thermal Interface Products Tflex SF4 1.00 457x457mm,,457 mm,457 mm,457 mm,8998.28
SPK10-0.006-00-104,Bergquist Company,Thermal Interface Products,"Thermal Interface Products Insulator, 0.006"" Thickness, 25.4x19.05mm, SIL PAD TSPK1300/K-10, IDH 2167649",,19.05 mm,25.4 mm,19.05 mm,26.0
GP2500S20-0.040-02-0816,Bergquist Company,Thermal Interface Products,"Thermal Interface Products GAP PAD, S-Class, 8""x16"" Sheet, 0.040"" Thickness, GAP PAD TGP2400/2500S20",,,,,2006.23
40102005,Wurth Elektronik,Thermal Interface Products,Thermal Interface Products WE-TGF Thml Rein Pad 200mm x 400mm x .5mm,,200 mm,,,973.05
40004030,Wurth Elektronik,Thermal Interface Products,Thermal Interface Products WE-TGF Thrml Flr Pad 200mm x 400mm x 3mm,,200 mm,,,6306.63
A17916-06,Laird Technologies,Thermal Interface Products,Thermal Interface Products TFLEX B260,,,,,419.58
A17916-18,Laird Technologies,Thermal Interface Products,Thermal Interface Products TFLEX B2180,,,,,1060.48
A17536-02,Laird Technologies,Thermal Interface Products,Thermal Interface Products Tflex HD720 18x18,,,18 mm,18 mm,3549.65
SF400-313005,Same Sky,Thermal Interface Products,"Thermal Interface Products Thermal interface material, SF400, silicone- based, 31.25x30x0.5 mm",,0.5 mm,31.25 mm,30 mm,600.93
A17915-06,Laird Technologies,Thermal Interface Products,Thermal Interface Products TFLEX B260,,,,,1554.48
A17916-15,Laird Technologies,Thermal Interface Products,Thermal Interface Products TFLEX B2150,,,,,904.8
A17916-16,Laird Technologies,Thermal Interface Products,Thermal Interface Products TFLEX B2160,,,,,967.2
A17916-04,Laird Technologies,Thermal Interface Products,Thermal Interface Products TFLEX B240,,,,,300.3
SP400-0.007-AC-53,Bergquist Company,Thermal Interface Products,"Thermal Interface Products Sil-Pad, 0.007"" Thickness, 1 Side Adhesive, 21.97x16.51mm, Sil-Pad TSP900/400",,16.51 mm,21.97 mm,16.51 mm,18.2
SF100-153005,Same Sky,Thermal Interface Products,"Thermal Interface Products Thermal interface material, SF100, silicone- based, 15x30x0.5 mm",,0.5 mm,15 mm,30 mm,301.93
SF100-265005,Same Sky,Thermal Interface Products,"Thermal Interface Products Thermal interface material, SF100, silicone- based, 26.25x50x0.5 mm",,0.5 mm,26.25 mm,50 mm,257.4
A15427-112,Laird Technologies,Thermal Interface Products,Thermal Interface Products Tgon 805 KIT 0.500x0.750in,,,0.500 mm,0.750 mm,19841.9
A17883-12,Laird Technologies,Thermal Interface Products,Thermal Interface Products Tflex HD83000 9x9,,,9 mm,9 mm,7886.13
A18841-02,Laird Technologies,Thermal Interface Products,Thermal Interface Products Tflex SF4 0.50 229x229mm,,229 mm,229 mm,229 mm,1330.23
SPA2000-0.015-00-1012,Bergquist Company,Thermal Interface Products,"Thermal Interface Products Insulator, 10""x12"" Sheet, 0.015"" Thickness, Sil-Pad TSPA3000/A2000, IDH 2191343",,,,,6509.75
HSE02-173213P,Same Sky,Heat Sinks,"Heat Sinks heat sink, extrusion, 17 x 31.9 x 12.5 mm, T411 pad",,12.5 mm,17 mm,31.9 mm,102.05
GP2500S20-0.060-02-0816,Bergquist Company,Thermal Interface Products,"Thermal Interface Products GAP PAD, S-Class, 8""x16"" Sheet, 0.060"" Thickness, GAP PAD TGP2400/2500S20",,,,,2681.58
SPK10-0.006-00-90,Bergquist Company,Thermal Interface Products,"Thermal Interface Products Insulator, 0.006"" Thickness, 21.84x18.80mm, SIL PAD TSPK1300/K-10, IDH 2191186",,18.80 mm,21.84 mm,18.80 mm,23.08
SPK10-0.006-00-54,Bergquist Company,Thermal Interface Products,"Thermal Interface Products Insulator, 0.006"" Thickness, 19.05x12.7mm, SIL PAD TSPK1300/K-10, IDH 2167645",,12.7 mm,19.05 mm,12.7 mm,11.38
SP900S-0.009-00-104,Bergquist Company,Thermal Interface Products,"Thermal Interface Products SIL PAD, Low-Pressure, 0.009"" Thickness, 25.4x19.05mm, TSP1600S/900S",,19.05 mm,25.4 mm,19.05 mm,11.7
SF400-101005,Same Sky,Thermal Interface Products,"Thermal Interface Products Thermal interface material, SF400, silicone- based, 10x10x0.5 mm",,0.5 mm,10 mm,10 mm,685.75
SF100-505005,Same Sky,Thermal Interface Products,"Thermal Interface Products Thermal interface material, SF100, silicone- based, 50x50x0.5 mm",,0.5 mm,50 mm,50 mm,278.85
40001050,Wurth Elektronik,Thermal Interface Products,Thermal Interface Products WE-TGF 1W Rectangle 400x200x5mm,,5 mm,400 mm,200 mm,2238.93
40006020,Wurth Elektronik,Thermal Interface Products,Thermal Interface Products WE-TGF Thrml Flr Pad 200mm x 400mm x 2mm,,200 mm,,,6981.65
40105005,Wurth Elektronik,Thermal Interface Products,Thermal Interface Products WE-TGF Thml Rein Pad 200mm x 400mm x .5mm,,200 mm,,,2801.18
SF100-204005,Same Sky,Thermal Interface Products,"Thermal Interface Products Thermal interface material, SF100, silicone- based, 20x40x0.5 mm",,0.5 mm,20 mm,40 mm,233.35
A17915-08,Laird Technologies,Thermal Interface Products,Thermal Interface Products Tflex B280 18x18IN,,,18 mm,18 mm,2005.58
A17916-05,Laird Technologies,Thermal Interface Products,Thermal Interface Products TFLEX B250,,,,,354.25
A17916-14,Laird Technologies,Thermal Interface Products,Thermal Interface Products TFLEX B2140,,,,,829.08
GP2500S20-0.200-02-0816,Bergquist Company,Thermal Interface Products,"Thermal Interface Products GAP PAD, S-Class, 8""x16"" Sheet, 0.200"" Thickness, GAP PAD TGP2400/2500S20",,,,,7219.88
A16056-02,Laird Technologies,Thermal Interface Products,"Thermal Interface Products Tflex HR620 DC1 9x9"" 3.0W/mK gap filler",3.0 W/m-K,,9 mm,9 mm,908.05
SF100-707005,Same Sky,Thermal Interface Products,"Thermal Interface Products Thermal interface material, SF100, silicone- based, 70x70x0.5 mm",,0.5 mm,70 mm,70 mm,175.5
40005020,Wurth Elektronik,Thermal Interface Products,Thermal Interface Products WE-TGF Thrml Flr Pad 200mm x 400mm x 2mm,,200 mm,,,4948.13
SP400-0.007-AC-122,Bergquist Company,Thermal Interface Products,"Thermal Interface Products Sil-Pad, 0.007"" Thickness, 1 Side Adhesive, Sil-Pad TSP900/400, BG108254",,,,,19.5
SPK6-0.006-00-104,Bergquist Company,Thermal Interface Products,"Thermal Interface Products Sil-Pad, Medium Performance Kapton-Based Insulator, 0.006"" Thickness",,,,,13.0
SP2000-0.015-00-58,Bergquist Company,Thermal Interface Products,"Thermal Interface Products Insulator, 0.015"" Thickness, 19.05x12.70mm, TO-220, SIL PAD TSP3500/2000",,12.70 mm,19.05 mm,12.70 mm,127.08
SP900S-0.009-00-43,Bergquist Company,Thermal Interface Products,"Thermal Interface Products SIL PAD, Low-Pressure, 0.009"" Thickness, 19.05x12.7mm, TSP1600S/900S",,12.7 mm,19.05 mm,12.7 mm,9.1
AL-150-100,Bergquist Company,Thermal Interface Products,"Thermal Interface Products Phase Change Thermal Interface Material, 1.5x1"", TCF 1000AL/Thermstrate 2000",,,1.5 mm,1 mm,41.28
A17916-10,Laird Technologies,Thermal Interface Products,Thermal Interface Products Tflex B2100 9x9IN,,,9 mm,9 mm,630.18
A17156-02,Laird Technologies,Thermal Interface Products,Thermal Interface Products Tflex HD320 18x18,,,18 mm,18 mm,1912.95
A17634-10,Laird Technologies,Thermal Interface Products,Thermal Interface Products Tflex HD3100 DC1 9.00x9.00 in,,,9.00 mm,9.00 mm,1933.43
A17682-008,Laird Technologies,Thermal Interface Products,Thermal Interface Products Tflex UT20200 9 x 9,,,9 mm,9 mm,547.95
A17916-20,Laird Technologies,Thermal Interface Products,Thermal Interface Products TFLEX B2200,,,,,1143.35
A17916-08,Laird Technologies,Thermal Interface Products,Thermal Interface Products TFLEX B280,,,,,552.83
A15754-04,Laird Technologies,Thermal Interface Products,Thermal Interface Products Tflex SF840,,,,,4837.63
A15323-01,Laird Technologies,Thermal Interface Products,"Thermal Interface Products Tflex 330 9"" x 9""",,,,,389.03
GP2500S20-0.125-02-0816,Bergquist Company,Thermal Interface Products,"Thermal Interface Products GAP PAD, S-Class, 8""x16"" Sheet, 0.125"" Thickness, GAP PAD TGP2400/2500S20",,,,,4446.65
GP2500S20-0.080-02-0816,Bergquist Company,Thermal Interface Products,"Thermal Interface Products GAP PAD, S-Class, 8""x16"" Sheet, 0.080"" Thickness, GAP PAD TGP2400/2500S20",,,,,3813.23
A17084-07,Laird Technologies,Thermal Interface Products,"Thermal Interface Products TGARD 500,A1",,,,,1276.28
A17633-05,Laird Technologies,Thermal Interface Products,Thermal Interface Products Tflex HD350 9x9,,,9 mm,9 mm,996.78
SP400-0.009-00-3,Bergquist Company,Thermal Interface Products,"Thermal Interface Products Sil-Pad, 0.009"" Thickness, 1.563x1.050"", Sil-Pad TSP900/400, IDH 2192639",,,1.563 mm,1.050 mm,20.15
A15330-01,Laird Technologies,Thermal Interface Products,"Thermal Interface Products Tflex 3100 9x9"" 1.2W/mK",1.2 W/m-K,,9 mm,9 mm,980.53
A17752-09,Laird Technologies,Thermal Interface Products,Thermal Interface Products Tflex HD92250 9x9,,,9 mm,9 mm,9418.5
A17883-07,Laird Technologies,Thermal Interface Products,Thermal Interface Products Tflex HD81750 9x9,,,9 mm,9 mm,4823.98
SPK4-0.006-00-104,Bergquist Company,Thermal Interface Products,"Thermal Interface Products The Original Polyimide-Based Insulator, 0.006"" Thickness, Sil-Pad TSP K900/K-4",,,,,8.78
A18444-09,Laird Technologies,Thermal Interface Products,"Thermal Interface Products 9x9IN, Tflex HD7.5,2.25",,,9 mm,9 mm,9549.15
A18444-07,Laird Technologies,Thermal Interface Products,"Thermal Interface Products 9x9IN, Tflex HD7.5,1.75",,,9 mm,9 mm,7826.98
AF500-265005,Same Sky,Thermal Interface Products,"Thermal Interface Products Thermal interface material, AF500, non-silicone- based, 26.25x50x0.5 mm",,0.5 mm,26.25 mm,50 mm,1579.5
A17916-12,Laird Technologies,Thermal Interface Products,Thermal Interface Products TFLEX B2120,,,,,730.93
SPT400-12-13.5-25,Bergquist Company,Thermal Interface Products,"Thermal Interface Products Heat Sink Pads, Silicone Based, Thermally Conductive Tubes, IDH 2188940",,,,,22.75
A17916-13,Laird Technologies,Thermal Interface Products,Thermal Interface Products TFLEX B2130,,,,,784.88
A17536-04,Laird Technologies,Thermal Interface Products,Thermal Interface Products Tflex HD740 18x18,,,18 mm,18 mm,6348.23
A17916-11,Laird Technologies,Thermal Interface Products,Thermal Interface Products Tflex B2110 9x9IN,,,9 mm,9 mm,686.73
SP900S-0.009-00-54,Bergquist Company,Thermal Interface Products,"Thermal Interface Products SIL PAD, Low-Pressure, 0.009"" Thickness, 19.05x12.7mm, TSP1600S/900S",,12.7 mm,19.05 mm,12.7 mm,9.1
SP900S-0.009-00-58,Bergquist Company,Thermal Interface Products,"Thermal Interface Products SIL PAD, Low-Pressure, 0.009"" Thickness, 19.05x12.70mm, TSP1600S/900S",,12.70 mm,19.05 mm,12.70 mm,10.4
SP400-0.009-00-90,Bergquist Company,Thermal Interface Products,"Thermal Interface Products Sil-Pad, 0.009"" Thickness, 21.84x18.80mm, Sil-Pad TSP900/400, IDH 2191308",,18.80 mm,21.84 mm,18.80 mm,7.8
A14696-05,Laird Technologies,Thermal Interface Products,"Thermal Interface Products Tpcm AL52,2,05,A0 9"" x 9""",,,,,1262.95
SP400-0.007-00-51,Bergquist Company,Thermal Interface Products,"Thermal Interface Products Sil-Pad, 0.007"" Thickness, 17.45x14.27mm, Sil-Pad TSP900/400, IDH 2191206",,14.27 mm,17.45 mm,14.27 mm,9.43
KK071CUT,Carlo Gavazzi,Thermal Interface Products,Thermal Interface Products THERMAL PAD GRAPHITE CUT 35MM*42MM(PACK 50PCS),,35 mm,,,2006.88
ACC-PX2X1-HC02,TDK-Lambda,Heat Sinks,Heat Sinks Heatsink kit PXD40/60 12.7mm fin with 2 clips and thermal pad,,12.7 mm,,,133.25
SP400-0.009-00-58,Bergquist Company,Thermal Interface Products,"Thermal Interface Products Sil-Pad, 0.009"" Thickness, 19.05x12.70mm, Sil-Pad TSP900/400, IDH 2191207",,12.70 mm,19.05 mm,12.70 mm,13.0
A18444-10,Laird Technologies,Thermal Interface Products,"Thermal Interface Products 9x9IN, Tflex HD7.5,2.50",,,9 mm,9 mm,10397.08
SP2000-0.015-00-122,Bergquist Company,Thermal Interface Products,"Thermal Interface Products Insulator, 0.015"" Thickness, 28.96x20.57mm, TO-220, SIL PAD TSP3500/2000",,20.57 mm,28.96 mm,20.57 mm,92.3
A14692-30,Laird Technologies,Thermal Interface Products,"Thermal Interface Products Tgard K52 1 0505 A0 11"" x 18""",,,,,1403.68
A15038102,Laird Technologies,Thermal Interface Products,"Thermal Interface Products TO-247 Insulator H0.140,T-gard 500-A1",,,,,14.3
ACC-PX2X1-HC01,TDK-Lambda,Heat Sinks,Heat Sinks Heatsink kit PXD40/60 7.62mm fin with 2 clips and thermal pad,,7.62 mm,,,133.25
SP400-0.007-00-50,Bergquist Company,Thermal Interface Products,"Thermal Interface Products Sil-Pad, 7 mil, Flame Retardant, 0.437x0.312"", Sil-Pad TSP900/400, IDH 2192658",,,0.437 mm,0.312 mm,12.35
A14950-04,Laird Technologies,Thermal Interface Products,"Thermal Interface Products Tflex 540 DC1 9x9"" 2.8W/mK gap filler",2.8 W/m-K,,9 mm,9 mm,1733.23
A14422-01,Laird Technologies,Thermal Interface Products,"Thermal Interface Products Tflex 6140 DC1 9x9"" 3.0W/mK gap filler",3.0 W/m-K,,9 mm,9 mm,7163.65
A17752-20,Laird Technologies,Thermal Interface Products,Thermal Interface Products Tflex HD95000 9x9,,,9 mm,9 mm,18142.48
A14704-22,Laird Technologies,Thermal Interface Products,"Thermal Interface Products Tgard K52,2,0505,A1 11"" x 18""",,,,,2327.33
A17690-12,Laird Technologies,Thermal Interface Products,"Thermal Interface Products Tflex HD7120,DC1 9x9",,,9 mm,9 mm,5975.13
GP3000S30-0.100-02-0816,Bergquist Company,Thermal Interface Products,"Thermal Interface Products GAP PAD, Conductive, Soft, 8""x16"" Sheet, 0.100"" Thickness, TGP3000/3000S30",,,,,4263.03
SP400-0.009-00-54,Bergquist Company,Thermal Interface Products,"Thermal Interface Products Sil-Pad, 0.009"" Thickness, 19.05x12.7mm, Sil-Pad TSP900/400",,12.7 mm,19.05 mm,12.7 mm,6.5
A18444-14,Laird Technologies,Thermal Interface Products,"Thermal Interface Products 9x9IN, Tflex HD7.5,3.50",,,9 mm,9 mm,14006.53
ACC-PX2X1-HC03,TDK-Lambda,Heat Sinks,Heat Sinks Heatsink kit PXD40/60 20.32mm fin with 2 clips and thermal pad,,20.32 mm,,,140.4
A18500-02,Laird Technologies,Thermal Interface Products,"Thermal Interface Products Tgard 208B,A0 17x17in",,,17 mm,17 mm,5214.95
A15754-08,Laird Technologies,Thermal Interface Products,"Thermal Interface Products Tflex SF880 9.0x9.0IN,",,,9.0 mm,9.0 mm,8091.53
GF3500S35-00-60-400CC,Bergquist Company,Thermal Interface Products,"Thermal Interface Products Thermally Conductive, Liquid Gap Filler, 400CC Kit, IDH 2550920, 2166520",,,,,16004.95
A10233-30,Laird Technologies,Thermal Interface Products,"Thermal Interface Products Tputty 502 40 FG2 9x9"" 3W/mK XSoft",3 W/m-K,,9 mm,9 mm,4210.05
GF3500S35-07-60-50CC,Bergquist Company,Thermal Interface Products,"Thermal Interface Products Liquid Gap Filler, 50CC Dual Cartridge, Gap Filler TGF 3600/3500S35, IDH 2166508",,,,,1708.2
A10237-21,Laird Technologies,Thermal Interface Products,"Thermal Interface Products Tputty 502 80 FG2 9x9"" 3W/mK XSoft",3 W/m-K,,9 mm,9 mm,7258.55
A15792-08,Laird Technologies,Thermal Interface Products,"Thermal Interface Products Tflex HR680 18"" x 18""",,,,,8781.5
A16104-01,Laird Technologies,Thermal Interface Products,"Thermal Interface Products Tflex HR610FG 9"" x 9""",,,,,484.25
A16104-03,Laird Technologies,Thermal Interface Products,"Thermal Interface Products Tflex HR630 9x9"" 3.0W/mK gap filler",3.0 W/m-K,,9 mm,9 mm,1122.55
A15036008,Laird Technologies,Thermal Interface Products,"Thermal Interface Products TO-3,2 PIN Insulator H.093 T-gard K52-1",,,,,35.1
A15038105,Laird Technologies,Thermal Interface Products,"Thermal Interface Products TO-247 Insulator H0.140,T-gard K52-2",,,,,33.15
SP900S-0.009-AC-54,Bergquist Company,Thermal Interface Products,"Thermal Interface Products SIL PAD, Low-Pressure, 0.009"" Thickness, 1 Side Adhesive, 19.05x12.7mm",,12.7 mm,19.05 mm,12.7 mm,9.1
GP3004SF-0.040-01-0918,Bergquist Company,Thermal Interface Products,"Thermal Interface Products GAP PAD, Sil-Free, 9""x18"" Sheet, 0.040"" Thickness, 1 Side Tack, TGP3004SF/3004SF",,,,,24176.1
GP3004SF-0.080-01-0918,Bergquist Company,Thermal Interface Products,"Thermal Interface Products GAP PAD, Sil-Free, 9""x18"" Sheet, 0.080"" Thickness, 1 Side Tack, TGP3004SF/3004SF",,,,,31548.08
GP3004SF-0.060-01-0918,Bergquist Company,Thermal Interface Products,"Thermal Interface Products GAP PAD, Sil-Free, 9""x18"" Sheet, 0.060"" Thickness, 1 Side Tack, TGP3004SF/3004SF",,,,,27778.08
GP3000S30-0.125-02-0816,Bergquist Company,Thermal Interface Products,"Thermal Interface Products GAP PAD, Conductive, Soft, 8""x16"" Sheet, 0.125"" Thickness, IDH 2166303",,,,,5310.18
A17669-010,Laird Technologies,Thermal Interface Products,Thermal Interface Products Tflex UT20250 18 x 18,,,18 mm,18 mm,2504.78
A17633-20,Laird Technologies,Thermal Interface Products,Thermal Interface Products Tflex HD3200 9x9,,,9 mm,9 mm,3255.53
A17653-05,Laird Technologies,Thermal Interface Products,Thermal Interface Products Tflex HD750 9x9,,,9 mm,9 mm,2108.28
A17653-20,Laird Technologies,Thermal Interface Products,Thermal Interface Products Tflex HD7200 9x9 in,,,9 mm,9 mm,9615.78
A17633-12,Laird Technologies,Thermal Interface Products,Thermal Interface Products Tflex HD3120 9x9,,,9 mm,9 mm,2070.58
TGP7000ULM-0.060-02-0808,Bergquist Company,Thermal Interface Products,"Thermal Interface Products GAP PAD, 7W/m-K, 8"" x 8"" Sheet, 0.060"" Thickness, TGP7000ULM, IDH 2474875",7 W/m-K,,,,5015.73
40105010,Wurth Elektronik,Thermal Interface Products,Thermal Interface Products WE-TGF Thml Rein Pad 200mm x 400mm x 1mm,,200 mm,,,3912.03
A18863-02,Laird Technologies,Thermal Interface Products,Thermal Interface Products Tputty SF560 Cartridge180cc Net 159cc EFD,,,,,4352.08
A14696-04,Laird Technologies,Thermal Interface Products,"Thermal Interface Products Tpcm AL52,2,05,A0 12"" x 18""",,,,,1658.8
A15754-02,Laird Technologies,Thermal Interface Products,Thermal Interface Products TFLEX SF820,,,,,1683.83
A12630-01,Laird Technologies,Thermal Interface Products,"Thermal Interface Products Tflex 6160 9x9"" 3.0W/mK gap filler",3.0 W/m-K,,9 mm,9 mm,8298.55
A17633-02,Laird Technologies,Thermal Interface Products,Thermal Interface Products Tflex HD320 9x9,,,9 mm,9 mm,513.18
A14692-32,Laird Technologies,Thermal Interface Products,"Thermal Interface Products Tgard K52 3 0505 A0 11"" x 18""",,,,,2017.6
GF1500LV-00-120-50CC,Bergquist Company,Thermal Interface Products,"Thermal Interface Products Liquid Gap Filler, 50CC Dual Cartridge, TGF 1500LVO/1500LV, IDH 2179523",,,,,1231.43
A15038008,Laird Technologies,Thermal Interface Products,"Thermal Interface Products TO-247 Insulator H0.140,T-gard K52-1",,,,,35.1
A15038108,Laird Technologies,Thermal Interface Products,"Thermal Interface Products TO-247 Insulator H0.140,T-gard K52-1",,,,,33.15
GP3004SF-0.023-01-0918,Bergquist Company,Thermal Interface Products,"Thermal Interface Products GAP PAD, Sil-Free, 9""x18"" Sheet, 0.023"" Thickness, 1 Side Tack, TGP3004SF/3004SF",,,,,17520.1
16495,Vicor,Thermal Interface Products,Thermal Interface Products VI-700 +PAD C/F -,,,,,155.03
A15037106,Laird Technologies,Thermal Interface Products,"Thermal Interface Products TO-220 Insulator H0.125,T-pcm AL52-A1",,,,,6.5
26532720N,Crouzet,Relay Sockets & Fixings,"Relay Sockets & Fixings SSR Accessory, Thermal Pad, Pre-cut",,,,,73.13
A17634-05,Laird Technologies,Thermal Interface Products,"Thermal Interface Products Tflex HD350,DC1 9x9",,,9 mm,9 mm,1091.35
A17634-16,Laird Technologies,Thermal Interface Products,Thermal Interface Products Tflex HD3160 DC1 9.00x9.00 in,,,9.00 mm,9.00 mm,2917.85
A17690-03,Laird Technologies,Thermal Interface Products,Thermal Interface Products Tflex HD730 DC1 9x9 IN,,,9 mm,9 mm,1436.18
TGF3000SF-00-1500-400CC,Bergquist Company,Thermal Interface Products,"Thermal Interface Products Gap Filler, 2-Part, Sil-Free, Room Temp Cure, 3W/mK, 400ml Cartridge, TGF3000SF",3 W/m-K,,,,10324.6
404035125,Wurth Elektronik,Thermal Interface Products,Thermal Interface Products WE-TINS Thml Ind Pad 60mm x 60mm x 0.25mm,,60 mm,,,580.13
40102010,Wurth Elektronik,Thermal Interface Products,Thermal Interface Products WE-TGF Thml Rein Pad 200mm x 400mm x 1mm,,200 mm,,,1996.8
40101020,Wurth Elektronik,Thermal Interface Products,Thermal Interface Products WE-TGF 1W Rectangle 400x200x2mm,,2 mm,400 mm,200 mm,1526.53
A16367-02,Laird Technologies,Thermal Interface Products,"Thermal Interface Products Tflex SF620 DF 8.5"" x 9.0""",,,,,1753.7
A15432-112,Laird Technologies,Thermal Interface Products,Thermal Interface Products Thermal Pad Gray 21.84mm x 18.79mm Rectangular,,21.84 mm,,,4245.48
A17634-12,Laird Technologies,Thermal Interface Products,"Thermal Interface Products Tflex HD3120,DC1 9x9",,,9 mm,9 mm,2263.63
GF1500-00-60-50cc,Bergquist Company,Thermal Interface Products,"Thermal Interface Products Gap Filler, 2-Part, No Spacer Beads, Pot Life=60m, 50cc, Gap Filler TGF1500/1500",,,,,1082.25
A12617-25,Laird Technologies,Thermal Interface Products,"Thermal Interface Products Tflex 630 18x18"" 3.0W/mK gap filler",3.0 W/m-K,,18 mm,18 mm,6683.3
GPVO-0.125-AC-0816,Bergquist Company,Thermal Interface Products,"Thermal Interface Products GAP PAD, 8""x16"" Sheet, 0.125"" Thickness, 1 Side Adhesive, TGP800VO/VO",,,,,3545.75
A15328-03,Laird Technologies,Thermal Interface Products,"Thermal Interface Products Tflex 380 DC1 9x9"" 1.2W/mK",1.2 W/m-K,,9 mm,9 mm,969.15
A14563-01,Laird Technologies,Thermal Interface Products,"Thermal Interface Products Tflex 590 9x9"" 2.8W/mK gap filler",2.8 W/m-K,,9 mm,9 mm,3226.6
A15322-01,Laird Technologies,Thermal Interface Products,"Thermal Interface Products Tflex 320 9x9"" 1.2W/mK",1.2 W/m-K,,9 mm,9 mm,357.83
A17883-20,Laird Technologies,Thermal Interface Products,Thermal Interface Products Tflex HD85000 9x9,,,9 mm,9 mm,11876.15
GF1000-00-15-50cc,Bergquist Company,Thermal Interface Products,"Thermal Interface Products Gap Filler, 2-Part, No Spacer Beads, Pot Life=15m, 50cc, Gap Filler TGF1000/1000",,,,,778.38
A18053-10,Laird Technologies,Thermal Interface Products,Thermal Interface Products TFLEX 3100TG,,,,,942.83
SPK10-0.006-AC-54,Bergquist Company,Thermal Interface Products,"Thermal Interface Products Insulator, 0.006"" Thickness, SIL PAD TSPK1300/K-10, BG80154, IDH 2167647",,,,,40.95
GF4000-00-240-50cc,Bergquist Company,Thermal Interface Products,"Thermal Interface Products Gap Filler, 2-Part, No Spacer Beads, Pot Life=240m, 50cc, IDH 2167392",,,,,1910.03
HSP-3,Crydom,Thermal Interface Products,Thermal Interface Products Accessory Non-adhesv thermal pad for SSR,,,,,372.78
A15037002,Laird Technologies,Thermal Interface Products,"Thermal Interface Products TO-220 Insulator H0.125,T-gard 500-A0",,,,,27.63
A10263-01,Laird Technologies,Thermal Interface Products,"Thermal Interface Products Tpli 215 FG A0 8x8"" 6 W/mK gap filler",6 W/m-K,,8 mm,8 mm,2318.88
A15332-01,Laird Technologies,Thermal Interface Products,"Thermal Interface Products Tflex 3120 9"" x 9"" x 0.120""",,,,,1099.8
A14567-01,Laird Technologies,Thermal Interface Products,"Thermal Interface Products Tflex 5130 9x9"" 2.8W/mK gap filler",2.8 W/m-K,,9 mm,9 mm,4389.78
A12619-01,Laird Technologies,Thermal Interface Products,"Thermal Interface Products Tflex 650 9x9"" 3.0W/mK gap filler",3.0 W/m-K,,9 mm,9 mm,2830.75
PLX-1-6-76X127-48,Wakefield Thermal,Thermal Interface Products,"Thermal Interface Products ulTIMiFlux Gap Pad, Silicone, 1mm Thickness, 6 W/mK, 76x127mm, Grey",6 W/m-K,1 mm,76 mm,127 mm,916.5
PLX-1-5-210X310-40,Wakefield Thermal,Thermal Interface Products,"Thermal Interface Products ulTIMiFlux Gap Pad, Silicone, 1mm Thickness, 5 W/m-K, 210x310mm, Grey",5 W/m-K,1 mm,210 mm,310 mm,3718.98
A15038006,Laird Technologies,Thermal Interface Products,Thermal Interface Products,,,,,14.95
PLX-1-8-76x127-40,Wakefield Thermal,Thermal Interface Products,"Thermal Interface Products ulTIMiFlux Gap Pad, Silicone, 1mm Thickness, 8 W/mK, 76x127mm, Grey",8 W/m-K,1 mm,76 mm,127 mm,1532.05
PLX-1-7-76X127-68,Wakefield Thermal,Thermal Interface Products,"Thermal Interface Products ulTIMiFlux Gap Pad, Silicone, 1mm Thickness, 7 W/mK, 76x127mm, Grey",7 W/m-K,1 mm,76 mm,127 mm,1051.7
PL-1-10-76X127-55,Wakefield Thermal,Thermal Interface Products,"Thermal Interface Products ulTIMiFlux Gap Pad, Silicone, 1mm Thickness, 10 W/mK, 76.2x127mm, Grey",10 W/m-K,1 mm,76.2 mm,127 mm,1949.35
SPK6-0.006-00-54,Bergquist Company,Thermal Interface Products,"Thermal Interface Products Kapton-Based Insulator, 0.006"" Thickness, SIL PAD TSPK1100/K-6, K6-54, BG70054",,,,,16.9
A14950-02,Laird Technologies,Thermal Interface Products,"Thermal Interface Products Tflex 520 DC1 9x9"" 2.8W/mK gap filler",2.8 W/m-K,,9 mm,9 mm,1096.88
A10080-01,Laird Technologies,Thermal Interface Products,"Thermal Interface Products Tpli 220 A0 8x8"" 6 W/mK gap filler",6 W/m-K,,8 mm,8 mm,2341.63
A15338-01,Laird Technologies,Thermal Interface Products,"Thermal Interface Products Tflex 3180 9x9"" 1.2W/mK",1.2 W/m-K,,9 mm,9 mm,1548.63
A10264-01,Laird Technologies,Thermal Interface Products,"Thermal Interface Products Tpli 225 AO 8 x 8""",,,8 mm,8 mm,2891.2
A10265-02,Laird Technologies,Thermal Interface Products,"Thermal Interface Products Tpli 225,A1 8"" x 8""",,,,,3032.58
A14558-02,Laird Technologies,Thermal Interface Products,"Thermal Interface Products Tflex 540 18x18"" 2.8W/mK gap filler",2.8 W/m-K,,18 mm,18 mm,6187.03
A15326-03,Laird Technologies,Thermal Interface Products,"Thermal Interface Products Tflex 360 DC1 9x9"" 1.2W/mK",1.2 W/m-K,,9 mm,9 mm,784.55
402150101020,Wurth Elektronik,Thermal Interface Products,Thermal Interface Products WE-PCM Phase Change Material,,,,,494.0
A16300-00,Laird Technologies,Thermal Interface Products,"Thermal Interface Products Kit, Tgon 805,A0 62mm x 62mm",,62 mm,,,21.78
HD740,Laird Technologies,Thermal Interface Products,Thermal Interface Products,,,,,6416.8
T-GON810-A1-RZ,Carlo Gavazzi,Thermal Interface Products,Thermal Interface Products RZ GRAPHITE THERMAL PAD,,,,,417.95
A12621-02,Laird Technologies,Thermal Interface Products,"Thermal Interface Products Tflex 670 9x9"" 3.0W/mK gap filler",3.0 W/m-K,,9 mm,9 mm,3758.95
A12616-19,Laird Technologies,Thermal Interface Products,"Thermal Interface Products Tflex 620 DC1 9x9"" 3.0W/mK gap filler",3.0 W/m-K,,9 mm,9 mm,1467.05
A16301-00,Laird Technologies,Thermal Interface Products,"Thermal Interface Products Tgon 805,A0 152mm x 152mm",,152 mm,,,306.8
A12619-19,Laird Technologies,Thermal Interface Products,"Thermal Interface Products Tflex 650 DC1 9x9"" 3.0W/mK gap filler",3.0 W/m-K,,9 mm,9 mm,2834.98
A14559-01,Laird Technologies,Thermal Interface Products,"Thermal Interface Products Tflex 550 9x9"" 2.8W/mK gap filler",2.8 W/m-K,,9 mm,9 mm,1994.53
A10874-01,Laird Technologies,Thermal Interface Products,"Thermal Interface Products Tputty 502 30 FG2 9x9"" 3W/mK XSoft",3 W/m-K,,9 mm,9 mm,3318.58
PLX-1-2-210X310-80,Wakefield Thermal,Thermal Interface Products,"Thermal Interface Products ulTIMiFlux Gap Pad, Silicone, 1mm Thickness, 2 W/mK, 210x310mm, Grey",2 W/m-K,1 mm,210 mm,310 mm,1328.6
PLX-1-1.5-210X310-40,Wakefield Thermal,Thermal Interface Products,"Thermal Interface Products ulTIMiFlux Gap Pad, Silicone, 1mm Thickness, 1.5 W/mK, 210x310mm, White",1.5 W/m-K,1 mm,210 mm,310 mm,1186.25
SP2000-0.020-00-1212,Bergquist Company,Thermal Interface Products,"Thermal Interface Products Insulator, 12"" x 12"" Sheet, 0.020"" Thickness, SIL PAD TSP3500/2000, IDH 2165813",,,,,7749.95
SP800-0.005-AC-1212,Bergquist Company,Thermal Interface Products,"Thermal Interface Products Sil-Pad, Low-Pressure, 12""x12"" Sheet, 0.005"" Thickness, 1 Side Adhesive",,,,,807.3
A16872-03,Laird Technologies,Thermal Interface Products,"Thermal Interface Products TPUTTY 403 CARTRIDGE, 180CC",,,,,4261.4
SP800-0.005-00-1212,Bergquist Company,Thermal Interface Products,"Thermal Interface Products Insulator, Low-Pressure, 12""x12"" Sheet, 0.005"" Thickness, Sil-Pad TSP1600/800",,,,,524.23
A17653-08,Laird Technologies,Thermal Interface Products,Thermal Interface Products Tflex HD780 9x9,,,9 mm,9 mm,3227.9
A12634-01,Laird Technologies,Thermal Interface Products,"Thermal Interface Products Tflex 6200 9x9"" 3.0W/mK gap filler",3.0 W/m-K,,9 mm,9 mm,10159.83
A16205-02,Laird Technologies,Thermal Interface Products,"Thermal Interface Products Tflex HR620,DC1 18x18IN,",,,18 mm,18 mm,2980.25
A16872-04,Laird Technologies,Thermal Interface Products,Thermal Interface Products TPUTTY 403 CARTRIDGE,,,,,6831.18
A12626-03,Laird Technologies,Thermal Interface Products,"Thermal Interface Products Tflex 6120 9x9"" 3.0W/mK gap filler",3.0 W/m-K,,9 mm,9 mm,6029.08
A12616-01,Laird Technologies,Thermal Interface Products,"Thermal Interface Products TFLEX 620 9X9"" 3.0W/Mk gap filler",3.0 W/m-K,,9 mm,9 mm,1417.65
A17633-03,Laird Technologies,Thermal Interface Products,Thermal Interface Products Tflex HD330 9x9,,,9 mm,9 mm,677.95
A17927-16,Laird Technologies,Thermal Interface Products,Thermal Interface Products Tflex B2160MFG 18x18IN,,,18 mm,18 mm,3600.03
HSP-7,Crydom,Relay Sockets & Fixings,Relay Sockets & Fixings Thermal Pad for PM22 SSRs Non-Adhesive,,,,,44.85
A17653-10,Laird Technologies,Thermal Interface Products,Thermal Interface Products Tflex HD7100 9x9 in,,,9 mm,9 mm,4199.33
A15038005,Laird Technologies,Thermal Interface Products,"Thermal Interface Products TO-247 Insulator H0.140,T-gard K52-2",,,,,30.88
GP1500R-0.020-02-0816,Bergquist Company,Thermal Interface Products,"Thermal Interface Products GAP PAD, Conductive, Reinforced, 8""x16"" Sheet, TGP1500R/1500R",,,,,966.88
GP1500-0.060-02-0816,Bergquist Company,Thermal Interface Products,"Thermal Interface Products GAP PAD, Conductive, Unreinforced, 8""x16"" Sheet, 0.060"" Thickness, TGP1500/1500",,,,,1000.03
GP1500R-0.015-02-0816,Bergquist Company,Thermal Interface Products,"Thermal Interface Products GAP PAD, Conductive, Reinforced, 8""x16"" Sheet, 0.015"" Thickness, TGP1500R/1500R",,,,,1391.98
7717-156DAPG,Aavid,Heat Sinks,"Heat Sinks Semiconductor Mounting Pad for IC, Rectangular, DAP, 14-DIP, 19.05x11.43x1.28mm",,1.28 mm,19.05 mm,11.43 mm,65.33
A17653-13,Laird Technologies,Thermal Interface Products,Thermal Interface Products Tflex HD7130 9x9 in,,,9 mm,9 mm,5834.08
A18196-16,Laird Technologies,Thermal Interface Products,Thermal Interface Products Tpcm 5400 18x18in,,,18 mm,18 mm,2406.95
PLF-1-1-76X127-40,Wakefield Thermal,Thermal Interface Products,"Thermal Interface Products ulTIMiFlux Gap Pad, Silicone-Free, 1mm Thickness, 1 W/m-K, 76x127mm, White",1 W/m-K,1 mm,76 mm,127 mm,358.15
PLF-1-3-76X127-70,Wakefield Thermal,Thermal Interface Products,"Thermal Interface Products ulTIMiFlux Gap Pad, Silicone-Free, 1mm Thickness, 3 W/m-K, 76x127mm, White",3 W/m-K,1 mm,76 mm,127 mm,666.25
402116302020,Wurth Elektronik,Thermal Interface Products,Thermal Interface Products WE-PCM Phs Chge Mtrl 300mm x 200mm x .2mm,,300 mm,,,1125.15
BP100-0.005-00-1112,Bergquist Company,Thermal Interface Products,"Thermal Interface Products Adhesive Tape, 11""x12"" Sheet, 0.005"" Thickness, Bond-Ply TBP850/100, IDH 2166079",,,,,551.2
A10464-07,Laird Technologies,Thermal Interface Products,"Thermal Interface Products Tgon 820,A0 18"" x 24""",,,,,1152.78
SPK10-0.006-00-114,Bergquist Company,Thermal Interface Products,"Thermal Interface Products Insulator, 0.006"" Thickness, 21.01x24mm, SIL PAD TSPK1300/K-10, IDH 2192529",,24 mm,21.01 mm,24 mm,50.7
SP900S-0.009-00-114,Bergquist Company,Thermal Interface Products,"Thermal Interface Products SIL PAD, Low-Pressure, 0.009"" Thickness, 21.01x24mm, TSP1600S/900S, IDH 2191266",,24 mm,21.01 mm,24 mm,19.5
SPK10-0.006-00-43,Bergquist Company,Thermal Interface Products,"Thermal Interface Products Insulator, 0.006"" Thickness, 19.05x12.7mm, SIL PAD TSPK1300/K-10, IDH 2167643",,12.7 mm,19.05 mm,12.7 mm,27.63
SPK10-0.006-00-05,Bergquist Company,Thermal Interface Products,"Thermal Interface Products Insulator, 0.006"" Thickness, 1.650x1.140"", SIL PAD TSPK1300/K-10, IDH 2192498",,,1.650 mm,1.140 mm,74.1
PLF-1-8-76X127-70,Wakefield Thermal,Thermal Interface Products,"Thermal Interface Products ulTIMiFlux Gap Pad, Silicone-Free, 1mm Thickness, 8 W/mK, 76.2x127mm, Grey",8 W/m-K,1 mm,76.2 mm,127 mm,2931.83
A15038106,Laird Technologies,Thermal Interface Products,"Thermal Interface Products TO-247 Insulator H0.140,T-pcm AL52-A1",,,,,21.78
RZHT,Carlo Gavazzi,Thermal Interface Products,Thermal Interface Products THERMAL PAD FOR RZ (PACK OF 10),,,,,3458.0
SP1000-0.009-00-103,Bergquist Company,Thermal Interface Products,"Thermal Interface Products Sil-Pad, 0.009"" Thickness, No Adhesive, 0.75x0.8"", 0.16"" Diameter Hole",,,0.75 mm,0.8 mm,50.05
A17928-12,Laird Technologies,Thermal Interface Products,Thermal Interface Products Tflex B2120MFG 9x9IN,,,9 mm,9 mm,738.4
A10222-02,Laird Technologies,Thermal Interface Products,"Thermal Interface Products Tpli 240 FG A1 8x8"" 6 W/mK gap filler",6 W/m-K,,8 mm,8 mm,4113.85
SP900S-0.009-00-90,Bergquist Company,Thermal Interface Products,"Thermal Interface Products SIL PAD, Low-Pressure, 0.009"" Thickness, 21.84x18.80mm, TSP1600S/900S",,18.80 mm,21.84 mm,18.80 mm,17.55
404016115,Wurth Elektronik,Thermal Interface Products,Thermal Interface Products WE-TINS Thml Ind Pad 65mm x 65mm x 0.23mm,,65 mm,,,125.78
A14412-02,Laird Technologies,Thermal Interface Products,"Thermal Interface Products Tflex 640 DC1 18x18"" 3.0W/mK gap filler",3.0 W/m-K,,18 mm,18 mm,8189.03
A14562-01,Laird Technologies,Thermal Interface Products,"Thermal Interface Products T-flex 580 9"" X 9"" X 0.080""",,,,,2891.53
1481,Adafruit,Adafruit Accessories,Adafruit Accessories Electric Heating Pad,,,,,193.38
A10095-13,Laird Technologies,Thermal Interface Products,"Thermal Interface Products Tpli 230 A1 16x16"" 6 W/mK gap filler",6 W/m-K,,16 mm,16 mm,12307.43
A18444-18,Laird Technologies,Thermal Interface Products,"Thermal Interface Products 9x9IN, Tflex HD7.5,4.50",,,9 mm,9 mm,17391.4
SPK4-0.006-00-54,Bergquist Company,Thermal Interface Products,"Thermal Interface Products Insulator, 0.006"" Thickness, 19.05x12.7mm, SIL PAD TSPK900/K-4, IDH 2192543",,12.7 mm,19.05 mm,12.7 mm,7.8
A15037005,Laird Technologies,Thermal Interface Products,"Thermal Interface Products TO-220 Insulator H0.125,T-gard K52-2",,,,,26.65
SP900S-0.009-00-2,Bergquist Company,Thermal Interface Products,"Thermal Interface Products SIL PAD, Low-Pressure, 0.009"" Thickness, 1.78x1.25"", TSP1600S/900S, IDH 2191183",,,1.78 mm,1.25 mm,45.5
TGF15-07870787-079,LeaderTech,Thermal Interface Products,Thermal Interface Products Thermal Gap Filler Pink 1.5W/m-K,1.5 W/m-K,,,,1139.13
EYG-S0918ZLX2,Panasonic,Thermal Interface Products,Thermal Interface Products Sheet: 90x180mm,,180 mm,90 mm,180 mm,902.85
A10104-01,Laird Technologies,Thermal Interface Products,"Thermal Interface Products Tpli 2120 A0 8x8"" 6 W/mK gap filler",6 W/m-K,,8 mm,8 mm,10415.6
57GF10500500500100,Laird Technologies,Thermal Interface Products,Thermal Interface Products GOF2000 THERMAL GASKET,,,,,6.5
A14428-01,Laird Technologies,Thermal Interface Products,"Thermal Interface Products Tflex 6200 DC1 9x9"" 3.0W/mK gap filler",3.0 W/m-K,,9 mm,9 mm,10214.43
53-77-9ACG,Aavid,Thermal Interface Products,"Thermal Interface Products Thermalsil III Pad for TO220, Sil Rubber, 18.42x13.21x 0.152mm, Adhesive-1 Side",,0.152 mm,18.42 mm,13.21 mm,33.8
A17820-06,Laird Technologies,Thermal Interface Products,"Thermal Interface Products TFLEX HD91500,DC1 9X9IN",,,9 mm,9 mm,6541.93
EYG-R0909ZRX2,Panasonic,Thermal Interface Products,Thermal Interface Products 90 mmx90 mmx0.35 mm200 W/m-K - 55 C+ 400 C,200 W/m-K,90 mm,,,601.58
EYG-S182310DP,Panasonic,Thermal Interface Products,Thermal Interface Products 100um 180 x 230mm 400C,,230 mm,180 mm,230 mm,1970.15
A16056-03,Laird Technologies,Thermal Interface Products,"Thermal Interface Products Tflex HR630 DC1 9x9"" 3.0W/mK gap filler",3.0 W/m-K,,9 mm,9 mm,1232.73
EYG-S0611ZLWH,Panasonic,Thermal Interface Products,Thermal Interface Products Soft PGS - IGBT Mod Mitsubishi Elec.,,,,,311.35
COH-1706 t1.0,Taica,Thermal Interface Products,"Thermal Interface Products Gap Pad, 3.8 W/mK, Square, 410x410mm, 1mm Thick, Both Sides Tacky, Alpha Gel",3.8 W/m-K,410 mm,410 mm,410 mm,1612.0
TGN1300-01180118-010-1PC,LeaderTech,Thermal Interface Products,"Thermal Interface Products Thermally conductive graphene, 130 W/m-K, 0.118""x0.118""x0.010""",130 W/m-K,,,,2517.78
57GF10500260500100,Laird Technologies,Thermal Interface Products,Thermal Interface Products GOF1000 5.0mm x 5.0mm x 2.6mm,,5.0 mm,,,6.18
A17682-010,Laird Technologies,Thermal Interface Products,Thermal Interface Products Tflex UT20250 9 x 9,,,9 mm,9 mm,676.98
57GF10500100500100,Laird Technologies,Thermal Interface Products,Thermal Interface Products GOF2000 THERMAL GASKET,,,,,6.5
A10099-02,Laird Technologies,Thermal Interface Products,"Thermal Interface Products Tpli 270 A1 8x8"" 6 W/mK gap filler",6 W/m-K,,8 mm,8 mm,6179.88
A18238-04,Laird Technologies,Thermal Interface Products,"Thermal Interface Products TFLEX SF10DF,1.00",,,,,6006.98
A18238-06,Laird Technologies,Thermal Interface Products,"Thermal Interface Products TFLEX SF10DF,1.50 229X229MM",,229 mm,229 mm,229 mm,7151.3
TGN900-01180118-010-1PC,LeaderTech,Thermal Interface Products,"Thermal Interface Products Thermally conductive graphene, 90 W/m-K, 0.118""x0.118""x0.010""",90 W/m-K,,,,1406.28
COH-1706 t2.0,Taica,Thermal Interface Products,"Thermal Interface Products Gap Pad, 3.8 W/mK, Square, 410x410mm, 2mm Thick, Both Sides Tacky, Alpha Gel",3.8 W/m-K,410 mm,410 mm,410 mm,3100.83
A17747-20,Laird Technologies,Thermal Interface Products,Thermal Interface Products Tflex P3200 9.00x9.0 0in,,,9.00 mm,9.0 mm,8451.95
A17747-05,Laird Technologies,Thermal Interface Products,Thermal Interface Products Tflex P350 9.00x9.00 in,,,9.00 mm,9.00 mm,2437.18
EYG-S1818ZLX2,Panasonic,Thermal Interface Products,Thermal Interface Products Sheet: 180x180mm,,180 mm,180 mm,180 mm,1881.75
A14556-01,Laird Technologies,Thermal Interface Products,"Thermal Interface Products T-flex 520 9"" X 9"" X 0.020""",,,,,1020.83
TGN700-01180118-010-1PC,LeaderTech,Thermal Interface Products,"Thermal Interface Products Thermally conductive graphene, 70 W/m-K, 0.118""x0.118""x0.010""",70 W/m-K,,,,1422.85
TCI800-01180118-010-1PC,LeaderTech,Thermal Interface Products,"Thermal Interface Products Thermally conductive indium, 80 W/m-K, 0.118""x0.118""x0.010""",80 W/m-K,,,,1422.85
7717-21DAPG,Aavid,Heat Sinks,"Heat Sinks Semiconductor Mounting Pad, Circular, Dialyl Phthalate (DAP), 6.99x12.70mm",,12.70 mm,6.99 mm,12.70 mm,94.58
A16104-12,Laird Technologies,Thermal Interface Products,"Thermal Interface Products Tflex HR6120 9x9"" 3.0W/mK gap filler",3.0 W/m-K,,9 mm,9 mm,3317.6
A17682-011,Laird Technologies,Thermal Interface Products,Thermal Interface Products Tflex UT20275 9 x 9,,,9 mm,9 mm,749.78
A17747-06,Laird Technologies,Thermal Interface Products,Thermal Interface Products Tflex P360 9.00x9.00 in,,,9.00 mm,9.00 mm,2811.9
402116101020,Wurth Elektronik,Thermal Interface Products,Thermal Interface Products WE-PCM Phs Chge Mtrl 100mm x 100mm x .2mm,,100 mm,,,226.53
A17156-04,Laird Technologies,Thermal Interface Products,Thermal Interface Products Tflex HD340 18.00x18.00in,,,18.00 mm,18.00 mm,3102.45
A17689-10,Laird Technologies,Thermal Interface Products,Thermal Interface Products Tflex HD7100 DC1 18x18 IN,,,18 mm,18 mm,15786.55
43-66-2G,Aavid,Thermal Interface Products,"Thermal Interface Products Thermalfilm for TO-66, 0.05mm Thickness, 33.32x19.35mm",,0.05 mm,33.32 mm,19.35 mm,282.43
A14692-31,Laird Technologies,Thermal Interface Products,"Thermal Interface Products Tgard K52 2 0505 A0 11"" x 18""",,,,,2075.45
TGF3000SF-00-1500-50CC,Bergquist Company,Thermal Interface Products,"Thermal Interface Products Gap Filler, 2-Part, Sil-Free, Room Temp Cure, 3W/mK, 50ml Cartridge, TGF3000SF",3 W/m-K,,,,1583.4
HS50-TP2,Ohmite,Thermal Interface Products,Thermal Interface Products HS50 RESISTOR THERMAL PAD,,,,,102.7
A17690-09,Laird Technologies,Thermal Interface Products,Thermal Interface Products Tflex HD790 DC1 9x9 IN,,,9 mm,9 mm,4029.35
A15036002,Laird Technologies,Thermal Interface Products,"Thermal Interface Products TO-3,2 PIN, 1.6X1.14 H.093 T-gard 500-A0",,,1.6 mm,1.14 mm,31.53
TCF200-01180118-020-1PC,LeaderTech,Thermal Interface Products,"Thermal Interface Products Thermally conductive carbon fiber gap filler, 20 W/m-K, 0.118""x0.118""x0.020""",20 W/m-K,,,,527.8
A18053-03,Laird Technologies,Thermal Interface Products,Thermal Interface Products Tflex 330TG  9x9in,,,9 mm,9 mm,572.65
TCF160-01180118-020-1PC,LeaderTech,Thermal Interface Products,"Thermal Interface Products Thermally conductive carbon fiber gap filler, 16 W/m-K, 0.118""x0.118""x0.020""",16 W/m-K,,,,626.28
RHS112A,Carlo Gavazzi,Heat Sinks,Heat Sinks SSR 1/3PH DIN-RAIL H.SINK 112X80MM + PAD BBR,,80 mm,112 mm,80 mm,2809.63
A15038-002,Laird Technologies,Thermal Interface Products,"Thermal Interface Products Tgard 500,A0 Kit TO247",,,,,67.28
A18053-02,Laird Technologies,Thermal Interface Products,Thermal Interface Products TFLEX 320TG,,,,,491.73
A17883-13,Laird Technologies,Thermal Interface Products,Thermal Interface Products Tflex HD83250 9x9,,,9 mm,9 mm,8680.43
A14410-02,Laird Technologies,Thermal Interface Products,"Thermal Interface Products Tflex 620FG,DC1 18x18in,",,,18 mm,18 mm,5531.18
A17751-02,Laird Technologies,Thermal Interface Products,Thermal Interface Products TFLEX HD90500,,,,,8337.23
RHS45C,Carlo Gavazzi,Heat Sinks,Heat Sinks SSR 1PH DIN RAIL HEAT SINK 45X55MM + PAD BBR,,55 mm,45 mm,55 mm,1296.75
RHS90A,Carlo Gavazzi,Heat Sinks,Heat Sinks SSR 1PH DIN RAIL HEAT SINK 90X80MM + PAD BBR,,80 mm,90 mm,80 mm,2439.13
PL-1-5-76X127-60,Wakefield Thermal,Thermal Interface Products,"Thermal Interface Products ulTIMiFlux Gap Pad, Silicone, 1mm Thickness, 5 W/m-K, 76.2x127mm, Brown",5 W/m-K,1 mm,76.2 mm,127 mm,615.55
GP1450-0.020-01-0816,Bergquist Company,Thermal Interface Products,"Thermal Interface Products GAP PAD, Reworkable, 8""x16"" Sheet, 0.020"" Thickness, TGP1350/1450",,,,,984.1
SPK10-0.006-00-24,Bergquist Company,Thermal Interface Products,"Thermal Interface Products Insulator, 0.006"" Thickness, SIL PAD TSPK1300/K-10, K10-24, BG80024, IDH 2192501",,,,,77.68
PL-1-8-76X127-50,Wakefield Thermal,Thermal Interface Products,"Thermal Interface Products ulTIMiFlux Gap Pad, Silicone, 1mm Thickness, 8 W/mK, 76.2x127mm, Grey",8 W/m-K,1 mm,76.2 mm,127 mm,1338.03
TGF40-07870787-020,LeaderTech,Thermal Interface Products,Thermal Interface Products 4W/m-K 200*200*0.5 TGF40 Purple,4 W/m-K,,200 mm,200 mm,3343.93
TGF60-07870787-020,LeaderTech,Thermal Interface Products,Thermal Interface Products 6W/m-K 200*200*0.5 TGF60 Gray,6 W/m-K,,200 mm,200 mm,10070.13
EYG-S0305ZLSM,Panasonic,Thermal Interface Products,Thermal Interface Products Soft PGS - IGBT Mod SEMIKRON,,,,,89.05
12.7MM-5M-0.5MM-5590H,3M,Thermal Interface Products,Thermal Interface Products 3M 5590H-05 12.7mm x 5m x 0.5mm - Thermal Interface Pad,,12.7 mm,,,2244.13
COH-4065LVC-200-20,Taica,Thermal Interface Products,"Thermal Interface Products Gap Pad, 6.5 W/mK, Square, 200x200mm, 2mm Thick, Both Sides Tacky, Alpha Gel",6.5 W/m-K,200 mm,200 mm,200 mm,2065.05
PL-1-3-1016-H,Wakefield Thermal,Thermal Interface Products,"Thermal Interface Products ulTIMiFlux Gap Pad, Silicone, 1mm Thickness, 3 W/m-K, 101.6x101.6mm, Hyper Soft",3 W/m-K,1 mm,101.6 mm,101.6 mm,412.1
T11-2-1.00A-01-11AL-V,AIRPAX,Circuit Breakers,Circuit Breakers CIRCUIT BREAKER,,,,,575.9
SP900S-0.009-AC-58,Bergquist Company,Thermal Interface Products,"Thermal Interface Products SIL PAD, Low-Pressure, 0.009"" Thickness, 1 Side Adhesive, 19.05x12.70mm",,12.70 mm,19.05 mm,12.70 mm,28.6
SP400-0.009-00-26,Bergquist Company,Thermal Interface Products,"Thermal Interface Products Insulator Plate for Sil-Pad 400, Sil-Pad TSP 900/Sil-Pad 400, IDH 2192683",,,,,13.0
T11-62-1.00A-06-20A-V,AIRPAX,Circuit Breakers,Circuit Breakers CIRCUIT BREAKER,,,,,588.25
PL-1-1.5-76X127-15,Wakefield Thermal,Thermal Interface Products,"Thermal Interface Products ulTIMiFlux Gap Pad, Silicone, 1mm Thickness, 1.5 W/mK, 76.2x127mm, Grey",1.5 W/m-K,1 mm,76.2 mm,127 mm,205.73
PL-1-3-76X127-30,Wakefield Thermal,Thermal Interface Products,"Thermal Interface Products ulTIMiFlux Gap Pad, Silicone, 1mm Thickness, 3 W/m-K, 76.2x127mm, Blue",3 W/m-K,1 mm,76.2 mm,127 mm,369.2
T11-2-2.00A-01-11AL-V,AIRPAX,Circuit Breakers,Circuit Breakers CIRCUIT BREAKER,,,,,575.9
EYG-S0404ZLMP,Panasonic,Thermal Interface Products,Thermal Interface Products Soft PGS - IGBT Mod Fuji Elec.,,,,,89.7
A16367-44,Laird Technologies,Thermal Interface Products,Thermal Interface Products TFLEX SF640,,,,,2662.08
T11-2-10.0A-01-11AL-V,AIRPAX,Circuit Breakers,Circuit Breakers CIRCUIT BREAKER,,,,,575.9
T11-2-20.0A-01-11AL-V,AIRPAX,Circuit Breakers,Circuit Breakers CIRCUIT BREAKER,,,,,575.9
T11-2-5.00A-01-11AL-V,AIRPAX,Circuit Breakers,Circuit Breakers CIRCUIT BREAKER,,,,,575.9
PL-2-5-1016-H,Wakefield Thermal,Thermal Interface Products,"Thermal Interface Products ulTIMiFlux Gap Pad, Silicone, 2mm Thickness, 5 W/m-K, 101.6x101.6mm, Hyper Soft",5 W/m-K,2 mm,101.6 mm,101.6 mm,1380.6
COH-1706-200-05,Taica,Thermal Interface Products,"Thermal Interface Products Gap Pad, 3.8 W/mK, Square, 200x200mm, 0.5mm Thick, Both Sides Tacky, Alpha Gel",3.8 W/m-K,200 mm,200 mm,200 mm,219.38
COH-1706-200-30,Taica,Thermal Interface Products,"Thermal Interface Products Gap Pad, 3.8 W/mK, Square, 200x200mm, 3mm Thick, Both Sides Tacky, Alpha Gel",3.8 W/m-K,200 mm,200 mm,200 mm,1214.2
EYG-S182307,Panasonic,Thermal Interface Products,Thermal Interface Products PGS Graphite Sheet,,,,,1660.1
GPA2000-0.015-02-0816,Bergquist Company,Thermal Interface Products,"Thermal Interface Products GAP PAD, High Performance, 8""x16"" Sheet, 0.015"" Thickness, TGPA2000/A2000",,,,,1923.68
EYG-S0909ZLX2,Panasonic,Thermal Interface Products,Thermal Interface Products Sheet: 90x90mm,,90 mm,90 mm,90 mm,608.73
COH-3114LVC-200-10,Taica,Thermal Interface Products,"Thermal Interface Products Thermal Interface Gap Pad, 8.2 W/mK, Square, 200x200mm, 1mm Thickness, Alpha Gel",8.2 W/m-K,200 mm,200 mm,200 mm,1978.28
COH-1706-200-05-1NT,Taica,Thermal Interface Products,"Thermal Interface Products Gap Pad, 3.8 W/mK, Square, 200x200mm, 0.5mm Thick, 1-Side Non-Tacky, Alpha Gel",3.8 W/m-K,200 mm,200 mm,200 mm,261.3
EYG-S060910,Panasonic,Thermal Interface Products,Thermal Interface Products PGS Graphite Sheets,,,,,160.23
53-77-9G,Aavid,Thermal Interface Products,"Thermal Interface Products Thermalsil III Insulator for TO-220, 18.42x13.21mm, 4.32mm Hole Diameter",,13.21 mm,18.42 mm,13.21 mm,18.85
7717-10DAPG,Aavid,Heat Sinks,"Heat Sinks Semiconductor Mounting Pad for TO-18, Circular",,,,,30.88
EYG-S1212ZLGC,Panasonic,Thermal Interface Products,Thermal Interface Products Soft PGS - IGBT Mod Mitsubishi Elec.,,,,,701.68
OTH-Q14998B-00-B5,Laird Technologies,Thermal Interface Products,Thermal Interface Products,,,,,249.28
A14560-01,Laird Technologies,Thermal Interface Products,"Thermal Interface Products T-flex 560 9"" X 9"" X 0.060""",,,,,2279.88
OTH-Q241350E-00-B5,Laird Technologies,Thermal Interface Products,Thermal Interface Products,,,,,365.3
EYG-R1212ZLGC,Panasonic,Thermal Interface Products,Thermal Interface Products 120 mmx120 mmx0.25 mm250 W/m-K - 55 C+ 400 C,250 W/m-K,120 mm,,,977.28
53-77-4ACG,Aavid,Thermal Interface Products,"Thermal Interface Products Thermalsil III Pad for TO220, Sil Rubber, 19.05x12.70x 0.152mm, Adhesive-1 Side",,0.152 mm,19.05 mm,12.70 mm,26.0
EYG-R0303ZLSP,Panasonic,Thermal Interface Products,Thermal Interface Products 32 mmx29 mmx0.25 mm250 W/m-K - 55 C+ 400 C,250 W/m-K,32 mm,,,211.9
EYG-S0508ZLMJ,Panasonic,Thermal Interface Products,Thermal Interface Products Soft PGS - IGBT Mod Fuji Elec.,,,,,212.23
EYG-S0303ZLSP,Panasonic,Thermal Interface Products,Thermal Interface Products Soft PGS - IGBT Mod SEMIKRON,,,,,66.3
EYG-R0909ZLX2,Panasonic,Thermal Interface Products,Thermal Interface Products 90 mmx90 mmx0.25 mm250 W/m-K - 55 C+ 400 C,250 W/m-K,90 mm,,,424.13
CD-02-05-C-54,Wakefield Thermal,Thermal Interface Products,"Thermal Interface Products ulTIMiFlux Dielectric Phase Change, Chipset Pad 2.106"" x 2.106"", No Hole",,,,,131.95
CD-02-05-247-N,Wakefield Thermal,Thermal Interface Products,"Thermal Interface Products ulTIMiFlux Dielectric Phase Change Thermal Material, TO-247 Pad, No Hole",,,,,32.5
EYG-S121807,Panasonic,Thermal Interface Products,Thermal Interface Products PGS Graphite Sheet 115X180X0.07mm,,0.07 mm,115 mm,180 mm,903.5
T14-S-SP-7413-1,AIRPAX,Circuit Breakers,"Circuit Breakers Cir Brkr, HydMag, 1 pl, 18VDC relay VT",,,,,871.0
SPK4-0.006-00-17,Bergquist Company,Thermal Interface Products,"Thermal Interface Products Insulator, 0.006"" Thickness, Sil-Pad TSPK900/K-4, IDH 2194878, IDH 2192536",,,,,54.28
EYG-S1216ZLWD,Panasonic,Thermal Interface Products,Thermal Interface Products Soft PGS - IGBT Mod Infineon,,,,,701.68
SPA2000-0.015-00-90,Bergquist Company,Thermal Interface Products,"Thermal Interface Products High Performance/Reliability Insulator, 0.015"" Thickness, Sil-Pad TSPA3000/A2000",,,,,249.6
7717-167NG,Aavid,Heat Sinks,"Heat Sinks Semiconductor Mounting Pad for TO-5, Nylon, Diameter 8.71mm",,8.71 mm,,,46.48
EYG-R0407ZRAL,Panasonic,Thermal Interface Products,Thermal Interface Products 65.5 mmx40 mmx0.35 mm200 W/m-K - 55 C+ 400 C,200 W/m-K,65.5 mm,,,357.5
EYG-S0612ZLWF,Panasonic,Thermal Interface Products,Thermal Interface Products Soft PGS - IGBT Mod Mitsubishi Elec.,,,,,318.5
EYG-R0917ZRWC,Panasonic,Thermal Interface Products,Thermal Interface Products 168 mmx85 mmx0.35 mm200 W/m-K - 55 C+ 400 C,200 W/m-K,168 mm,,,1132.3
A18145-02,Laird Technologies,Thermal Interface Products,Thermal Interface Products TFLEX RB320 9X9IN,,,9 mm,9 mm,553.15
EYG-R0409ZRMG,Panasonic,Thermal Interface Products,Thermal Interface Products 88 mmx41 mmx0.35 mm200 W/m-K - 55 C+ 400 C,200 W/m-K,88 mm,,,460.53
CD-02-05-247,Wakefield Thermal,Thermal Interface Products,"Thermal Interface Products ulTIMiFlux Dielectric Phase Change Thermal Material, TO-247 Pad, 0.003"" Thick",,,,,47.45
EYG-S1314ZLWE,Panasonic,Thermal Interface Products,Thermal Interface Products Soft PGS - IGBT Mod Infineon,,,,,998.73
EYG-S182307DP,Panasonic,Thermal Interface Products,Thermal Interface Products 70um 180 x 230mm 400C,,230 mm,180 mm,230 mm,1803.75
EYG-S0610ZLAH,Panasonic,Thermal Interface Products,Thermal Interface Products Soft PGS - IGBT Mod Infineon,,,,,344.18
EYG-S121810DP,Panasonic,Thermal Interface Products,Thermal Interface Products 100um 115 x 180mm 400C,,180 mm,115 mm,180 mm,891.8
EYG-S091207DP,Panasonic,Thermal Interface Products,Thermal Interface Products 70um 90 x 115mm 400C,,115 mm,90 mm,115 mm,381.55
EYG-S0925ZLWA,Panasonic,Thermal Interface Products,Thermal Interface Products Soft PGS - IGBT Mod Infineon,,,,,964.6
COH-1706 (1NT) t0.5,Taica,Thermal Interface Products,"Thermal Interface Products Gap Pad, 3.8 W/mK, Square, 410x410mm, 0.5mm Thick, 1-Side Non-Tacky, Alpha Gel",3.8 W/m-K,410 mm,410 mm,410 mm,764.08
T21-62-15.0A-01-31AL,AIRPAX,Circuit Breakers,"Circuit Breakers Cir Brkr, HydMag, 1 pl, 32VDC/125VAC, 10A",,,,,1319.18
TYC-Q197617A-00-M5,Laird Technologies,Thermal Interface Products,Thermal Interface Products 27X56MM  IRR  TFLEX HR440,,56 mm,27 mm,56 mm,31.2
EYG-R1315ZRGA,Panasonic,Thermal Interface Products,Thermal Interface Products 150 mmx129.5 mmx0.35 mm200 W/m-K - 55 C+ 400 C,200 W/m-K,150 mm,,,2179.78
EYG-S1431ZLAA,Panasonic,Thermal Interface Products,Thermal Interface Products Soft PGS - IGBT Mod Mitsubishi Elec.,,,,,1769.63
T11-1-10.0A-01-10,AIRPAX,Circuit Breakers,Circuit Breakers Cir Brkr Hyd Mag,,,,,581.1
T11-1-5.00A-01-10A-V,AIRPAX,Circuit Breakers,Circuit Breakers Cir Brkr Hyd Mag,,,,,600.6
EYG-R1116ZLSC,Panasonic,Thermal Interface Products,Thermal Interface Products 158 mmx112 mmx0.25 mm250 W/m-K - 55 C+ 400 C,250 W/m-K,158 mm,,,958.1
T11-62-10.0A-02-31,AIRPAX,Circuit Breakers,Circuit Breakers Cir Brkr Hyd Mag,,,,,536.9
EYG-S091210DP,Panasonic,Thermal Interface Products,Thermal Interface Products 100um 90 x 115mm 400C,,115 mm,90 mm,115 mm,545.68
EYG-S131810,Panasonic,Thermal Interface Products,Thermal Interface Products PGS Graphite Sheet 130X180X0.1mm,,0.1 mm,130 mm,180 mm,3318.58
CD-02-05-190,Wakefield Thermal,Thermal Interface Products,"Thermal Interface Products ulTIMiFlux Dielectric Phase Change, 7.75"" x 10.00"" Rectangular Pad, 0.003"" Thick",,,,,1211.93
EYG-R1216ZLWD,Panasonic,Thermal Interface Products,Thermal Interface Products 160 mmx120 mmx0.25 mm250 W/m-K - 55 C+ 400 C,250 W/m-K,160 mm,,,950.3
T11-1-16.0A-01-10L,AIRPAX,Circuit Breakers,Circuit Breakers Cir Brkr Hyd Mag,,,,,600.6
T11-1-25.0A-01-20,AIRPAX,Circuit Breakers,Circuit Breakers Cir Brkr Hyd Mag,,,,,672.1
HS250-TP2,Ohmite,Thermal Interface Products,Thermal Interface Products HS250 RESISTOR THERMAL PAD,,,,,264.88
EYG-S0309ZLMF,Panasonic,Thermal Interface Products,Thermal Interface Products Soft PGS - IGBT Mod Fuji Elec.,,,,,172.58
T21-62-10.0A-01-31AL-V,AIRPAX,Circuit Breakers,Circuit Breakers Cir Brkr Hyd Mag,,,,,1319.18
7717-7NG,Aavid,Heat Sinks,"Heat Sinks Semi Mounting Pad for TO-18, Nylon, 4 Leads, 6.35mm OD, 3.18mm Thickness",,6.35 mm,,,42.25
TCF350-01180118-010-1PC,LeaderTech,Thermal Interface Products,"Thermal Interface Products Thermally conductive carbon fiber gap filler, 35 W/m-K, 0.118""x0.118""x0.010""",35 W/m-K,,,,700.7
7717-8DAPG,Aavid,Heat Sinks,"Heat Sinks Semiconductor Mounting Pad for IC, Circular, Dialyl Phthalate (DAP), 1.9x9.53mm",,9.53 mm,1.9 mm,9.53 mm,20.48
10024-1-5170,ebm-papst,Fan Accessories,"Fan Accessories 0.25"" Plastic Filter with Foam Pad for Fans Size 127mm or Series W2G115/W2K121",,127 mm,,,887.9
10023-1-5170,ebm-papst,Fan Accessories,"Fan Accessories 0.25"" Plastic Filter with Foam Pad for Fans Size 92mm or Series 3000/3600/3900",,92 mm,,,675.68
T11-2-10.0A-6532-2-V,AIRPAX,Circuit Breakers,Circuit Breakers Cir Brkr Hyd Mag,,,,,561.6
T11-62-2.00A-06-20,AIRPAX,Circuit Breakers,Circuit Breakers Cir Brkr Hyd Mag,,,,,568.43
7717-3NG,Aavid,Heat Sinks,"Heat Sinks Semiconductor Mounting Pad for TO-5, 3-4 Leads, 1.91mm Thickness",,1.91 mm,,,26.0
T11-1-6.00A-01-11A-V,AIRPAX,Circuit Breakers,"Circuit Breakers Cir Brkr, HydMag, 2 pl, 250VAC,2A, rocker hndl",,,,,556.4
10021-1-5170,ebm-papst,Fan Accessories,"Fan Accessories 0.25"" Plastic Filter with Foam Pad for Fans Size 119mm or 9900/4000/4000AX/4000N",,119 mm,,,531.38
SP1000-0.009-AC-90,Bergquist Company,Thermal Interface Products,"Thermal Interface Products Sil-Pad, 0.009"" Thickness, 1 Side Adhesive, 0.86x0.74"", Sil-Pad TSP900/400",,,0.86 mm,0.74 mm,23.4
TCF350-01180118-020-1PC,LeaderTech,Thermal Interface Products,"Thermal Interface Products Thermally conductive carbon fiber gap filler, 35 W/m-K, 0.118""x0.118""x0.020""",35 W/m-K,,,,1306.83
T11-0-15.0A-01-11A-V,AIRPAX,Circuit Breakers,Circuit Breakers Cir Brkr Hyd Mag,,,,,556.4
HS100-TP2,Ohmite,Thermal Interface Products,Thermal Interface Products HS100 RESISTOR THERMAL PAD,,,,,117.33
HS300-TP2,Ohmite,Thermal Interface Products,Thermal Interface Products HS300 RESISTOR THERMAL PAD,,,,,314.28
T26-2-7.00A-01-11,AIRPAX,Circuit Breakers,"Circuit Breakers Cir Brkr, HydMag, 1 pl, 32VDC/125VAC, 10A",,,,,1791.73
T21-2-5.00A-01-11A-V,AIRPAX,Circuit Breakers,Circuit Breakers Cir Brkr Hyd Mag,,,,,1299.35
T11-1-15.0A-01-10,AIRPAX,Circuit Breakers,Circuit Breakers Cir Brkr Hyd Mag,,,,,581.1
T21-2-3.00A-02-20BLS,AIRPAX,Circuit Breakers,Circuit Breakers Cir Brkr Hyd Mag,,,,,1378.0
GPA2000-0.040-02-93,Bergquist Company,Thermal Interface Products,"Thermal Interface Products GAP PAD, High Performance, 0.040"" Thickness, TGPA2000/A2000",,,,,78.33
HS200-TP2,Ohmite,Thermal Interface Products,Thermal Interface Products HS200 RESISTOR THERMAL PAD,,,,,255.78
TGF30-07870787-059,LeaderTech,Thermal Interface Products,Thermal Interface Products Thermal Gap Filler Sky Blue 3.0W/m-K,3.0 W/m-K,,,,3344.25
TGF15-07870787-059,LeaderTech,Thermal Interface Products,Thermal Interface Products Thermal Gap Filler Pink 1.5W/m-K,1.5 W/m-K,,,,1406.28
T11-61-2.50A-27345-1,AIRPAX,Circuit Breakers,"Circuit Breakers Cir Brkr, HydMag, 1 pl, 65VDC/250VAC, 2.5A",,,,,696.48
T11-62-2.50A-27345-3,AIRPAX,Circuit Breakers,Circuit Breakers CIRCUIT BREAKER,,,,,696.48
T11-4-3.00A-26478-2,AIRPAX,Circuit Breakers,Circuit Breakers CIRCUIT BREAKER,,,,,607.75
T11-1-10.0A-01-10A-V,AIRPAX,Circuit Breakers,Circuit Breakers CIRCUIT BREAKER,,,,,600.6
T11-2-2.50A-01-20A-V,AIRPAX,Circuit Breakers,"Circuit Breakers Cir Brkr, HydMag, 2 pl, 250VAC,20A, rocker hndl",,,,,736.13
T29-7721-1,AIRPAX,Circuit Breakers,Circuit Breakers CIRCUIT BREAKER,,,,,1336.73
10020-1-5170,ebm-papst,Fan Accessories,"Fan Accessories 0.25"" Plastic Filter with Foam Pad for Fans Size 80mm, Polyurethane, 45PPI",,80 mm,,,393.9
T11-0-5.00A-01-11AL-V,AIRPAX,Circuit Breakers,Circuit Breakers Cir Brkr Hyd Mag,,,,,575.9
T26-2-7.00A-27720-1,AIRPAX,Circuit Breakers,Circuit Breakers CIRCUIT BREAKER,,,,,1929.85
A17251-01,Laird Technologies,Thermal Interface Products,Thermal Interface Products Tputty 607 Cartridge 75cc,,,,,2460.9
T11-4-2.50A-26478-1,AIRPAX,Circuit Breakers,Circuit Breakers CIRCUIT BREAKER,,,,,767.98
PL-05-1-1016,Wakefield Thermal,Thermal Interface Products,"Thermal Interface Products ulTIMiFlux Gap Pad, Silicone, 0.5mm Thickness, 1 W/m-K, 101.6x101.6mm, Grey",1 W/m-K,0.5 mm,101.6 mm,101.6 mm,168.35
PL-2-5-254-H,Wakefield Thermal,Thermal Interface Products,"Thermal Interface Products ulTIMiFlux Gap Pad, Silicone, 2mm Thickness, 5 W/m-K, 25.4x25.4mm, Hyper Soft",5 W/m-K,2 mm,25.4 mm,25.4 mm,158.93
56-77-11G,Aavid,Thermal Interface Products,"Thermal Interface Products Mica Insulator for TO-220, Rectangle, Opaque, 18.92x13.84x 0.051mm",,0.051 mm,18.92 mm,13.84 mm,16.25
PL-05-5-1016,Wakefield Thermal,Thermal Interface Products,"Thermal Interface Products ulTIMiFlux Gap Pad, Silicone, 0.5mm Thickness, 5 W/m-K, 101.6x101.6mm, Gold",5 W/m-K,0.5 mm,101.6 mm,101.6 mm,318.83
PL-1-5-1016,Wakefield Thermal,Thermal Interface Products,"Thermal Interface Products ulTIMiFlux Gap Pad, Silicone, 1mm Thickness, 5 W/m-K, 101.6x101.6mm, Gold",5 W/m-K,1 mm,101.6 mm,101.6 mm,944.78
T21-2-5.00A-01-20AL-V,AIRPAX,Circuit Breakers,"Circuit Breakers Cir Brkr, HydMag, 1 pl, 32VDC/125VAC, 20A",,,,,1348.75
PL-1-5-254,Wakefield Thermal,Thermal Interface Products,"Thermal Interface Products ulTIMiFlux Gap Pad, Silicone, 1mm Thickness, 5 W/m-K, 25.4x25.4mm, Gold",5 W/m-K,1 mm,25.4 mm,25.4 mm,116.03
PL-2-1-1016,Wakefield Thermal,Thermal Interface Products,"Thermal Interface Products ulTIMiFlux Gap Pad, Silicone, 2mm Thickness, 1 W/m-K, 101.6x101.6mm, Grey",1 W/m-K,2 mm,101.6 mm,101.6 mm,414.7
56-77-8G,Aavid,Thermal Interface Products,"Thermal Interface Products Mica Insulator for TO-220, Rectangle, 18.92x13.84x 0.051mm",,0.051 mm,18.92 mm,13.84 mm,13.65
PL-05-5-254,Wakefield Thermal,Thermal Interface Products,"Thermal Interface Products ulTIMiFlux Gap Pad, Silicone, 0.5mm Thickness, 5 W/m-K, 25.4x25.4mm, Gold",5 W/m-K,0.5 mm,25.4 mm,25.4 mm,98.15
COH-1019LVC-200-20-1NT,Taica,Thermal Interface Products,"Thermal Interface Products Gap Pad, 1.9 W/mK, Square, 200x200mm, 2mm Thick, 1-Side Non-Tacky, Alpha Gel",1.9 W/m-K,200 mm,200 mm,200 mm,1128.08
CD-02-05-DO4,Wakefield Thermal,Thermal Interface Products,"Thermal Interface Products ulTIMiFlux Dielectric Phase Change Material, DO-4 Pad, 0.625"" OD / 0.203"" ID",,,,,41.6
A18145-04,Laird Technologies,Thermal Interface Products,Thermal Interface Products TFLEX RB340 9X9IN,,,9 mm,9 mm,679.58
T21-1-2.00A-01-20AL-V,AIRPAX,Circuit Breakers,Circuit Breakers Cir Brkr Hyd Mag,,,,,1348.75
CD-02-05-LED-1,Wakefield Thermal,Thermal Interface Products,"Thermal Interface Products ulTIMiFlux Dielectric Phase Change Thermal Material, LED 1 Inch OD Circle Pad",,,,,45.18
CD-02-05-DO4-5,Wakefield Thermal,Thermal Interface Products,"Thermal Interface Products ulTIMiFlux Dielectric Phase Change Material, DO-4/5 Pad 0.800"" OD / 0.260"" ID",,,,,35.75
173-9-230P,Wakefield Thermal,Thermal Interface Products,"Thermal Interface Products DeltaPads Thermally Conductive Insulators for TO-220, 0.009"", Grey, No Adhesive",,,,,26.98
173-7-230P,Wakefield Thermal,Thermal Interface Products,"Thermal Interface Products DeltaPads Thermally Conductive Insulators for TO-220, 0.007"", Grey, No Adhesive",,,,,27.63
CD-02-05-C-34,Wakefield Thermal,Thermal Interface Products,"Thermal Interface Products ulTIMiFlux Dielectric Phase Change, Chipset Pad 1.319"" x 1.319"", No Hole",,,,,78.65
CD-02-05-247-3,Wakefield Thermal,Thermal Interface Products,"Thermal Interface Products ulTIMiFlux Dielectric Phase Change Material, Triple Mount TO-247 Pad, 3 Holes",,,,,85.8
173-7-240A,Wakefield Thermal,Thermal Interface Products,"Thermal Interface Products DeltaPads Thermally Conductive Insulators for TO220, 0.007"", Grey, Adhesive Back",,,,,29.58
CD-02-05-3-8,Wakefield Thermal,Thermal Interface Products,"Thermal Interface Products ulTIMiFlux Dielectric Phase Change Thermal Material, TO-3 Pad, 8 Pin",,,,,73.13
CD-02-05-C-20,Wakefield Thermal,Thermal Interface Products,"Thermal Interface Products ulTIMiFlux Dielectric Phase Change, Chipset Pad 0.768"" x 0.768"", No Hole",,,,,48.43
CD-02-05-C-46,Wakefield Thermal,Thermal Interface Products,"Thermal Interface Products ulTIMiFlux Dielectric Phase Change, Chipset Pad 1.811"" x 1.811"", No Hole",,,,,107.58
CD-02-05-REC-112,Wakefield Thermal,Thermal Interface Products,"Thermal Interface Products ulTIMiFlux Dielectric Phase Change, Rectifier Pad 1.12"" x 1.12"" with Hole",,,,,71.18
7717-5NG,Aavid,Heat Sinks,"Heat Sinks Semiconductor Mounting Pad for TO-5, 4 Leads, 3.18mm Thickness",,3.18 mm,,,52.98
173-7-220P,Wakefield Thermal,Thermal Interface Products,"Thermal Interface Products DeltaPads Thermally Conductive Insulators for TO-220, 0.007"", Grey, No Adhesive",,,,,15.93
173-9-210P,Wakefield Thermal,Thermal Interface Products,"Thermal Interface Products DeltaPads Thermally Conductive Insulators for TO-220, 0.009"", Grey, No Adhesive",,,,,16.9
CD-02-05-220-3,Wakefield Thermal,Thermal Interface Products,"Thermal Interface Products ulTIMiFlux Dielectric Phase Change Material, Triple Mount TO-220 Pad, 3 Holes",,,,,65.0
D1210H,Crydom,Solid State Relays - SSRs,Solid State Relays - SSRs SS RELAY WITH THERMAL PAD,,,,,1868.43
CD-02-05-264,Wakefield Thermal,Thermal Interface Products,"Thermal Interface Products ulTIMiFlux Dielectric Phase Change Thermal Material, TO-264 Pad, 0.003"" Thick",,,,,42.58
CD-02-05-220-N,Wakefield Thermal,Thermal Interface Products,"Thermal Interface Products ulTIMiFlux Dielectric Phase Change Thermal Material, TO-220 Pad, No Hole",,,,,47.45
7717-15NG,Aavid,Heat Sinks,"Heat Sinks Semiconductor Mounting Pad for TO-5, 4 Leads, 0.51mm Thickness",,0.51 mm,,,44.85
A17251-09,Laird Technologies,Thermal Interface Products,Thermal Interface Products T PUTTY 607 SYRINGE 30CC,,,,,2911.68
10-6327-01G,Aavid,Heat Sinks,"Heat Sinks Push Pin Heat Sink for BGA, 28.5x28.5x10mm, IC=28x28, Plastic Pins, No Pad",,10 mm,28.5 mm,28.5 mm,68.9
7717-15DAPG,Aavid,Heat Sinks,"Heat Sinks Semiconductor Mounting Pad for TO-5, Circular, DAP, 0.51x8.89mm",,8.89 mm,0.51 mm,8.89 mm,27.3
CD-02-05-220,Wakefield Thermal,Thermal Interface Products,"Thermal Interface Products ulTIMiFlux Dielectric Phase Change Thermal Material, TO-220 Pad, 0.003"" Thick",,,,,35.1
10-5607-04G,Aavid,Heat Sinks,"Heat Sinks Push Pin Heat Sink for BGA, 37.4x37.4x10mm, IC=37.5x37.5, Plastic Pins, Pad",,10 mm,37.4 mm,37.4 mm,124.48
CD-02-05-3-2,Wakefield Thermal,Thermal Interface Products,"Thermal Interface Products ulTIMiFlux Dielectric Phase Change Thermal Material, TO-3 Pad, 2 Pin",,,,,51.03
173-9-330P,Wakefield Thermal,Thermal Interface Products,"Thermal Interface Products DeltaPads Thermally Conductive Insulators for TO-3, 0.009"", Grey, No Adhesive",,,,,48.1
5583S-10,3M Electronic Specialty,Thermal Interface Products,"Thermal Interface Products WX300950580  3M(TM) THERMALLY COND INTERFACE PAD 5583S, 210MM X 300MM 1.0MM",,210 mm,,,929.5
CD-02-05-BRI-225,Wakefield Thermal,Thermal Interface Products,"Thermal Interface Products ulTIMiFlux Dielectric Phase Change, Bridge Rectifier Pad 2.25x1.75"", 2 End Slot",,,2.25 mm,1.75 mm,103.35
5519-210x155-20,3M Electronic Specialty,Thermal Interface Products,Thermal Interface Products,,,,,2470.0
5519-210x155-40,3M Electronic Specialty,Thermal Interface Products,"Thermal Interface Products Thermally Conductive Interface Pad Sheet, 210mm x 155mm x 1.0mm",,210 mm,,,1785.23
CD-02-05-127,Wakefield Thermal,Thermal Interface Products,"Thermal Interface Products ulTIMiFlux Dielectric Phase Change Material, 5"" x 5"" Square Pad, 0.003"" Thick",,,,,400.73
A-PLI210,Aavid,Heat Sinks,"Heat Sinks Heat Sink Pad, 0.010x0.59x0.59",,,0.010 mm,0.59 mm,176.48
5589H-10 (305x240x1),3M Electronic Specialty,Thermal Interface Products,Thermal Interface Products Acrlic Interfac Pad 220mm X 220mm X 1mm,,220 mm,,,645.13
SP2000-0.015-AC-122,Bergquist Company,Thermal Interface Products,"Thermal Interface Products High Performance/Reliability Insulator, 1.14x0.81"", 0.015"" Thick, 1Side Adhesive",,,1.14 mm,0.81 mm,87.1
372924M02000G,Aavid,Heat Sinks,"Heat Sinks Push Pin Heat Sink for BGA, 37.4x37.4x6mm, 32.6 C/W, IC=37.5x37.5, No Pad",,6 mm,37.4 mm,37.4 mm,79.3
TGP12000ULM-0.060-00-0808,Bergquist Company,Thermal Interface Products,"Thermal Interface Products GAP PAD, 12W/m-K, Ultra-Low Modulus, 8""x8"" Sheet, 0.060"" Thickness, TGP12000ULM",12 W/m-K,,,,7045.35
COH-1706 (1NT) t1.0,Taica,Thermal Interface Products,"Thermal Interface Products Gap Pad, 3.8 W/mK, Square, 410x410mm, 1mm Thick, 1-Side Non-Tacky, Alpha Gel",3.8 W/m-K,410 mm,410 mm,410 mm,1464.13
TGP6000ULM-0.060-12-0816,Bergquist Company,Thermal Interface Products,"Thermal Interface Products GAP PAD, 6W/m-K, 8"" x 16"" Sheet, 0.060"" Thickness, TGP6000ULM, IDH 2195667",6 W/m-K,,,,6036.23
7717-247NG,Aavid,Heat Sinks,"Heat Sinks Semi Mounting Pad for TO-5/TO-18, 16.51x12.7mm, 1.78mm Thickness",,12.7 mm,16.51 mm,12.7 mm,58.83
GPHC3.0-0.060-02-0816,Bergquist Company,Thermal Interface Products,"Thermal Interface Products GAP PAD, 8"" x 16"" Sheet, 0.060"" Thickness, TGPHC3000/HC 3.0, IDH 2167891",,,,,2314.33
84134750H,Crydom,Solid State Relays - SSRs,"Solid State Relays - SSRs SSR Relay, Panel Mount, IP00, 60VDC/10A, DC In, BJT Output, Thermal Pad",,,,,2136.23
7717-89DAPG,Aavid,Heat Sinks,"Heat Sinks Semiconductor Mounting Pad for TO-18, DAP, 4 Leads, 6.35mm OD, 2.03mm Thickness",,6.35 mm,,,35.1
M-B012,Cincon,Heat Sinks,"Heat Sinks Stand Alone Heat Sink, Transverse Fins, Full Brick (Includes: 1 Heatsink - no screws /no washers / no pads)",,,,,280.15
M-C091,Cincon,Heat Sinks,"Heat Sinks Stand Alone Heat Sink, Transverse Fins, Half Brick, 12.7mm (Includes: 1 Heatsink - no screws /no washers / no pads)",,12.7 mm,,,172.25
M-C448,Cincon,Heat Sinks,"Heat Sinks Stand Alone Heat Sink, Longitudinal Fins, Quarter Brick (Includes: 1 Heatsink - no screws /no washers / no pads)",,,,,140.08
M-C655 Heat Sink Kit,Cincon,Heat Sinks,"Heat Sinks Heat Sink Kit, Transverse Fins for ECLB60 Series (Includes: 1 Heatsink / 2 Screws / 2 Washers / 1 Thermal Pad)",,,,,192.73
7717-7DAPG,Aavid,Heat Sinks,"Heat Sinks Semiconductor Mounting Pad for TO-18, DAP, 4 Leads, 6.35mm OD, 3.18mm Thickness",,6.35 mm,,,46.15
5300 2.875G,Aavid,Thermal Interface Products,"Thermal Interface Products Thermalsil III Conductive Silicone Rubber Insulators, Grey-Green, 76.2mm W",,76.2 mm,,,51265.18
M-C091 Heat Sink Kit,Cincon,Heat Sinks,"Heat Sinks Heat Sink Kit, Transverse Fins, Half Brick, 12.7mm (Includes: 1 Heatsink / 4 Screws / 4 Washers / 1 Thermal Pad)",,12.7 mm,,,227.5
M-C448 Heat Sink Kit,Cincon,Heat Sinks,"Heat Sinks Heat Sink Kit, Longitudinal Fins, Quarter Brick (Includes: 1 Heatsink / 4 Screws / 4 Washers / 1 Thermal Pad)",,,,,192.73
5595S-1.0,3M Electronic Specialty,Thermal Interface Products,"Thermal Interface Products Thermally Conductive Interface Pad Sheet, 210mm X 300mm x 1.0mm, Black",,210 mm,,,1396.2
5583S-20,3M Electronic Specialty,Thermal Interface Products,"Thermal Interface Products WX300950606  3M(TM) THERMALLY COND INTERFACE PAD 5583S, 210MM X 300MM 2.0MM",,210 mm,,,1682.2
M-C421 Heat Sink Kit,Cincon,Heat Sinks,"Heat Sinks Heat Sink Kit, Transverse Fins, Quarter Brick (Includes: 1 Heatsink / 4 Screws / 4 Washers / 1 Thermal Pad)",,,,,192.73
40014040,Wurth Elektronik,Thermal Interface Products,Thermal Interface Products WE-TGF Sqare Flr Pad 100mm x 100mm x 4mm,,100 mm,,,781.3
M-C421,Cincon,Heat Sinks,"Heat Sinks Stand Alone Heat Sink, Transverse Fins, Quarter Brick (Includes: 1 Heatsink - no screws /no washers / no pads)",,,,,140.08
173-7-1212P,Wakefield Thermal,Thermal Interface Products,"Thermal Interface Products DeltaPads Thermally Conductive Insulators for SHEET, 0.007"", Grey, No Adhesive",,,,,1812.53
TGF50-07870787-020,LeaderTech,Thermal Interface Products,Thermal Interface Products 5W/m-K 200*200*0.5 TGF50 White,5 W/m-K,,200 mm,200 mm,6989.78
A15896-06,Laird Technologies,Thermal Interface Products,"Thermal Interface Products Tflex 760 9x9"" 5.0W/mK gap filler",5.0 W/m-K,,9 mm,9 mm,5650.13
5514-20,3M Electronic Specialty,Thermal Interface Products,Thermal Interface Products Silicone Interface 400mm x 20m,,400 mm,,,73639.48
40006005,Wurth Elektronik,Thermal Interface Products,Thermal Interface Products WE-TGF Thrml Flr Pad 200mm x 400mm x .5mm,,200 mm,,,3762.53
173-7-1212A,Wakefield Thermal,Thermal Interface Products,"Thermal Interface Products DeltaPads Thermally Conductive Insulators for SHEET, 0.007"", Grey, Adhesive Back",,,,,1730.3
SP2000-0.010-AC-1212,Bergquist Company,Thermal Interface Products,"Thermal Interface Products SIL PAD, 12""x12"" Sheet, 0.010"" Thickness, 1 Side Adhesive, IDH 2191219",,,,,7820.48
CD-02-05-LED-2,Wakefield Thermal,Thermal Interface Products,"Thermal Interface Products ulTIMiFlux Dielectric Phase Change Thermal Material, LED 2 Inch OD Circle Pad",,,,,86.78
SP400-0.009-00-101,Bergquist Company,Thermal Interface Products,"Thermal Interface Products Sil-Pad, 0.009"" Thickness, Sil-Pad TSP900/400, BG429439, IDH 2191890",,,,,27.95
CD-02-05-DO5,Wakefield Thermal,Thermal Interface Products,"Thermal Interface Products ulTIMiFlux Dielectric Phase Change Material, DO-5 Pad 1.00"" OD / 0.250"" ID",,,,,44.2
SP400-0.007-00-5,Bergquist Company,Thermal Interface Products,"Thermal Interface Products Sil-Pad, 0.007"" Thickness, 1.650x1.140"", Sil-Pad TSP900/400, IDH 2167699",,,1.650 mm,1.140 mm,41.6
SPT400-12-11-25,Bergquist Company,Thermal Interface Products,"Thermal Interface Products Heat Sink Pads, Silicone Based, Thermally Conductive Tubes, IDH 2188863",,,,,12.35
43-02-10G,Aavid,Thermal Interface Products,"Thermal Interface Products Thermalfilm, #10 Thread, 14.27mm Outer Diameter, 5.16mm Inner Diameter",,14.27 mm,,,42.9
CD-02-05-C-49,Wakefield Thermal,Thermal Interface Products,"Thermal Interface Products ulTIMiFlux Dielectric Phase Change, Chipset Pad 1.909"" x 1.909"", No Hole",,,,,79.95
SP1200-0.016-00-1212,Bergquist Company,Thermal Interface Products,"Thermal Interface Products Elastomeric Material, 12""x12"" Sheet, 0.016"" Thickness, Sil-Pad TSP1800/1200",,,,,1544.73
5516S-1,3M Electronic Specialty,Thermal Interface Products,Thermal Interface Products THERM COND INT PAD 1MIL 230MMX320MM,,230 mm,,,2249.98
TGP6000ULM-0.080-12-0816,Bergquist Company,Thermal Interface Products,"Thermal Interface Products GAP PAD, 6W/m-K, 8"" x 16"" Sheet, 0.080"" Thickness, TGP6000ULM, IDH 2195669",6 W/m-K,,,,10276.83
5583S-15,3M Electronic Specialty,Thermal Interface Products,Thermal Interface Products Thermally Conductive Silicone Interface Pad,,,,,1210.3
OTH-Q246723B-00-B5,Laird Technologies,Thermal Interface Products,Thermal Interface Products,,,,,591.83
WTC5S1A1-1.25x1.25,Wakefield Thermal,Thermal Interface Products,"Thermal Interface Products Thermal Conductor Pad, 0.005"" Thickness, Square, 1 Side Adhesive",,,,,147.88
GPVOS-0.125-AC-0816,Bergquist Company,Thermal Interface Products,"Thermal Interface Products GAP PAD, 8""x16"" Sheet, 0.125"" Thickness, 1 Side Adhesive, TGP800VOS/VO Soft",,,,,2816.45
GPVOUS-0.020-AC-0816,Bergquist Company,Thermal Interface Products,"Thermal Interface Products GAP PAD, 8""x16"" Sheet, 0.020"" Thickness, 1 Side Adhesive",,,,,1033.5
GPVOS-0.040-01-0816,Bergquist Company,Thermal Interface Products,"Thermal Interface Products GAP PAD, 8""x16"" Sheet, 0.040"" Thickness, GAP PAD TGP 800VOS/VO Soft, IDH 2165895",,,,,1186.9
GPVOUS-0.200-AC-0816,Bergquist Company,Thermal Interface Products,"Thermal Interface Products GAP PAD, 8""x16"" Sheet, 0.200"" Thickness, 1 Side Adhesive",,,,,3595.15
407160016150,Wurth Elektronik,Thermal Interface Products,Thermal Interface Products WE-TGFG Thml Flr Pad 16mm x 16mm x 15mm,,16 mm,,,89.05
40111010,Wurth Elektronik,Thermal Interface Products,Thermal Interface Products WE-TGF 1W Square 100x100x1mm,,1 mm,100 mm,100 mm,246.03
GPVOUS-0.040-AC-0816,Bergquist Company,Thermal Interface Products,"Thermal Interface Products GAP PAD, 8""x16"" Sheet, 0.040"" Thickness, 1 Side Adhesive",,,,,1303.58
5591-10,3M Electronic Specialty,Thermal Interface Products,Thermal Interface Products Interfac Pad Sheet 210mm x 300mm x1.0mm,,210 mm,,,681.2
5586-20,3M Electronic Specialty,Thermal Interface Products,"Thermal Interface Products WX300950713  3M(TM) THERMALLY COND INTERFACE PAD 5586, 210MM X 300MM 2.0MM",,210 mm,,,1445.28
A18330-16,Laird Technologies,Thermal Interface Products,Thermal Interface Products 4.00 127x76mm,,76 mm,127 mm,76 mm,6214.65
5591-15,3M Electronic Specialty,Thermal Interface Products,Thermal Interface Products Silicon Intrfac Pad 210mm x 300mm x1.5mm,,210 mm,,,877.83
40113010,Wurth Elektronik,Thermal Interface Products,Thermal Interface Products WE-TGF Sqare Rei Pad 100mm x 100mm x 1mm,,100 mm,,,497.58
40114010,Wurth Elektronik,Thermal Interface Products,Thermal Interface Products WE-TGF Sqare Rei Pad 100mm x 100mm x 1mm,,100 mm,,,569.73
A17251-02,Laird Technologies,Thermal Interface Products,Thermal Interface Products Tputty 607 Cartridge 180cc,,,,,4303.0
40101010,Wurth Elektronik,Thermal Interface Products,Thermal Interface Products WE-TGF 1W Rectangle 400x200x1mm,,1 mm,400 mm,200 mm,979.55
5583S-05,3M Electronic Specialty,Thermal Interface Products,Thermal Interface Products Thermally Conductive Interface Pad 210mm x 300mm X .5mm Silicone Polymer,,210 mm,,,750.75
A17262-02,Laird Technologies,Thermal Interface Products,"Thermal Interface Products TFLEX CR607,CARTDUAL 2X100CC",,,2 mm,100 mm,8916.7
TGP 40000SF-0.040-00-0606,Bergquist Company,Thermal Interface Products,"Thermal Interface Products GAP PAD, Sil-Free, 40W/m-K, 6x6"" Sheet, 0.040"" Thickness, Thermexit, IDH 2972782",40 W/m-K,,6 mm,6 mm,5560.75
A16367-04,Laird Technologies,Thermal Interface Products,"Thermal Interface Products Tflex SF640 DF 8.5"" x 9.0""",,,,,2546.7
GP2200SF-0.020-02-0816,Bergquist Company,Thermal Interface Products,"Thermal Interface Products GAP PAD, S-Class, 8""x16"" Sheet, 0.020"" Thickness, GAP PAD TGP2200SF/2200SF",,,,,2685.48
GP2500S20-0.010-02-0816,Bergquist Company,Thermal Interface Products,"Thermal Interface Products GAP PAD, S-Class, 8""x16"" Sheet, 0.010"" Thickness, GAP PAD TGP2400/2500S20",,,,,1685.13
A17915-20,Laird Technologies,Thermal Interface Products,Thermal Interface Products Tflex B2200 18x18IN,,,18 mm,18 mm,4225.65
402030403020,Wurth Elektronik,Thermal Interface Products,Thermal Interface Products WE-PCM Phs Chge Mtrl 400mm x 300mm x .2mm,,400 mm,,,741.98
GP2500S20-0.020-02-0816,Bergquist Company,Thermal Interface Products,"Thermal Interface Products GAP PAD, S-Class, 8""x16"" Sheet, 0.020"" Thickness, GAP PAD TGP2400/2500S20",,,,,1423.18
GP2000S40-0.040-02-0816,Bergquist Company,Thermal Interface Products,"Thermal Interface Products GAP PAD, S-Class, 8""x16"" Sheet, 0.040"" Thickness, 2 Side Tack, TGP2000/2000S40",,,,,1494.68
A10463-12,Laird Technologies,Thermal Interface Products,"Thermal Interface Products Tgon 810,A1 18"" x 24""",,,,,1384.18
40103010,Wurth Elektronik,Thermal Interface Products,Thermal Interface Products WE-TGF Thml Rein Pad 200mm x 400mm x 1mm,,200 mm,,,2883.73
TGP 40000SF-0.020-00-0406,Bergquist Company,Thermal Interface Products,"Thermal Interface Products GAP PAD, Sil-Free, 40W/m-K, 4x6"" Sheet, 0.020"" Thickness, Thermexit, IDH 2972783",40 W/m-K,,4 mm,6 mm,1730.3
A18196-10,Laird Technologies,Thermal Interface Products,Thermal Interface Products Tpcm 5250 18x18in,,,18 mm,18 mm,1732.25
WTI7R5F1-2.50x0.75,Wakefield Thermal,Thermal Interface Products,"Thermal Interface Products Thermal Insulator Pad, 0.007"" Thickness, Rectangle, 5 Holes",,,,,60.78
A18052-15,Laird Technologies,Thermal Interface Products,Thermal Interface Products Tflex 3150TG 18x18in,,,18 mm,18 mm,4236.38
GP2500S20-0.100-02-0816,Bergquist Company,Thermal Interface Products,"Thermal Interface Products GAP PAD, S-Class, 8""x16"" Sheet, 0.100"" Thickness, GAP PAD TGP2400/2500S20",,,,,5147.35
SF600G-202005,Same Sky,Thermal Interface Products,"Thermal Interface Products Thermal interface material, SF600G, silicone- based, 20x20x0.5 mm",,0.5 mm,20 mm,20 mm,1578.53
WTI6R0K0-1.45x0.84,Wakefield Thermal,Thermal Interface Products,"Thermal Interface Products Thermal Insulator Pad, 0.006"" Thickness, Rectangle",,,,,29.9
EYG-R1818ZRX2,Panasonic,Thermal Interface Products,Thermal Interface Products 180 mmx180 mmx0.35 mm200 W/m-K - 55 C+ 400 C,200 W/m-K,180 mm,,,2180.43
EYG-R1818ZLX2,Panasonic,Thermal Interface Products,Thermal Interface Products 180 mmx180 mmx0.25 mm250 W/m-K - 55 C+ 400 C,250 W/m-K,180 mm,,,1568.45
A17690-08,Laird Technologies,Thermal Interface Products,Thermal Interface Products Tflex HD780 DC1 9x9 IN,,,9 mm,9 mm,3604.9
WTI9R0F0-0.75x0.50,Wakefield Thermal,Thermal Interface Products,"Thermal Interface Products Thermal Insulator Pad, 0.009"" Thickness, Rectangle, 19.05x12.7mm, Pink",,12.7 mm,19.05 mm,12.7 mm,29.58
WTI9R1N0-0.86x0.74,Wakefield Thermal,Thermal Interface Products,"Thermal Interface Products Thermal Insulator Pad, 0.009"" Thickness, Rectangle, 21.84x18.8mm, Green",,18.8 mm,21.84 mm,18.8 mm,22.43
WTI7D4F0-1.65x1.14,Wakefield Thermal,Thermal Interface Products,"Thermal Interface Products Thermal Insulator Pad, 0.007"" Thickness, Diamond, 41.91x28.96mm, Gray",,28.96 mm,41.91 mm,28.96 mm,24.7
A16056-06,Laird Technologies,Thermal Interface Products,"Thermal Interface Products Tflex HR660 DC1 9x9"" 3.0W/mK gap filler",3.0 W/m-K,,9 mm,9 mm,2075.45
A17634-04,Laird Technologies,Thermal Interface Products,Thermal Interface Products Tflex HD340 DC1 9.00x9.00 in,,,9.00 mm,9.00 mm,921.38
TLF10000L150CC,Bergquist Company,Thermal Interface Products,"Thermal Interface Products Thermally Conductive Gel Interface Material, 10 W/m-K, 150ml Cartridge",10 W/m-K,,,,11175.13
WTI10R1F1-0.87x0.79,Wakefield Thermal,Thermal Interface Products,"Thermal Interface Products Thermal Insulator Pad, 0.010"" Thick, Rectangle, 22.15x20.07mm, 1 Side Adhesive",,20.07 mm,22.15 mm,20.07 mm,94.9
WTI7R1F0-0.69x0.56,Wakefield Thermal,Thermal Interface Products,"Thermal Interface Products Thermal Insulator Pad, 0.007"" Thickness, Rectangle, 17.45x14.27mm, Gray",,14.27 mm,17.45 mm,14.27 mm,16.9
WTI9R0F1-2.50x2.00,Wakefield Thermal,Thermal Interface Products,"Thermal Interface Products Thermal Insulator Pad, 0.009"" Thickness, Rectangle",,,,,54.6
WTI9R1F0-0.69x0.56,Wakefield Thermal,Thermal Interface Products,"Thermal Interface Products Thermal Insulator Pad, 0.009"" Thickness, Rectangle, 17.45x14.27mm, Gray",,14.27 mm,17.45 mm,14.27 mm,17.55
WTI7R1F0-1.00x0.75,Wakefield Thermal,Thermal Interface Products,"Thermal Interface Products Thermal Insulator Pad, 0.007"" Thickness, Rectangle, 25.4x19.05mm, Gray",,19.05 mm,25.4 mm,19.05 mm,19.5
WTI10R1F1-0.44x0.31,Wakefield Thermal,Thermal Interface Products,"Thermal Interface Products Thermal Insulator Pad, 0.010"" Thick, Rectangle, 11.1x7.92mm, 1 Side Adhesive",,7.92 mm,11.1 mm,7.92 mm,50.05
WTI7R1F0-0.86x0.74,Wakefield Thermal,Thermal Interface Products,"Thermal Interface Products Thermal Insulator Pad, 0.007"" Thickness, Rectangle, 21.84x18.8mm, Gray",,18.8 mm,21.84 mm,18.8 mm,18.2
WTI9R1F0-0.86x0.74,Wakefield Thermal,Thermal Interface Products,"Thermal Interface Products Thermal Insulator Pad, 0.009"" Thickness, Rectangle, 21.84x18.8mm, Gray",,18.8 mm,21.84 mm,18.8 mm,20.15
WTI9D4F0-1.65x1.14,Wakefield Thermal,Thermal Interface Products,"Thermal Interface Products Thermal Insulator Pad, 0.009"" Thickness, Diamond, 41.91x28.96mm, Gray",,28.96 mm,41.91 mm,28.96 mm,40.95
WTI6R1K0-0.95x0.83,Wakefield Thermal,Thermal Interface Products,"Thermal Interface Products Thermal Insulator Pad, 0.006"" Thickness, Rectangle, 24x21.01mm, Beige",,21.01 mm,24 mm,21.01 mm,26.33
WTI7R1F1-1.00x0.75,Wakefield Thermal,Thermal Interface Products,"Thermal Interface Products Thermal Insulator Pad, 0.007"" Thickness, Rectangle",,,,,22.43
WTI9R1N0-1.00x0.75,Wakefield Thermal,Thermal Interface Products,"Thermal Interface Products Thermal Insulator Pad, 0.009"" Thickness, Rectangle, 25.4x19.05mm, Green",,19.05 mm,25.4 mm,19.05 mm,25.68
WTI6D4K0-1.65x1.14,Wakefield Thermal,Thermal Interface Products,"Thermal Interface Products Thermal Insulator Pad, 0.006"" Thickness, Diamond, 41.91x28.96mm, Beige",,28.96 mm,41.91 mm,28.96 mm,32.5
WTI6R1K0-0.69x0.56,Wakefield Thermal,Thermal Interface Products,"Thermal Interface Products Thermal Insulator Pad, 0.006"" Thickness, Rectangle, 17.45x14.27mm, Beige",,14.27 mm,17.45 mm,14.27 mm,19.5
WTI9D4F0-1.56x1.05,Wakefield Thermal,Thermal Interface Products,"Thermal Interface Products Thermal Insulator Pad, 0.009"" Thickness, Diamond, 39.7x26.67mm, Gray",,26.67 mm,39.7 mm,26.67 mm,48.75
WTI9R1N0-0.75x0.50,Wakefield Thermal,Thermal Interface Products,"Thermal Interface Products Thermal Insulator Pad, 0.009"" Thickness, Rectangle, 19.05x12.7mm, Green",,12.7 mm,19.05 mm,12.7 mm,19.5
WTI9D4F1-1.65x1.14,Wakefield Thermal,Thermal Interface Products,"Thermal Interface Products Thermal Insulator Pad, 0.009"" Thickness, Diamond, 1 Side Adhesive, STP Drawing 5",,,,,99.45
TGP12000ULM-0.100-00-0808,Bergquist Company,Thermal Interface Products,"Thermal Interface Products GAP PAD, 12W/m-K, Ultra-Low Modulus, 8""x8"" Sheet, 0.100"" Thickness, TGP12000ULM",12 W/m-K,,,,17744.68
A17634-02,Laird Technologies,Thermal Interface Products,"Thermal Interface Products Tflex HD320,DC1 9x9",,,9 mm,9 mm,545.68
A17634-20,Laird Technologies,Thermal Interface Products,Thermal Interface Products Tflex HD3200 DC1 9.00x9.00 in,,,9.00 mm,9.00 mm,3562.98
A18909-05,Laird Technologies,Thermal Interface Products,Thermal Interface Products Thickness 1.25mm 229x229mm Grey,,1.25 mm,229 mm,229 mm,5775.9
A18909-15,Laird Technologies,Thermal Interface Products,Thermal Interface Products Thickness 3.75mm 229x229mm Grey,,3.75 mm,229 mm,229 mm,14122.23
A18909-17,Laird Technologies,Thermal Interface Products,Thermal Interface Products Thickness 4.25mm 229x229mm Grey,,4.25 mm,229 mm,229 mm,15674.1
A18909-18,Laird Technologies,Thermal Interface Products,Thermal Interface Products Thickness 4.50mm 229x229mm Grey,,4.50 mm,229 mm,229 mm,16928.28
A18909-14,Laird Technologies,Thermal Interface Products,Thermal Interface Products Thickness 3.50mm 229x229mm Grey,,3.50 mm,229 mm,229 mm,13269.1
A18909-06,Laird Technologies,Thermal Interface Products,Thermal Interface Products Thickness 1.50mm 229x229mm Grey,,1.50 mm,229 mm,229 mm,6983.6
A18906-14,Laird Technologies,Thermal Interface Products,Thermal Interface Products Thickness 3.50mm 457x457mm Grey,,3.50 mm,457 mm,457 mm,57644.93
A18909-08,Laird Technologies,Thermal Interface Products,Thermal Interface Products Thickness 2mm 229x229mm Grey,,2 mm,229 mm,229 mm,8285.23
A18909-10,Laird Technologies,Thermal Interface Products,Thermal Interface Products Thickness 2.50mm 229x229mm Grey,,2.50 mm,229 mm,229 mm,9919.0
GF4000-10-240-50CC,Bergquist Company,Thermal Interface Products,"Thermal Interface Products Liquid Gap Filler, 50CC Cartridge, Gap Filler TGF 4000/4000, IDH 2413843",,,,,2104.7
A18909-07,Laird Technologies,Thermal Interface Products,Thermal Interface Products Thickness 1.75mm 229x229mm Grey,,1.75 mm,229 mm,229 mm,7436.65
A18909-19,Laird Technologies,Thermal Interface Products,Thermal Interface Products Thickness 4.75mm 229x229mm Grey,,4.75 mm,229 mm,229 mm,17943.9
WTI9R0N0-0.75x0.50,Wakefield Thermal,Thermal Interface Products,"Thermal Interface Products Thermal Insulator Pad, 0.009"" Thickness, Rectangle, 19.05x12.7mm, Green",,12.7 mm,19.05 mm,12.7 mm,35.43
WTI6R0K0-0.75x0.50,Wakefield Thermal,Thermal Interface Products,"Thermal Interface Products Thermal Insulator Pad, 0.006"" Thickness, Rectangle, 19.05x12.7mm, Beige",,12.7 mm,19.05 mm,12.7 mm,19.5
WTI9R1N0-0.95x0.83,Wakefield Thermal,Thermal Interface Products,"Thermal Interface Products Thermal Insulator Pad, 0.009"" Thickness, Rectangle, 24x21.01mm, Green",,21.01 mm,24 mm,21.01 mm,22.43
EYG-S182310,Panasonic,Thermal Interface Products,Thermal Interface Products PGS Graphite Sheet 180 x 230 x 0.1mm,,0.1 mm,180 mm,230 mm,1847.95
A10463-10,Laird Technologies,Thermal Interface Products,"Thermal Interface Products Tgon 810,A0 18"" x 24""",,,,,933.73
A18909-11,Laird Technologies,Thermal Interface Products,Thermal Interface Products Thickness 2.75mm 229x229mm Grey,,2.75 mm,229 mm,229 mm,10702.25
A18909-13,Laird Technologies,Thermal Interface Products,Thermal Interface Products Thickness 3.25mm 229x229mm Grey,,3.25 mm,229 mm,229 mm,12412.08
A18906-15,Laird Technologies,Thermal Interface Products,Thermal Interface Products Thickness 3.75mm 457x457mm Grey,,3.75 mm,457 mm,457 mm,56511.33
A18906-17,Laird Technologies,Thermal Interface Products,Thermal Interface Products Thickness 4.25mm 457x457mm Grey,,4.25 mm,457 mm,457 mm,65661.7
A18909-12,Laird Technologies,Thermal Interface Products,Thermal Interface Products Thickness 3mm 229x229mm Grey,,3 mm,229 mm,229 mm,11556.35
A10462-15,Laird Technologies,Thermal Interface Products,"Thermal Interface Products Tgon 805, A0 18"" X 24"" X 0.005""",,,,,821.28
16493,Vicor,Thermal Interface Products,Thermal Interface Products -900 PAD A/F - CA,,,,,228.48
TGP10000ULM-0.125-02-0808,Bergquist Company,Thermal Interface Products,"Thermal Interface Products GAP PAD, 10W/m-K, 8"" x 8"" Sheet, 0.125"" Thickness, TGP10000ULM, IDH 2599713",10 W/m-K,,,,21142.55
A18906-18,Laird Technologies,Thermal Interface Products,Thermal Interface Products Thickness 4.50mm 457x457mm Grey,,4.50 mm,457 mm,457 mm,70837.0
A18906-19,Laird Technologies,Thermal Interface Products,Thermal Interface Products Thickness 4.75mm 457x457mm Grey,,4.75 mm,457 mm,457 mm,75026.58
A18909-16,Laird Technologies,Thermal Interface Products,Thermal Interface Products Thickness 4mm 229x229mm Grey,,4 mm,229 mm,229 mm,14787.5
A18906-20,Laird Technologies,Thermal Interface Products,Thermal Interface Products Thickness 5mm 457x457mm Grey,,5 mm,457 mm,457 mm,74178.65
A18909-09,Laird Technologies,Thermal Interface Products,Thermal Interface Products Thickness 2.25mm 229x229mm Grey,,2.25 mm,229 mm,229 mm,9058.73
GF4500CVO-00-240-200CC,Bergquist Company,Thermal Interface Products,"Thermal Interface Products Liquid Gap-Filling Material, 2-Part, 4.5W/m-K, 200ml Cartridge, TGF4500CVO",4.5 W/m-K,,,,5424.58
A18909-20,Laird Technologies,Thermal Interface Products,Thermal Interface Products Thickness 5mm 229x229mm Grey,,5 mm,229 mm,229 mm,19379.43
GPVOS-0.040-AC-0816,Bergquist Company,Thermal Interface Products,"Thermal Interface Products GAP PAD, 8""x16"" Sheet, 0.040"" Thickness, 1 Side Adhesive, TGP800VOS/VO Soft",,,,,1791.4
GPVO-0.080-AC-0816,Bergquist Company,Thermal Interface Products,"Thermal Interface Products GAP PAD, 8""x16"" Sheet, 0.080"" Thickness, 1 Side Adhesive, TGP800VO/VO",,,,,1903.85
GPVOS-0.100-AC-0816,Bergquist Company,Thermal Interface Products,"Thermal Interface Products GAP PAD, 8""x16"" Sheet, 0.100"" Thickness, 1 Side Adhesive, TGP800VOS/VO Soft",,,,,2541.83
GPVO-0.250-01-0816,Bergquist Company,Thermal Interface Products,"Thermal Interface Products GAP PAD, 8"" x 16"" Sheet, 0.250"" Thickness, GAP PAD TGP 800VO/VO, IDH 2165937",,,,,4920.83
GPVO-0.040-AC-0816,Bergquist Company,Thermal Interface Products,"Thermal Interface Products GAP PAD, 8""x16"" Sheet, 0.040"" Thickness, 1 Side Adhesive, TGP800VO/VO",,,,,1160.58
A15710-08,Laird Technologies,Thermal Interface Products,Thermal Interface Products,,,,,819.98
HSP-5,Crydom,Thermal Interface Products,Thermal Interface Products Thermal Pad for 3-phase SSR W/Adhsve,,,,,383.5
SPK10-0.006-00-35,Bergquist Company,Thermal Interface Products,"Thermal Interface Products Insulator, 0.006"" Thickness, SIL PAD TSPK1300/K-10, BG80035, IDH 2192504",,,,,39.65
WTC5R1F0-0.75x0.50,Wakefield Thermal,Thermal Interface Products,"Thermal Interface Products Thermal Conductor Pad, 0.005"" Thickness, Rectangle, 19.05x12.7mm, Black",,12.7 mm,19.05 mm,12.7 mm,54.93
A18000-02,Laird Technologies,Thermal Interface Products,Thermal Interface Products TFLEX CR350  2X25CC(50CC)CARTR,,,2 mm,25 mm,1404.65
A15342-02,Laird Technologies,Thermal Interface Products,Thermal Interface Products Tflex 320H 18x18in,,,18 mm,18 mm,1990.63
GP1000SF-0.060-02-0816,Bergquist Company,Thermal Interface Products,"Thermal Interface Products GAP PAD, Conductive, Sil-Free, 8""x16"" Sheet, 0.060"" Thickness, TGP1100SF/1000SF",,,,,4183.4
WTI9R3F0-0.36 OD,Wakefield Thermal,Thermal Interface Products,"Thermal Interface Products Thermal Insulator Pad, 0.009"" Thickness, Rectangle, 9.14mm Diameter, Gray",,9.14 mm,,,26.0
TGP7000ULM-0.125-02-0808,Bergquist Company,Thermal Interface Products,"Thermal Interface Products GAP PAD, 7W/m-K, 8"" x 8"" Sheet, 0.125"" Thickness, TGP7000ULM, IDH 2474886",7 W/m-K,,,,9358.7
A12619-10,Laird Technologies,Thermal Interface Products,"Thermal Interface Products Tflex 650 18x18"" 3.0W/mK gap filler",3.0 W/m-K,,18 mm,18 mm,10266.75
GP2000S40-0.080-02-0816,Bergquist Company,Thermal Interface Products,"Thermal Interface Products GAP PAD, S-Class, 8""x16"" Sheet, 0.080"" Thickness, 2 Side Tack, TGP2000/2000S40",,,,,4234.43
SP2000-0.010-AC-102,Bergquist Company,Thermal Interface Products,"Thermal Interface Products Insulator, 0.010"" Thickness, 1 Side Adhesive, SIL PAD TSP3500/2000, 2010AC-102",,,,,60.45
GP1500-0.040-02-0816,Bergquist Company,Thermal Interface Products,"Thermal Interface Products GAP PAD, Conductive, Unreinforced, 8""x16"" Sheet, 0.040"" Thickness, TGP1500/1500",,,,,801.13
7G0020A,TDK-Lambda,Heat Sinks,Heat Sinks HEATSINK W/THERM PAD,,,,,101.73
A18842-02,Laird Technologies,Thermal Interface Products,Thermal Interface Products Tflex SF7 0.50 457x457mm,,457 mm,457 mm,457 mm,9078.23
OTH-Q246723G-00-B5,Laird Technologies,Thermal Interface Products,Thermal Interface Products,,,,,592.15
OTH-Q246723E-00-B5,Laird Technologies,Thermal Interface Products,Thermal Interface Products,,,,,591.83
WTI7S0F1-12.0x12.0,Wakefield Thermal,Thermal Interface Products,"Thermal Interface Products Thermal Insulator Pad, 0.007"" Thickness, Square, 12x12"" Sheet, 1 Side Adhesive",,,12 mm,12 mm,810.55
WTI9S0F1-12.0x12.0,Wakefield Thermal,Thermal Interface Products,"Thermal Interface Products Thermal Insulator Pad, 0.009"" Thickness, Square, 12x12"" Sheet, 1 Side Adhesive",,,12 mm,12 mm,1337.7
OTH-Q246723A-00-B5,Laird Technologies,Thermal Interface Products,Thermal Interface Products,,,,,592.15
SPA2000-0.015-AC-43,Bergquist Company,Thermal Interface Products,"Thermal Interface Products Insulator, 0.015"" Thickness, 1 Side Adhesive, Sil-Pad TSPA3000/A2000, BG425200",,,,,48.1
A14572-01,Laird Technologies,Thermal Interface Products,"Thermal Interface Products Tflex 5180 9x9"" 2.8W/mK gap filler",2.8 W/m-K,,9 mm,9 mm,5377.13
EYG-R1431ZLAA,Panasonic,Thermal Interface Products,Thermal Interface Products 308 mmx140 mmx0.25 mm250 W/m-K - 55 C+ 400 C,250 W/m-K,308 mm,,,2066.68
EYG-R0918ZRX2,Panasonic,Thermal Interface Products,Thermal Interface Products 180 mmx90 mmx0.35 mm200 W/m-K - 55 C+ 400 C,200 W/m-K,180 mm,,,1125.15
A18906-04,Laird Technologies,Thermal Interface Products,Thermal Interface Products Thickness 1mm 457x457mm Grey,,1 mm,457 mm,457 mm,18260.13
A18906-07,Laird Technologies,Thermal Interface Products,Thermal Interface Products Thickness 1.75mm 457x457mm Grey,,1.75 mm,457 mm,457 mm,27508.33
A18906-09,Laird Technologies,Thermal Interface Products,Thermal Interface Products Thickness 2.25mm 457x457mm Grey,,2.25 mm,457 mm,457 mm,33564.38
A18909-04,Laird Technologies,Thermal Interface Products,Thermal Interface Products Thickness 1mm 229x229mm Grey,,1 mm,229 mm,229 mm,5177.9
A18906-11,Laird Technologies,Thermal Interface Products,Thermal Interface Products Thickness 2.75mm 457x457mm Grey,,2.75 mm,457 mm,457 mm,44511.35
EYG-S091207,Panasonic,Thermal Interface Products,Thermal Interface Products PGS Graphite Sheet 90X115X0.07mm,,0.07 mm,90 mm,115 mm,276.9
EYG-S091210,Panasonic,Thermal Interface Products,Thermal Interface Products PGS Graphite Sheet 90X115X0.1mm,,0.1 mm,90 mm,115 mm,491.73
A18906-05,Laird Technologies,Thermal Interface Products,Thermal Interface Products Thickness 1.25mm 457x457mm Grey,,1.25 mm,457 mm,457 mm,21365.5
A18906-13,Laird Technologies,Thermal Interface Products,Thermal Interface Products Thickness 3.25mm 457x457mm Grey,,3.25 mm,457 mm,457 mm,49764.0
BPLMSHD-0.012-00-1212,Bergquist Company,Thermal Interface Products,"Thermal Interface Products Laminate Material - Silicone, High Durability, 12""x12"" Sheet, 0.012"" Thickness",,,,,1336.08
PP1000-0.009-00-24,Bergquist Company,Thermal Interface Products,"Thermal Interface Products Insulator, 0.009"" Thickness, Sil-Pad TSPPP1200/Poly-Pad 1000, PP1000-24, BG91415",,,,,45.83
SSR-THERMOPAD,Opto 22,Relay Sockets & Fixings,"Relay Sockets & Fixings Thermal conductive pad for Power Series SSR heatsink, 10 pack",,,,,3861.65
7717-16NG,Aavid,Heat Sinks,"Heat Sinks Semi Mounting Pad for TO-18, Nylon, 4 Leads, 5.08mm OD, 0.51mm Thickness",,5.08 mm,,,33.8
EYG-S0911ZLDA,Panasonic,Thermal Interface Products,Thermal Interface Products Soft PGS - IGBT Mod Hitachi Power Device,,,,,649.35
T11-1-10.0A-01-10L,AIRPAX,Circuit Breakers,"Circuit Breakers Cir Brkr,HydMag",,,,,600.6
COH-1706 t3.0,Taica,Thermal Interface Products,"Thermal Interface Products Gap Pad, 3.8 W/mK, Square, 410x410mm, 3mm Thick, Both Sides Tacky, Alpha Gel",3.8 W/m-K,410 mm,410 mm,410 mm,4487.28
EYG-S1116ZLSC,Panasonic,Thermal Interface Products,Thermal Interface Products Soft PGS - IGBT Mod SEMIKRON,,,,,670.8
A10464-10,Laird Technologies,Thermal Interface Products,"Thermal Interface Products TGON 820,A1",,,,,1675.05
TCF250-01180118-020-1PC,LeaderTech,Thermal Interface Products,"Thermal Interface Products Thermally conductive carbon fiber gap filler, 25 W/m-K, 0.118""x0.118""x0.020""",25 W/m-K,,,,539.5
EYG-R1431ZRAA,Panasonic,Thermal Interface Products,Thermal Interface Products 308 mmx140 mmx0.35 mm200 W/m-K - 55 C+ 400 C,200 W/m-K,308 mm,,,2930.53
TO-220-68,Essentra,Thermal Interface Products,"Thermal Interface Products Tranistor Insulator Pad,",,,,,53.63
EYG-S1419ZLWB,Panasonic,Thermal Interface Products,Thermal Interface Products Soft PGS - IGBT Mod Infineon,,,,,1024.4
EYG-S0811ZLWG,Panasonic,Thermal Interface Products,Thermal Interface Products Soft PGS - IGBT Mod Mitsubishi Elec.,,,,,400.73
EYG-R1212ZRGC,Panasonic,Thermal Interface Products,Thermal Interface Products 120 mmx120 mmx0.35 mm200 W/m-K - 55 C+ 400 C,200 W/m-K,120 mm,,,1328.28
EK 164S,White-Rodgers,Heat Exchangers,"Heat Exchangers EK PREMIUM COMPACTED BEAD LIQUID LINE FILTER DRIER 20 MICRON OUTLET PAD, FOR CFC HCFC, HFC INCLUDING R-12, R-134A, R-22, R-404A, R-407C, R-410A, R-500, R-502, R-507, SIZE 16 CU. IN., CONNECTIONS 1/2"" X 1/2"" ODF, ACCESS TYPE, NONE",,,,,1060.48
EYG-S121807DP,Panasonic,Thermal Interface Products,Thermal Interface Products 70um 115 x 80mm 400C,,80 mm,115 mm,80 mm,990.6
EYG-R0612ZLWF,Panasonic,Thermal Interface Products,Thermal Interface Products 120 mmx60 mmx0.25 mm250 W/m-K - 55 C+ 400 C,250 W/m-K,120 mm,,,379.6
EYG-S121810,Panasonic,Thermal Interface Products,Thermal Interface Products PGS Graphite Sheet 115X180X0.1mm,,0.1 mm,115 mm,180 mm,898.95
EYG-R0611ZLWH,Panasonic,Thermal Interface Products,Thermal Interface Products 106 mmx60 mmx0.25 mm250 W/m-K - 55 C+ 400 C,250 W/m-K,106 mm,,,379.6
EYG-R0612ZRWF,Panasonic,Thermal Interface Products,Thermal Interface Products 120 mmx60 mmx0.35 mm200 W/m-K - 55 C+ 400 C,200 W/m-K,120 mm,,,537.88
EYG-R1018ZRSA,Panasonic,Thermal Interface Products,Thermal Interface Products 182.5 mmx104.5 mmx0.35 mm200 W/m-K - 55 C+ 400 C,200 W/m-K,182.5 mm,,,1329.58
EYG-R0918ZLX2,Panasonic,Thermal Interface Products,Thermal Interface Products 180 mmx90 mmx0.25 mm250 W/m-K - 55 C+ 400 C,250 W/m-K,180 mm,,,814.78
COH-1706 t0.5,Taica,Thermal Interface Products,"Thermal Interface Products Gap Pad, 3.8 W/mK, Square, 410x410mm, 0.5mm Thick, Both Sides Tacky, Alpha Gel",3.8 W/m-K,410 mm,410 mm,410 mm,807.95
TGF10-07870787-039,LeaderTech,Thermal Interface Products,Thermal Interface Products 1W/m-K 200*200*1 TGF10 White Gray,1 W/m-K,,200 mm,200 mm,1657.5
EYG-R0611ZRWH,Panasonic,Thermal Interface Products,Thermal Interface Products 106 mmx60 mmx0.35 mm200 W/m-K - 55 C+ 400 C,200 W/m-K,106 mm,,,526.83
EYG-R0925ZRWA,Panasonic,Thermal Interface Products,Thermal Interface Products 246 mmx85 mmx0.35 mm200 W/m-K - 55 C+ 400 C,200 W/m-K,246 mm,,,2179.78
T21-4-1.00A-05-11A-V,AIRPAX,Circuit Breakers,Circuit Breakers Cir Brkr Hyd Mag,,,,,1442.35
EYG-R0612ZLSG,Panasonic,Thermal Interface Products,Thermal Interface Products 124 mmx61.5 mmx0.25 mm250 W/m-K - 55 C+ 400 C,250 W/m-K,124 mm,,,569.73
EYG-R1516ZLSB,Panasonic,Thermal Interface Products,Thermal Interface Products 158 mmx148 mmx0.25 mm250 W/m-K - 55 C+ 400 C,250 W/m-K,158 mm,,,1600.95
DC60D40H,Crydom,Solid State Relays - SSRs,Solid State Relays - SSRs SOLID STATE RELAY,,,,,3951.68
CWD4850H,Crydom,Solid State Relays - SSRs,Solid State Relays - SSRs SOLID STATE RELAY 48-660 VAC,,,,,3126.5
HS150-TP2,Ohmite,Thermal Interface Products,Thermal Interface Products HS150 RESISTOR THERMAL PAD,,,,,197.28
T11-3-25.0A-02-31A,AIRPAX,Circuit Breakers,Circuit Breakers CIRCUIT BREAKER,,,,,730.93
4003G,Aavid,Thermal Interface Products,"Thermal Interface Products Thermalsil III Pad for TO-3, Beryllium Oxide Ceramic, 39.65x26.67x 1.575mm",,1.575 mm,39.65 mm,26.67 mm,1321.78
APA502-80-001,Advanced Energy / Artesyn,Heat Sinks,Heat Sinks PAD THERMAL SIZE80 FOR AMPSS MOD,,,,,142.03
5516S-2,3M Electronic Specialty,Thermal Interface Products,Thermal Interface Products,,,,,4687.8
1070-1239,Kontron,CPU & Chip Coolers,CPU & Chip Coolers Heatsink w/ thermal pad & screws - ELK Atom  x6000E Series ONLY,,,,,1462.5
7717-153DAPG,Aavid,Heat Sinks,"Heat Sinks Semiconductor Mounting Pad for TO-18, DAP, 4 Leads, 6.35mm OD, 0.97mm Thickness",,6.35 mm,,,20.8
A17751-10,Laird Technologies,Thermal Interface Products,Thermal Interface Products Tflex HD92500 18x18,,,18 mm,18 mm,37745.5
A18213-08,Laird Technologies,Thermal Interface Products,Thermal Interface Products TFLEX SF10 229X229MM,,229 mm,229 mm,229 mm,5845.78
T29-22303-1,AIRPAX,Circuit Breakers,Circuit Breakers Cir Brkr Hyd Mag,,,,,1558.05
CD-02-05-126,Wakefield Thermal,Thermal Interface Products,"Thermal Interface Products ulTIMiFlux Dielectric Phase Change Thermal Material, TO-126 Pad with Hole",,,,,42.9
10-L4LB-11G,Aavid,Heat Sinks,"Heat Sinks Push Pin Heat Sink for BGA, 45.2x41.4x11.7mm, IC=45x45, Plastic Pins, No Pad",,11.7 mm,45.2 mm,41.4 mm,80.28
COH-1019LVC-200-05-1NT,Taica,Thermal Interface Products,"Thermal Interface Products Gap Pad, 1.9 W/mK, Square, 200x200mm, 0.5mm Thick, 1-Side Non-Tacky, Alpha Gel",1.9 W/m-K,200 mm,200 mm,200 mm,631.15
5516-1.5,3M Electronic Specialty,Thermal Interface Products,Thermal Interface Products THERM COND INT PAD 1.5MM 230MMX320MM,,1.5 mm,,,2709.85
5519-155x210,3M Electronic Specialty,Thermal Interface Products,Thermal Interface Products THERM COND INT PAD 1.5MM 155MMX210MM,,1.5 mm,,,2011.43
7717-30NG,Aavid,Heat Sinks,"Heat Sinks Semiconductor Mounting Pad for IC, Nylon, 10 Leads, 9.53mm OD, 1.91mm Thickness",,9.53 mm,,,12.68
M-C092 Heat Sink Kit,Cincon,Heat Sinks,"Heat Sinks Heat Sink Kit, Transverse Fins, Half Brick, 25.4mm (Includes: 1 Heatsink / 4 Screws / 4 Washers / 1 Thermal Pad)",,25.4 mm,,,227.5
M-B012 Heat Sink Kit,Cincon,Heat Sinks,"Heat Sinks Heat Sink Kit, Transverse Fins, Full Brick (Includes: 1 Heatsink / 4 Screws / 4 Washers / 1 Thermal Pad)",,,,,384.48
173-7-210P,Wakefield Thermal,Thermal Interface Products,"Thermal Interface Products DeltaPads Thermally Conductive Insulators for TO-220, 0.007"", Grey, No Adhesive",,,,,23.73
M-C092,Cincon,Heat Sinks,"Heat Sinks Stand Alone Heat Sink, Transverse Fins, Half Brick, 25.4mm (Includes: 1 Heatsink - no screws /no washers / no pads)",,25.4 mm,,,172.25
APA502-60-001,Advanced Energy / Artesyn,Heat Sinks,Heat Sinks Thermal Pad,,,,,95.23
GF3500LV002406G,Bergquist Company,Thermal Interface Products,"Thermal Interface Products Liquid Gap Filler, Open Head Pail with Lid, 6 Gallon",,,,,331505.2
SP400-0.007-00-12/250,Bergquist Company,Thermal Interface Products,"Thermal Interface Products Sil-Pad, 0.007"" Thickness, 12"" x 250' Roll, Sil-Pad TSP900/400, IDH 2188859",,,,,54812.88
SP400-0.009-AC-12/250,Bergquist Company,Thermal Interface Products,"Thermal Interface Products Sil-Pad, 0.009"" Thickness, 1 Side Adhesive, 12""x250' Roll, Sil-Pad TSP900/400",,,,,119612.35
TGF3000SF-00-1500-7GAL,Bergquist Company,Thermal Interface Products,"Thermal Interface Products Gap Filler, 2-Part, Sil-Free, Room Temp Cure, 3W/mK, 7 Gallon Pail, TGF3000SF",3 W/m-K,,,,305250.4
2956733,Bergquist Company,Thermal Interface Products,"Thermal Interface Products Liquid Gap-Filling Material, 2-Part, 4.5W/m-K, 5 Gallon Hobbock/Pail, TGF4500CVO",4.5 W/m-K,,,,215478.25
SPK4-0.006-AC-11.5/250,Bergquist Company,Thermal Interface Products,"Thermal Interface Products SIL PAD, 0.006"" Thickness, 1 Side Adhesive, 11.5""x250' Roll, TSPK900/K-4",,,,,102999.33
T11-1-15.0A-01-20,AIRPAX,Circuit Breakers,Circuit Breakers CIRCUIT BREAKER,,,,,568.43
SPA2000-0.015-00-10/250,Bergquist Company,Thermal Interface Products,"Thermal Interface Products Insulator, 0.015"" Thickness, 10""x250' Roll, Sil-Pad TSPA3000/A2000, IDH 2210152",,,,,122798.33
TGF1450-00-60-10G,Bergquist Company,Thermal Interface Products,"Thermal Interface Products Gap Filler, 2-Part, Thermally Conductive, 10 Gallon Kit, TGF1450",,,,,230026.88
TGF1450-10-60-7G,Bergquist Company,Thermal Interface Products,"Thermal Interface Products Gap Filler, 2-Part, Thermally Conductive, 7 Gallon Kit, TGF1450",,,,,152687.93
SP400-0.007-AC-12/50,Bergquist Company,Thermal Interface Products,"Thermal Interface Products Sil-Pad, 0.007"" Thickness, 1 Side Adhesive, 12""x50' Roll, Sil-Pad TSP900/400",,,,,27700.08
SP400-0.009-AC-12/100,Bergquist Company,Thermal Interface Products,"Thermal Interface Products Sil-Pad, 0.009"" Thickness, 1 Side Adhesive, 12""x100' Roll, Sil-Pad TSP900/400",,,,,51139.08
SP400-0.007-00-12/50,Bergquist Company,Thermal Interface Products,"Thermal Interface Products Sil-Pad, 0.007"" Thickness, 12"" x 50' Roll, Sil-Pad TSP900/400, IDH 2165817",,,,,17829.5
GF3500S35-00-60-2G,Bergquist Company,Thermal Interface Products,"Thermal Interface Products Liquid Gap Filler, 2 Gallon Kit, Gap Filler TGF 3600/3500S35, IDH 2168021",,,,,122314.73
PPK10-0.006-AC-11.5/250,Bergquist Company,Thermal Interface Products,"Thermal Interface Products Sil-Pad, 0.006"" Thickness, 1 Side Adhesive, 11.5""x250' Roll",,,,,239382.98
SP400-0.009-AC-12/50,Bergquist Company,Thermal Interface Products,"Thermal Interface Products Sil-Pad, 0.009"" Thickness, 1 Side Adhesive, 12""x50' Roll, Sil-Pad TSP900/400",,,,,26720.2
PPK4-0.006-AC-11.5/250,Bergquist Company,Thermal Interface Products,"Thermal Interface Products Sil-Pad, 0.006"" Thickness, 1 Side Adhesive, 11.5""x250' Roll",,,,,226102.83
GF3500S35-00-60-6Gallon,Bergquist Company,Thermal Interface Products,"Thermal Interface Products Thermally Conductive, Liquid Gap Filler, 6 Gallon Kit, IDH 2166671",,,,,349594.38
SP1500ST-0.008-02-10/250,Bergquist Company,Thermal Interface Products,"Thermal Interface Products SIL PAD, Insulating, Conductive, Soft Tack, 0.008"" Thickness, 10""x250' Roll",,,,,208491.73
SP1200-0.016-00-12/250,Bergquist Company,Thermal Interface Products,"Thermal Interface Products Elastomeric Material, 0.016"" Thickness, 12""x250' Roll, Sil-Pad TSP1800/1200",,,,,116724.08
GF4500CVO-00-240-6G,Bergquist Company,Thermal Interface Products,"Thermal Interface Products Liquid Gap-Filling Material, 2-Part, 4.5W/m-K, 6 Gallon Pail Kit, TGF4500CVO",4.5 W/m-K,,,,215478.25
GF1500-00-480-10G,Bergquist Company,Thermal Interface Products,"Thermal Interface Products Liquid Gap Filler, 10 Gallon Kit, Gap Filler TGF 1500/1500, IDH 2252564",,,,,270962.9
GF1500-07-60-2G,Bergquist Company,Thermal Interface Products,"Thermal Interface Products Conductive, Liquid Gap Filler, 2 Gallon Kit, Gap Filler TGF 1500/Gap Filler 1500",,,,,68893.83
SP800-0.005-00-12/250,Bergquist Company,Thermal Interface Products,"Thermal Interface Products Insulator, Low-Pressure, 0.005"" Thickness, 12""x250' Roll, Sil-Pad TSP1600/800",,,,,72490.28
SP980-0.009-00-12/250,Bergquist Company,Thermal Interface Products,"Thermal Interface Products Sil-Pad, Low-Pressure, 0.009"" Thickness, 12""x250' Roll, TSP1680/980, IDH 2195209",,,,,76747.45
SPK6-0.006-00-11.5/250,Bergquist Company,Thermal Interface Products,"Thermal Interface Products Kapton-Based Insulator, 0.006"" Thickness, 11.5""x250' Roll, SIL PAD TSPK1100/K-6",,,,,120517.15
SPA1500-0.010-AC-12/250,Bergquist Company,Thermal Interface Products,"Thermal Interface Products Sil-Pad, Elastomeric Material, 0.010"" Thickness, 1 Side Adhesive, 12""x250' Roll",,,,,122123.3
GF1500-00-60-10G,Bergquist Company,Thermal Interface Products,"Thermal Interface Products Liquid Gap Filler, 10 Gallon Kit, Gap Filler TGF 1500/1500, IDH 2190947",,,,,328610.1
GF2000-00-600-10G,Bergquist Company,Thermal Interface Products,"Thermal Interface Products Liquid Gap Filler, 10 Gallon Kit, Gap Filler TGF 2000/2000, IDH 2192336",,,,,298376.98
PPK10-0.006-00-11.5/250,Bergquist Company,Thermal Interface Products,"Thermal Interface Products Insulator, 0.006"" Thickness, 11.5""x250' Roll, Sil-Pad TSPPPK1300/Poly-Pad K-10",,,,,226102.5
SPK4-0.006-00-11.5/250,Bergquist Company,Thermal Interface Products,"Thermal Interface Products Insulator, 0.006"" Thickness, 11.5"" x 250' Roll, SIL PAD TSPK900/K-4, IDH 2192344",,,,,83262.73
TGF1450-10-60-10G,Bergquist Company,Thermal Interface Products,"Thermal Interface Products Gap Filler, 2-Part, Thermally Conductive, 10 Gallon Kit, TGF1450",,,,,218125.05
GF4000-00-240-6G,Bergquist Company,Thermal Interface Products,"Thermal Interface Products Liquid Gap Filler, 6 Gallon Kit, Gap Filler TGF 4000/4000, IDH 2193537",,,,,331504.88
PP400-0.009-00-12/250,Bergquist Company,Thermal Interface Products,"Thermal Interface Products Insulator, 0.009"" Thickness, 12""x250' Roll, Sil-Pad TSPPP900/Poly-Pad 400",,,,,92149.2
T21-41F-.300A-02-31A,AIRPAX,Circuit Breakers,Circuit Breakers CIRCUIT BREAKER,,,,,1636.38
GF2000-00-60-10G,Bergquist Company,Thermal Interface Products,"Thermal Interface Products Liquid Gap Filler, 10 Gallon Kit, Gap Filler TGF 2000/2000, IDH 2167327",,,,,298376.98
GF1500-07-60-10G,Bergquist Company,Thermal Interface Products,"Thermal Interface Products Liquid Gap Filler, 10 Gallon Kit, Gap Filler TGF 1500/1500, IDH 2167274",,,,,377901.88
GF1500-07-60-7G,Bergquist Company,Thermal Interface Products,"Thermal Interface Products Liquid Gap Filler, 7 Gallon Kit, Gap Filler TGF 1500/1500, IDH 2193153",,,,,229031.73
SP800-0.005-AC-12/250,Bergquist Company,Thermal Interface Products,"Thermal Interface Products Sil-Pad, Low-Pressure, 0.005"" Thickness, 1 Side Adhesive, 12""x250' Roll",,,,,79932.45
GF1500-00-60-2G,Bergquist Company,Thermal Interface Products,"Thermal Interface Products Liquid Gap Filler, 2 Gallon Kit, Gap Filler TGF 1500/1500, IDH 2456576",,,,,59907.25
GF1000-00-15-10G,Bergquist Company,Thermal Interface Products,"Thermal Interface Products Gap Filler, Pot Life=15m, 10 Gallon Kit, Gap Filler TGF 1000/1000, IDH 2166328",,,,,230564.1
GF1500-00-60-7G,Bergquist Company,Thermal Interface Products,"Thermal Interface Products Liquid Gap Filler, 7 Gallon Kit, Gap Filler TGF 1500/1500, IDH 2167880",,,,,189674.23
GF1500-00-480-7G,Bergquist Company,Thermal Interface Products,"Thermal Interface Products Liquid Gap Filler, 7 Gallon Kit, Gap Filler TGF 1500/1500, IDH 2167521",,,,,189674.23
GF1500-00-60-6G,Bergquist Company,Thermal Interface Products,"Thermal Interface Products Liquid Gap Filler, 6 Gallon Kit, Gap Filler TGF 1500/1500, IDH 2252565",,,,,162578.0
SP1200-0.009-00-12/250,Bergquist Company,Thermal Interface Products,"Thermal Interface Products Elastomeric Material, 0.009"" Thickness, 12""x250' Roll, Sil-Pad TSP1800/1200",,,,,124371.65
SP1200-0.012-AC-12/250,Bergquist Company,Thermal Interface Products,"Thermal Interface Products Sil-Pad, Elastomeric Material, 0.012"" Thickness, 1 Side Adhesive, 12""x250' Roll",,,,,126873.18
PP400-0.009-AC-12/250,Bergquist Company,Thermal Interface Products,"Thermal Interface Products Sil-Pad, 0.009"" Thickness, 1 Side Adhesive, 12""x250' Roll, TSPPP900/Poly-Pad 400",,,,,78853.78
SPK6-0.006-AC-11.5/250,Bergquist Company,Thermal Interface Products,"Thermal Interface Products SIL PAD, Kapton-Based, 0.006"" Thickness, 1 Side Adhesive, 11.5""x250' Roll",,,,,130170.63
SP1200-0.009-AC-12/250,Bergquist Company,Thermal Interface Products,"Thermal Interface Products Sil-Pad, Elastomeric Material, 0.009"" Thickness, 1 Side Adhesive, 12""x250' Roll",,,,,141452.03
SP1200-0.012-00-12/250,Bergquist Company,Thermal Interface Products,"Thermal Interface Products Elastomeric Material, 0.012"" Thickness, 12""x250' Roll, Sil-Pad TSP1800/1200",,,,,101498.48
2697950,Bergquist Company,Thermal Interface Products,"Thermal Interface Products Gap Filler, Open Head Pail with Lid, 3.84kg, Bergquist Gap Filler TGF7000CVO",,,,,45034.6
RGHT,Carlo Gavazzi,Thermal Interface Products,Thermal Interface Products THERMAL PAD FOR RG (PACK OF 10 PCS),,,,,710.13
A12624-03,Laird Technologies,Thermal Interface Products,"Thermal Interface Products Tflex 6100 18x18"" 3.0W/mK gap filler",3.0 W/m-K,,18 mm,18 mm,19056.38
A15792-10,Laird Technologies,Thermal Interface Products,"Thermal Interface Products Tflex HR6100 18x18in,",,,18 mm,18 mm,10128.63
A16006-06,Laird Technologies,Thermal Interface Products,"Thermal Interface Products Tflex 760 18"" x 18""",,,,,19338.15
A18330-09,Laird Technologies,Thermal Interface Products,Thermal Interface Products 2.25 127x76mm,,76 mm,127 mm,76 mm,3232.45
A15896-12,Laird Technologies,Thermal Interface Products,"Thermal Interface Products Tflex 7120 9"" x 9""",,,,,9791.6
SF500-404005,Same Sky,Thermal Interface Products,"Thermal Interface Products Thermal interface material, SF500, silicone- based, 40x40x0.5 mm",,0.5 mm,40 mm,40 mm,911.63
A18330-14,Laird Technologies,Thermal Interface Products,Thermal Interface Products 3.50 127x76mm,,76 mm,127 mm,76 mm,5029.38
A16056-11,Laird Technologies,Thermal Interface Products,"Thermal Interface Products TflexHR6110 DC1 9x9"" 3.0W/mK gap filler",3.0 W/m-K,,9 mm,9 mm,2998.13
A12630-10,Laird Technologies,Thermal Interface Products,Thermal Interface Products Tflex 6160 18x18in,,,18 mm,18 mm,27949.68
A16104-20,Laird Technologies,Thermal Interface Products,"Thermal Interface Products Tflex HR6200 9x9"" 3.0W/mK gap filler",3.0 W/m-K,,9 mm,9 mm,5654.68
A15796-24,Laird Technologies,Thermal Interface Products,"Thermal Interface Products Tflex 740 18x18"" 5.0W/mK gap filler",5.0 W/m-K,,18 mm,18 mm,14815.45
SF100-101005,Same Sky,Thermal Interface Products,"Thermal Interface Products Thermal interface material, SF100, silicone- based, 10x10x0.5 mm",,0.5 mm,10 mm,10 mm,302.9
A16367-06,Laird Technologies,Thermal Interface Products,"Thermal Interface Products Tflex SF660 DF 8.5"" x 9.0""",,,,,3687.78
AF500-151505,Same Sky,Thermal Interface Products,"Thermal Interface Products Thermal interface material, AF500, non-silicone- based, 15x15x0.5 mm",,0.5 mm,15 mm,15 mm,1583.08
SF100-303005,Same Sky,Thermal Interface Products,"Thermal Interface Products Thermal interface material, SF100, silicone- based, 30x30x0.5 mm",,0.5 mm,30 mm,30 mm,301.6
A15340-02,Laird Technologies,Thermal Interface Products,Thermal Interface Products TFLEX 3200  18X18IN,,,18 mm,18 mm,5457.08
AF100-101005,Same Sky,Thermal Interface Products,"Thermal Interface Products Thermal interface material, AF100, non-silicone- based, 10x10x0.5 mm",,0.5 mm,10 mm,10 mm,425.75
SF400-707005,Same Sky,Thermal Interface Products,"Thermal Interface Products Thermal interface material, SF400, silicone- based, 70x70x0.5 mm",,0.5 mm,70 mm,70 mm,771.23
SF400-404005,Same Sky,Thermal Interface Products,"Thermal Interface Products Thermal interface material, SF400, silicone- based, 40x40x0.5 mm",,0.5 mm,40 mm,40 mm,703.3
AF500-404005,Same Sky,Thermal Interface Products,"Thermal Interface Products Thermal interface material, AF500, non-silicone- based, 40x40x0.5 mm",,0.5 mm,40 mm,40 mm,1501.18
A10247-05,Laird Technologies,Thermal Interface Products,"Thermal Interface Products Tputty 502 180 FG2 18x18"" 3W/mK XSoft",3 W/m-K,,18 mm,18 mm,57202.93
A16708-16,Laird Technologies,Thermal Interface Products,"Thermal Interface Products Tflex 3160,DC1 18x18in,",,,18 mm,18 mm,5366.4
A18052-10,Laird Technologies,Thermal Interface Products,Thermal Interface Products Tflex 3100TG 18x18in,,,18 mm,18 mm,3104.73
A16708-20,Laird Technologies,Thermal Interface Products,"Thermal Interface Products Tflex 3200,DC1 18inx181i,",,,,,6004.05
A16708-13,Laird Technologies,Thermal Interface Products,"Thermal Interface Products Tflex 3130,DC1 18x18in,",,,18 mm,18 mm,4332.58
A16708-18,Laird Technologies,Thermal Interface Products,"Thermal Interface Products Tflex 3180,DC1 18x18in,",,,18 mm,18 mm,5676.13
A17927-14,Laird Technologies,Thermal Interface Products,Thermal Interface Products Tflex B2140MFG 18x18IN,,,18 mm,18 mm,2711.8
A17927-19,Laird Technologies,Thermal Interface Products,Thermal Interface Products Tflex B2190MFG 18x18IN,,,18 mm,18 mm,3658.85
40002050,Wurth Elektronik,Thermal Interface Products,Thermal Interface Products WE-TGF Thrml Flr Pad 200mm x 400mm x 5mm,,200 mm,,,4248.73
A18052-11,Laird Technologies,Thermal Interface Products,Thermal Interface Products Tflex 3110TG 18x18in,,,18 mm,18 mm,3358.23
A16708-19,Laird Technologies,Thermal Interface Products,"Thermal Interface Products Tflex 3190,DC1 18x18in,",,,18 mm,18 mm,5811.33
A17927-20,Laird Technologies,Thermal Interface Products,Thermal Interface Products Tflex B2200MFG 18x18IN,,,18 mm,18 mm,3783.65
A18053-16,Laird Technologies,Thermal Interface Products,Thermal Interface Products Tflex 3160TG 9x9in,,,9 mm,9 mm,1378.33
A15336-02,Laird Technologies,Thermal Interface Products,Thermal Interface Products Tflex 3160 18x18in,,,18 mm,18 mm,4781.4
A17927-17,Laird Technologies,Thermal Interface Products,Thermal Interface Products Tflex B2170MFG 18x18IN,,,18 mm,18 mm,3357.25
A15792-06,Laird Technologies,Thermal Interface Products,"Thermal Interface Products Tflex HR660 18"" x 18""",,,,,6426.88
A18330-20,Laird Technologies,Thermal Interface Products,Thermal Interface Products 5.00 127x76mm,,76 mm,127 mm,76 mm,7665.78
A16056-04,Laird Technologies,Thermal Interface Products,"Thermal Interface Products Tflex HR640 DC1 9x9"" 3.0W/mK gap filler",3.0 W/m-K,,9 mm,9 mm,1247.03
A15896-05,Laird Technologies,Thermal Interface Products,"Thermal Interface Products Tflex 750 9x9"" 5.0W/mK gap filler",5.0 W/m-K,,9 mm,9 mm,4918.55
A10239-09,Laird Technologies,Thermal Interface Products,"Thermal Interface Products Tputty 502,FG2,100 9"" x 9""",,,,,8948.55
AF500-505005,Same Sky,Thermal Interface Products,"Thermal Interface Products Thermal interface material, AF500, non-silicone- based, 50x50x0.5 mm",,0.5 mm,50 mm,50 mm,1500.53
AF500-303005,Same Sky,Thermal Interface Products,"Thermal Interface Products Thermal interface material, AF500, non-silicone- based, 30x30x0.5 mm",,0.5 mm,30 mm,30 mm,1658.15
AF500-101005,Same Sky,Thermal Interface Products,"Thermal Interface Products Thermal interface material, AF500, non-silicone- based, 10x10x0.5 mm",,0.5 mm,10 mm,10 mm,1480.38
AF100-505005,Same Sky,Thermal Interface Products,"Thermal Interface Products Thermal interface material, AF100, non-silicone- based, 50x50x0.5 mm",,0.5 mm,50 mm,50 mm,401.38
A15338-02,Laird Technologies,Thermal Interface Products,"Thermal Interface Products Tflex 3180 18x18in,",,,18 mm,18 mm,5144.43
A15339-02,Laird Technologies,Thermal Interface Products,Thermal Interface Products Tflex 3190 18x18in,,,18 mm,18 mm,5284.5
A18052-20,Laird Technologies,Thermal Interface Products,Thermal Interface Products Tflex 3200TG 18x18in,,,18 mm,18 mm,4764.83
A18052-14,Laird Technologies,Thermal Interface Products,Thermal Interface Products Tflex 3140TG 18x18in,,,18 mm,18 mm,3872.38
A17927-15,Laird Technologies,Thermal Interface Products,Thermal Interface Products Tflex B2150MFG 18x18IN,,,18 mm,18 mm,2977.98
A15896-03,Laird Technologies,Thermal Interface Products,"Thermal Interface Products Tflex 730 9x9"" 5.0W/mK gap filler",5.0 W/m-K,,9 mm,9 mm,3494.4
A10240-05,Laird Technologies,Thermal Interface Products,"Thermal Interface Products Tputty 502,FG2,110 9"" x 9""",,,,,8864.38
A12626-18,Laird Technologies,Thermal Interface Products,"Thermal Interface Products Tflex 6120 18x18in,",,,18 mm,18 mm,20930.0
A16056-12,Laird Technologies,Thermal Interface Products,"Thermal Interface Products TflexHR6120 DC1 9x9"" 3.0W/mK gap filler",3.0 W/m-K,,9 mm,9 mm,3249.68
AF100-151505,Same Sky,Thermal Interface Products,"Thermal Interface Products Thermal interface material, AF100, non-silicone- based, 15x15x0.5 mm",,0.5 mm,15 mm,15 mm,359.13
SF100-151505,Same Sky,Thermal Interface Products,"Thermal Interface Products Thermal interface material, SF100, silicone- based, 15x15x0.5 mm",,0.5 mm,15 mm,15 mm,312.65
AF100-303005,Same Sky,Thermal Interface Products,"Thermal Interface Products Thermal interface material, AF100, non-silicone- based, 30x30x0.5 mm",,0.5 mm,30 mm,30 mm,437.45
AF200-707005,Same Sky,Thermal Interface Products,"Thermal Interface Products Thermal interface material, AF200, non-silicone- based, 70x70x0.5 mm",,0.5 mm,70 mm,70 mm,401.7
A16708-15,Laird Technologies,Thermal Interface Products,"Thermal Interface Products Tflex 3150,DC1 18x18in,",,,18 mm,18 mm,4875.98
A18052-13,Laird Technologies,Thermal Interface Products,Thermal Interface Products Tflex 3130TG 18x18in,,,18 mm,18 mm,3679.33
A12629-01,Laird Technologies,Thermal Interface Products,"Thermal Interface Products Tflex 6150 9.00x9.00in,",,,9.00 mm,9.00 mm,7621.58
AF200-151505,Same Sky,Thermal Interface Products,"Thermal Interface Products Thermal interface material, AF200, non-silicone- based, 15x15x0.5 mm",,0.5 mm,15 mm,15 mm,907.73
SF500-101005,Same Sky,Thermal Interface Products,"Thermal Interface Products Thermal interface material, SF500, silicone- based, 10x10x0.5 mm",,0.5 mm,10 mm,10 mm,949.33
AF100-202005,Same Sky,Thermal Interface Products,"Thermal Interface Products Thermal interface material, AF100, non-silicone- based, 20x20x0.5 mm",,0.5 mm,20 mm,20 mm,459.88
SF100-313005,Same Sky,Thermal Interface Products,"Thermal Interface Products Thermal interface material, SF100, silicone- based, 31.25x30x0.5 mm",,0.5 mm,31.25 mm,30 mm,238.55
SF100S-202005,Same Sky,Thermal Interface Products,"Thermal Interface Products Thermal interface material, SF100S, silicone- based, 20x20x0.5 mm",,0.5 mm,20 mm,20 mm,224.58
SF100S-404005,Same Sky,Thermal Interface Products,"Thermal Interface Products Thermal interface material, SF100S, silicone- based, 40x40x0.5 mm",,0.5 mm,40 mm,40 mm,258.38
A18213-13,Laird Technologies,Thermal Interface Products,"Thermal Interface Products Tflex SF10,3.25 229x229mm,",,229 mm,229 mm,229 mm,12619.43
A18213-17,Laird Technologies,Thermal Interface Products,"Thermal Interface Products Tflex SF10,4.25 229x229mm,",,229 mm,229 mm,229 mm,17415.13
AF200-303005,Same Sky,Thermal Interface Products,"Thermal Interface Products Thermal interface material, AF200, non-silicone- based, 30x30x0.5 mm",,0.5 mm,30 mm,30 mm,752.38
SF400-204005,Same Sky,Thermal Interface Products,"Thermal Interface Products Thermal interface material, SF400, silicone- based, 20x40x0.5 mm",,0.5 mm,20 mm,40 mm,710.45
SF500G-202005,Same Sky,Thermal Interface Products,"Thermal Interface Products Thermal interface material, SF500G, silicone- based, 20x20x0.5 mm",,0.5 mm,20 mm,20 mm,1069.25
A17915-17,Laird Technologies,Thermal Interface Products,Thermal Interface Products Tflex B2170 18x18IN,,,18 mm,18 mm,3357.25
SF600-303005,Same Sky,Thermal Interface Products,"Thermal Interface Products Thermal interface material, SF600, silicone- based, 30x30x0.5 mm",,0.5 mm,30 mm,30 mm,1727.7
SF100S-101005,Same Sky,Thermal Interface Products,"Thermal Interface Products Thermal interface material, SF100S, silicone- based, 10x10x0.5 mm",,0.5 mm,10 mm,10 mm,255.45
SF600-505005,Same Sky,Thermal Interface Products,"Thermal Interface Products Thermal interface material, SF600, silicone- based, 50x50x0.5 mm",,0.5 mm,50 mm,50 mm,1581.13
SF400-153005,Same Sky,Thermal Interface Products,"Thermal Interface Products Thermal interface material, SF400, silicone- based, 15x30x0.5 mm",,0.5 mm,15 mm,30 mm,721.83
A17915-16,Laird Technologies,Thermal Interface Products,Thermal Interface Products Tflex B2160 18x18IN,,,18 mm,18 mm,3166.8
A17915-04,Laird Technologies,Thermal Interface Products,Thermal Interface Products TFLEX B240,,,,,1113.45
SF600G-505005,Same Sky,Thermal Interface Products,"Thermal Interface Products Thermal interface material, SF600G, silicone- based, 50x50x0.5 mm",,0.5 mm,50 mm,50 mm,2106.65
SF100S-151505,Same Sky,Thermal Interface Products,"Thermal Interface Products Thermal interface material, SF100S, silicone- based, 15x15x0.5 mm",,0.5 mm,15 mm,15 mm,289.9
SF600-101005,Same Sky,Thermal Interface Products,"Thermal Interface Products Thermal interface material, SF600, silicone- based, 10x10x0.5 mm",,0.5 mm,10 mm,10 mm,1613.3
SF600G-303005,Same Sky,Thermal Interface Products,"Thermal Interface Products Thermal interface material, SF600G, silicone- based, 30x30x0.5 mm",,0.5 mm,30 mm,30 mm,2039.05
AF500-204005,Same Sky,Thermal Interface Products,"Thermal Interface Products Thermal interface material, AF500, non-silicone- based, 20x40x0.5 mm",,0.5 mm,20 mm,40 mm,1501.18
SF600-151505,Same Sky,Thermal Interface Products,"Thermal Interface Products Thermal interface material, SF600, silicone- based, 15x15x0.5 mm",,0.5 mm,15 mm,15 mm,1727.7
SF500-202005,Same Sky,Thermal Interface Products,"Thermal Interface Products Thermal interface material, SF500, silicone- based, 20x20x0.5 mm",,0.5 mm,20 mm,20 mm,797.55
SF600G-101005,Same Sky,Thermal Interface Products,"Thermal Interface Products Thermal interface material, SF600G, silicone- based, 10x10x0.5 mm",,0.5 mm,10 mm,10 mm,1894.43
A17915-14,Laird Technologies,Thermal Interface Products,Thermal Interface Products Tflex B2140 18x18IN,,,18 mm,18 mm,2711.8
AF500-707005,Same Sky,Thermal Interface Products,"Thermal Interface Products Thermal interface material, AF500, non-silicone- based, 70x70x0.5 mm",,0.5 mm,70 mm,70 mm,1384.5
SF400-202005,Same Sky,Thermal Interface Products,"Thermal Interface Products Thermal interface material, SF400, silicone- based, 20x20x0.5 mm",,0.5 mm,20 mm,20 mm,710.45
AF100-404005,Same Sky,Thermal Interface Products,"Thermal Interface Products Thermal interface material, AF100, non-silicone- based, 40x40x0.5 mm",,0.5 mm,40 mm,40 mm,401.7
A17927-18,Laird Technologies,Thermal Interface Products,Thermal Interface Products Tflex B2180MFG 18x18IN,,,18 mm,18 mm,3515.53
A18052-17,Laird Technologies,Thermal Interface Products,Thermal Interface Products Tflex 3170TG 18x18in,,,18 mm,18 mm,4246.13
A18052-18,Laird Technologies,Thermal Interface Products,Thermal Interface Products Tflex 3180TG 18x18in,,,18 mm,18 mm,4464.85
A14415-02,Laird Technologies,Thermal Interface Products,"Thermal Interface Products Tflex 670,DC1 18x18in",,,18 mm,18 mm,13132.6
A16708-17,Laird Technologies,Thermal Interface Products,"Thermal Interface Products Tflex 3170,DC1 18x18in,",,,18 mm,18 mm,5540.28
A18052-16,Laird Technologies,Thermal Interface Products,Thermal Interface Products Tflex 3160TG 18x18in,,,18 mm,18 mm,4517.83
AF500-153005,Same Sky,Thermal Interface Products,"Thermal Interface Products Thermal interface material, AF500, non-silicone- based, 15x30x0.5 mm",,0.5 mm,15 mm,30 mm,807.63
AF200-202005,Same Sky,Thermal Interface Products,"Thermal Interface Products Thermal interface material, AF200, non-silicone- based, 20x20x0.5 mm",,0.5 mm,20 mm,20 mm,607.43
SF500G-707005,Same Sky,Thermal Interface Products,"Thermal Interface Products Thermal interface material, SF500G, silicone- based, 70x70x0.5 mm",,0.5 mm,70 mm,70 mm,692.58
AF100-153005,Same Sky,Thermal Interface Products,"Thermal Interface Products Thermal interface material, AF100, non-silicone- based, 15x30x0.5 mm",,0.5 mm,15 mm,30 mm,437.45
SF400-265005,Same Sky,Thermal Interface Products,"Thermal Interface Products Thermal interface material, SF400, silicone- based, 26.25x50x0.5 mm",,0.5 mm,26.25 mm,50 mm,737.1
SF100S-303005,Same Sky,Thermal Interface Products,"Thermal Interface Products Thermal interface material, SF100S, silicone- based, 30x30x0.5 mm",,0.5 mm,30 mm,30 mm,277.88
SF100S-505005,Same Sky,Thermal Interface Products,"Thermal Interface Products Thermal interface material, SF100S, silicone- based, 50x50x0.5 mm",,0.5 mm,50 mm,50 mm,257.08
SF500-505005,Same Sky,Thermal Interface Products,"Thermal Interface Products Thermal interface material, SF500, silicone- based, 50x50x0.5 mm",,0.5 mm,50 mm,50 mm,911.3
A18213-20,Laird Technologies,Thermal Interface Products,"Thermal Interface Products Tflex SF10,5.00 229x229mm,",,229 mm,229 mm,229 mm,19445.73
A18213-11,Laird Technologies,Thermal Interface Products,"Thermal Interface Products Tflex SF10,2.75 229x229mm,",,229 mm,229 mm,229 mm,11811.15
A17915-19,Laird Technologies,Thermal Interface Products,Thermal Interface Products Tflex B2190 18x18IN,,,18 mm,18 mm,3658.85
A17536-06,Laird Technologies,Thermal Interface Products,Thermal Interface Products Tflex HD760 18x18,,,18 mm,18 mm,9114.3
SF500-414505,Same Sky,Thermal Interface Products,"Thermal Interface Products Thermal interface material, SF500, silicone- based, 41.25x45x0.5 mm",,0.5 mm,41.25 mm,45 mm,950.63
40104010,Wurth Elektronik,Thermal Interface Products,Thermal Interface Products WE-TGF Thml Rein Pad 200mm x 400mm x 1mm,,200 mm,,,3418.03
A18052-19,Laird Technologies,Thermal Interface Products,Thermal Interface Products Tflex 3190TG 18x18in,,,18 mm,18 mm,4643.6
A10234-38,Laird Technologies,Thermal Interface Products,"Thermal Interface Products Tputty 502 50 FG2 18x18"" 3W/mK XSoft",3 W/m-K,,18 mm,18 mm,17450.23
A17877-14,Laird Technologies,Thermal Interface Products,"Thermal Interface Products Tflex HD3140TG 9x9IN,",,,9 mm,9 mm,4162.6
SF500G-303005,Same Sky,Thermal Interface Products,"Thermal Interface Products Thermal interface material, SF500G, silicone- based, 30x30x0.5 mm",,0.5 mm,30 mm,30 mm,1367.28
SF600-202005,Same Sky,Thermal Interface Products,"Thermal Interface Products Thermal interface material, SF600, silicone- based, 20x20x0.5 mm",,0.5 mm,20 mm,20 mm,1372.8
A18213-18,Laird Technologies,Thermal Interface Products,"Thermal Interface Products Tflex SF10,4.50 229x229mm,",,229 mm,229 mm,229 mm,18808.73
SF500-303005,Same Sky,Thermal Interface Products,"Thermal Interface Products Thermal interface material, SF500, silicone- based, 30x30x0.5 mm",,0.5 mm,30 mm,30 mm,1003.93
SF500G-505005,Same Sky,Thermal Interface Products,"Thermal Interface Products Thermal interface material, SF500G, silicone- based, 50x50x0.5 mm",,0.5 mm,50 mm,50 mm,1238.9
SF600G-151505,Same Sky,Thermal Interface Products,"Thermal Interface Products Thermal interface material, SF600G, silicone- based, 15x15x0.5 mm",,0.5 mm,15 mm,15 mm,2029.95
AF200-101005,Same Sky,Thermal Interface Products,"Thermal Interface Products Thermal interface material, AF200, non-silicone- based, 10x10x0.5 mm",,0.5 mm,10 mm,10 mm,679.58
AF500-414505,Same Sky,Thermal Interface Products,"Thermal Interface Products Thermal interface material, AF500, non-silicone- based, 41.25x45x0.5 mm",,0.5 mm,41.25 mm,45 mm,1570.73
A10242-04,Laird Technologies,Thermal Interface Products,"Thermal Interface Products Tputty 502 130 FG2 9x9"" 3W/mK XSoft",3 W/m-K,,9 mm,9 mm,10573.23
A17877-18,Laird Technologies,Thermal Interface Products,"Thermal Interface Products Tflex HD3180TG 9x9IN,",,,9 mm,9 mm,5313.75
A10244-06,Laird Technologies,Thermal Interface Products,"Thermal Interface Products Tputty 502 150 FG2 9x9"" 3W/mK XSoft",3 W/m-K,,9 mm,9 mm,12043.53
A10246-04,Laird Technologies,Thermal Interface Products,"Thermal Interface Products Tputty 502 170 FG2 9x9"" 3W/mK XSoft",3 W/m-K,,9 mm,9 mm,13779.68
A17877-19,Laird Technologies,Thermal Interface Products,"Thermal Interface Products Tflex HD3190TG 9x9IN,",,,9 mm,9 mm,5572.13
A17877-20,Laird Technologies,Thermal Interface Products,"Thermal Interface Products Tflex HD3200TG 9x9IN,",,,9 mm,9 mm,5831.15
AF200-204005,Same Sky,Thermal Interface Products,"Thermal Interface Products Thermal interface material, AF200, non-silicone- based, 20x40x0.5 mm",,0.5 mm,20 mm,40 mm,533.33
A17883-11,Laird Technologies,Thermal Interface Products,Thermal Interface Products Tflex HD82750 9x9,,,9 mm,9 mm,6696.63
SF500-204005,Same Sky,Thermal Interface Products,"Thermal Interface Products Thermal interface material, SF500, silicone- based, 20x40x0.5 mm",,0.5 mm,20 mm,40 mm,755.63
A17689-06,Laird Technologies,Thermal Interface Products,Thermal Interface Products Tflex HD760 DC1 18x18,,,18 mm,18 mm,9975.88
A17751-08,Laird Technologies,Thermal Interface Products,Thermal Interface Products Tflex HD92000 18x18,,,18 mm,18 mm,32727.83
SF600-313005,Same Sky,Thermal Interface Products,"Thermal Interface Products Thermal interface material, SF600, silicone- based, 31.25x30x0.5 mm",,0.5 mm,31.25 mm,30 mm,1352.98
SF500G-204005,Same Sky,Thermal Interface Products,"Thermal Interface Products Thermal interface material, SF500G, silicone- based, 20x40x0.5 mm",,0.5 mm,20 mm,40 mm,1013.03
A17752-12,Laird Technologies,Thermal Interface Products,Thermal Interface Products Tflex HD93000 9x9,,,9 mm,9 mm,11699.35
AF500-301205,Same Sky,Thermal Interface Products,"Thermal Interface Products Thermal interface material, AF500, non-silicone- based, 30x12x0.5 mm",,0.5 mm,30 mm,12 mm,1421.23
SF500-265005,Same Sky,Thermal Interface Products,"Thermal Interface Products Thermal interface material, SF500, silicone- based, 26.25x50x0.5 mm",,0.5 mm,26.25 mm,50 mm,853.13
SF500G-313005,Same Sky,Thermal Interface Products,"Thermal Interface Products Thermal interface material, SF500G, silicone- based, 31.25x30x0.5 mm",,0.5 mm,31.25 mm,30 mm,1053.0
A17883-15,Laird Technologies,Thermal Interface Products,Thermal Interface Products Tflex HD83750 9x9,,,9 mm,9 mm,8925.48
SF500-313005,Same Sky,Thermal Interface Products,"Thermal Interface Products Thermal interface material, SF500, silicone- based, 31.25x30x0.5 mm",,0.5 mm,31.25 mm,30 mm,786.5
SF500G-265005,Same Sky,Thermal Interface Products,"Thermal Interface Products Thermal interface material, SF500G, silicone- based, 26.25x50x0.5 mm",,0.5 mm,26.25 mm,50 mm,1146.93
SF100S-414505,Same Sky,Thermal Interface Products,"Thermal Interface Products Thermal interface material, SF100S, silicone- based, 41.25x45x0.5 mm",,0.5 mm,41.25 mm,45 mm,269.1
SF600G-153005,Same Sky,Thermal Interface Products,"Thermal Interface Products Thermal interface material, SF600G, silicone- based, 15x30x0.5 mm",,0.5 mm,15 mm,30 mm,2039.05
SF100S-265005,Same Sky,Thermal Interface Products,"Thermal Interface Products Thermal interface material, SF100S, silicone- based, 26.25x50x0.5 mm",,0.5 mm,26.25 mm,50 mm,237.9
SF500-301205,Same Sky,Thermal Interface Products,"Thermal Interface Products Thermal interface material, SF500, silicone- based, 30x12x0.5 mm",,0.5 mm,30 mm,12 mm,805.03
A17883-16,Laird Technologies,Thermal Interface Products,Thermal Interface Products Tflex HD84000 9x9,,,9 mm,9 mm,9907.3
A17883-09,Laird Technologies,Thermal Interface Products,Thermal Interface Products Tflex HD82250 9x9,,,9 mm,9 mm,6022.25
A10247-04,Laird Technologies,Thermal Interface Products,"Thermal Interface Products Tputty 502 180 FG2 9x9"" 3W/mK XSoft",3 W/m-K,,9 mm,9 mm,14587.95
A17877-12,Laird Technologies,Thermal Interface Products,"Thermal Interface Products Tflex HD3120TG 9x9IN,",,,9 mm,9 mm,3646.83
A17877-11,Laird Technologies,Thermal Interface Products,"Thermal Interface Products Tflex HD3110TG 9x9IN,",,,9 mm,9 mm,3387.48
A17877-17,Laird Technologies,Thermal Interface Products,"Thermal Interface Products Tflex HD3170TG 9x9IN,",,,9 mm,9 mm,5051.8
SF500G-151505,Same Sky,Thermal Interface Products,"Thermal Interface Products Thermal interface material, SF500G, silicone- based, 15x15x0.5 mm",,0.5 mm,15 mm,15 mm,1361.43
AF100-265005,Same Sky,Thermal Interface Products,"Thermal Interface Products Thermal interface material, AF100, non-silicone- based, 26.25x50x0.5 mm",,0.5 mm,26.25 mm,50 mm,420.88
AF200-505005,Same Sky,Thermal Interface Products,"Thermal Interface Products Thermal interface material, AF200, non-silicone- based, 50x50x0.5 mm",,0.5 mm,50 mm,50 mm,644.15
SF500-151505,Same Sky,Thermal Interface Products,"Thermal Interface Products Thermal interface material, SF500, silicone- based, 15x15x0.5 mm",,0.5 mm,15 mm,15 mm,998.4
SF600-707005,Same Sky,Thermal Interface Products,"Thermal Interface Products Thermal interface material, SF600, silicone- based, 70x70x0.5 mm",,0.5 mm,70 mm,70 mm,880.43
AF100-414505,Same Sky,Thermal Interface Products,"Thermal Interface Products Thermal interface material, AF100, non-silicone- based, 41.25x45x0.5 mm",,0.5 mm,41.25 mm,45 mm,419.25
A18213-15,Laird Technologies,Thermal Interface Products,"Thermal Interface Products Tflex SF10,3.75 229x229mm,",,229 mm,229 mm,229 mm,14253.2
A18213-19,Laird Technologies,Thermal Interface Products,"Thermal Interface Products Tflex SF10,4.75 229x229mm,",,229 mm,229 mm,229 mm,18083.65
A17915-15,Laird Technologies,Thermal Interface Products,Thermal Interface Products TFLEX B2150,,,,,2961.08
AF100-707005,Same Sky,Thermal Interface Products,"Thermal Interface Products Thermal interface material, AF100, non-silicone- based, 70x70x0.5 mm",,0.5 mm,70 mm,70 mm,438.1
SF400-414505,Same Sky,Thermal Interface Products,"Thermal Interface Products Thermal interface material, SF400, silicone- based, 41.25x45x0.5 mm",,0.5 mm,41.25 mm,45 mm,731.58
SF500-707005,Same Sky,Thermal Interface Products,"Thermal Interface Products Thermal interface material, SF500, silicone- based, 70x70x0.5 mm",,0.5 mm,70 mm,70 mm,466.05
SF500G-101005,Same Sky,Thermal Interface Products,"Thermal Interface Products Thermal interface material, SF500, silicone- based, 10x10x0.5 mm",,0.5 mm,10 mm,10 mm,1260.68
A18213-16,Laird Technologies,Thermal Interface Products,"Thermal Interface Products TFLEX SF10,4.00 229X229MM",,229 mm,229 mm,229 mm,15066.35
A17689-03,Laird Technologies,Thermal Interface Products,Thermal Interface Products Tflex HD730 DC1 18x18,,,18 mm,18 mm,5312.13
SF500-153005,Same Sky,Thermal Interface Products,"Thermal Interface Products Thermal interface material, SF500, silicone- based, 15x30x0.5 mm",,0.5 mm,15 mm,30 mm,1009.78
AF200-301205,Same Sky,Thermal Interface Products,"Thermal Interface Products Thermal interface material, AF200, non-silicone- based, 30x12x0.5 mm",,0.5 mm,30 mm,12 mm,571.68
AF200-153005,Same Sky,Thermal Interface Products,"Thermal Interface Products Thermal interface material, AF200, non-silicone- based, 15x30x0.5 mm",,0.5 mm,15 mm,30 mm,810.23
SF600G-265005,Same Sky,Thermal Interface Products,"Thermal Interface Products Thermal interface material, SF600G, silicone- based, 26.25x50x0.5 mm",,0.5 mm,26.25 mm,50 mm,1692.93
AF200-265005,Same Sky,Thermal Interface Products,"Thermal Interface Products Thermal interface material, AF200, non-silicone- based, 26.25x10x0.5 mm",,0.5 mm,26.25 mm,10 mm,596.7
AF200-313005,Same Sky,Thermal Interface Products,"Thermal Interface Products Thermal interface material, AF200, non-silicone- based, 31.25x30x0.5 mm",,0.5 mm,31.25 mm,30 mm,557.38
SF600G-204005,Same Sky,Thermal Interface Products,"Thermal Interface Products Thermal interface material, SF600G, silicone- based, 20x40x0.5 mm",,0.5 mm,20 mm,40 mm,1694.55
AF100-313005,Same Sky,Thermal Interface Products,"Thermal Interface Products Thermal interface material, AF100, non-silicone- based, 31.25x30x0.5 mm",,0.5 mm,31.25 mm,30 mm,365.63
SF600-404005,Same Sky,Thermal Interface Products,"Thermal Interface Products Thermal interface material, SF600, silicone- based, 40x40x0.5 mm",,0.5 mm,40 mm,40 mm,1582.43
SF600G-707005,Same Sky,Thermal Interface Products,"Thermal Interface Products Thermal interface material, SF600G, silicone- based, 70x70x0.5 mm",,0.5 mm,70 mm,70 mm,1165.78
AF500-313005,Same Sky,Thermal Interface Products,"Thermal Interface Products Thermal interface material, AF500, non-silicone- based, 31.25x30x0.5 mm",,0.5 mm,31.25 mm,30 mm,1394.58
A12618-74,Laird Technologies,Thermal Interface Products,"Thermal Interface Products Tflex 640,PC 9x9in",,,9 mm,9 mm,2838.23
AF200-404005,Same Sky,Thermal Interface Products,"Thermal Interface Products Thermal interface material, AF200, non-silicone- based, 40x40x0.5 mm",,0.5 mm,40 mm,40 mm,651.3
SF100-414505,Same Sky,Thermal Interface Products,"Thermal Interface Products Thermal interface material, SF100, silicone- based, 41.25x45x0.5 mm",,0.5 mm,41.25 mm,45 mm,288.6
SF500G-404005,Same Sky,Thermal Interface Products,"Thermal Interface Products Thermal interface material, SF500G, silicone- based, 40x40x0.5 mm",,0.5 mm,40 mm,40 mm,1238.58
A17916-19,Laird Technologies,Thermal Interface Products,Thermal Interface Products Tflex B2190 9x9IN,,,9 mm,9 mm,1103.7
A18213-09,Laird Technologies,Thermal Interface Products,"Thermal Interface Products Tflex SF10,2.25 229x229mm,",,229 mm,229 mm,229 mm,10004.48
A18213-07,Laird Technologies,Thermal Interface Products,"Thermal Interface Products Tflex SF10,1.75 229x229mm,",,229 mm,229 mm,229 mm,7629.7
401910023,Wurth Elektronik,Thermal Interface Products,Thermal Interface Products WE-TGF 1W TO-220 Out 19.05x12.7x0.23mm,,0.23 mm,19.05 mm,12.7 mm,465.73
A15796-21,Laird Technologies,Thermal Interface Products,"Thermal Interface Products Tflex 7100 18x18"" 5.0W/mK gap filler",5.0 W/m-K,,18 mm,18 mm,31032.3
A10243-04,Laird Technologies,Thermal Interface Products,"Thermal Interface Products Tputty 502 140 FG2 9x9"" 3W/mK XSoft",3 W/m-K,,9 mm,9 mm,11435.78
A17877-13,Laird Technologies,Thermal Interface Products,"Thermal Interface Products Tflex HD3130TG 9x9IN,",,,9 mm,9 mm,3904.88
A17877-15,Laird Technologies,Thermal Interface Products,"Thermal Interface Products Tflex HD3150TG 9x9IN,",,,9 mm,9 mm,4417.73
SF500G-301205,Same Sky,Thermal Interface Products,"Thermal Interface Products Thermal interface material, SF500G, silicone- based, 30x12x0.5 mm",,0.5 mm,30 mm,12 mm,1079.33
SF600-301205,Same Sky,Thermal Interface Products,"Thermal Interface Products Thermal interface material, SF600, silicone- based, 30x12x0.5 mm",,0.5 mm,30 mm,12 mm,1388.4
A17751-06,Laird Technologies,Thermal Interface Products,Thermal Interface Products Tflex HD91500 18x18,,,18 mm,18 mm,24875.83
A17883-17,Laird Technologies,Thermal Interface Products,Thermal Interface Products Tflex HD84250 9x9,,,9 mm,9 mm,9786.08
AF100-301205,Same Sky,Thermal Interface Products,"Thermal Interface Products Thermal interface material, AF100, non-silicone- based, 30x12x0.5 mm",,0.5 mm,30 mm,12 mm,353.6
SF100S-153005,Same Sky,Thermal Interface Products,"Thermal Interface Products Thermal interface material, SF100S, silicone- based, 15x30x0.5 mm",,0.5 mm,15 mm,30 mm,277.88
A10538-18,Laird Technologies,Thermal Interface Products,"Thermal Interface Products Tputty 502 20 FG2 18x18"" 3W/mK XSoft",3 W/m-K,,18 mm,18 mm,8521.18
A10263-10,Laird Technologies,Thermal Interface Products,"Thermal Interface Products 8x8x0.015"",T-pli 215AO,Gasket",,,8 mm,8 mm,11920.68
A17877-16,Laird Technologies,Thermal Interface Products,"Thermal Interface Products Tflex HD3160TG 9x9IN,",,,9 mm,9 mm,4673.5
2746293,Bergquist Company,Thermal Interface Products,"Thermal Interface Products Tacky, High Performance, Un-Reinforced Phase Change TIM",,,,,40234.68
A10248-04,Laird Technologies,Thermal Interface Products,"Thermal Interface Products Tputty 502 190 FG2 9x9"" 3W/mK XSoft",3 W/m-K,,9 mm,9 mm,15273.38
A10237-22,Laird Technologies,Thermal Interface Products,"Thermal Interface Products Tputty 502 80 FG2 18x18"" 3W/mK XSoft",3 W/m-K,,18 mm,18 mm,26607.75
A17877-10,Laird Technologies,Thermal Interface Products,"Thermal Interface Products Tflex HD3100TG 9x9IN,",,,9 mm,9 mm,3106.68
SF500G-153005,Same Sky,Thermal Interface Products,"Thermal Interface Products Thermal interface material, SF500G, silicone- based, 15x30x0.5 mm",,0.5 mm,15 mm,30 mm,1361.43
SF100-301205,Same Sky,Thermal Interface Products,"Thermal Interface Products Thermal interface material, SF100, silicone- based, 30x12x0.5 mm",,0.5 mm,30 mm,12 mm,239.85
SF600-153005,Same Sky,Thermal Interface Products,"Thermal Interface Products Thermal interface material, SF600, silicone- based, 15x30x0.5 mm",,0.5 mm,15 mm,30 mm,1727.7
SF100S-301205,Same Sky,Thermal Interface Products,"Thermal Interface Products Thermal interface material, SF100S, silicone- based, 30x12x0.5 mm",,0.5 mm,30 mm,12 mm,228.15
A15796-23,Laird Technologies,Thermal Interface Products,"Thermal Interface Products Tflex 770 18x18"" 5.0W/mK gap filler",5.0 W/m-K,,18 mm,18 mm,23100.68
A16056-14,Laird Technologies,Thermal Interface Products,"Thermal Interface Products TflexHR6140 DC1 9x9"" 3.0W/mK gap filler",3.0 W/m-K,,9 mm,9 mm,3748.88
A15792-07,Laird Technologies,Thermal Interface Products,"Thermal Interface Products Tflex HR670 18"" x 18""",,,,,7269.28
A15792-05,Laird Technologies,Thermal Interface Products,"Thermal Interface Products Tflex HR650 18"" x 18""",,,,,5512.65
A16104-19,Laird Technologies,Thermal Interface Products,"Thermal Interface Products Tflex HR6190 9x9"" 3.0W/mK gap filler",3.0 W/m-K,,9 mm,9 mm,4745.33
A16006-05,Laird Technologies,Thermal Interface Products,"Thermal Interface Products Tflex 750 18"" x 18""",,,,,16901.63
A16104-18,Laird Technologies,Thermal Interface Products,"Thermal Interface Products Tflex HR6180 9x9"" 3.0W/mK gap filler",3.0 W/m-K,,9 mm,9 mm,4505.48
A17876-14,Laird Technologies,Thermal Interface Products,"Thermal Interface Products Tflex HD3140TG 17.5x18IN,",,,17.5 mm,18 mm,16764.48
SF400-301205,Same Sky,Thermal Interface Products,"Thermal Interface Products Thermal interface material, SF400, silicone- based, 30x12x0.5 mm",,0.5 mm,30 mm,12 mm,613.6
SF600-414505,Same Sky,Thermal Interface Products,"Thermal Interface Products Thermal interface material, SF600, silicone- based, 41.25x45x0.5 mm",,0.5 mm,41.25 mm,45 mm,1651.98
SF500G-414505,Same Sky,Thermal Interface Products,"Thermal Interface Products Thermal interface material, SF500G, silicone- based, 41.25x45x0.5 mm",,0.5 mm,41.25 mm,45 mm,1293.83
SF600-204005,Same Sky,Thermal Interface Products,"Thermal Interface Products Thermal interface material, SF600, silicone- based, 20x40x0.5 mm",,0.5 mm,20 mm,40 mm,1296.1
SF600G-301205,Same Sky,Thermal Interface Products,"Thermal Interface Products Thermal interface material, SF600G, silicone- based, 30x12x0.5 mm",,0.5 mm,30 mm,12 mm,1600.3
A17883-14,Laird Technologies,Thermal Interface Products,Thermal Interface Products Tflex HD83500 9x9,,,9 mm,9 mm,9025.9
SF100S-313005,Same Sky,Thermal Interface Products,"Thermal Interface Products Thermal interface material, SF100S, silicone- based, 31.25x30x0.5 mm",,0.5 mm,31.25 mm,30 mm,217.43
SF600-265005,Same Sky,Thermal Interface Products,"Thermal Interface Products Thermal interface material, SF600, silicone- based, 26.25x50x0.5 mm",,0.5 mm,26.25 mm,50 mm,1451.13
AF200-414505,Same Sky,Thermal Interface Products,"Thermal Interface Products Thermal interface material, AF200, non-silicone- based, 41.25x45x0.5 mm",,0.5 mm,41.25 mm,45 mm,692.58
A15994-00,Laird Technologies,Thermal Interface Products,"Thermal Interface Products Tflex HR6100 18x18"" 3.0W/mK gap filler",3.0 W/m-K,,18 mm,18 mm,2707.58
A16367-05,Laird Technologies,Thermal Interface Products,"Thermal Interface Products Tflex SF650 DF 8.5"" x 9.0""",,,,,2892.5
A15896-17,Laird Technologies,Thermal Interface Products,"Thermal Interface Products Tflex 7170 9"" x 9""",,,,,12702.95
A16056-16,Laird Technologies,Thermal Interface Products,"Thermal Interface Products TflexHR6160 DC1 9x9"" 3.0W/mK gap filler",3.0 W/m-K,,9 mm,9 mm,4226.63
A16056-17,Laird Technologies,Thermal Interface Products,"Thermal Interface Products TflexHR6170 DC1 9x9"" 3.0W/mK gap filler",3.0 W/m-K,,9 mm,9 mm,4666.68
A17876-09,Laird Technologies,Thermal Interface Products,"Thermal Interface Products Tflex HD390TG 17.5x18IN,",,,17.5 mm,18 mm,11463.4
A17876-10,Laird Technologies,Thermal Interface Products,"Thermal Interface Products Tflex HD3100TG 17.5x18IN,",,,17.5 mm,18 mm,12551.5
A17876-13,Laird Technologies,Thermal Interface Products,"Thermal Interface Products Tflex HD3130TG 17.5x18IN,",,,17.5 mm,18 mm,15690.03
A17751-16,Laird Technologies,Thermal Interface Products,Thermal Interface Products Tflex HD94000 18x18,,,18 mm,18 mm,56811.95
A16056-10,Laird Technologies,Thermal Interface Products,"Thermal Interface Products TflexHR6100 DC1 9x9"" 3.0W/mK gap filler",3.0 W/m-K,,9 mm,9 mm,2749.83
A17876-06,Laird Technologies,Thermal Interface Products,"Thermal Interface Products Tflex HD360TG 17.5x18IN,",,,17.5 mm,18 mm,8136.05
A17876-19,Laird Technologies,Thermal Interface Products,"Thermal Interface Products Tflex HD3190TG 17.5x18IN,",,,17.5 mm,18 mm,22109.1
A16056-15,Laird Technologies,Thermal Interface Products,"Thermal Interface Products TflexHR6150 DC1 9x9"" 3.0W/mK gap filler",3.0 W/m-K,,9 mm,9 mm,4068.68
A15992-00,Laird Technologies,Thermal Interface Products,"Thermal Interface Products Tflex HR630 18"" x 18""",,,,,3717.35
A16056-09,Laird Technologies,Thermal Interface Products,"Thermal Interface Products Tflex HR690 DC1 9x9"" 3.0W/mK gap filler",3.0 W/m-K,,9 mm,9 mm,2516.8
A16104-13,Laird Technologies,Thermal Interface Products,"Thermal Interface Products Tflex HR6130 9x9"" 3.0W/mK gap filler",3.0 W/m-K,,9 mm,9 mm,3608.8
A16056-13,Laird Technologies,Thermal Interface Products,"Thermal Interface Products TflexHR6130 DC1 9x9"" 3.0W/mK gap filler",3.0 W/m-K,,9 mm,9 mm,3536.33
A16104-14,Laird Technologies,Thermal Interface Products,"Thermal Interface Products Tflex HR6140 9x9"" 3.0W/mK gap filler",3.0 W/m-K,,9 mm,9 mm,3426.15
A16056-19,Laird Technologies,Thermal Interface Products,"Thermal Interface Products TflexHR6190 DC1 9x9"" 3.0W/mK gap filler",3.0 W/m-K,,9 mm,9 mm,5829.85
A17752-14,Laird Technologies,Thermal Interface Products,Thermal Interface Products Tflex HD93500 9x9,,,9 mm,9 mm,13328.25
A17751-20,Laird Technologies,Thermal Interface Products,Thermal Interface Products Tflex HD95000 18x18,,,18 mm,18 mm,62318.1
A17876-17,Laird Technologies,Thermal Interface Products,"Thermal Interface Products Tflex HD3170TG 17.5x18IN,",,,17.5 mm,18 mm,19974.5
A17876-18,Laird Technologies,Thermal Interface Products,"Thermal Interface Products Tflex HD3180TG 17.5x18IN,",,,17.5 mm,18 mm,21042.13
a15037-112,Laird Technologies,Thermal Interface Products,"Thermal Interface Products KIT,Tgon 805,A0 12.70x19.05mm,TO220",,19.05 mm,12.70 mm,19.05 mm,14841.13
A17931-05,Laird Technologies,Thermal Interface Products,Thermal Interface Products Tflex B250FG 18x18IN,,,18 mm,18 mm,1121.25
A16056-18,Laird Technologies,Thermal Interface Products,"Thermal Interface Products TflexHR6180 DC1 9x9"" 3.0W/mK gap filler",3.0 W/m-K,,9 mm,9 mm,5055.05
A16006-08,Laird Technologies,Thermal Interface Products,"Thermal Interface Products Tflex 780 18"" x 18""",,,,,24160.5
A15896-19,Laird Technologies,Thermal Interface Products,"Thermal Interface Products Tflex 7190 9"" x 9""",,,,,13993.85
A17751-14,Laird Technologies,Thermal Interface Products,Thermal Interface Products Tflex HD93500 18x18,,,18 mm,18 mm,50324.95
A17876-20,Laird Technologies,Thermal Interface Products,"Thermal Interface Products Tflex HD3200TG 17.5x18IN,",,,17.5 mm,18 mm,23173.48
2186706,Bergquist Company,Thermal Interface Products,"Thermal Interface Products GAP PAD, Highly Conformable, Conductive for Filling Air Gaps",,,,,3730.35
A12620-15,Laird Technologies,Thermal Interface Products,"Thermal Interface Products Tflex 660 18x18"" 3.0W/mK gap filler",3.0 W/m-K,,18 mm,18 mm,12178.08
A12621-15,Laird Technologies,Thermal Interface Products,"Thermal Interface Products Tflex 670 18x18"" 3.0W/mK gap filler",3.0 W/m-K,,18 mm,18 mm,13915.2
TGP10000ULM-0.100-02-0808,Bergquist Company,Thermal Interface Products,"Thermal Interface Products GAP PAD, 10W/m-K, 8"" x 8"" Sheet, 0.100"" Thickness, TGP10000ULM, IDH 2599712",10 W/m-K,,,,19206.85
A17633-04,Laird Technologies,Thermal Interface Products,Thermal Interface Products Tflex HD340 9x9,,,9 mm,9 mm,834.28
A17751-12,Laird Technologies,Thermal Interface Products,Thermal Interface Products Tflex HD93000 18x18,,,18 mm,18 mm,62459.48
A17876-15,Laird Technologies,Thermal Interface Products,"Thermal Interface Products Tflex HD3150TG 17.5x18IN,",,,17.5 mm,18 mm,17835.68
A17876-11,Laird Technologies,Thermal Interface Products,"Thermal Interface Products Tflex HD3110TG 17.5x18IN,",,,17.5 mm,18 mm,13639.6
A15972-01,Laird Technologies,Thermal Interface Products,"Thermal Interface Products Tflex HR640 18"" x 18""",,,,,3776.18
A15896-15,Laird Technologies,Thermal Interface Products,"Thermal Interface Products Tflex 7150 9"" x 9""",,,,,11159.85
A17752-18,Laird Technologies,Thermal Interface Products,Thermal Interface Products Tflex HD94500 9x9,,,9 mm,9 mm,16547.05
A16056-20,Laird Technologies,Thermal Interface Products,"Thermal Interface Products TflexHR6200 DC1 9x9"" 3.0W/mK gap filler",3.0 W/m-K,,9 mm,9 mm,5679.38
A16006-03,Laird Technologies,Thermal Interface Products,"Thermal Interface Products Tflex 730 18"" x 18""",,,,,11958.7
A16104-11,Laird Technologies,Thermal Interface Products,"Thermal Interface Products Tflex HR6110 9x9"" 3.0W/mK gap filler",3.0 W/m-K,,9 mm,9 mm,2724.8
A16104-17,Laird Technologies,Thermal Interface Products,"Thermal Interface Products Tflex HR6170 9x9"" 3.0W/mK gap filler",3.0 W/m-K,,9 mm,9 mm,4266.6
A15792-09,Laird Technologies,Thermal Interface Products,"Thermal Interface Products Tflex HR690 18"" x 18""",,,,,8933.93
A17876-07,Laird Technologies,Thermal Interface Products,"Thermal Interface Products Tflex HD370TG 17.5x18IN,",,,17.5 mm,18 mm,9170.85
A17876-12,Laird Technologies,Thermal Interface Products,"Thermal Interface Products Tflex HD3120TG 17.5x18IN,",,,17.5 mm,18 mm,14616.55
A17876-16,Laird Technologies,Thermal Interface Products,"Thermal Interface Products Tflex HD3160TG 17.5x18IN,",,,17.5 mm,18 mm,18904.6
A17751-18,Laird Technologies,Thermal Interface Products,Thermal Interface Products Tflex HD94500 18x18,,,18 mm,18 mm,63298.95
A17634-11,Laird Technologies,Thermal Interface Products,"Thermal Interface Products Tflex HD3110,DC1 9x9",,,9 mm,9 mm,2099.18
A17653-07,Laird Technologies,Thermal Interface Products,Thermal Interface Products Tflex HD770 9x9,,,9 mm,9 mm,2861.3
A17752-17,Laird Technologies,Thermal Interface Products,"Thermal Interface Products Tflex HD94250, 9x9",,,9 mm,9 mm,15746.25
A17690-19,Laird Technologies,Thermal Interface Products,Thermal Interface Products Tflex HD7190 DC1 9x9 IN,,,9 mm,9 mm,9361.95
A17690-11,Laird Technologies,Thermal Interface Products,Thermal Interface Products Tflex HD7110 DC1 9x9 IN,,,9 mm,9 mm,5067.4
A17690-07,Laird Technologies,Thermal Interface Products,"Thermal Interface Products Tflex HD770,DC1 9x9",,,9 mm,9 mm,2786.88
A17653-17,Laird Technologies,Thermal Interface Products,Thermal Interface Products Tflex HD7170 9x9,,,9 mm,9 mm,6908.53
A17689-02,Laird Technologies,Thermal Interface Products,Thermal Interface Products Tflex HD720 DC1 18x18,,,18 mm,18 mm,3863.6
A17752-11,Laird Technologies,Thermal Interface Products,Thermal Interface Products Tflex HD92750 9x9,,,9 mm,9 mm,10880.35
A18052-12,Laird Technologies,Thermal Interface Products,Thermal Interface Products Tflex 3120TG 18x18in,,,18 mm,18 mm,3635.78
A17690-13,Laird Technologies,Thermal Interface Products,"Thermal Interface Products Tflex HD7130,DC1 9x9",,,9 mm,9 mm,6348.88
A17653-19,Laird Technologies,Thermal Interface Products,Thermal Interface Products Tflex HD7190 9x9 in,,,9 mm,9 mm,9206.93
A17536-10,Laird Technologies,Thermal Interface Products,Thermal Interface Products Tflex HD7100 18x18,,,18 mm,18 mm,15086.5
A18053-12,Laird Technologies,Thermal Interface Products,Thermal Interface Products Tflex 3120TG 9x9in,,,9 mm,9 mm,1074.78
SP400-0.009-00-35,Bergquist Company,Thermal Interface Products,"Thermal Interface Products The Original Sil-Pad Material, 0.009"" Thickness, Sil-Pad TSP900/400, IDH 2192688",,,,,13.0
40004020,Wurth Elektronik,Thermal Interface Products,Thermal Interface Products WE-TGF Thrml Flr Pad 200mm x 400mm x 2mm,,200 mm,,,5138.58
SP400-0.007-AC-54,Bergquist Company,Thermal Interface Products,"Thermal Interface Products Sil-Pad, Dimensions: 19.05x12.70mm, Sil-Pad TSP900/400, IDH 2167707",,12.70 mm,19.05 mm,12.70 mm,3.9
A12623-08,Laird Technologies,Thermal Interface Products,"Thermal Interface Products Tflex 690 18x18"" 3.0W/mK gap filler",3.0 W/m-K,,18 mm,18 mm,16117.08
A16872-01,Laird Technologies,Thermal Interface Products,"Thermal Interface Products Tputty 403 20 kg, 5 gal pail",,,,,78727.35
A17932-05,Laird Technologies,Thermal Interface Products,Thermal Interface Products Tflex B250FG 9x9IN,,,9 mm,9 mm,300.63
A17931-13,Laird Technologies,Thermal Interface Products,Thermal Interface Products Tflex B2130FG 18x18IN,,,18 mm,18 mm,2464.8
A17931-17,Laird Technologies,Thermal Interface Products,Thermal Interface Products Tflex B2170FG 18x18IN,,,18 mm,18 mm,3212.95
A17932-20,Laird Technologies,Thermal Interface Products,Thermal Interface Products Tflex B2200FG 9x9IN,,,9 mm,9 mm,976.63
A17931-11,Laird Technologies,Thermal Interface Products,Thermal Interface Products Tflex B2110FG 18x18IN,,,18 mm,18 mm,2148.9
A17931-15,Laird Technologies,Thermal Interface Products,Thermal Interface Products Tflex B2150FG 18x18IN,,,18 mm,18 mm,2848.3
A17931-16,Laird Technologies,Thermal Interface Products,Thermal Interface Products Tflex B2160FG 18x18IN,,,18 mm,18 mm,3058.25
40005030,Wurth Elektronik,Thermal Interface Products,Thermal Interface Products WE-TGF Thrml Flr Pad 200mm x 400mm x 3mm,,200 mm,,,8122.4
A17931-10,Laird Technologies,Thermal Interface Products,Thermal Interface Products Tflex B2100FG 18x18IN,,,18 mm,18 mm,2003.3
A17932-11,Laird Technologies,Thermal Interface Products,Thermal Interface Products Tflex B2110FG 9x9IN,,,9 mm,9 mm,573.3
A17932-13,Laird Technologies,Thermal Interface Products,Thermal Interface Products Tflex B2130FG 9x9IN,,,9 mm,9 mm,671.45
A17932-08,Laird Technologies,Thermal Interface Products,Thermal Interface Products Tflex B280FG 9x9IN,,,9 mm,9 mm,461.83
A17931-07,Laird Technologies,Thermal Interface Products,Thermal Interface Products Tflex B270FG 18x18IN,,,18 mm,18 mm,1492.73
A17931-03,Laird Technologies,Thermal Interface Products,Thermal Interface Products Tflex B230FG 18x18IN,,,18 mm,18 mm,851.83
A16411-20,Laird Technologies,Thermal Interface Products,Thermal Interface Products TPUTTY 506 20kg 5 GAL PAIL,,,,,160881.83
A17932-14,Laird Technologies,Thermal Interface Products,Thermal Interface Products Tflex B2140FG 9x9IN,,,9 mm,9 mm,710.78
A17931-09,Laird Technologies,Thermal Interface Products,Thermal Interface Products Tflex B290FG 18x18IN,,,18 mm,18 mm,1855.75
A17932-15,Laird Technologies,Thermal Interface Products,Thermal Interface Products Tflex B2150FG 9x9IN,,,9 mm,9 mm,778.05
A12631-01,Laird Technologies,Thermal Interface Products,"Thermal Interface Products Tflex 6170 9x9"" 3.0W/mK gap filler",3.0 W/m-K,,9 mm,9 mm,8030.43
A17633-13,Laird Technologies,Thermal Interface Products,Thermal Interface Products Tflex HD3130 9x9,,,9 mm,9 mm,2218.45
A17690-16,Laird Technologies,Thermal Interface Products,Thermal Interface Products Tflex HD7160 DC1 9x9 IN,,,9 mm,9 mm,7579.98
A17690-14,Laird Technologies,Thermal Interface Products,"Thermal Interface Products Tflex HD720,DC1 9x9I",,,9 mm,9 mm,6761.3
A17876-08,Laird Technologies,Thermal Interface Products,"Thermal Interface Products Tflex HD380TG 17.5x18IN,",,,17.5 mm,18 mm,10371.73
SP800-0.005-AC-12/50,Bergquist Company,Thermal Interface Products,"Thermal Interface Products Insulator, Low-Pressure, 0.005"" Thickness, 1Side Adhesive, Sil-Pad TSP1600/800",,,,,30252.63
GPVO-0.160-AC-0816,Bergquist Company,Thermal Interface Products,"Thermal Interface Products GAP PAD, 8""x16"" Sheet, 0.160"" Thickness, 1 Side Adhesive, TGP800VO/VO",,,,,4379.7
A17931-06,Laird Technologies,Thermal Interface Products,Thermal Interface Products Tflex B260FG 18x18IN,,,18 mm,18 mm,1330.88
HSP-8,Crydom,Thermal Interface Products,Thermal Interface Products Thermal Pad for PM67 Series SSR,,,,,217.1
A17752-13,Laird Technologies,Thermal Interface Products,Thermal Interface Products Tflex HD93250 9x9,,,9 mm,9 mm,12515.1
A17653-15,Laird Technologies,Thermal Interface Products,Thermal Interface Products Tflex HD7150 9x9,,,9 mm,9 mm,6016.4
A17633-10,Laird Technologies,Thermal Interface Products,Thermal Interface Products Tflex HD3100 9x9,,,9 mm,9 mm,1767.35
A17690-20,Laird Technologies,Thermal Interface Products,Thermal Interface Products Tflex HD7200 DC1 9x9 IN,,,9 mm,9 mm,10493.93
A17170-03,Laird Technologies,Thermal Interface Products,Thermal Interface Products TPUTTY 508 CARTRIDGE 360CC,,,,,6801.6
A17932-19,Laird Technologies,Thermal Interface Products,Thermal Interface Products Tflex B2190FG 9x9IN,,,9 mm,9 mm,940.88
A17932-09,Laird Technologies,Thermal Interface Products,Thermal Interface Products Tflex B290FG 9x9IN,,,9 mm,9 mm,498.23
A17931-08,Laird Technologies,Thermal Interface Products,Thermal Interface Products Tflex B280FG 18x18IN,,,18 mm,18 mm,1708.53
A12626-01,Laird Technologies,Thermal Interface Products,"Thermal Interface Products Tflex 6120,PC 9x9in",,,9 mm,9 mm,4878.58
A16367-07,Laird Technologies,Thermal Interface Products,"Thermal Interface Products Tflex SF670 9"" x 9""",,,,,4127.18
A17653-16,Laird Technologies,Thermal Interface Products,Thermal Interface Products Tflex HD7160 9x9,,,9 mm,9 mm,6928.35
A17653-09,Laird Technologies,Thermal Interface Products,Thermal Interface Products Tflex HD790 9x9 in,,,9 mm,9 mm,3670.55
A17690-15,Laird Technologies,Thermal Interface Products,"Thermal Interface Products Tflex HD7150,DC1 9x9",,,9 mm,9 mm,7170.8
A17690-17,Laird Technologies,Thermal Interface Products,"Thermal Interface Products Tflex HD7170,DC1 9x9",,,9 mm,9 mm,7420.4
A17653-11,Laird Technologies,Thermal Interface Products,Thermal Interface Products Tflex HD7110 9x9 in,,,9 mm,9 mm,4517.5
A17653-18,Laird Technologies,Thermal Interface Products,Thermal Interface Products Tflex HD7180 9x9 in,,,9 mm,9 mm,7873.45
A17634-19,Laird Technologies,Thermal Interface Products,Thermal Interface Products Tflex HD3190 DC1 9.00x9.00 in,,,9.00 mm,9.00 mm,3411.53
A17633-19,Laird Technologies,Thermal Interface Products,Thermal Interface Products Tflex HD3190 9x9,,,9 mm,9 mm,3134.63
GPVO-0.100-01-0816,Bergquist Company,Thermal Interface Products,"Thermal Interface Products GAP PAD, 8"" x 16"" Sheet, 0.100"" Thickness, GAP PAD TGP 800VO/VO, IDH 2165839",,,,,2419.95
A17653-14,Laird Technologies,Thermal Interface Products,Thermal Interface Products Tflex HD7140 9x9,,,9 mm,9 mm,5672.23
A17634-13,Laird Technologies,Thermal Interface Products,Thermal Interface Products Tflex HD3130 DC1 9.00x9.00 in,,,9.00 mm,9.00 mm,2437.83
A17690-10,Laird Technologies,Thermal Interface Products,"Thermal Interface Products Tflex HD7100,DC1 9x9",,,9 mm,9 mm,4594.2
A18330-13,Laird Technologies,Thermal Interface Products,Thermal Interface Products 3.25 127x76mm,,76 mm,127 mm,76 mm,4644.58
A18330-15,Laird Technologies,Thermal Interface Products,Thermal Interface Products 3.75 127x76mm,,76 mm,127 mm,76 mm,5367.38
A18330-17,Laird Technologies,Thermal Interface Products,Thermal Interface Products 4.25 127x76mm,,76 mm,127 mm,76 mm,6040.78
TGP6000ULM-0.125-12-0816,Bergquist Company,Thermal Interface Products,"Thermal Interface Products GAP PAD, 6W/m-K, 8"" x 16"" Sheet, 0.125"" Thickness, TGP6000ULM, IDH 2214846",6 W/m-K,,,,16094.98
A14938-00-W5,Laird Technologies,Thermal Interface Products,"Thermal Interface Products Tputty 502 60 FG2 9x9"" 3W/mK XSoft",3 W/m-K,,9 mm,9 mm,2992.93
A17931-12,Laird Technologies,Thermal Interface Products,Thermal Interface Products Tflex B2120FG 18x18IN,,,18 mm,18 mm,2296.45
A17931-19,Laird Technologies,Thermal Interface Products,Thermal Interface Products Tflex B2190FG 18x18IN,,,18 mm,18 mm,3481.73
A17932-04,Laird Technologies,Thermal Interface Products,Thermal Interface Products Tflex B240FG 9x9IN,,,9 mm,9 mm,255.13
A17932-07,Laird Technologies,Thermal Interface Products,Thermal Interface Products Tflex B270FG 9x9IN,,,9 mm,9 mm,403.98
A17932-17,Laird Technologies,Thermal Interface Products,Thermal Interface Products Tflex B2170FG 9x9IN,,,9 mm,9 mm,876.53
A17932-18,Laird Technologies,Thermal Interface Products,Thermal Interface Products Tflex B2180FG 9x9IN,,,9 mm,9 mm,902.53
A17931-14,Laird Technologies,Thermal Interface Products,Thermal Interface Products Tflex B2140FG 18x18IN,,,18 mm,18 mm,2607.8
A15435-112,Laird Technologies,Thermal Interface Products,Thermal Interface Products Tgon 805 KIT 12.70x19.05mm,,19.05 mm,12.70 mm,19.05 mm,4245.48
40001020,Wurth Elektronik,Thermal Interface Products,Thermal Interface Products WE-TGF 1W Rectangle 400x200x2mm,,2 mm,400 mm,200 mm,1329.25
40003050,Wurth Elektronik,Thermal Interface Products,Thermal Interface Products WE-TGF Thrml Flr Pad 200mm x 400mm x 5mm,,200 mm,,,7867.93
40002020,Wurth Elektronik,Thermal Interface Products,Thermal Interface Products WE-TGF Thrml Flr Pad 200mm x 400mm x 2mm,,200 mm,,,2738.45
40003020,Wurth Elektronik,Thermal Interface Products,Thermal Interface Products WE-TGF Thrml Flr Pad 200mm x 400mm x 2mm,,200 mm,,,5146.38
A17931-18,Laird Technologies,Thermal Interface Products,Thermal Interface Products Tflex B2180FG 18x18IN,,,18 mm,18 mm,3338.4
A17931-04,Laird Technologies,Thermal Interface Products,Thermal Interface Products Tflex B240FG 18x18IN,,,18 mm,18 mm,950.3
A17932-10,Laird Technologies,Thermal Interface Products,Thermal Interface Products Tflex B2100FG 9x9IN,,,9 mm,9 mm,537.23
A17932-06,Laird Technologies,Thermal Interface Products,Thermal Interface Products Tflex B260FG 9x9IN,,,9 mm,9 mm,358.8
A17931-20,Laird Technologies,Thermal Interface Products,Thermal Interface Products Tflex B2200FG 18x18IN,,,18 mm,18 mm,3608.15
A17932-12,Laird Technologies,Thermal Interface Products,Thermal Interface Products Tflex B2120FG 9x9IN,,,9 mm,9 mm,621.73
A17932-16,Laird Technologies,Thermal Interface Products,Thermal Interface Products Tflex B2160FG 9x9IN,,,9 mm,9 mm,835.25
A17932-03,Laird Technologies,Thermal Interface Products,Thermal Interface Products Tflex B230FG 9x9IN,,,9 mm,9 mm,225.55
GPVO-0.250-AC-0816,Bergquist Company,Thermal Interface Products,"Thermal Interface Products GAP PAD, 8""x16"" Sheet, 0.250"" Thickness, 1 Side Adhesive, TGP800VO/VO",,,,,5506.8
A15973-04,Laird Technologies,Thermal Interface Products,"Thermal Interface Products Tflex 360TG 18"" x 18""",,,,,2606.83
A16044-08,Laird Technologies,Thermal Interface Products,"Thermal Interface Products Tflex 212T V0 18"" x 18""",,,,,1513.85
A16017-18,Laird Technologies,Thermal Interface Products,"Thermal Interface Products Tflex 2180V0 9"" x 9"" 1.1W/mK",1.1 W/m-K,,,,1367.28
A16339-10,Laird Technologies,Thermal Interface Products,"Thermal Interface Products Tpcm 6710 18"" x 18""",,,,,3787.23
A17880-14,Laird Technologies,Thermal Interface Products,"Thermal Interface Products Tflex HD3140MTG 9x9IN,",,,9 mm,9 mm,4142.13
A16205-10,Laird Technologies,Thermal Interface Products,"Thermal Interface Products Tflex HR6100,DC1 18x18in,",,,18 mm,18 mm,10174.45
A17880-12,Laird Technologies,Thermal Interface Products,"Thermal Interface Products Tflex HD3120MTG 9x9IN,",,,9 mm,9 mm,3635.45
A17880-10,Laird Technologies,Thermal Interface Products,"Thermal Interface Products Tflex HD3100MTG 9x9IN,",,,9 mm,9 mm,3120.98
A17880-20,Laird Technologies,Thermal Interface Products,"Thermal Interface Products Tflex HD3200MTG 9x9IN,",,,9 mm,9 mm,5654.68
A15641-08,Laird Technologies,Thermal Interface Products,"Thermal Interface Products Tflex 208T V0 9"" x 9""",,,,,364.65
A15641-12,Laird Technologies,Thermal Interface Products,"Thermal Interface Products Tflex 212T V0 9"" x 9""",,,,,426.4
A15641-20,Laird Technologies,Thermal Interface Products,"Thermal Interface Products Tflex 220T V0 9"" x 9""",,,,,554.45
A15673-10,Laird Technologies,Thermal Interface Products,"Thermal Interface Products Tflex 210T V0 DC1 9"" x 9""",,,,,448.18
A16344-10,Laird Technologies,Thermal Interface Products,"Thermal Interface Products Tpcm 6710 9"" x 9""",,,,,1024.73
A16044-09,Laird Technologies,Thermal Interface Products,"Thermal Interface Products Tflex 215T V0 18"" x 18""",,,,,1508.33
2190524,Bergquist Company,Thermal Interface Products,"Thermal Interface Products The Original Sil-Pad Material, Sil-Pad TSP 900 / Also Known as Sil-Pad 400",,,,,58032.0
A17880-16,Laird Technologies,Thermal Interface Products,"Thermal Interface Products Tflex HD3160MTG 9x9IN,",,,9 mm,9 mm,4654.98
A17880-08,Laird Technologies,Thermal Interface Products,"Thermal Interface Products Tflex HD380MTG 9x9IN,",,,9 mm,9 mm,2582.13
A18330-11,Laird Technologies,Thermal Interface Products,Thermal Interface Products 2.75 127x76mm,,76 mm,127 mm,76 mm,3934.45
A17170-04,Laird Technologies,Thermal Interface Products,Thermal Interface Products TPUTTY 508 CARTRIDGE 600CC,,,,,10594.35
A10238-08,Laird Technologies,Thermal Interface Products,"Thermal Interface Products Tputty 502 90 FG2 18x18"" 3W/mK XSoft",3 W/m-K,,18 mm,18 mm,29343.6
A15973-01,Laird Technologies,Thermal Interface Products,"Thermal Interface Products Tflex 320TG 18x18"" 1.2W/mK",1.2 W/m-K,,18 mm,18 mm,2227.23
A17880-02,Laird Technologies,Thermal Interface Products,"Thermal Interface Products Tflex HD320MTG 9x9IN,",,,9 mm,9 mm,976.3
A17156-12,Laird Technologies,Thermal Interface Products,Thermal Interface Products Tflex HD3120 18.00x18.00in,,,18.00 mm,18.00 mm,7114.25
GPVO-0.200-01-0816,Bergquist Company,Thermal Interface Products,"Thermal Interface Products GAP PAD, 8"" x 16"" Sheet, 0.200"" Thickness, GAP PAD TGP 800VO/VO, IDH 2189145",,,,,3983.85
A17653-12,Laird Technologies,Thermal Interface Products,Thermal Interface Products Tflex HD7120 9x9,,,9 mm,9 mm,5424.25
GPVO-0.160-01-0816,Bergquist Company,Thermal Interface Products,"Thermal Interface Products GAP PAD, 8"" x 16"" Sheet, 0.160"" Thickness, GAP PAD TGP 800VO/VO, IDH 2165875",,,,,3664.7
A15328-02,Laird Technologies,Thermal Interface Products,"Thermal Interface Products Tflex 380 18x18"" 1.2W/mK",1.2 W/m-K,,18 mm,18 mm,2949.38
A15641-15,Laird Technologies,Thermal Interface Products,"Thermal Interface Products Tflex 215T V0 9"" x 9""",,,,,477.75
A16044-10,Laird Technologies,Thermal Interface Products,"Thermal Interface Products Tflex 220T V0 18"" x 18""",,,,,1762.48
A15429-005,Laird Technologies,Thermal Interface Products,"Thermal Interface Products KIT, TGARD K52 1K PC 0505,A0 TO247",,,,,5976.1
A16044-00,Laird Technologies,Thermal Interface Products,"Thermal Interface Products Tflex 210T V0 18x18"" 1.5W/Mk",1.5 W/m-K,,18 mm,18 mm,1411.48
A17880-15,Laird Technologies,Thermal Interface Products,"Thermal Interface Products Tflex HD3150MTG 9x9IN,",,,9 mm,9 mm,4385.88
A17880-11,Laird Technologies,Thermal Interface Products,"Thermal Interface Products Tflex HD3110MTG 9x9IN,",,,9 mm,9 mm,3362.13
A16887-112,Laird Technologies,Thermal Interface Products,Thermal Interface Products Tgon 805 KIT 50.80x63.50mm,,63.50 mm,50.80 mm,63.50 mm,9490.0
A15441-112,Laird Technologies,Thermal Interface Products,Thermal Interface Products Tgon 805 KIT 1.000x1.000in,,,1.000 mm,1.000 mm,3210.35
GP1450-0.040-01-0816,Bergquist Company,Thermal Interface Products,"Thermal Interface Products GAP PAD, Reworkable, 8""x16"" Sheet, 0.040"" Thickness, TGP1350/1450",,,,,1327.95
A16017-19,Laird Technologies,Thermal Interface Products,"Thermal Interface Products Tflex 2190V0 9"" x 9"" 1.1W/mK",1.1 W/m-K,,,,1458.28
A16344-08,Laird Technologies,Thermal Interface Products,"Thermal Interface Products Tpcm 678 9"" x 9""",,,,,933.4
A17880-18,Laird Technologies,Thermal Interface Products,"Thermal Interface Products Tflex HD3180MTG 9x9IN,",,,9 mm,9 mm,5159.7
A17880-04,Laird Technologies,Thermal Interface Products,"Thermal Interface Products Tflex HD340MTG 9x9IN,",,,9 mm,9 mm,1522.63
A17880-06,Laird Technologies,Thermal Interface Products,"Thermal Interface Products Tflex HD360MTG 9x9IN,",,,9 mm,9 mm,2080.65
A17880-17,Laird Technologies,Thermal Interface Products,"Thermal Interface Products Tflex HD3170MTG 9x9IN,",,,9 mm,9 mm,4891.25
A17880-09,Laird Technologies,Thermal Interface Products,"Thermal Interface Products Tflex HD390MTG 9x9IN,",,,9 mm,9 mm,2845.05
2746268,Bergquist Company,Thermal Interface Products,"Thermal Interface Products The Original Sil-Pad Material, Sil-Pad TSP 900/Sil-Pad 400 Series",,,,,21.45
A18330-19,Laird Technologies,Thermal Interface Products,Thermal Interface Products 4.75 127x76mm,,76 mm,127 mm,76 mm,6789.25
A15431-112,Laird Technologies,Thermal Interface Products,Thermal Interface Products Tgon 805 KIT 26.67x39.62mm,,39.62 mm,26.67 mm,39.62 mm,3599.05
A18330-18,Laird Technologies,Thermal Interface Products,Thermal Interface Products 4.50 127x76mm,,76 mm,127 mm,76 mm,6451.9
A14564-01,Laird Technologies,Thermal Interface Products,"Thermal Interface Products Tflex 5100 9x9"" 2.8W/mK gap filler",2.8 W/m-K,,9 mm,9 mm,3496.35
SPK4-0.006-AC-58,Bergquist Company,Thermal Interface Products,"Thermal Interface Products Insulator, 0.006"" Thickness, 1 Side Adhesive, SIL PAD TSPK900/K-4, K4AC-58",,,,,29.25
404035025,Wurth Elektronik,Thermal Interface Products,Thermal Interface Products WE-TINS Thml Ind Pad 288 x 300mm x 0.25mm,,300 mm,288 mm,300 mm,7115.23
A12633-01,Laird Technologies,Thermal Interface Products,"Thermal Interface Products Tflex 6190 9x9"" 3.0W/mK gap filler",3.0 W/m-K,,9 mm,9 mm,8976.18
GP3500ULM-G-0.125-12-0816,Bergquist Company,Thermal Interface Products,"Thermal Interface Products GAP PAD, Ultra-Low Modulus, 8""x16"" Sheet, 0.120"" Thickness, 2 Side Tack",,,,,7762.3
A17751-03,Laird Technologies,Thermal Interface Products,"Thermal Interface Products Tflex HD90750 18x18IN,",,,18 mm,18 mm,10259.6
A12627-02,Laird Technologies,Thermal Interface Products,"Thermal Interface Products Tflex 6130 18x18in,",,,18 mm,18 mm,22641.13
A12633-18,Laird Technologies,Thermal Interface Products,"Thermal Interface Products Tflex 6190 18x18in,",,,18 mm,18 mm,35801.68
A16340-08,Laird Technologies,Thermal Interface Products,"Thermal Interface Products Tpcm 688 18"" X 18""",,,,,3354.98
2190488,Bergquist Company,Thermal Interface Products,"Thermal Interface Products The Original Sil-Pad Material, Sil-Pad TSP 900 / Also Known as Sil-Pad 400",,,,,64504.38
A16044-01,Laird Technologies,Thermal Interface Products,"Thermal Interface Products Tflex 208T V0 18"" x 18""",,,,,1289.6
A16339-08,Laird Technologies,Thermal Interface Products,"Thermal Interface Products Tpcm 678 18"" x 18'",,,,,3451.18
A16345-10,Laird Technologies,Thermal Interface Products,"Thermal Interface Products Tpcm 6810 9"" x 9""",,,,,1008.15
A12625-18,Laird Technologies,Thermal Interface Products,"Thermal Interface Products Tflex 6110 18x18in,",,,18 mm,18 mm,19423.3
A15973-03,Laird Technologies,Thermal Interface Products,"Thermal Interface Products Tflex 380TG 18x18"" 1.2W/mK",1.2 W/m-K,,18 mm,18 mm,2553.2
A15780-00,Laird Technologies,Thermal Interface Products,"Thermal Interface Products Tflex 360H 18"" x 18""",,,,,2701.73
A17880-05,Laird Technologies,Thermal Interface Products,"Thermal Interface Products Tflex HD350MTG 9x9IN,",,,9 mm,9 mm,1795.63
A17880-13,Laird Technologies,Thermal Interface Products,"Thermal Interface Products Tflex HD3130MTG 9x9IN,",,,9 mm,9 mm,3871.08
A17880-19,Laird Technologies,Thermal Interface Products,"Thermal Interface Products Tflex HD3190MTG 9x9IN,",,,9 mm,9 mm,5388.5
A10102-02,Laird Technologies,Thermal Interface Products,"Thermal Interface Products Tpli 2100 A1 8x8"" 6 W/mK gap filler",6 W/m-K,,8 mm,8 mm,9069.78
A14423-01,Laird Technologies,Thermal Interface Products,"Thermal Interface Products Tflex 6150 DC1 9x9"" 3.0W/mK gap filler",3.0 W/m-K,,9 mm,9 mm,7674.23
A14417-01,Laird Technologies,Thermal Interface Products,"Thermal Interface Products Tflex 690 DC1 9x9"" 3.0W/mK gap filler",3.0 W/m-K,,9 mm,9 mm,4252.3
A10102-01,Laird Technologies,Thermal Interface Products,"Thermal Interface Products Tpli 2100 A0 8x8"" 6 W/mK gap filler",6 W/m-K,,8 mm,8 mm,8301.8
A16366-23,Laird Technologies,Thermal Interface Products,"Thermal Interface Products Tflex SF623 DF 17"" x 18""",,,,,3562.33
A16299-00,Laird Technologies,Thermal Interface Products,"Thermal Interface Products Kit, Tgon 805,A0 30mm x 34mm",,30 mm,,,798.85
A17879-17,Laird Technologies,Thermal Interface Products,"Thermal Interface Products Tflex HD3170MTG 17.5x18IN,",,,17.5 mm,18 mm,18409.63
A10222-11,Laird Technologies,Thermal Interface Products,"Thermal Interface Products Tpli240 FG A1 16x16"" 6 W/mK gap filler",6 W/m-K,,16 mm,16 mm,14710.8
A10096-67,Laird Technologies,Thermal Interface Products,"Thermal Interface Products Tpli 240 A0 16x16"" 6 W/mK gap filler",6 W/m-K,,16 mm,16 mm,13560.95
A16886-112,Laird Technologies,Thermal Interface Products,Thermal Interface Products Tgon 805 KIT 14.27x17.45mm,,17.45 mm,14.27 mm,17.45 mm,3210.35
A15973-14,Laird Technologies,Thermal Interface Products,"Thermal Interface Products Tflex 3140TG 9x9"" 1.2W/mK",1.2 W/m-K,,9 mm,9 mm,1809.28
A15973-08,Laird Technologies,Thermal Interface Products,"Thermal Interface Products Tflex 380TG 9x9"" 1.2W/mK",1.2 W/m-K,,9 mm,9 mm,977.6
A17879-12,Laird Technologies,Thermal Interface Products,"Thermal Interface Products Tflex HD3120MTG 17.5x18IN,",,,17.5 mm,18 mm,13552.83
A17879-04,Laird Technologies,Thermal Interface Products,"Thermal Interface Products Tflex HD340MTG 17.5x18IN,",,,17.5 mm,18 mm,5626.73
A17879-08,Laird Technologies,Thermal Interface Products,"Thermal Interface Products Tflex HD380MTG 17.5x18IN,",,,17.5 mm,18 mm,9546.55
A17879-06,Laird Technologies,Thermal Interface Products,"Thermal Interface Products Tflex HD360MTG 17.5x18IN,",,,17.5 mm,18 mm,7639.45
A17879-07,Laird Technologies,Thermal Interface Products,"Thermal Interface Products Tflex HD370MTG 17.5x18IN,",,,17.5 mm,18 mm,8609.9
A10238-09,Laird Technologies,Thermal Interface Products,"Thermal Interface Products Tputty 502 90 FG2 9x9"" 3W/mK XSoft",3 W/m-K,,9 mm,9 mm,7976.8
A15796-22,Laird Technologies,Thermal Interface Products,"Thermal Interface Products Tflex 790 18x18"" 5.0W/mK gap filler",5.0 W/m-K,,18 mm,18 mm,28395.58
A16367-23,Laird Technologies,Thermal Interface Products,"Thermal Interface Products Tflex SF623 DF 8.5"" x 9.0""",,,,,963.3
A17879-02,Laird Technologies,Thermal Interface Products,"Thermal Interface Products Tflex HD320MTG 17.5x18IN,",,,17.5 mm,18 mm,3607.18
A17879-20,Laird Technologies,Thermal Interface Products,"Thermal Interface Products Tflex HD3200MTG 17.5x18IN,",,,17.5 mm,18 mm,21428.23
A17879-19,Laird Technologies,Thermal Interface Products,"Thermal Interface Products Tflex HD3190MTG 17.5x18IN,",,,17.5 mm,18 mm,20423.0
A12631-18,Laird Technologies,Thermal Interface Products,"Thermal Interface Products Tflex 6170 18x18in,",,,18 mm,18 mm,29700.45
A12625-09,Laird Technologies,Thermal Interface Products,"Thermal Interface Products Tflex 6110 9x9"" 3.0W/mK gap filler",3.0 W/m-K,,9 mm,9 mm,5653.05
A12622-13,Laird Technologies,Thermal Interface Products,"Thermal Interface Products Tflex 680 18x18"" 3.0W/mK gap filler",3.0 W/m-K,,18 mm,18 mm,15718.3
GP2202SF-0.040-01-0918,Bergquist Company,Thermal Interface Products,"Thermal Interface Products GAP PAD, Conductive, Sil-Free, 9""x18"" Sheet, 0.040"" Thickness, 1 Side Tack",,,,,6917.63
A15036106,Laird Technologies,Thermal Interface Products,"Thermal Interface Products TO-3,2 PIN Insulator H.093 T-pcm AL52-A1",,,,,19.5
A17879-11,Laird Technologies,Thermal Interface Products,"Thermal Interface Products Tflex HD3110MTG 17.5x18IN,",,,17.5 mm,18 mm,12532.98
A12628-02,Laird Technologies,Thermal Interface Products,"Thermal Interface Products Tflex 6140 18x18in,",,,18 mm,18 mm,24421.48
GP1000SF-0.100-02-0816,Bergquist Company,Thermal Interface Products,"Thermal Interface Products GAP PAD, Conductive, Sil-Free, 8""x16"" Sheet, 0.100"" Thickness, TGP1100SF/1000SF",,,,,4690.08
XPC100A003-01-B,Lantronix,Thermal Interface Products,Thermal Interface Products xPico Thermal Pad L2 5mm bulk pack,,5 mm,,,811.85
A14417-02,Laird Technologies,Thermal Interface Products,"Thermal Interface Products Tflex 690,DC1 18x18in,",,,18 mm,18 mm,16321.18
A14949-06,Laird Technologies,Thermal Interface Products,"Thermal Interface Products Tflex 560,DC1 18x18in,",,,18 mm,18 mm,8065.85
A14422-02,Laird Technologies,Thermal Interface Products,"Thermal Interface Products Tflex 6140,DC1 18x18in,",,,18 mm,18 mm,26258.38
A14418-02,Laird Technologies,Thermal Interface Products,"Thermal Interface Products Tflex 6100,DC1 18.00x18.00IN,",,,18.00 mm,18.00 mm,17902.3
A14692-37,Laird Technologies,Thermal Interface Products,"Thermal Interface Products Tgard K52,1,0505,A0 11.5 inch*65m",,,,,120221.4
A16205-05,Laird Technologies,Thermal Interface Products,"Thermal Interface Products Tflex HR650,DC1 18x18in,",,,18 mm,18 mm,6031.35
A15421-24,Laird Technologies,Thermal Interface Products,"Thermal Interface Products Tgard 5000,A0 12"" x 30m",,,,,48052.88
A18376-14,Laird Technologies,Thermal Interface Products,"Thermal Interface Products ST, BSR-C, 1.50mm 305x305mm 2 side paper",,1.50 mm,305 mm,305 mm,11934.0
A18478-07,Laird Technologies,Thermal Interface Products,"Thermal Interface Products Tflex HD770,PI  9.0x9.0in,",,,9.0 mm,9.0 mm,2785.9
A15792-12,Laird Technologies,Thermal Interface Products,"Thermal Interface Products Tflex HR6120 18x18in,",,,18 mm,18 mm,11900.85
A14413-02,Laird Technologies,Thermal Interface Products,"Thermal Interface Products Tflex 650,DC1 18x18in",,,18 mm,18 mm,9747.08
A14425-02,Laird Technologies,Thermal Interface Products,"Thermal Interface Products Tflex 6170,DC1 18x18in,",,,18 mm,18 mm,29897.08
A18547-06,Laird Technologies,Thermal Interface Products,"Thermal Interface Products Tflex HD7.5,1.50,DC1 18x18IN,",,,18 mm,18 mm,29313.05
A18547-08,Laird Technologies,Thermal Interface Products,"Thermal Interface Products Tflex HD7.5,2.00,DC1 18x18IN,",,,18 mm,18 mm,36948.6
A18478-08,Laird Technologies,Thermal Interface Products,"Thermal Interface Products Tflex HD780,PI  9.0x9.0in,",,,9.0 mm,9.0 mm,3164.2
A18478-14,Laird Technologies,Thermal Interface Products,"Thermal Interface Products Tflex HD7140,PI  9.0x9.0in,",,,9.0 mm,9.0 mm,6280.95
A18477-08,Laird Technologies,Thermal Interface Products,"Thermal Interface Products Tflex HD780,PI  18.0x18.0in,",,,18.0 mm,18.0 mm,12602.85
A18477-18,Laird Technologies,Thermal Interface Products,"Thermal Interface Products Tflex HD7180,PI  18.0x18.0in,",,,18.0 mm,18.0 mm,31870.48
A18547-05,Laird Technologies,Thermal Interface Products,"Thermal Interface Products Tflex HD7.5,1.25,DC1 18x18IN,",,,18 mm,18 mm,25489.43
A18547-13,Laird Technologies,Thermal Interface Products,"Thermal Interface Products Tflex HD7.5,3.25,DC1 18x18IN,",,,18 mm,18 mm,56356.63
A18548-15,Laird Technologies,Thermal Interface Products,"Thermal Interface Products Tflex HD7.5,3.75,DC1 9x9IN,",,,9 mm,9 mm,15552.88
A16205-01,Laird Technologies,Thermal Interface Products,"Thermal Interface Products Tflex HR610FG,DC1 18x18in,",,,18 mm,18 mm,4926.68
A18376-10,Laird Technologies,Thermal Interface Products,"Thermal Interface Products ST,BSR-C, 2.00mm 305x305mm 2 side paper",,2.00 mm,305 mm,305 mm,15801.5
A18376-16,Laird Technologies,Thermal Interface Products,"Thermal Interface Products ST, BSR-C, 2.50mm 305x305mm 2 side paper",,2.50 mm,305 mm,305 mm,19317.03
A18477-16,Laird Technologies,Thermal Interface Products,"Thermal Interface Products Tflex HD7160,PI  18.0x18.0in,",,,18.0 mm,18.0 mm,28041.65
A18477-07,Laird Technologies,Thermal Interface Products,"Thermal Interface Products Tflex HD770,PI  18.0x18.0in,",,,18.0 mm,18.0 mm,10927.8
A14420-02,Laird Technologies,Thermal Interface Products,"Thermal Interface Products Tflex 6120,DC1 18x18in,",,,18 mm,18 mm,21131.18
A14428-02,Laird Technologies,Thermal Interface Products,"Thermal Interface Products Tflex 6200,DC1 18x18in,",,,18 mm,18 mm,38000.3
A18548-20,Laird Technologies,Thermal Interface Products,"Thermal Interface Products Tflex HD7.5,5.00,DC1 9x9IN,",,,9 mm,9 mm,20148.05
A18547-18,Laird Technologies,Thermal Interface Products,"Thermal Interface Products Tflex HD7.5,4.50,DC1 18x18IN,",,,18 mm,18 mm,75768.88
A18376-20,Laird Technologies,Thermal Interface Products,"Thermal Interface Products ST, BSR-C, 3.50mm 305x305mm 2 side paper",,3.50 mm,305 mm,305 mm,26308.1
PPK10-0.006-00-1212,Bergquist Company,Thermal Interface Products,"Thermal Interface Products Insulator, 12""x12"" Sheet, 0.006"" Thickness, Sil-Pad TSPPPK1300/Poly-Pad K-10",,,,,4218.83
A18547-12,Laird Technologies,Thermal Interface Products,"Thermal Interface Products Tflex HD7.5,3.00,DC1 18x18IN,",,,18 mm,18 mm,52471.25
A18547-16,Laird Technologies,Thermal Interface Products,"Thermal Interface Products Tflex HD7.5,4.00,DC1 18x18IN,",,,18 mm,18 mm,68001.7
A18548-09,Laird Technologies,Thermal Interface Products,"Thermal Interface Products Tflex HD7.5,2.25,DC1 9x9IN,",,,9 mm,9 mm,10069.48
A17879-15,Laird Technologies,Thermal Interface Products,"Thermal Interface Products Tflex HD3150MTG 17.5x18IN,",,,17.5 mm,18 mm,16397.88
A17879-16,Laird Technologies,Thermal Interface Products,"Thermal Interface Products Tflex HD3160MTG 17.5x18IN,",,,17.5 mm,18 mm,17403.43
A10092-155,Laird Technologies,Thermal Interface Products,"Thermal Interface Products Tpli 210FG,A0,PC 8"" x 8""",,,,,3367.98
GP1000SF-0.020-02-00-52,Bergquist Company,Thermal Interface Products,"Thermal Interface Products GAP PAD, Conductive, Sil-Free, 0.020"" Thickness, TGP1100SF/1000SF",,,,,21.13
A15037007,Laird Technologies,Thermal Interface Products,"Thermal Interface Products TO-220 Insulator H0.125,T-gard 20-A0",,,,,17.23
SP400-0.009-00-11,Bergquist Company,Thermal Interface Products,"Thermal Interface Products Sil-Pad, 0.009"" Thickness, Dimensions: 33.32x19.35"", Sil-Pad TSP900/400, BG95022",,,33.32 mm,19.35 mm,38.03
2403289,Phoenix Contact,Thermal Interface Products,"Thermal Interface Products VL2 THERMAL PAD: 7MM 2.5"" SATA",,7 mm,,,3355.3
A14421-02,Laird Technologies,Thermal Interface Products,"Thermal Interface Products Tflex 6130,DC1 18x18in,",,,18 mm,18 mm,22841.0
A14411-02,Laird Technologies,Thermal Interface Products,Thermal Interface Products TFLEX 630  DC1  18X18IN,,,18 mm,18 mm,6426.88
A15792-11,Laird Technologies,Thermal Interface Products,"Thermal Interface Products Tflex HR6110 18x18in,",,,18 mm,18 mm,11016.2
A14424-02,Laird Technologies,Thermal Interface Products,"Thermal Interface Products Tflex 6160,DC1 18x18in",,,18 mm,18 mm,28146.3
A18477-12,Laird Technologies,Thermal Interface Products,"Thermal Interface Products Tflex HD7120,PI  18.0x18.0in,",,,18.0 mm,18.0 mm,21940.75
A18478-19,Laird Technologies,Thermal Interface Products,"Thermal Interface Products Tflex HD7190,PI  9.0x9.0in,",,,9.0 mm,9.0 mm,9507.23
A18478-18,Laird Technologies,Thermal Interface Products,"Thermal Interface Products Tflex HD7180,PI  9.0x9.0in,",,,9.0 mm,9.0 mm,8003.78
A14670-18,Laird Technologies,Thermal Interface Products,"Thermal Interface Products Tflex 6150 18x18in,",,,18 mm,18 mm,24230.38
A18478-17,Laird Technologies,Thermal Interface Products,"Thermal Interface Products Tflex HD7170,PI  9.0x9.0in,",,,9.0 mm,9.0 mm,7421.7
A18547-20,Laird Technologies,Thermal Interface Products,"Thermal Interface Products Tflex HD7.5,5.00,DC1 18x18IN,",,,18 mm,18 mm,83534.1
A18548-05,Laird Technologies,Thermal Interface Products,"Thermal Interface Products Tflex HD7.5,1.25,DC1 9x9IN,",,,9 mm,9 mm,6105.13
A18548-08,Laird Technologies,Thermal Interface Products,"Thermal Interface Products Tflex HD7.5,2.00,DC1 9x9IN,",,,9 mm,9 mm,8832.53
A18376-18,Laird Technologies,Thermal Interface Products,"Thermal Interface Products ST, BSR-C, 3.00mm 305x305mm 2 side paper",,3.00 mm,305 mm,305 mm,22806.55
A18548-14,Laird Technologies,Thermal Interface Products,"Thermal Interface Products Tflex HD7.5,3.50,DC1 9x9IN,",,,9 mm,9 mm,14631.83
A18501-01,Laird Technologies,Thermal Interface Products,"Thermal Interface Products TGARD 210B,WHT,A1 17X17IN",,,17 mm,17 mm,6110.65
GP1000SF-0.125-02-0816,Bergquist Company,Thermal Interface Products,"Thermal Interface Products GAP PAD, Conductive, Sil-Free, 8""x16"" Sheet, 0.125"" Thickness, TGP1100SF/1000SF",,,,,6225.05
GP1500S30-0.160-02-0816,Bergquist Company,Thermal Interface Products,"Thermal Interface Products GAP PAD, S-Class, 8""x16"" Sheet, 0.160"" Thickness, 2 Side Tack, TGP1300/1500S30",,,,,5817.5
A11809-02,Laird Technologies,Thermal Interface Products,"Thermal Interface Products Tpcm 905c 18x18"" 2.2 W/mK TIM",2.2 W/m-K,,18 mm,18 mm,3940.95
A12634-18,Laird Technologies,Thermal Interface Products,"Thermal Interface Products Tflex 6200 18x18in,",,,18 mm,18 mm,34929.7
GP7000ULM-0.030-02-0808,Bergquist Company,Thermal Interface Products,"Thermal Interface Products GAP PAD, 7W/m-K, Ultra-Low Modulus, GAP PAD TGP 7000ULM",7 W/m-K,,,,4037.8
A15792-15,Laird Technologies,Thermal Interface Products,"Thermal Interface Products Tflex HR6150 18x18in,",,,18 mm,18 mm,14915.88
A18376-08,Laird Technologies,Thermal Interface Products,"Thermal Interface Products ST,BSR-C, 1.00mm 305x305mm 2 side paper",,1.00 mm,305 mm,305 mm,8376.88
A17084-05,Laird Technologies,Thermal Interface Products,"Thermal Interface Products Tgard 500,A0 12"" X 30m",,,,,34973.9
A15792-16,Laird Technologies,Thermal Interface Products,"Thermal Interface Products Tflex HR6160 18x18in,",,,18 mm,18 mm,15517.13
A15792-14,Laird Technologies,Thermal Interface Products,"Thermal Interface Products Tflex HR6140 18x18in,",,,18 mm,18 mm,13803.73
A17678-04,Laird Technologies,Thermal Interface Products,"Thermal Interface Products Tflex 51000,DC1 18x18IN,",,,18 mm,18 mm,6459.05
A18478-16,Laird Technologies,Thermal Interface Products,"Thermal Interface Products Tflex HD7160,PI  9.0x9.0in,",,,9.0 mm,9.0 mm,7042.43
A18478-15,Laird Technologies,Thermal Interface Products,"Thermal Interface Products Tflex HD7150,PI  9.0x9.0in,",,,9.0 mm,9.0 mm,6662.83
A18477-05,Laird Technologies,Thermal Interface Products,"Thermal Interface Products Tflex HD750,PI  18.0x18.0in,",,,18.0 mm,18.0 mm,7928.7
A18478-09,Laird Technologies,Thermal Interface Products,"Thermal Interface Products Tflex HD790,PI  9.0x9.0in,",,,9.0 mm,9.0 mm,3621.8
A18478-20,Laird Technologies,Thermal Interface Products,"Thermal Interface Products Tflex HD7200,PI  9.0x9.0in,",,,9.0 mm,9.0 mm,9923.55
A15792-17,Laird Technologies,Thermal Interface Products,"Thermal Interface Products Tflex HR6170 18x18in,",,,18 mm,18 mm,17198.68
A18547-07,Laird Technologies,Thermal Interface Products,"Thermal Interface Products Tflex HD7.5,1.75,DC1 18x18IN,",,,18 mm,18 mm,33124.0
A18548-13,Laird Technologies,Thermal Interface Products,"Thermal Interface Products Tflex HD7.5,3.25,DC1 9x9IN,",,,9 mm,9 mm,13808.93
A18501-03,Laird Technologies,Thermal Interface Products,"Thermal Interface Products Tgard 212B,A1 17x17in",,,17 mm,17 mm,6056.38
A14570-02,Laird Technologies,Thermal Interface Products,Thermal Interface Products Tflex 5160 18x18in,,,18 mm,18 mm,19413.88
A18477-14,Laird Technologies,Thermal Interface Products,"Thermal Interface Products Tflex HD7140,PI  18.0x18.0in,",,,18.0 mm,18.0 mm,25009.4
A18477-13,Laird Technologies,Thermal Interface Products,"Thermal Interface Products Tflex HD7130,PI  18.0x18.0in,",,,18.0 mm,18.0 mm,23527.4
A18548-17,Laird Technologies,Thermal Interface Products,"Thermal Interface Products Tflex HD7.5,4.25,DC1 9x9IN,",,,9 mm,9 mm,17394.33
A18548-07,Laird Technologies,Thermal Interface Products,"Thermal Interface Products Tflex HD7.5,1.75,DC1 9x9IN,",,,9 mm,9 mm,7954.05
A15421-23,Laird Technologies,Thermal Interface Products,"Thermal Interface Products Tgard 5000,A0 12"" x 65m",,,,,103328.88
2167530,Bergquist Company,Thermal Interface Products,"Thermal Interface Products GAP PAD, Conformable, Ultra-Low Modulus, TGP3500ULM/3500ULM, L8INW16INH0.1",,,,,3818.43
A17879-14,Laird Technologies,Thermal Interface Products,"Thermal Interface Products Tflex HD3140MTG 17.5x18IN,",,,17.5 mm,18 mm,15392.33
A17879-09,Laird Technologies,Thermal Interface Products,"Thermal Interface Products Tflex HD390MTG 17.5x18IN,",,,17.5 mm,18 mm,10495.55
A17879-18,Laird Technologies,Thermal Interface Products,"Thermal Interface Products Tflex HD3180MTG 17.5x18IN,",,,17.5 mm,18 mm,19416.15
A10234-31,Laird Technologies,Thermal Interface Products,"Thermal Interface Products Tputty 502 50 FG2 9x9"" 3W/mK XSoft",3 W/m-K,,9 mm,9 mm,4905.55
A17879-10,Laird Technologies,Thermal Interface Products,"Thermal Interface Products Tflex HD3100MTG 17.5x18IN,",,,17.5 mm,18 mm,11514.1
A17879-13,Laird Technologies,Thermal Interface Products,"Thermal Interface Products Tflex HD3130MTG 17.5x18IN,",,,17.5 mm,18 mm,14570.73
A17879-05,Laird Technologies,Thermal Interface Products,"Thermal Interface Products Tflex HD350MTG 17.5x18IN,",,,17.5 mm,18 mm,6592.3
GP1500S30-0.200-02-0816,Bergquist Company,Thermal Interface Products,"Thermal Interface Products GAP PAD, S-Class, 8""x16"" Sheet, 0.200"" Thickness, 2 Side Tack, TGP1300/1500S30",,,,,6816.55
A12628-01,Laird Technologies,Thermal Interface Products,"Thermal Interface Products Tflex 6140 9x9"" 3.0W/mK gap filler",3.0 W/m-K,,9 mm,9 mm,7000.5
A15792-13,Laird Technologies,Thermal Interface Products,"Thermal Interface Products Tflex HR6130 18x18in,",,,18 mm,18 mm,12991.23
A18478-11,Laird Technologies,Thermal Interface Products,"Thermal Interface Products Tflex HD7110,PI  9.0x9.0in,",,,9.0 mm,9.0 mm,5068.05
A18478-12,Laird Technologies,Thermal Interface Products,"Thermal Interface Products Tflex HD7120,PI  9.0x9.0in,",,,9.0 mm,9.0 mm,5449.28
A18477-04,Laird Technologies,Thermal Interface Products,"Thermal Interface Products Tflex HD740,PI  18.0x18.0in,",,,18.0 mm,18.0 mm,6451.9
A16205-09,Laird Technologies,Thermal Interface Products,"Thermal Interface Products Tflex HR690,DC1 18x18in,",,,18 mm,18 mm,10144.23
A15792-20,Laird Technologies,Thermal Interface Products,"Thermal Interface Products Tflex HR6200 18x18in,",,,18 mm,18 mm,20543.58
A18547-19,Laird Technologies,Thermal Interface Products,"Thermal Interface Products Tflex HD7.5,4.75,DC1 18x18IN,",,,18 mm,18 mm,79653.93
A18547-15,Laird Technologies,Thermal Interface Products,"Thermal Interface Products Tflex HD7.5,3.75,DC1 18x18IN,",,,18 mm,18 mm,64118.93
A15397-20,Laird Technologies,Thermal Interface Products,"Thermal Interface Products Tgard 500,A1 11.75IN,RL,30M,ACC",,,,,48028.83
A18477-20,Laird Technologies,Thermal Interface Products,"Thermal Interface Products Tflex HD7200,PI  18.0x18.0in,",,,18.0 mm,18.0 mm,40326.33
A18548-12,Laird Technologies,Thermal Interface Products,"Thermal Interface Products Tflex HD7.5,3.00,DC1 9x9IN,",,,9 mm,9 mm,12875.53
A18477-03,Laird Technologies,Thermal Interface Products,"Thermal Interface Products Tflex HD730,PI  18.0x18.0in,",,,18.0 mm,18.0 mm,4830.8
A18547-09,Laird Technologies,Thermal Interface Products,"Thermal Interface Products Tflex HD7.5,2.25,DC1 18x18IN,",,,18 mm,18 mm,40829.1
A18547-10,Laird Technologies,Thermal Interface Products,"Thermal Interface Products Tflex HD7.5,2.50,DC1 18x18IN,",,,18 mm,18 mm,44706.35
A18548-04,Laird Technologies,Thermal Interface Products,"Thermal Interface Products Tflex HD7.5,1.00,DC1 9x9IN,",,,9 mm,9 mm,5217.88
A18548-11,Laird Technologies,Thermal Interface Products,"Thermal Interface Products Tflex HD7.5,2.75,DC1 9x9IN,",,,9 mm,9 mm,11942.13
A16872-05,Laird Technologies,Thermal Interface Products,"Thermal Interface Products Tputty 403 Cartridge 600cc,Cartridge",,,,,10778.95
GP2202SF-0.080-01-0918,Bergquist Company,Thermal Interface Products,"Thermal Interface Products GAP PAD, Conductive, Sil-Free, 9""x18"" Sheet, 0.080"" Thickness, 1 Side Tack",,,,,10149.43
A17634-09,Laird Technologies,Thermal Interface Products,Thermal Interface Products Tflex HD390 DC1 9.00x9.00 in,,,9.00 mm,9.00 mm,1767.03
A17633-08,Laird Technologies,Thermal Interface Products,Thermal Interface Products Tflex HD380 9x9,,,9 mm,9 mm,1327.3
GP1500S30-0.125-02-0816,Bergquist Company,Thermal Interface Products,"Thermal Interface Products GAP PAD, S-Class, 8""x16"" Sheet, 0.125"" Thickness, 2 Side Tack, TGP1300/1500S30",,,,,4423.9
SPA2000-0.020-00-1012,Bergquist Company,Thermal Interface Products,"Thermal Interface Products Insulator, 10""x12"" Sheet, 0.020"" Thickness, Sil-Pad TSPA3000/A2000, IDH 2189298",,,,,9240.73
EYG-S091310,Panasonic,Thermal Interface Products,Thermal Interface Products PGS Graphite Sheet 90X115X0.1mm,,0.1 mm,90 mm,115 mm,1887.6
A16872-02,Laird Technologies,Thermal Interface Products,Thermal Interface Products TPUTTY 403 CARTRIDGE,,,,,2722.53
SPK10-0.006-AC-11.5/250,Bergquist Company,Thermal Interface Products,"Thermal Interface Products SIL PAD, 0.006"" Thickness, 1 Side Adhesive, 11.5""x250' Roll, TSPK1300/K-10",,,,,115032.13
EAPUS SARCON XR-Hl 16.5X7.5X2.0MM,ADLINK Technology,Thermal Interface Products,"Thermal Interface Products Pad,Type=XR-HL,Size=16.5x7.5x2.0mm,K=1.2W/mK,Color=Black",1.2 W/m-K,2.0 mm,16.5 mm,7.5 mm,92.5
EAPUS SARCON XR-Hl 20X10X2.5MM,ADLINK Technology,Thermal Interface Products,"Thermal Interface Products Pad,Type=XR-HL,Size=20x10x2.5mm,K=1.2W/mK,Color=Black",1.2 W/m-K,2.5 mm,20 mm,10 mm,92.5
A15421-26,Laird Technologies,Thermal Interface Products,"Thermal Interface Products Tgard 5000,A1 11.75"" x 30m",,,,,81403.4
A16205-03,Laird Technologies,Thermal Interface Products,"Thermal Interface Products Tflex HR630,DC1 18x18in,",,,18 mm,18 mm,4068.03
A16205-06,Laird Technologies,Thermal Interface Products,"Thermal Interface Products TFLEX HR660,DC1",,,,,7031.7
A18477-17,Laird Technologies,Thermal Interface Products,"Thermal Interface Products Tflex HD7170,PI  18.0x18.0in,",,,18.0 mm,18.0 mm,29549.98
2403290,Phoenix Contact,Thermal Interface Products,"Thermal Interface Products VL2 THERMAL PAD: 9MM 2.5"" SATA",,9 mm,,,3355.3
A14427-02,Laird Technologies,Thermal Interface Products,"Thermal Interface Products Tflex 6190,DC1 18x18in,",,,18 mm,18 mm,33389.53
A15792-19,Laird Technologies,Thermal Interface Products,"Thermal Interface Products Tflex HR6190 18x18in,",,,18 mm,18 mm,19206.85
A14568-02,Laird Technologies,Thermal Interface Products,Thermal Interface Products Tflex 5140 18x18in,,,18 mm,18 mm,16707.28
A16205-07,Laird Technologies,Thermal Interface Products,"Thermal Interface Products Tflex HR670,DC1 18x18in,",,,18 mm,18 mm,7952.43
A17819-02,Laird Technologies,Thermal Interface Products,"Thermal Interface Products TFLEX HD90500,DC1",,,,,8172.78
A18477-09,Laird Technologies,Thermal Interface Products,"Thermal Interface Products Tflex HD790,PI  18.0x18.0in,",,,18.0 mm,18.0 mm,14322.75
A18478-10,Laird Technologies,Thermal Interface Products,"Thermal Interface Products Tflex HD7100,PI  9.0x9.0in,",,,9.0 mm,9.0 mm,4177.23
A18548-06,Laird Technologies,Thermal Interface Products,"Thermal Interface Products Tflex HD7.5,1.50,DC1 9x9IN,",,,9 mm,9 mm,7069.4
A18548-16,Laird Technologies,Thermal Interface Products,"Thermal Interface Products Tflex HD7.5,4.00,DC1 9x9IN,",,,9 mm,9 mm,16473.6
A18548-19,Laird Technologies,Thermal Interface Products,"Thermal Interface Products Tflex HD7.5,4.75,DC1 9x9IN,",,,9 mm,9 mm,19231.88
A18548-18,Laird Technologies,Thermal Interface Products,"Thermal Interface Products Tflex HD7.5,4.50,DC1 9x9IN,",,,9 mm,9 mm,18313.43
A17752-03,Laird Technologies,Thermal Interface Products,Thermal Interface Products Tflex HD90750 9x9IN,,,9 mm,9 mm,2874.95
GP1500S30-0.020-02-0816,Bergquist Company,Thermal Interface Products,"Thermal Interface Products GAP PAD, S-Class, 8""x16"" Sheet, 0.020"" Thickness, GAP PAD TGP1300/1500S30",,,,,1572.68
A14419-02,Laird Technologies,Thermal Interface Products,"Thermal Interface Products Tflex 6110,DC1 18x18in,",,,18 mm,18 mm,19626.1
A15792-18,Laird Technologies,Thermal Interface Products,"Thermal Interface Products Tflex HR6180 18x18in,",,,18 mm,18 mm,18203.58
A18376-12,Laird Technologies,Thermal Interface Products,"Thermal Interface Products ST,BSR-C, 4.00mm 305x305mm 2 side paper",,4.00 mm,305 mm,305 mm,30270.18
A18547-11,Laird Technologies,Thermal Interface Products,"Thermal Interface Products Tflex HD7.5,2.75,DC1 18x18IN,",,,18 mm,18 mm,48588.48
A18547-17,Laird Technologies,Thermal Interface Products,"Thermal Interface Products Tflex HD7.5,4.25,DC1 18x18IN,",,,18 mm,18 mm,71886.1
A18477-11,Laird Technologies,Thermal Interface Products,"Thermal Interface Products Tflex HD7110,PI  18.0x18.0in,",,,18.0 mm,18.0 mm,20350.85
A18477-06,Laird Technologies,Thermal Interface Products,"Thermal Interface Products Tflex HD760,PI  18.0x18.0in,",,,18.0 mm,18.0 mm,9410.05
A18477-19,Laird Technologies,Thermal Interface Products,"Thermal Interface Products Tflex HD7190,PI  18.0x18.0in,",,,18.0 mm,18.0 mm,38573.93
A18477-10,Laird Technologies,Thermal Interface Products,"Thermal Interface Products Tflex HD7100,PI  18.0x18.0in,",,,18.0 mm,18.0 mm,16381.3
A14426-02,Laird Technologies,Thermal Interface Products,"Thermal Interface Products Tflex 6180,DC1 18x18in,",,,18 mm,18 mm,31648.18
A18478-13,Laird Technologies,Thermal Interface Products,"Thermal Interface Products Tflex HD7130,PI  9.0x9.0in,",,,9.0 mm,9.0 mm,5828.55
A18477-15,Laird Technologies,Thermal Interface Products,"Thermal Interface Products Tflex HD7150,PI  18.0x18.0in,",,,18.0 mm,18.0 mm,26528.45
A18500-03,Laird Technologies,Thermal Interface Products,"Thermal Interface Products Tgard 212B,A0 17x17in",,,17 mm,17 mm,5694.98
A18547-14,Laird Technologies,Thermal Interface Products,"Thermal Interface Products Tflex HD7.5,3.50,DC1 18x18IN,",,,18 mm,18 mm,60243.63
A18548-10,Laird Technologies,Thermal Interface Products,"Thermal Interface Products Tflex HD7.5,2.50,DC1 9x9IN,",,,9 mm,9 mm,11005.8
A18547-04,Laird Technologies,Thermal Interface Products,"Thermal Interface Products Tflex HD7.5,1.00,DC1 18x18IN,",,,18 mm,18 mm,21660.93
SPK10-0.006-00-11.5/250,Bergquist Company,Thermal Interface Products,"Thermal Interface Products Insulator, 0.006"" Thickness, 11.5""x250' Roll, SIL PAD TSPK1300/K-10, IDH 2188877",,,,,110050.2
A15995-10,Laird Technologies,Thermal Interface Products,"Thermal Interface Products Tflex 7100,DC1 18.00x18.00in,",,,18.00 mm,18.00 mm,30287.4
A16006-13,Laird Technologies,Thermal Interface Products,"Thermal Interface Products Tflex 7130 18.00x18.00in,",,,18.00 mm,18.00 mm,35987.25
A15995-04,Laird Technologies,Thermal Interface Products,"Thermal Interface Products Tflex 740,DC1 18.00x18.00in,",,,18.00 mm,18.00 mm,15585.05
A15995-06,Laird Technologies,Thermal Interface Products,"Thermal Interface Products Tflex 760,DC1 18.00x18.00in,",,,18.00 mm,18.00 mm,21443.5
A16006-17,Laird Technologies,Thermal Interface Products,"Thermal Interface Products Tflex 7170 18.00x18.00in,",,,18.00 mm,18.00 mm,45274.78
A15995-15,Laird Technologies,Thermal Interface Products,"Thermal Interface Products Tflex 7150,DC1 18.00x18.00in,",,,18.00 mm,18.00 mm,42559.73
A16006-11,Laird Technologies,Thermal Interface Products,"Thermal Interface Products Tflex 7110 18.00x18.00in,",,,18.00 mm,18.00 mm,31288.08
A15995-16,Laird Technologies,Thermal Interface Products,"Thermal Interface Products Tflex 7160,DC1 18.00x18.00in,",,,18.00 mm,18.00 mm,49400.65
a14949-10,Laird Technologies,Thermal Interface Products,"Thermal Interface Products Tflex 5100,DC1 18x18in",,,18 mm,18 mm,12697.75
A15995-12,Laird Technologies,Thermal Interface Products,"Thermal Interface Products Tflex 7120,DC1 18.00x18.00in,",,,18.00 mm,18.00 mm,35226.43
A16006-18,Laird Technologies,Thermal Interface Products,"Thermal Interface Products Tflex 7180 18.00x18.00in,",,,18.00 mm,18.00 mm,47577.4
A16006-12,Laird Technologies,Thermal Interface Products,"Thermal Interface Products Tflex 7120 18.00x18.00in,",,,18.00 mm,18.00 mm,33642.7
A17679-07,Laird Technologies,Thermal Interface Products,"Thermal Interface Products Tflex 51750,DC1 9x9IN",,,9 mm,9 mm,2662.73
A15995-03,Laird Technologies,Thermal Interface Products,"Thermal Interface Products Tflex 730,DC1 18.00x18.00in,",,,18.00 mm,18.00 mm,12521.93
SSRHP07,Schneider Electric,Relay Sockets & Fixings,Relay Sockets & Fixings SSP HEATSINK THERMAL RATING 0.7 C W,,,,,1163.83
EAPUS SARCON XR-Hl 35X11X2.5MM,ADLINK Technology,Thermal Interface Products,"Thermal Interface Products Pad,Type=XR-HL,Size=35x11x2.5mm,K=1.2W/mK,Color=Black",1.2 W/m-K,2.5 mm,35 mm,11 mm,92.5
A15995-19,Laird Technologies,Thermal Interface Products,"Thermal Interface Products Tflex 7190,DC1 18.00x18.00in,",,,18.00 mm,18.00 mm,52225.23
A15995-20,Laird Technologies,Thermal Interface Products,"Thermal Interface Products Tflex 7200,DC1 18.00x18.00in,",,,18.00 mm,18.00 mm,60684.0
A17690-18,Laird Technologies,Thermal Interface Products,Thermal Interface Products Tflex HD7180 DC1 9x9 IN,,,9 mm,9 mm,8616.08
2186904,Bergquist Company,Thermal Interface Products,"Thermal Interface Products GAP PAD, Conformable, Ultra-Low Modulus, TGP3500ULM/3500ULM",,,,,5653.05
GP2200SF-0.100-02-0816,Bergquist Company,Thermal Interface Products,"Thermal Interface Products GAP PAD, S-Class, 8""x16"" Sheet, 0.100"" Thickness, GAP PAD TGP2200SF/2200SF",,,,,5082.68
A15995-09,Laird Technologies,Thermal Interface Products,"Thermal Interface Products Tflex 790,DC1 18.00x18.00in,",,,18.00 mm,18.00 mm,27800.18
A15995-11,Laird Technologies,Thermal Interface Products,"Thermal Interface Products Tflex 7110,DC1 18.00x18.00in,",,,18.00 mm,18.00 mm,32762.28
A16006-20,Laird Technologies,Thermal Interface Products,"Thermal Interface Products Tflex 7200 18.00x18.00in,",,,18.00 mm,18.00 mm,52165.1
A16006-16,Laird Technologies,Thermal Interface Products,"Thermal Interface Products Tflex 7160 18.00x18.00in,",,,18.00 mm,18.00 mm,42965.65
A16006-19,Laird Technologies,Thermal Interface Products,"Thermal Interface Products Tflex 7190 18.00x18.00in,",,,18.00 mm,18.00 mm,49874.18
A17156-08,Laird Technologies,Thermal Interface Products,"Thermal Interface Products Tflex HD380 18x18in, 0.08in thickness",,,18 mm,18 mm,4843.8
A10264-09,Laird Technologies,Thermal Interface Products,"Thermal Interface Products Tpli 225, A0, PC 8"" x 8""",,,,,11700.98
A17157-12,Laird Technologies,Thermal Interface Products,"Thermal Interface Products Tflex HD3120,DC1 18.00x18.00in",,,18.00 mm,18.00 mm,7784.4
A17157-18,Laird Technologies,Thermal Interface Products,"Thermal Interface Products Tflex HD3180,DC1 18.00x18.00in",,,18.00 mm,18.00 mm,11694.8
A17157-10,Laird Technologies,Thermal Interface Products,"Thermal Interface Products Tflex HD3100,DC1 18.00x18.00in",,,18.00 mm,18.00 mm,6791.2
A17156-10,Laird Technologies,Thermal Interface Products,Thermal Interface Products Tflex HD3100 18.00x18.00in,,,18.00 mm,18.00 mm,6184.1
A10092-122,Laird Technologies,Thermal Interface Products,"Thermal Interface Products Tpli 210FG,AO,PC",,,,,6240.33
EAPUS SARCON XR-Hl 12X14X3.0MM,ADLINK Technology,Thermal Interface Products,"Thermal Interface Products Pad,Type=XR-HL,Size=12x14x3.0mm,K=1.2W/mK,Color=Black",1.2 W/m-K,3.0 mm,12 mm,14 mm,92.5
A17157-16,Laird Technologies,Thermal Interface Products,"Thermal Interface Products Tflex HD3160,DC1 18.00x18.00in",,,18.00 mm,18.00 mm,10416.58
A17156-16,Laird Technologies,Thermal Interface Products,Thermal Interface Products Tflex HD3160 18.00x18.00in,,,18.00 mm,18.00 mm,9167.28
A17157-20,Laird Technologies,Thermal Interface Products,"Thermal Interface Products Tflex HD3200,DC1 18.00x18.00in",,,18.00 mm,18.00 mm,12816.05
2191445,Bergquist Company,Thermal Interface Products,"Thermal Interface Products Conductive Material for Filling Air Gaps, GAP PAD TGP 1000VOUS/VO Ultra Soft",,,,,3526.58
A15995-18,Laird Technologies,Thermal Interface Products,"Thermal Interface Products Tflex 7180,DC1 18.00x18.00in,",,,18.00 mm,18.00 mm,49819.9
A16006-14,Laird Technologies,Thermal Interface Products,"Thermal Interface Products Tflex 7140 18.00x18.00in,",,,18.00 mm,18.00 mm,38320.1
A15995-05,Laird Technologies,Thermal Interface Products,"Thermal Interface Products Tflex 750,DC1 18.00x18.00in,",,,18.00 mm,18.00 mm,17698.2
A15995-17,Laird Technologies,Thermal Interface Products,"Thermal Interface Products Tflex 7170,DC1 18.00x18.00in,",,,18.00 mm,18.00 mm,47406.45
A15995-14,Laird Technologies,Thermal Interface Products,"Thermal Interface Products Tflex 7140,DC1 18.00x18.00in,",,,18.00 mm,18.00 mm,43759.95
A16006-15,Laird Technologies,Thermal Interface Products,"Thermal Interface Products Tflex 7150 18.00x18.00in,",,,18.00 mm,18.00 mm,40645.8
A15995-02,Laird Technologies,Thermal Interface Products,"Thermal Interface Products Tflex 720,DC1 18.00x18.00in,",,,18.00 mm,18.00 mm,10265.78
A15995-08,Laird Technologies,Thermal Interface Products,"Thermal Interface Products Tflex 780,DC1 18.00x18.00in,",,,18.00 mm,18.00 mm,27008.8
A15996-02,Laird Technologies,Thermal Interface Products,"Thermal Interface Products Tflex 720,DC1 9.000x9.000IN,",,,9.000 mm,9.000 mm,2545.4
A17536-20,Laird Technologies,Thermal Interface Products,Thermal Interface Products Tflex HD7200 18x18,,,18 mm,18 mm,35621.63
A17689-15,Laird Technologies,Thermal Interface Products,Thermal Interface Products Tflex HD7150 DC1 18x18,,,18 mm,18 mm,26278.53
A17689-13,Laird Technologies,Thermal Interface Products,Thermal Interface Products Tflex HD7130 DC1 18x18 IN,,,18 mm,18 mm,23161.45
A17752-07,Laird Technologies,Thermal Interface Products,Thermal Interface Products Tflex HD91750 9x9,,,9 mm,9 mm,7566.98
A17751-17,Laird Technologies,Thermal Interface Products,Thermal Interface Products Tflex HD94250 18x18,,,18 mm,18 mm,60054.15
A17536-15,Laird Technologies,Thermal Interface Products,Thermal Interface Products Tflex HD7150 18x18 in,,,18 mm,18 mm,24316.83
A17751-11,Laird Technologies,Thermal Interface Products,Thermal Interface Products Tflex HD92750 18x18,,,18 mm,18 mm,40593.15
A17536-16,Laird Technologies,Thermal Interface Products,Thermal Interface Products Tflex HD7160 18x18 in,,,18 mm,18 mm,25356.5
A14950-13,Laird Technologies,Thermal Interface Products,"Thermal Interface Products Tflex 5130,DC1 9x9in,",,,9 mm,9 mm,4018.3
A15996-17,Laird Technologies,Thermal Interface Products,"Thermal Interface Products Tflex 7170,DC1 9.000x9.000IN,",,,9.000 mm,9.000 mm,13300.95
A17752-15,Laird Technologies,Thermal Interface Products,Thermal Interface Products Tflex HD93750 9x9,,,9 mm,9 mm,14384.18
A17536-14,Laird Technologies,Thermal Interface Products,Thermal Interface Products Tflex HD7140 18x18,,,18 mm,18 mm,22521.2
A17689-14,Laird Technologies,Thermal Interface Products,Thermal Interface Products Tflex HD7140 DC1 18x18 IN,,,18 mm,18 mm,24722.1
A17689-19,Laird Technologies,Thermal Interface Products,Thermal Interface Products Tflex HD7190 DC1 18x18 IN,,,18 mm,18 mm,37428.3
A15996-15,Laird Technologies,Thermal Interface Products,"Thermal Interface Products Tflex 7150,DC1 9.000x9.000IN,",,,9.000 mm,9.000 mm,11685.7
A17156-06,Laird Technologies,Thermal Interface Products,Thermal Interface Products Tflex HD360 18.00x18.00in,,,18.00 mm,18.00 mm,4265.63
SP400-0.007-AC-12/250,Bergquist Company,Thermal Interface Products,"Thermal Interface Products Sil-Pad, 0.007"" Thickness, 1 Side Adhesive, 12""x250' Roll, Sil-Pad TSP900/400",,,,,77798.83
2196599,Bergquist Company,Thermal Interface Products,"Thermal Interface Products GAP PAD, 5.24x3.9"" TGP1000VOUS/VO Ultra Soft",,,5.24 mm,3.9 mm,430.3
A15996-19,Laird Technologies,Thermal Interface Products,"Thermal Interface Products Tflex 7190,DC1 9.000x9.000IN,",,,9.000 mm,9.000 mm,14652.3
A15996-09,Laird Technologies,Thermal Interface Products,"Thermal Interface Products Tflex 790,DC1 9.000x9.000IN,",,,9.000 mm,9.000 mm,7517.58
A17536-13,Laird Technologies,Thermal Interface Products,Thermal Interface Products Tflex HD7130 18x18 in,,,18 mm,18 mm,21433.75
A14562-02,Laird Technologies,Thermal Interface Products,"Thermal Interface Products Tflex 580 18x18"" 2.8W/mK gap filler",2.8 W/m-K,,18 mm,18 mm,10089.95
A14425-01,Laird Technologies,Thermal Interface Products,"Thermal Interface Products Tflex 6170 DC1 9x9"" 3.0W/mK gap filler",3.0 W/m-K,,9 mm,9 mm,8084.05
A14570-01,Laird Technologies,Thermal Interface Products,"Thermal Interface Products Tflex 5160 9x9"" 2.8W/mK gap filler",2.8 W/m-K,,9 mm,9 mm,4794.73
A10109-02,Laird Technologies,Thermal Interface Products,"Thermal Interface Products Tpli 2170,A1 8"" x 8""",,,,,14443.65
A10099-16,Laird Technologies,Thermal Interface Products,"Thermal Interface Products Tpli 270 A1 16x16"" 6 W/mK gap filler",6 W/m-K,,16 mm,16 mm,21049.6
A14950-20,Laird Technologies,Thermal Interface Products,"Thermal Interface Products Tflex 5200 DC1 9x9"" 2.8W/mK gap filler",2.8 W/m-K,,9 mm,9 mm,5967.98
A14421-01,Laird Technologies,Thermal Interface Products,"Thermal Interface Products Tflex 6130 DC1 9x9"" 3.0W/mK gap filler",3.0 W/m-K,,9 mm,9 mm,6612.13
A17157-14,Laird Technologies,Thermal Interface Products,"Thermal Interface Products Tflex HD3140,DC1 18.00x18.00in",,,18.00 mm,18.00 mm,8910.2
A17156-20,Laird Technologies,Thermal Interface Products,Thermal Interface Products Tflex HD3200 18.00x18.00in,,,18.00 mm,18.00 mm,11673.03
A17157-08,Laird Technologies,Thermal Interface Products,"Thermal Interface Products Tflex HD380,DC1 18.00x18.00in",,,18.00 mm,18.00 mm,5299.45
A17156-18,Laird Technologies,Thermal Interface Products,Thermal Interface Products Tflex HD3180 18.00x18.00in,,,18.00 mm,18.00 mm,11028.88
A14574-01,Laird Technologies,Thermal Interface Products,"Thermal Interface Products Tflex 5200 9x9"" 2.8W/mK gap filler",2.8 W/m-K,,9 mm,9 mm,5910.78
A14419-01,Laird Technologies,Thermal Interface Products,"Thermal Interface Products Tflex 6110 DC1 9x9"" 3.0W/mK gap filler",3.0 W/m-K,,9 mm,9 mm,5113.88
A10097-20,Laird Technologies,Thermal Interface Products,"Thermal Interface Products Tpli 250,A1 16"" x 16""",,,,,17202.9
A10108-01,Laird Technologies,Thermal Interface Products,"Thermal Interface Products Tpli 2160 A0 8x8"" 6 W/mK gap filler",6 W/m-K,,8 mm,8 mm,13022.75
A18443-17,Laird Technologies,Thermal Interface Products,"Thermal Interface Products 18x18IN, Tflex HD7.5,4.25",,,18 mm,18 mm,65351.98
A18443-05,Laird Technologies,Thermal Interface Products,"Thermal Interface Products 18x18IN, Tflex HD7.5,1.25",,,18 mm,18 mm,23220.6
A10832-09,Laird Technologies,Thermal Interface Products,"Thermal Interface Products Tpcm 910 18x18"" 2.2 W/mK TIM",2.2 W/m-K,,18 mm,18 mm,4830.8
A18444-17,Laird Technologies,Thermal Interface Products,"Thermal Interface Products 9x9IN, Tflex HD7.5,4.25",,,9 mm,9 mm,15845.38
A18443-06,Laird Technologies,Thermal Interface Products,"Thermal Interface Products 18x18IN, Tflex HD7.5,1.50",,,18 mm,18 mm,26704.28
A18443-13,Laird Technologies,Thermal Interface Products,"Thermal Interface Products 18x18IN, Tflex HD7.5,3.25",,,18 mm,18 mm,51233.65
2705076,Bergquist Company,Thermal Interface Products,"Thermal Interface Products GAP PAD, 12 W/m-K, Highly Conformable, Soft, GAP PAD TGP 12000",12 W/m-K,,,,19728.48
A14415-01,Laird Technologies,Thermal Interface Products,"Thermal Interface Products Tflex 670 DC1 9x9"" 3.0W/mK gap filler",3.0 W/m-K,,9 mm,9 mm,3821.35
A10100-23,Laird Technologies,Thermal Interface Products,"Thermal Interface Products Tpli 280 A0 16x16"" 6 W/mK gap filler",6 W/m-K,,16 mm,16 mm,22990.83
A18444-11,Laird Technologies,Thermal Interface Products,"Thermal Interface Products 9x9IN, Tflex HD7.5,2.75",,,9 mm,9 mm,10876.78
A18443-10,Laird Technologies,Thermal Interface Products,"Thermal Interface Products 18x18IN, Tflex HD7.5,2.50",,,18 mm,18 mm,40641.9
A18443-20,Laird Technologies,Thermal Interface Products,"Thermal Interface Products 18x18IN, Tflex HD7.5,5.00",,,18 mm,18 mm,75939.5
A18444-15,Laird Technologies,Thermal Interface Products,"Thermal Interface Products 9x9IN, Tflex HD7.5,3.75",,,9 mm,9 mm,14272.05
A18443-11,Laird Technologies,Thermal Interface Products,"Thermal Interface Products 18x18IN, Tflex HD7.5,2.75",,,18 mm,18 mm,44171.4
A17156-14,Laird Technologies,Thermal Interface Products,Thermal Interface Products Tflex HD3140 18.00x18.00in,,,18.00 mm,18.00 mm,8144.18
A10945-04,Laird Technologies,Thermal Interface Products,"Thermal Interface Products Tpli220FG A0 SG 8x8"" 6 W/mK gap filler",6 W/m-K,,8 mm,8 mm,12352.6
TGF1450-00-60-400CC,Bergquist Company,Thermal Interface Products,"Thermal Interface Products Gap Filler, 2-Part, Thermally Conductive, 400CC Kit, TGF1450",,,,,4128.15
A17536-18,Laird Technologies,Thermal Interface Products,Thermal Interface Products Tflex HD7180 18x18,,,18 mm,18 mm,29129.43
A17689-08,Laird Technologies,Thermal Interface Products,Thermal Interface Products Tflex HD780 DC1 18x18,,,18 mm,18 mm,13075.73
A17751-15,Laird Technologies,Thermal Interface Products,Thermal Interface Products Tflex HD93750 18x18,,,18 mm,18 mm,53567.48
A17689-12,Laird Technologies,Thermal Interface Products,Thermal Interface Products Tflex HD7120 DC1 18x18 IN,,,18 mm,18 mm,21599.18
A10105-01,Laird Technologies,Thermal Interface Products,"Thermal Interface Products Tpli 2130 A0 8x8"" 6 W/mK gap filler",6 W/m-K,,8 mm,8 mm,10193.3
A10263-02,Laird Technologies,Thermal Interface Products,"Thermal Interface Products Tpli 215 FG A1 8x8"" 6 W/mK gap filler",6 W/m-K,,8 mm,8 mm,2472.6
A14950-03,Laird Technologies,Thermal Interface Products,"Thermal Interface Products Tflex 530 DC1 9x9"" 2.8W/mK gap filler",2.8 W/m-K,,9 mm,9 mm,1412.13
GF1100SF-00-240-400CC,Bergquist Company,Thermal Interface Products,"Thermal Interface Products Gap Filler, Thermally Conductive, Sil-Free, 400CC Kit, TGF1100SF/1100SF",,,,,7135.38
A18443-12,Laird Technologies,Thermal Interface Products,"Thermal Interface Products 18x18IN, Tflex HD7.5,3.00",,,18 mm,18 mm,47701.23
GP3500ULM-G-0.040-12-0816,Bergquist Company,Thermal Interface Products,"Thermal Interface Products GAP PAD, Ultra-Low Modulus, 8""x16"" Sheet, 0.040"" Thickness, 2 Side Tack",,,,,3617.58
A10100-14,Laird Technologies,Thermal Interface Products,"Thermal Interface Products Tpli 280 A1 16x16"" 6 W/mK gap filler",6 W/m-K,,16 mm,16 mm,25007.45
A18444-13,Laird Technologies,Thermal Interface Products,"Thermal Interface Products 9x9IN, Tflex HD7.5,3.25",,,9 mm,9 mm,12577.83
A18443-07,Laird Technologies,Thermal Interface Products,"Thermal Interface Products 18x18IN, Tflex HD7.5,1.75",,,18 mm,18 mm,30176.9
A10097-18,Laird Technologies,Thermal Interface Products,"Thermal Interface Products Tpli 250 A0 16x16"" 6 W/mK gap filler",6 W/m-K,,16 mm,16 mm,16695.58
A10103-01,Laird Technologies,Thermal Interface Products,"Thermal Interface Products Tpli 2110 A0 8x8"" 6 W/mK gap filler",6 W/m-K,,8 mm,8 mm,9026.55
A10105-02,Laird Technologies,Thermal Interface Products,"Thermal Interface Products Tpli 2130 A1 8x8"" 6 W/mK gap filler",6 W/m-K,,8 mm,8 mm,10322.65
A18443-16,Laird Technologies,Thermal Interface Products,"Thermal Interface Products 18x18IN, Tflex HD7.5,4.00",,,18 mm,18 mm,61819.23
GP2202SF-0.060-01-0918,Bergquist Company,Thermal Interface Products,"Thermal Interface Products GAP PAD, Conductive, Sil-Free, 9""x18"" Sheet, 0.060"" Thickness, 1 Side Tack",,,,,8417.5
GP2202SF-0.010-01-0918,Bergquist Company,Thermal Interface Products,"Thermal Interface Products GAP PAD, Conductive, Sil-Free, 9""x18"" Sheet, 0.010"" Thickness, 1 Side Tack",,,,,5960.83
A17689-17,Laird Technologies,Thermal Interface Products,Thermal Interface Products Tflex HD7170 DC1 18x18 IN,,,18 mm,18 mm,29255.85
A17751-19,Laird Technologies,Thermal Interface Products,Thermal Interface Products Tflex HD94750 18x18,,,18 mm,18 mm,66543.75
A17536-17,Laird Technologies,Thermal Interface Products,Thermal Interface Products Tflex HD7170 18x18,,,18 mm,18 mm,26596.38
A17689-16,Laird Technologies,Thermal Interface Products,Thermal Interface Products Tflex HD7160 DC1 18x18 IN,,,18 mm,18 mm,27835.28
A17536-12,Laird Technologies,Thermal Interface Products,Thermal Interface Products Tflex HD7120 18x18,,,18 mm,18 mm,19675.83
A15996-11,Laird Technologies,Thermal Interface Products,"Thermal Interface Products Tflex 7110,DC1 9.000x9.000IN,",,,9.000 mm,9.000 mm,8996.33
A17689-11,Laird Technologies,Thermal Interface Products,Thermal Interface Products Tflex HD7110 DC1 18x18 IN,,,18 mm,18 mm,20033.0
A17689-18,Laird Technologies,Thermal Interface Products,Thermal Interface Products Tflex HD7180 DC1 18x18 IN,,,18 mm,18 mm,31784.03
A17689-20,Laird Technologies,Thermal Interface Products,Thermal Interface Products Tflex HD7200 DC1 18x18 IN,,,18 mm,18 mm,39168.68
A12632-18,Laird Technologies,Thermal Interface Products,Thermal Interface Products TFLEX 6180,,,,,45534.45
A17156-17,Laird Technologies,Thermal Interface Products,Thermal Interface Products Tflex HD3170 18x18,,,18 mm,18 mm,10035.35
A17157-13,Laird Technologies,Thermal Interface Products,Thermal Interface Products Tflex HD3130 DC1 18x18,,,18 mm,18 mm,8347.63
A17536-03,Laird Technologies,Thermal Interface Products,Thermal Interface Products Tflex HD730 18x18,,,18 mm,18 mm,4855.83
A17536-08,Laird Technologies,Thermal Interface Products,Thermal Interface Products Tflex HD780 18x18,,,18 mm,18 mm,11950.9
A17157-09,Laird Technologies,Thermal Interface Products,Thermal Interface Products Tflex HD390 DC1 18x18,,,18 mm,18 mm,5759.33
A17156-11,Laird Technologies,Thermal Interface Products,Thermal Interface Products Tflex HD3110 18x18,,,18 mm,18 mm,7099.95
A17536-11,Laird Technologies,Thermal Interface Products,Thermal Interface Products Tflex HD7110 18x18 in,,,18 mm,18 mm,18250.05
A17536-05,Laird Technologies,Thermal Interface Products,Thermal Interface Products Tflex HD750 18x18,,,18 mm,18 mm,7245.55
A17751-09,Laird Technologies,Thermal Interface Products,Thermal Interface Products Tflex HD92250 18x18,,,18 mm,18 mm,34146.45
A10241-09,Laird Technologies,Thermal Interface Products,"Thermal Interface Products Tputty 502 FG2 120 9"" x 9""",,,,,10318.1
A14414-02,Laird Technologies,Thermal Interface Products,"Thermal Interface Products TFLEX 660,DC1 18X18IN",,,18 mm,18 mm,11519.95
A17747-04,Laird Technologies,Thermal Interface Products,Thermal Interface Products Tflex P340 9.00x9.00 in,,,9.00 mm,9.00 mm,1963.98
SP1200-0.009-00-116,Bergquist Company,Thermal Interface Products,"Thermal Interface Products Elastomeric Material, 0.009"" Thickness, Sil-Pad TSP1800/1200",,,,,17.88
A17174-11,Laird Technologies,Thermal Interface Products,"Thermal Interface Products Tflex P3110 18.00x18 .00in,",,,18.00 mm,18 mm,17630.6
A17747-15,Laird Technologies,Thermal Interface Products,Thermal Interface Products Tflex P3150 9.00x9.0 0in,,,9.00 mm,9.0 mm,6139.58
A17157-19,Laird Technologies,Thermal Interface Products,Thermal Interface Products Tflex HD3190 DC1 18x18,,,18 mm,18 mm,12218.05
A17536-09,Laird Technologies,Thermal Interface Products,Thermal Interface Products Tflex HD790 18x18 in,,,18 mm,18 mm,12968.8
A17156-09,Laird Technologies,Thermal Interface Products,Thermal Interface Products Tflex HD390 18x18,,,18 mm,18 mm,5976.43
A17536-07,Laird Technologies,Thermal Interface Products,Thermal Interface Products Tflex HD770 18x18,,,18 mm,18 mm,10587.53
A17156-19,Laird Technologies,Thermal Interface Products,Thermal Interface Products Tflex HD3190 18x18,,,18 mm,18 mm,11127.68
A17156-15,Laird Technologies,Thermal Interface Products,Thermal Interface Products Tflex HD3150 18x18,,,18 mm,18 mm,8655.4
EYG-S0713ZLAG,Panasonic,Thermal Interface Products,Thermal Interface Products Soft PGS - IGBT Mod Infineon,,,,,461.18
EYG-S0714ZLAF,Panasonic,Thermal Interface Products,Thermal Interface Products Soft PGS - IGBT Mod Infineon,,,,,552.5
SP400-0.009-00-50,Bergquist Company,Thermal Interface Products,"Thermal Interface Products Sil-Pad, 0.009"" Thickness, Sil-Pad TSP900/400, BG95024, IDH 2167694",,,,,7.15
A17174-02,Laird Technologies,Thermal Interface Products,"Thermal Interface Products Tflex P320 18.00x18. 00in,",,,18.00 mm,18 mm,4170.73
A17747-19,Laird Technologies,Thermal Interface Products,Thermal Interface Products Tflex P3190 9.00x9.0 0in,,,9.00 mm,9.0 mm,7499.38
A14416-02,Laird Technologies,Thermal Interface Products,"Thermal Interface Products Tflex 680,DC1 18x18in,",,,18 mm,18 mm,14806.03
A17174-06,Laird Technologies,Thermal Interface Products,"Thermal Interface Products Tflex P360 18.00x18. 00in,",,,18.00 mm,18 mm,10401.95
A17174-09,Laird Technologies,Thermal Interface Products,"Thermal Interface Products Tflex P390 18.00x18. 00in,",,,18.00 mm,18 mm,14582.1
A17174-18,Laird Technologies,Thermal Interface Products,"Thermal Interface Products Tflex P3180 18.00x18 .00in,",,,18.00 mm,18 mm,28262.98
A14423-02,Laird Technologies,Thermal Interface Products,"Thermal Interface Products TFLEX 6150,DC1 18X18IN",,,18 mm,18 mm,26383.18
A17174-15,Laird Technologies,Thermal Interface Products,"Thermal Interface Products Tflex P3150 18.00x18 .00in,",,,18.00 mm,18 mm,23713.95
A17747-14,Laird Technologies,Thermal Interface Products,Thermal Interface Products Tflex P3140 9.00x9.0 0in,,,9.00 mm,9.0 mm,5765.5
A17747-16,Laird Technologies,Thermal Interface Products,Thermal Interface Products Tflex P3160 9.00x9.0 0in,,,9.00 mm,9.0 mm,6922.83
A17174-04,Laird Technologies,Thermal Interface Products,"Thermal Interface Products Tflex P340 18.00x18. 00in,",,,18.00 mm,18 mm,6755.45
A17174-16,Laird Technologies,Thermal Interface Products,"Thermal Interface Products Tflex P3160 18.00x18 .00in,",,,18.00 mm,18 mm,25607.73
A17174-17,Laird Technologies,Thermal Interface Products,"Thermal Interface Products Tflex P3170 18.00x18 .00in,",,,18.00 mm,18 mm,26800.15
A10264-14,Laird Technologies,Thermal Interface Products,"Thermal Interface Products Tpli 225,A0 16"" x 16""",,,,,10056.8
A18443-14,Laird Technologies,Thermal Interface Products,"Thermal Interface Products 18x18IN, Tflex HD7.5,3.50",,,18 mm,18 mm,54766.73
A18443-08,Laird Technologies,Thermal Interface Products,"Thermal Interface Products 18x18IN, Tflex HD7.5,2.00",,,18 mm,18 mm,33637.5
A18443-18,Laird Technologies,Thermal Interface Products,"Thermal Interface Products 18x18IN, Tflex HD7.5,4.50",,,18 mm,18 mm,68880.5
A18444-19,Laird Technologies,Thermal Interface Products,"Thermal Interface Products 9x9IN, Tflex HD7.5,4.75",,,9 mm,9 mm,17518.8
A10100-02,Laird Technologies,Thermal Interface Products,"Thermal Interface Products Tpli 280 A1 8x8"" 6 W/mK gap filler",6 W/m-K,,8 mm,8 mm,6349.2
A10103-02,Laird Technologies,Thermal Interface Products,"Thermal Interface Products Tpli 2110 A1 8x8"" 6 W/mK gap filler",6 W/m-K,,8 mm,8 mm,9158.18
A10833-06,Laird Technologies,Thermal Interface Products,"Thermal Interface Products Tpcm 920 18x18"" 2.2 W/mK TIM",2.2 W/m-K,,18 mm,18 mm,7783.1
A10098-12,Laird Technologies,Thermal Interface Products,"Thermal Interface Products Tpli 260 A1 16x16"" 6 W/mK gap filler",6 W/m-K,,16 mm,16 mm,21360.95
A10263-13,Laird Technologies,Thermal Interface Products,"Thermal Interface Products Tpli215 FG A0 16x16"" 6 W/mK gap filler",6 W/m-K,,16 mm,16 mm,7969.65
A18443-04,Laird Technologies,Thermal Interface Products,"Thermal Interface Products 18x18IN, Tflex HD7.5,1.00",,,18 mm,18 mm,19731.4
A18443-09,Laird Technologies,Thermal Interface Products,"Thermal Interface Products 18x18IN, Tflex HD7.5,2.25",,,18 mm,18 mm,37119.23
A18444-16,Laird Technologies,Thermal Interface Products,"Thermal Interface Products 9x9IN, Tflex HD7.5,4.00",,,9 mm,9 mm,15454.4
A18443-19,Laird Technologies,Thermal Interface Products,"Thermal Interface Products 18x18IN, Tflex HD7.5,4.75",,,18 mm,18 mm,72412.6
A10264-06,Laird Technologies,Thermal Interface Products,"Thermal Interface Products Tpli 225,A1 16"" x 16""",,,,,10415.6
A18443-15,Laird Technologies,Thermal Interface Products,"Thermal Interface Products 18x18IN, Tflex HD7.5,3.75",,,18 mm,18 mm,58289.73
GP2202SF-0.023-01-0918,Bergquist Company,Thermal Interface Products,"Thermal Interface Products GAP PAD, Conductive, Sil-Free, 9""x18"" Sheet, 0.023"" Thickness, 1 Side Tack",,,,,7083.38
GP2202SF-0.100-01-0918,Bergquist Company,Thermal Interface Products,"Thermal Interface Products GAP PAD, Conductive, Sil-Free, 9""x18"" Sheet, 0.100"" Thickness, 1 Side Tack",,,,,8730.15
45766,Vicor,Thermal Interface Products,Thermal Interface Products TIM PAD VIA 4414 UHV,,,,,750.1
A14571-02,Laird Technologies,Thermal Interface Products,Thermal Interface Products Tflex 5170 18x18in,,,18 mm,18 mm,16354.65
A16205-19,Laird Technologies,Thermal Interface Products,"Thermal Interface Products Tflex HR6190,DC1 18x18in,",,,18 mm,18 mm,19455.15
A16933-14,Laird Technologies,Thermal Interface Products,"Thermal Interface Products Tgard 400,A1 11.75"" x 18"",",,,,,897.33
A14949-17,Laird Technologies,Thermal Interface Products,"Thermal Interface Products Tflex 5170,DC1 18x18in,",,,18 mm,18 mm,16553.23
A15349-02,Laird Technologies,Thermal Interface Products,"Thermal Interface Products Tflex 390H 18x18in,",,,18 mm,18 mm,3871.08
A17931-02,Laird Technologies,Thermal Interface Products,Thermal Interface Products Tflex B220FG 18x18IN,,,18 mm,18 mm,575.58
A14949-20,Laird Technologies,Thermal Interface Products,"Thermal Interface Products Tflex 5200,DC1 18x18in,",,,18 mm,18 mm,19281.28
A14949-18,Laird Technologies,Thermal Interface Products,"Thermal Interface Products Tflex 5180,DC1 18x18in,",,,18 mm,18 mm,17461.93
A14949-14,Laird Technologies,Thermal Interface Products,"Thermal Interface Products Tflex 5140,DC1 18x18in,",,,18 mm,18 mm,14002.63
A16205-16,Laird Technologies,Thermal Interface Products,"Thermal Interface Products Tflex HR6160,DC1 18x18in,",,,18 mm,18 mm,15646.48
A17932-02,Laird Technologies,Thermal Interface Products,Thermal Interface Products Tflex B220FG 9x9IN,,,9 mm,9 mm,155.35
A15356-02,Laird Technologies,Thermal Interface Products,"Thermal Interface Products Tflex 3160H 18x18in,",,,18 mm,18 mm,7470.78
A14572-02,Laird Technologies,Thermal Interface Products,Thermal Interface Products Tflex 5180 18x18in,,,18 mm,18 mm,17263.68
A15343-02,Laird Technologies,Thermal Interface Products,"Thermal Interface Products Tflex 330H 18x18in,",,,18 mm,18 mm,2062.13
A14949-13,Laird Technologies,Thermal Interface Products,"Thermal Interface Products Tflex 5130,DC1 18x18in,",,,18 mm,18 mm,13081.9
A14566-02,Laird Technologies,Thermal Interface Products,Thermal Interface Products Tflex 5120 18x18in,,,18 mm,18 mm,11959.35
A14565-02,Laird Technologies,Thermal Interface Products,Thermal Interface Products Tflex 5110 18x18in,,,18 mm,18 mm,11038.3
A14574-02,Laird Technologies,Thermal Interface Products,Thermal Interface Products Tflex 5200 18x18in,,,18 mm,18 mm,19081.4
A16205-13,Laird Technologies,Thermal Interface Products,"Thermal Interface Products Tflex HR6130,DC1 18x18in,",,,18 mm,18 mm,13117.98
A17819-03,Laird Technologies,Thermal Interface Products,"Thermal Interface Products Tflex HD90750,DC1 18x18IN,",,,18 mm,18 mm,9913.48
A16933-11,Laird Technologies,Thermal Interface Products,"Thermal Interface Products Tgard 400,A0 12"",RL,65M",,,,,63669.45
A16933-12,Laird Technologies,Thermal Interface Products,"Thermal Interface Products Tgard 400,A0 12"",RL,30M",,,,,29393.0
A14949-12,Laird Technologies,Thermal Interface Products,"Thermal Interface Products Tflex 5120,DC1 18x18in,",,,18 mm,18 mm,12160.85
A16205-12,Laird Technologies,Thermal Interface Products,"Thermal Interface Products Tflex HR6120,DC1 18x18in,",,,18 mm,18 mm,12973.03
A14949-11,Laird Technologies,Thermal Interface Products,"Thermal Interface Products Tflex 5110,DC1 18x18in,",,,18 mm,18 mm,11240.13
A14949-04,Laird Technologies,Thermal Interface Products,"Thermal Interface Products Tflex 540,DC1 18x18in,",,,18 mm,18 mm,5027.75
A14949-19,Laird Technologies,Thermal Interface Products,"Thermal Interface Products Tflex 5190,DC1 18x18in,",,,18 mm,18 mm,18370.95
A16205-11,Laird Technologies,Thermal Interface Products,"Thermal Interface Products Tflex HR6110,DC1 18x18in,",,,18 mm,18 mm,11085.75
A14569-02,Laird Technologies,Thermal Interface Products,Thermal Interface Products Tflex 5150 18x18in,,,18 mm,18 mm,14722.5
LOC-Q157604A-00-G9,Laird Technologies,Thermal Interface Products,"Thermal Interface Products Tflex 6150,DC1 0.750x0.750in",,,0.750 mm,0.750 mm,123.5
A17237-01,Laird Technologies,Thermal Interface Products,"Thermal Interface Products Tgard 110,A0 18.5"" x 18.5""",,,,,1713.4
A14949-15,Laird Technologies,Thermal Interface Products,"Thermal Interface Products Tflex 5150,DC1 18x18in,",,,18 mm,18 mm,14923.68
34637,Vicor,Thermal Interface Products,Thermal Interface Products PKG INTER PADS 'B1',,,,,1869.08
A16205-14,Laird Technologies,Thermal Interface Products,"Thermal Interface Products Tflex HR6140,DC1 18x18in,",,,18 mm,18 mm,13955.83
A14949-09,Laird Technologies,Thermal Interface Products,"Thermal Interface Products Tflex 590,DC1 18x18in,",,,18 mm,18 mm,9467.25
A16205-18,Laird Technologies,Thermal Interface Products,"Thermal Interface Products Tflex HR6180,DC1 18x18in,",,,18 mm,18 mm,18418.08
A14949-16,Laird Technologies,Thermal Interface Products,"Thermal Interface Products Tflex 5160,DC1 18x18in,",,,18 mm,18 mm,15644.53
A15347-02,Laird Technologies,Thermal Interface Products,"Thermal Interface Products Tflex 370H 18x18in,",,,18 mm,18 mm,3016.0
A16934-11,Laird Technologies,Thermal Interface Products,"Thermal Interface Products Tgard 400,A1 11.75"",RL,30M",,,,,45748.95
A14567-02,Laird Technologies,Thermal Interface Products,Thermal Interface Products Tflex 5130 18x18in,,,18 mm,18 mm,12881.05
A14564-02,Laird Technologies,Thermal Interface Products,Thermal Interface Products Tflex 5100 18x18in,,,18 mm,18 mm,10117.58
A15358-02,Laird Technologies,Thermal Interface Products,"Thermal Interface Products Tflex 3180H 18x18in,",,,18 mm,18 mm,8748.03
A14949-07,Laird Technologies,Thermal Interface Products,"Thermal Interface Products Tflex 570,DC1 18x18in,",,,18 mm,18 mm,7692.43
A14949-08,Laird Technologies,Thermal Interface Products,"Thermal Interface Products Tflex 580,DC1 18x18in,",,,18 mm,18 mm,8630.05
A16205-15,Laird Technologies,Thermal Interface Products,"Thermal Interface Products Tflex HR6150,DC1 18x18in,",,,18 mm,18 mm,15025.73
A16205-20,Laird Technologies,Thermal Interface Products,"Thermal Interface Products Tflex HR6200,DC1 18x18in,",,,18 mm,18 mm,20840.95
A16205-17,Laird Technologies,Thermal Interface Products,"Thermal Interface Products Tflex HR6170,DC1 18x18in,",,,18 mm,18 mm,17379.7
A15350-02,Laird Technologies,Thermal Interface Products,"Thermal Interface Products Tflex 3100H 18x18in,",,,18 mm,18 mm,4389.13
A16933-13,Laird Technologies,Thermal Interface Products,"Thermal Interface Products Tgard 400,A0 12"" x 18"",",,,,,854.1
A14573-02,Laird Technologies,Thermal Interface Products,Thermal Interface Products Tflex 5190 18x18in,,,18 mm,18 mm,18172.05
A14949-05,Laird Technologies,Thermal Interface Products,"Thermal Interface Products Tflex 550,DC1 18x18in,",,,18 mm,18 mm,5952.38
GF3500S35-00-60-1200CC,Bergquist Company,Thermal Interface Products,"Thermal Interface Products Liquid Gap Filler, 1200CC Kit, Gap Filler TGF 3600/3500S35, IDH 2166456",,,,,37560.25
A15357-02,Laird Technologies,Thermal Interface Products,"Thermal Interface Products Tflex 3170H 18x18in,",,,18 mm,18 mm,8074.63
A15995-13,Laird Technologies,Thermal Interface Products,"Thermal Interface Products Tflex 7130,DC1 18.00x18.00in,",,,18.00 mm,18.00 mm,40938.63
A18144-18,Laird Technologies,Thermal Interface Products,"Thermal Interface Products Tflex RB3180, 18x18IN,",,,18 mm,18 mm,10538.13
A17882-08,Laird Technologies,Thermal Interface Products,Thermal Interface Products Tflex HD82000 18x18,,,18 mm,18 mm,15245.1
A17882-16,Laird Technologies,Thermal Interface Products,Thermal Interface Products Tflex HD84000 18x18,,,18 mm,18 mm,28422.55
A15351-02,Laird Technologies,Thermal Interface Products,"Thermal Interface Products Tflex 3110H 18x18in,",,,18 mm,18 mm,4783.35
A15352-03,Laird Technologies,Thermal Interface Products,"Thermal Interface Products Tflex 3120H 18x18in,",,,18 mm,18 mm,5226.98
A15353-03,Laird Technologies,Thermal Interface Products,"Thermal Interface Products Tflex 3130H 18x18in,",,,18 mm,18 mm,5770.7
A15360-02,Laird Technologies,Thermal Interface Products,Thermal Interface Products Tflex 3200H 18X18 in,,,18 mm,18 mm,4537.33
A17882-18,Laird Technologies,Thermal Interface Products,Thermal Interface Products Tflex HD84500 18x18,,,18 mm,18 mm,31335.85
A18144-17,Laird Technologies,Thermal Interface Products,"Thermal Interface Products Tflex RB3170, 18x18IN,",,,18 mm,18 mm,9991.8
2722292,Bergquist Company,Thermal Interface Products,"Thermal Interface Products GAP PAD, 12 W/m-K, Ultra-Low Modulus, 8"" x 8"" Sheet, 0.140"" Thickness",12 W/m-K,,,,18925.73
A17882-11,Laird Technologies,Thermal Interface Products,Thermal Interface Products Tflex HD82750 18x18,,,18 mm,18 mm,20291.38
A17882-20,Laird Technologies,Thermal Interface Products,Thermal Interface Products Tflex HD85000 18x18,,,18 mm,18 mm,43807.73
A18144-19,Laird Technologies,Thermal Interface Products,"Thermal Interface Products Tflex RB3190, 18x18IN,",,,18 mm,18 mm,11020.75
A17882-19,Laird Technologies,Thermal Interface Products,Thermal Interface Products Tflex HD84750 18x18,,,18 mm,18 mm,32903.0
GF1000SR-00-60-400CC,Bergquist Company,Thermal Interface Products,"Thermal Interface Products Liquid Gap Filler, 400CC Kit, Gap Filler TGF 1000SR/1000SR, IDH 2167256",,,,,10795.53
A15354-02,Laird Technologies,Thermal Interface Products,"Thermal Interface Products Tflex 3140H 18x18in,",,,18 mm,18 mm,6480.83
A17882-05,Laird Technologies,Thermal Interface Products,Thermal Interface Products Tflex HD81250 18x18,,,18 mm,18 mm,10152.68
A17882-07,Laird Technologies,Thermal Interface Products,Thermal Interface Products Tflex HD81750 18x18,,,18 mm,18 mm,13427.38
A18144-06,Laird Technologies,Thermal Interface Products,"Thermal Interface Products Tflex RB360, 18x18IN,",,,18 mm,18 mm,3803.15
A18144-14,Laird Technologies,Thermal Interface Products,"Thermal Interface Products Tflex RB3140, 18x18IN,",,,18 mm,18 mm,8413.93
A18144-05,Laird Technologies,Thermal Interface Products,"Thermal Interface Products Tflex RB350, 18x18IN,",,,18 mm,18 mm,3260.73
A17157-17,Laird Technologies,Thermal Interface Products,Thermal Interface Products Tflex HD3170 DC1 18x18,,,18 mm,18 mm,10584.28
A17751-13,Laird Technologies,Thermal Interface Products,Thermal Interface Products Tflex HD93250 18x18,,,18 mm,18 mm,42991.98
A17156-13,Laird Technologies,Thermal Interface Products,Thermal Interface Products Tflex HD3130 18x18,,,18 mm,18 mm,7630.03
A17157-11,Laird Technologies,Thermal Interface Products,Thermal Interface Products Tflex HD3110.DC1 18x18,,,18 mm,18 mm,7765.55
GF3500LV-00-240-400CC,Bergquist Company,Thermal Interface Products,"Thermal Interface Products Liquid Gap Filler, 400CC Kit, Gap Filler TGF 3500LVO/3500LV, IDH 2197935",,,,,15567.83
GF3500LV-07-240-1200CC,Bergquist Company,Thermal Interface Products,"Thermal Interface Products Liquid Gap Filler, 1200CC Kit, Gap Filler TGF 3500LVO/3500LV, IDH 2214048",,,,,37397.1
A15995-07,Laird Technologies,Thermal Interface Products,"Thermal Interface Products Tflex 770,DC1 18.00x18.00in,",,,18.00 mm,18.00 mm,24230.05
A17882-15,Laird Technologies,Thermal Interface Products,Thermal Interface Products Tflex HD83750 18x18,,,18 mm,18 mm,27069.25
A17882-09,Laird Technologies,Thermal Interface Products,Thermal Interface Products Tflex HD82250 18x18,,,18 mm,18 mm,16769.68
A17882-13,Laird Technologies,Thermal Interface Products,Thermal Interface Products Tflex HD83250 18x18,,,18 mm,18 mm,24552.45
A18144-07,Laird Technologies,Thermal Interface Products,"Thermal Interface Products Tflex RB370, 18x18IN,",,,18 mm,18 mm,4177.88
A18144-09,Laird Technologies,Thermal Interface Products,"Thermal Interface Products Tflex RB390, 18x18IN,",,,18 mm,18 mm,5737.23
A17752-19,Laird Technologies,Thermal Interface Products,Thermal Interface Products Tflex HD94750 9x9,,,9 mm,9 mm,17346.88
A17689-09,Laird Technologies,Thermal Interface Products,Thermal Interface Products Tflex HD790 DC1 18x18,,,18 mm,18 mm,14407.9
A17689-05,Laird Technologies,Thermal Interface Products,Thermal Interface Products Tflex HD750 DC1 18x18 IN,,,18 mm,18 mm,7927.73
A17751-07,Laird Technologies,Thermal Interface Products,Thermal Interface Products Tflex HD91750 18x18,,,18 mm,18 mm,27987.7
A18863-09,Laird Technologies,Thermal Interface Products,Thermal Interface Products Tputty SF560 Syringe 30cc Net 30cc,,,,,2370.88
GF1100SF-07-240-1200CC,Bergquist Company,Thermal Interface Products,"Thermal Interface Products Gap Filler, Thermally Conductive, Sil-Free, 1200CC Kit, TGF1100SF/1100SF",,,,,10856.63
GF1100SF-00-15-1200CC,Bergquist Company,Thermal Interface Products,"Thermal Interface Products Gap Filler, Thermally Conductive, Sil-Free, 1200CC Kit, TGF1100SF/1100SF",,,,,11448.78
GF1100SF-07-240-400CC,Bergquist Company,Thermal Interface Products,"Thermal Interface Products Gap Filler, Thermally Conductive, Sil-Free, 400CC Kit, TGF1100SF/1100SF",,,,,6126.58
2705071,Bergquist Company,Thermal Interface Products,"Thermal Interface Products GAP PAD, 12 W/m-K, Highly Conformable, Soft, GAP PAD TGP 12000",12 W/m-K,,,,8350.88
GF1100SF-00-240-200CC,Bergquist Company,Thermal Interface Products,"Thermal Interface Products Gap Filler, Conductive, Sil-Free, 200CC Dual Cartridge, TGF1100SF/1100SF",,,,,3634.15
GF1100SF-07-240-200CC,Bergquist Company,Thermal Interface Products,"Thermal Interface Products Gap Filler, Conductive, Sil-Free, 200CC Dual Cartridge, TGF1100SF/1100SF",,,,,4955.93
2705077,Bergquist Company,Thermal Interface Products,"Thermal Interface Products GAP PAD, 12 W/m-K, Highly Conformable, Soft, GAP PAD TGP 12000",12 W/m-K,,,,22546.88
A17157-15,Laird Technologies,Thermal Interface Products,Thermal Interface Products Tflex HD3150.DC1 18x18,,,18 mm,18 mm,9815.0
A17751-05,Laird Technologies,Thermal Interface Products,Thermal Interface Products Tflex HD91250 18x18,,,18 mm,18 mm,21738.28
GF1500-07-480-400CC,Bergquist Company,Thermal Interface Products,"Thermal Interface Products Conductive, Liquid Gap Filler, 400CC Kit, Gap Filler TGF 1500/1500, IDH 2167563",,,,,10235.88
GF2000-07-60-400CC,Bergquist Company,Thermal Interface Products,"Thermal Interface Products Conductive, Liquid Gap Filler, 400CC Kit, Gap Filler TGF 2000/2000, IDH 2190571",,,,,10236.85
A15355-02,Laird Technologies,Thermal Interface Products,"Thermal Interface Products Tflex 3150H 18x18in,",,,18 mm,18 mm,6868.88
A17882-14,Laird Technologies,Thermal Interface Products,Thermal Interface Products Tflex HD83500 18x18,,,18 mm,18 mm,25780.3
A18144-20,Laird Technologies,Thermal Interface Products,"Thermal Interface Products Tflex RB3200, 18x18IN,",,,18 mm,18 mm,11570.98
A18144-08,Laird Technologies,Thermal Interface Products,"Thermal Interface Products Tflex RB380, 18x18IN,",,,18 mm,18 mm,4705.03
A18144-12,Laird Technologies,Thermal Interface Products,"Thermal Interface Products Tflex RB3120, 18x18IN,",,,18 mm,18 mm,7355.4
A18144-16,Laird Technologies,Thermal Interface Products,"Thermal Interface Products Tflex RB3160, 18x18IN,",,,18 mm,18 mm,9434.1
A15359-02,Laird Technologies,Thermal Interface Products,"Thermal Interface Products Tflex 3190H 18x18in,",,,18 mm,18 mm,9217.65
A16487-05,Laird Technologies,Thermal Interface Products,"Thermal Interface Products TFLEX HR250 9"" X 9"" 228.60mm Sq.",,228.60 mm,,,528.45
GF1400SL-00-120-1200CC,Bergquist Company,Thermal Interface Products,"Thermal Interface Products Gap Filler, Thermally Conductive, Self-Leveling, 1200CC Kit, TGF1400SL/1400SL",,,,,29608.8
2848213,Bergquist Company,Thermal Interface Products,"Thermal Interface Products Liquid Gap Filler, 20oz Tube, Gap Filler TGF 3500LVO/3500LV",,,,,37397.1
GF1100SF-00-15-200CC,Bergquist Company,Thermal Interface Products,"Thermal Interface Products Gap Filler, Conductive, Sil-Free, 200CC Dual Cartridge, TGF1100SF/1100SF",,,,,3634.15
GF1500-00-60-400CC,Bergquist Company,Thermal Interface Products,"Thermal Interface Products Conductive, Liquid Gap Filler, 400CC Kit, Gap Filler TGF 1500/1500, IDH 2166694",,,,,10795.53
GF3500LV-00-240-200CC,Bergquist Company,Thermal Interface Products,"Thermal Interface Products Liquid Gap Filler, 200CC Dual Cartridge, TGF 3500LVO/3500LV, IDH 2196019",,,,,8027.18
A17689-07,Laird Technologies,Thermal Interface Products,Thermal Interface Products Tflex HD770 DC1 18x18,,,18 mm,18 mm,11209.58
GF2000-00-60-400CC,Bergquist Company,Thermal Interface Products,"Thermal Interface Products Conductive, Liquid Gap Filler, 400CC Kit, Gap Filler TGF 2000/2000, IDH 2166234",,,,,8041.48
2753613,Bergquist Company,Thermal Interface Products,"Thermal Interface Products Conductive, Liquid Gap Filler, Gap Filler TGF 3500LVO/Gap Filler 3500LV",,,,,21428.55
A17882-17,Laird Technologies,Thermal Interface Products,Thermal Interface Products Tflex HD84250 18x18,,,18 mm,18 mm,29844.1
A18144-10,Laird Technologies,Thermal Interface Products,"Thermal Interface Products Tflex RB3100, 18x18IN,",,,18 mm,18 mm,6313.45
A18144-11,Laird Technologies,Thermal Interface Products,"Thermal Interface Products Tflex RB3110, 18x18IN,",,,18 mm,18 mm,6787.63
A18144-13,Laird Technologies,Thermal Interface Products,"Thermal Interface Products Tflex RB3130, 18x18IN,",,,18 mm,18 mm,7852.33
A18144-15,Laird Technologies,Thermal Interface Products,"Thermal Interface Products Tflex RB3150, 18x18IN,",,,18 mm,18 mm,8880.63
A15996-18,Laird Technologies,Thermal Interface Products,"Thermal Interface Products Tflex 7180,DC1 9.000x9.000IN,",,,9.000 mm,9.000 mm,13977.6
A15996-13,Laird Technologies,Thermal Interface Products,"Thermal Interface Products Tflex 7130,DC1 9.000x9.000IN,",,,9.000 mm,9.000 mm,10347.35
A17536-19,Laird Technologies,Thermal Interface Products,Thermal Interface Products Tflex HD7190 18x18,,,18 mm,18 mm,34074.95
A10197-03,Laird Technologies,Thermal Interface Products,"Thermal Interface Products Tflex 2150V0 9"" x 9"" 9"" x 9""",,,,,1083.55
A14950-17,Laird Technologies,Thermal Interface Products,"Thermal Interface Products Tflex 5170,DC1 9x9in,",,,9 mm,9 mm,4428.45
A15996-05,Laird Technologies,Thermal Interface Products,"Thermal Interface Products Tflex 750,DC1 9.000x9.000IN,",,,9.000 mm,9.000 mm,4681.63
A14950-15,Laird Technologies,Thermal Interface Products,"Thermal Interface Products Tflex 5150,DC1 9x9in,",,,9 mm,9 mm,3964.35
A16820-29,Laird Technologies,Thermal Interface Products,"Thermal Interface Products Tgard 300,A1 11.75x18in,",,,11.75 mm,18 mm,707.85
GF1100SF-00-240-1200CC,Bergquist Company,Thermal Interface Products,"Thermal Interface Products Gap Filler, Thermally Conductive, Sil-Free, 1200CC Kit, TGF1100SF/1100SF",,,,,9510.48
GF1100SF-00-15-400CC,Bergquist Company,Thermal Interface Products,"Thermal Interface Products Gap Filler, Thermally Conductive, Sil-Free, 400CC Kit, TGF1100SF/1100SF",,,,,6686.55
COH-3114LVC-200-20,Taica,Thermal Interface Products,"Thermal Interface Products Thermal Interface Gap Pad, 8.2 W/mK, Square, 200x200mm, 2mm Thickness, Alpha Gel",8.2 W/m-K,200 mm,200 mm,200 mm,3202.23
2705075,Bergquist Company,Thermal Interface Products,"Thermal Interface Products GAP PAD, 12 W/m-K, Highly Conformable, Soft, GAP PAD TGP 12000",12 W/m-K,,,,19728.48
2705072,Bergquist Company,Thermal Interface Products,"Thermal Interface Products GAP PAD, 12 W/m-K, Highly Conformable, Soft, GAP PAD TGP 12000",12 W/m-K,,,,10253.1
GF3500S35-07-60-1200CC,Bergquist Company,Thermal Interface Products,"Thermal Interface Products Thermally Conductive, Liquid Gap Filler, 1200CC Kit, IDH 2166692",,,,,43193.8
2705073,Bergquist Company,Thermal Interface Products,"Thermal Interface Products GAP PAD, 12 W/m-K, Highly Conformable, Soft, GAP PAD TGP 12000",12 W/m-K,,,,12609.03
A14950-11,Laird Technologies,Thermal Interface Products,"Thermal Interface Products Tflex 5110,DC1 9x9in,",,,9 mm,9 mm,3046.88
A16820-22,Laird Technologies,Thermal Interface Products,"Thermal Interface Products Tgard 300,A0 12INx65M,RL",,,,,51187.5
A18006-00,Laird Technologies,Thermal Interface Products,"Thermal Interface Products KIT,THERMAL DEMO TUBE",,,,,2493.73
TGF1450-10-60-400CC,Bergquist Company,Thermal Interface Products,"Thermal Interface Products Gap Filler, 2-Part, Thermally Conductive, 400CC Kit, TGF1450",,,,,4719.33
TGF1450-07-60-400CC,Bergquist Company,Thermal Interface Products,"Thermal Interface Products Gap Filler, 2-Part, Thermally Conductive, 400CC Kit, TGF1450",,,,,4719.33
A16820-23,Laird Technologies,Thermal Interface Products,"Thermal Interface Products Tgard 300,A0 12inx30m,RL",,,,,23762.05
A16820-25,Laird Technologies,Thermal Interface Products,"Thermal Interface Products Tgard 300,A1 11.75inx30m,RL",,,,,40264.58
TGF1450-00-60-1200CC,Bergquist Company,Thermal Interface Products,"Thermal Interface Products Gap Filler, 2-Part, Thermally Conductive, 1200CC Kit, TGF1450",,,,,12093.9
A16708-14,Laird Technologies,Thermal Interface Products,"Thermal Interface Products Tflex 3140,DC1 18x18in,",,,18 mm,18 mm,4847.7
A14950-19,Laird Technologies,Thermal Interface Products,"Thermal Interface Products Tflex 5190,DC1 9x9in,",,,9 mm,9 mm,4881.18
A17712-16,Laird Technologies,Thermal Interface Products,Thermal Interface Products Tflex P1160 18x18IN,,,18 mm,18 mm,8995.35
A17712-13,Laird Technologies,Thermal Interface Products,Thermal Interface Products Tflex P1130 18x18IN,,,18 mm,18 mm,6936.48
GF1000-00-15-200CC,Bergquist Company,Thermal Interface Products,"Thermal Interface Products Gap Filler, Pot Life=15m, 200CC Dual Cartridge, Gap Filler TGF1000/1000",,,,,3728.4
GF1000-05-15-400CC,Bergquist Company,Thermal Interface Products,"Thermal Interface Products Gap Filler, Pot Life = 15 Minutes, 400CC Kit, Gap Filler TGF 1000/1000",,,,,10237.18
GF1000-00-15-400CC,Bergquist Company,Thermal Interface Products,"Thermal Interface Products Gap Filler, Pot Life=15m, 400CC Kit, Gap Filler TGF 1000/1000, IDH 2165996",,,,,11335.03
GF1000-00-15-1200CC,Bergquist Company,Thermal Interface Products,"Thermal Interface Products Gap Filler, Pot Life=15m, 1200CC Kit, Gap Filler TGF 1000/1000, IDH 2166081",,,,,14861.28
2722290,Bergquist Company,Thermal Interface Products,"Thermal Interface Products GAP PAD, 12 W/m-K, Ultra-Low Modulus, 8"" x 8"" Sheet, 0.100"" Thickness",12 W/m-K,,,,13720.2
A13102-03,Laird Technologies,Thermal Interface Products,"Thermal Interface Products Tmate 2910c 9x9"" 2.2 W/mK TIM",2.2 W/m-K,,9 mm,9 mm,1637.35
GF4500CVO-00-240-400CC,Bergquist Company,Thermal Interface Products,"Thermal Interface Products Liquid Gap-Filling Material, 2-Part, 4.5W/m-K, 400ml Cartridge, TGF4500CVO",4.5 W/m-K,,,,5928.0
TGF3000SF-00-1500-200CC,Bergquist Company,Thermal Interface Products,"Thermal Interface Products Gap Filler, 2-Part, Sil-Free, Room Temp Cure, 3W/mK, 200ml Cartridge, TGF3000SF",3 W/m-K,,,,5239.98
TGF3000SF-00-1500-1200CC,Bergquist Company,Thermal Interface Products,"Thermal Interface Products Gap Filler, 2-Part, Sil-Free, Room Temp Cure, 3W/mK, 1200ml Cartridge, TGF3000SF",3 W/m-K,,,,21012.88
A14938-00,Laird Technologies,Thermal Interface Products,"Thermal Interface Products Tputty 502 60 FG2 9x9"" 3W/mK X Soft",3 W/m-K,,9 mm,9 mm,2992.93
GF1000-05-15-1200CC,Bergquist Company,Thermal Interface Products,"Thermal Interface Products Gap Filler, Pot Life = 15 Minutes, 1200CC Kit, Gap Filler TGF 1000/1000",,,,,17090.45
GF1500LV-00-120-200CC,Bergquist Company,Thermal Interface Products,"Thermal Interface Products Liquid Gap Filler, 200CC Dual Cartridge, TGF 1500LVO/1500LV, IDH 2193774",,,,,4950.08
2722288,Bergquist Company,Thermal Interface Products,"Thermal Interface Products GAP PAD, 12 W/m-K, Ultra-Low Modulus, 8"" x 8"" Sheet, 0.060"" Thickness",12 W/m-K,,,,9149.73
2722293,Bergquist Company,Thermal Interface Products,"Thermal Interface Products GAP PAD, 12 W/m-K, Ultra-Low Modulus, 8"" x 8"" Sheet, 0.160"" Thickness",12 W/m-K,,,,21634.93
A17712-11,Laird Technologies,Thermal Interface Products,Thermal Interface Products Tflex P1110 18x18IN,,,18 mm,18 mm,5690.75
A17712-20,Laird Technologies,Thermal Interface Products,Thermal Interface Products Tflex P1200 18x18IN,,,18 mm,18 mm,12620.08
A17712-10,Laird Technologies,Thermal Interface Products,Thermal Interface Products Tflex P1100 18x18IN,,,18 mm,18 mm,5209.43
A17712-14,Laird Technologies,Thermal Interface Products,Thermal Interface Products Tflex P1140 18x18IN,,,18 mm,18 mm,7748.33
A17712-17,Laird Technologies,Thermal Interface Products,Thermal Interface Products Tflex P1170 18x18IN,,,18 mm,18 mm,10134.8
GF3500S35-07-60-200CC,Bergquist Company,Thermal Interface Products,"Thermal Interface Products Liquid Gap Filler, 200CC Dual Cartridge, TGF 3600/3500S35, IDH 2167548",,,,,6782.75
A10104-07,Laird Technologies,Thermal Interface Products,"Thermal Interface Products Tpli 2120,A1 16x16in",,,16 mm,16 mm,36291.45
GF3500LV-00-240-1200CC,Bergquist Company,Thermal Interface Products,"Thermal Interface Products Liquid Gap Filler, 1200CC Kit, Gap Filler TGF 3500LVO/3500LV, IDH 2197596",,,,,43193.8
GF3500LV-07-240-200CC,Bergquist Company,Thermal Interface Products,"Thermal Interface Products Liquid Gap Filler, 200CC Dual Cartridge, Gap Filler TGF 3500LVO/3500LV",,,,,7121.08
2722287,Bergquist Company,Thermal Interface Products,"Thermal Interface Products GAP PAD, 12 W/m-K, Ultra-Low Modulus, 8"" x 8"" Sheet, 0.040"" Thickness",12 W/m-K,,,,7462.65
TGF1450-10-60-1200CC,Bergquist Company,Thermal Interface Products,"Thermal Interface Products Gap Filler, 2-Part, Thermally Conductive, 1200CC Kit, TGF1450",,,,,13907.73
A15896-09,Laird Technologies,Thermal Interface Products,"Thermal Interface Products Tflex 790 9"" x 9""",,,,,7178.28
A17174-12,Laird Technologies,Thermal Interface Products,"Thermal Interface Products Tflex P3120 18.00x18 .00in,",,,18.00 mm,18 mm,19561.43
A17174-14,Laird Technologies,Thermal Interface Products,"Thermal Interface Products Tflex P3140 18.00x18 .00in,",,,18.00 mm,18 mm,22088.95
A17174-08,Laird Technologies,Thermal Interface Products,"Thermal Interface Products Tflex P380 18.00x18. 00in,",,,18.00 mm,18 mm,13158.93
A17747-13,Laird Technologies,Thermal Interface Products,Thermal Interface Products Tflex P3130 9.00x9.0 0in,,,9.00 mm,9.0 mm,5381.35
A17712-07,Laird Technologies,Thermal Interface Products,Thermal Interface Products Tflex P170 18x18IN,,,18 mm,18 mm,3454.75
A17712-12,Laird Technologies,Thermal Interface Products,Thermal Interface Products Tflex P1120 18x18IN,,,18 mm,18 mm,6268.93
A17712-09,Laird Technologies,Thermal Interface Products,Thermal Interface Products Tflex P190 18x18IN,,,18 mm,18 mm,4479.15
A17712-15,Laird Technologies,Thermal Interface Products,Thermal Interface Products Tflex P1150 18x18IN,,,18 mm,18 mm,8302.45
TGF1450-07-60-1200CC,Bergquist Company,Thermal Interface Products,"Thermal Interface Products Gap Filler, 2-Part, Thermally Conductive, 1200CC Kit, TGF1450",,,,,13907.73
GF1000SR-00-60-1200CC,Bergquist Company,Thermal Interface Products,"Thermal Interface Products Liquid Gap Filler, 1200CC Kit, Gap Filler TGF 1000SR/1000SR, IDH 2167438",,,,,13477.1
GF1000-07-15-1200CC,Bergquist Company,Thermal Interface Products,"Thermal Interface Products Gap Filler, Pot Life=15m, 1200CC Kit, Gap Filler TGF 1000/1000, IDH 2167981",,,,,17090.45
GF1000-07-15-400CC,Bergquist Company,Thermal Interface Products,"Thermal Interface Products Gap Filler, Pot Life = 15 Minutes, 400CC Kit, Gap Filler TGF 1000/1000",,,,,10237.18
GF4500CVO-00-240-1200CC,Bergquist Company,Thermal Interface Products,"Thermal Interface Products Liquid Gap-Filling Material, 2-Part, 4.5W/m-K, 1200ml Cartridge, TGF4500CVO",4.5 W/m-K,,,,28076.43
2722291,Bergquist Company,Thermal Interface Products,"Thermal Interface Products GAP PAD, 12 W/m-K, Ultra-Low Modulus, 8"" x 8"" Sheet, 0.120"" Thickness",12 W/m-K,,,,17475.9
A14949-02,Laird Technologies,Thermal Interface Products,"Thermal Interface Products Tflex 520FG,DC1 18x18in",,,18 mm,18 mm,3199.3
GF2000-00-60-200CC,Bergquist Company,Thermal Interface Products,"Thermal Interface Products Liquid Gap Filler, 200CC Dual Cartridge, Gap Filler TGF 2000/2000, IDH 2189771",,,,,3815.5
GF2000-00-600-200CC,Bergquist Company,Thermal Interface Products,"Thermal Interface Products Liquid Gap Filler, 200CC Dual Cartridge, Gap Filler TGF 2000/2000, IDH 2191589",,,,,3788.85
GF2000-05-60-1200CC,Bergquist Company,Thermal Interface Products,"Thermal Interface Products Conductive, Liquid Gap Filler, 1200CC Kit, Gap Filler TGF 2000/Gap Filler 2000",,,,,22117.55
GF2000-07-60-1200CC,Bergquist Company,Thermal Interface Products,"Thermal Interface Products Conductive, Liquid Gap Filler, 1200CC Kit, Gap Filler TGF 2000/Gap Filler 2000",,,,,22117.55
GF2000-07-15-1200CC,Bergquist Company,Thermal Interface Products,"Thermal Interface Products Conductive, Liquid Gap Filler, 1200CC Kit, Gap Filler TGF 2000/Gap Filler 2000",,,,,22117.55
GF2000-10-60-1200CC,Bergquist Company,Thermal Interface Products,"Thermal Interface Products Conductive, Liquid Gap Filler, 1200CC Kit, Gap Filler TGF 2000/Gap Filler 2000",,,,,22117.55
GF1500-07-60-1200CC,Bergquist Company,Thermal Interface Products,"Thermal Interface Products Conductive, Liquid Gap Filler, 1200CC Kit, Gap Filler TGF 1500/1500, IDH 2167147",,,,,19614.4
GF1500-10-60-1200CC,Bergquist Company,Thermal Interface Products,"Thermal Interface Products Conductive, Liquid Gap Filler, 1200CC Kit, Gap Filler TGF 1500/1500, IDH 2167472",,,,,23787.08
HD760,Laird Technologies,Thermal Interface Products,Thermal Interface Products,,,,,9104.88
A17712-08,Laird Technologies,Thermal Interface Products,Thermal Interface Products Tflex P180 18x18IN,,,18 mm,18 mm,3860.03
A15348-02,Laird Technologies,Thermal Interface Products,"Thermal Interface Products Tflex 380H 18"" x 18""",,,,,3349.13
GF2000-00-600-1200CC,Bergquist Company,Thermal Interface Products,"Thermal Interface Products Conductive, Liquid Gap Filler, 1200CC Kit, Gap Filler TGF 2000/Gap Filler 2000",,,,,19232.85
GF2000-00-600-400CC,Bergquist Company,Thermal Interface Products,"Thermal Interface Products Conductive, Liquid Gap Filler, 400CC Kit, Gap Filler TGF 2000/2000, IDH 2213720",,,,,11335.03
GF2000-07-15-200CC,Bergquist Company,Thermal Interface Products,"Thermal Interface Products Conductive, Liquid Gap Filler, 200CC Dual Cartridge, Gap Filler TGF 2000/2000",,,,,4331.28
A14162-33,Laird Technologies,Thermal Interface Products,"Thermal Interface Products Tflex 2120V0 9"" x 9"" 1.1W/mK",1.1 W/m-K,,,,806.0
A10103-07,Laird Technologies,Thermal Interface Products,"Thermal Interface Products Tpli 2110 A0 16x16"" 6 W/mK gap filler",6 W/m-K,,16 mm,16 mm,36022.68
A14162-45,Laird Technologies,Thermal Interface Products,"Thermal Interface Products Tflex 2100V0 18x18"" 1.1W/mK",1.1 W/m-K,,18 mm,18 mm,2232.43
GF3500LV-07-240-50CC,Bergquist Company,Thermal Interface Products,"Thermal Interface Products Liquid Gap Filler, 50CC Dual Cartridge, TGF 3500LVO/3500LV, IDH 2456616",,,,,2594.48
2722289,Bergquist Company,Thermal Interface Products,"Thermal Interface Products GAP PAD, 12 W/m-K, Ultra-Low Modulus, 8"" x 8"" Sheet, 0.080"" Thickness",12 W/m-K,,,,11169.93
A15754-12,Laird Technologies,Thermal Interface Products,"Thermal Interface Products Tflex SF8120 9.0x9.0IN,",,,9.0 mm,9.0 mm,11269.05
A17174-10,Laird Technologies,Thermal Interface Products,"Thermal Interface Products Tflex P3100 18.00x18 .00in,",,,18.00 mm,18 mm,16095.3
A17712-18,Laird Technologies,Thermal Interface Products,Thermal Interface Products TFLEX P1180 18X18IN,,,18 mm,18 mm,10815.68
A17712-19,Laird Technologies,Thermal Interface Products,Thermal Interface Products Tflex P1190 18x18IN,,,18 mm,18 mm,11668.8
GF1500-07-60-200CC,Bergquist Company,Thermal Interface Products,"Thermal Interface Products Liquid Gap Filler, 200CC Dual Cartridge, Gap Filler TGF 1500/1500, IDH 2191843",,,,,3880.83
GF1500-07-60-400CC,Bergquist Company,Thermal Interface Products,"Thermal Interface Products Conductive, Liquid Gap Filler, 400CC Kit, Gap Filler TGF 1500/1500, IDH 2191337",,,,,10236.85
GF2000-00-15-200CC,Bergquist Company,Thermal Interface Products,"Thermal Interface Products Liquid Gap Filler, 200CC Dual Cartridge, Gap Filler TGF 2000/2000, IDH 2189146",,,,,3780.08
GF2000-00-60-1200CC,Bergquist Company,Thermal Interface Products,"Thermal Interface Products Conductive, Liquid Gap Filler, 1200CC Kit, Gap Filler TGF 2000/2000, IDH 2191764",,,,,23324.28
GF2000-07-600-1200CC,Bergquist Company,Thermal Interface Products,"Thermal Interface Products Conductive, Liquid Gap Filler, 1200CC Kit, Gap Filler TGF 2000/Gap Filler 2000",,,,,22117.55
A14162-02,Laird Technologies,Thermal Interface Products,"Thermal Interface Products Tflex 280V0 18x18"" 1.1W/mK",1.1 W/m-K,,18 mm,18 mm,1620.78
A10096-79,Laird Technologies,Thermal Interface Products,"Thermal Interface Products Tpli240 FG A0 16x16"" 6 W/mK gap filler",6 W/m-K,,16 mm,16 mm,14313.33
2300980,Bergquist Company,Thermal Interface Products,"Thermal Interface Products Sil-Pad, 0.009"" Thickness, 0.39"" x 0.39"", Sil-Pad TSP900/400, SP400-0.009-00-44",,,,,3.25
GF1500LV-00-120-400CC,Bergquist Company,Thermal Interface Products,"Thermal Interface Products Liquid Gap Filler, 400CC Kit, Gap Filler TGF 1500LVO/1500LV, IDH 2167855",,,,,9415.9
GF1500LV-00-120-1200CC,Bergquist Company,Thermal Interface Products,"Thermal Interface Products Liquid Gap Filler, 1200CC Kit, Gap Filler TGF 1500LVO/1500LV, IDH 2191894",,,,,20382.7
GF3500LV-07-240-400CC,Bergquist Company,Thermal Interface Products,"Thermal Interface Products Conductive, Liquid Gap Filler, 400CC Kit, Gap Filler TGF 3500LVO/3500LV",,,,,16621.48
GF1500-00-480-1200CC,Bergquist Company,Thermal Interface Products,"Thermal Interface Products Conductive, Liquid Gap Filler, 1200CC Kit, Gap Filler TGF 1500/1500, IDH 2167165",,,,,17056.0
GF2000-10-60-200CC,Bergquist Company,Thermal Interface Products,"Thermal Interface Products Conductive, Liquid Gap Filler, 200CC Dual Cartridge, Gap Filler TGF 2000/2000",,,,,4331.28
GF2000-07-15-400CC,Bergquist Company,Thermal Interface Products,"Thermal Interface Products Conductive, Liquid Gap Filler, 400CC Kit, Gap Filler TGF 2000/Gap Filler 2000",,,,,10237.18
GF2000-05-60-200CC,Bergquist Company,Thermal Interface Products,"Thermal Interface Products Conductive, Liquid Gap Filler, 200CC Dual Cartridge, Gap Filler TGF 2000/2000",,,,,4331.28
GF2000-00-15-1200CC,Bergquist Company,Thermal Interface Products,"Thermal Interface Products Conductive, Liquid Gap Filler, 1200CC Kit, Gap Filler TGF 2000/Gap Filler 2000",,,,,19232.85
A16367-12,Laird Technologies,Thermal Interface Products,"Thermal Interface Products Tflex SF6120 9.00x9.00IN,",,,9.00 mm,9.00 mm,5574.08
A18906-08,Laird Technologies,Thermal Interface Products,Thermal Interface Products Thickness 2mm 457x457mm Grey,,2 mm,457 mm,457 mm,38569.38
EYG-S0714ZLAE,Panasonic,Thermal Interface Products,Thermal Interface Products Soft PGS - IGBT Mod Infineon,,,,,547.95
a15335-02,Laird Technologies,Thermal Interface Products,Thermal Interface Products Tflex 3150 18x18in,,,18 mm,18 mm,4349.48
A15337-02,Laird Technologies,Thermal Interface Products,Thermal Interface Products Tflex 3170 18x18in,,,18 mm,18 mm,5003.7
A17174-19,Laird Technologies,Thermal Interface Products,"Thermal Interface Products Tflex P3190 18.00x18 .00in,",,,18.00 mm,18 mm,29712.15
SP400-0.009-00-52,Bergquist Company,Thermal Interface Products,"Thermal Interface Products Sil-Pad, 0.009"" Thickness, TSP900/400, 7403-09FR-52, BG95031, IDH 2192643",,,,,21.78
A17174-13,Laird Technologies,Thermal Interface Products,"Thermal Interface Products Tflex P3130 18.00x18 .00in,",,,18.00 mm,18 mm,20625.48
A15796-25,Laird Technologies,Thermal Interface Products,"Thermal Interface Products Tflex 720 18"" x 18""",,,,,9443.85
A15754-05,Laird Technologies,Thermal Interface Products,Thermal Interface Products TFLEX SF850,,,,,5660.53
A14427-01,Laird Technologies,Thermal Interface Products,"Thermal Interface Products Tflex 6190,DC1 9x9in,",,,9 mm,9 mm,9030.13
A17747-17,Laird Technologies,Thermal Interface Products,Thermal Interface Products Tflex P3170 9.00x9.0 0in,,,9.00 mm,9.0 mm,6789.58
A17174-05,Laird Technologies,Thermal Interface Products,"Thermal Interface Products Tflex P350 18.00x18. 00in,",,,18.00 mm,18 mm,8367.78
A17174-03,Laird Technologies,Thermal Interface Products,"Thermal Interface Products Tflex P330 18.00x18. 00in,",,,18.00 mm,18 mm,5641.68
SP1200-0.009-00-104,Bergquist Company,Thermal Interface Products,"Thermal Interface Products Elastomeric Material, 0.009"" Thickness, Sil-Pad TSP1800/1200",,,,,17.88
SP400-0.009-00-12/250,Bergquist Company,Thermal Interface Products,"Thermal Interface Products Sil-Pad, 0.009"" Thickness, 12"" x 250' Roll, Sil-Pad TSP900/400, IDH 2179596",,,,,88407.48
A17747-18,Laird Technologies,Thermal Interface Products,Thermal Interface Products Tflex P3180 9.00x9.0 0in,,,9.00 mm,9.0 mm,7146.1
A18145-06,Laird Technologies,Thermal Interface Products,Thermal Interface Products TFLEX RB360 9X9IN,,,9 mm,9 mm,1384.83
A17174-07,Laird Technologies,Thermal Interface Products,"Thermal Interface Products Tflex P370 18x18in,",,,18 mm,18 mm,11423.43
A17174-20,Laird Technologies,Thermal Interface Products,"Thermal Interface Products Tflex P3200 18.00x18 .00in,",,,18.00 mm,18 mm,31157.43
7403-09AC-67,Bergquist Company,Thermal Interface Products,"Thermal Interface Products Sil-Pad Material, 0.009"" Thick, 1 Side Adhesive, SP400-0.009-AC-67, IDH 2474862",,,,,14.3
GF1500-00-480-400CC,Bergquist Company,Thermal Interface Products,"Thermal Interface Products Conductive, Liquid Gap Filler, 400CC Kit, Gap Filler TGF 1500/1500, IDH 2167394",,,,,10589.8
GF1500-07-480-1200CC,Bergquist Company,Thermal Interface Products,"Thermal Interface Products Conductive, Liquid Gap Filler, 1200CC Kit, Gap Filler TGF 1500/Gap Filler 1500",,,,,19614.73
GF1500-07-480-200CC,Bergquist Company,Thermal Interface Products,"Thermal Interface Products Conductive, Liquid Gap Filler, 200CC Dual Cartridge, Gap Filler TGF 1500/1500",,,,,3880.83
GF2000-00-15-400CC,Bergquist Company,Thermal Interface Products,"Thermal Interface Products Conductive, Liquid Gap Filler, 400CC Kit, Gap Filler TGF 2000/2000, IDH 2166091",,,,,9887.15
A14162-29,Laird Technologies,Thermal Interface Products,"Thermal Interface Products Tflex 270V0 9"" x 9"" 1.1W/mK",1.1 W/m-K,,,,395.2
A14162-12,Laird Technologies,Thermal Interface Products,"Thermal Interface Products Tflex 290V0 18x18"" 1.1W/mK",1.1 W/m-K,,18 mm,18 mm,1832.03
COH-3114LVC-200-30,Taica,Thermal Interface Products,"Thermal Interface Products Thermal Interface Gap Pad, 8.2 W/mK, Square, 200x200mm, 3mm Thickness, Alpha Gel",8.2 W/m-K,200 mm,200 mm,200 mm,4708.93
COH-3114LVC-400-30,Taica,Thermal Interface Products,"Thermal Interface Products Thermal Interface Pad, Gap Pad, 8.2 Thermal Conductivity W/mK, Square, 400mm x 400mm, 3.0mm Thickness, Alpha Gel Series, Also Known as COH-3114LVC-400 t3.0",,400 mm,,,17720.95
OTH-Q241350B-00-B5,Laird Technologies,Thermal Interface Products,Thermal Interface Products,,,,,431.93
GF2000-05-15-400CC,Bergquist Company,Thermal Interface Products,"Thermal Interface Products Conductive, Liquid Gap Filler, 400CC Kit, Gap Filler TGF 2000/Gap Filler 2000",,,,,10237.18
GF2000-07-60-200CC,Bergquist Company,Thermal Interface Products,"Thermal Interface Products Conductive, Liquid Gap Filler, 200CC Dual Cartridge, Gap Filler TGF 2000/2000",,,,,4331.28
GF1500-10-60-400CC,Bergquist Company,Thermal Interface Products,"Thermal Interface Products Conductive, Liquid Gap Filler, 400CC Kit, Gap Filler TGF 1500/1500, IDH 2190652",,,,,13035.75
GF2000-05-15-200CC,Bergquist Company,Thermal Interface Products,"Thermal Interface Products Conductive, Liquid Gap Filler, 200CC Dual Cartridge, Gap Filler TGF 2000/2000",,,,,4331.28
GF2000-05-60-400CC,Bergquist Company,Thermal Interface Products,"Thermal Interface Products Conductive, Liquid Gap Filler, 400CC Kit, Gap Filler TGF 2000/2000, IDH 2193670",,,,,10237.18
OTH-Q241350G-00-B5,Laird Technologies,Thermal Interface Products,Thermal Interface Products,,,,,431.93
A14162-32,Laird Technologies,Thermal Interface Products,"Thermal Interface Products Tflex 2110V0 9"" x 9"" 1.1W/mK",1.1 W/m-K,,,,719.23
A14670-09,Laird Technologies,Thermal Interface Products,"Thermal Interface Products Tflex 6150 9x9"" 3.0W/mK gap filler",3.0 W/m-K,,9 mm,9 mm,5828.55
A15954-00,Laird Technologies,Thermal Interface Products,"Thermal Interface Products Tgon805 1.54x1.79"" Kit, A0",,,1.54 mm,1.79 mm,802.75
A14950-08,Laird Technologies,Thermal Interface Products,"Thermal Interface Products Tflex 580 DC1 9x9"" 2.8W/mK gap filler",2.8 W/m-K,,9 mm,9 mm,2629.58
A14950-09,Laird Technologies,Thermal Interface Products,"Thermal Interface Products Tflex 590 DC1 9x9"" 2.8W/mK gap filler",2.8 W/m-K,,9 mm,9 mm,2560.03
A10107-02,Laird Technologies,Thermal Interface Products,"Thermal Interface Products Tpli 2150 A1 8x8"" 6 W/mK gap filler",6 W/m-K,,8 mm,8 mm,13143.33
A14950-07,Laird Technologies,Thermal Interface Products,"Thermal Interface Products Tflex 570 DC1 9x9"" 2.8W/mK gap filler",2.8 W/m-K,,9 mm,9 mm,2112.83
A15349-01,Laird Technologies,Thermal Interface Products,"Thermal Interface Products Tflex 390H 9"" x 9""",,,,,1066.33
A10101-02,Laird Technologies,Thermal Interface Products,"Thermal Interface Products Tpli 290 A1 8x8"" 6 W/mK gap filler",6 W/m-K,,8 mm,8 mm,7033.65
EYG-S1313ZLGB,Panasonic,Thermal Interface Products,Thermal Interface Products Soft PGS - IGBT Mod Mitsubishi Elec.,,,,,992.88
A10098-32,Laird Technologies,Thermal Interface Products,"Thermal Interface Products Tpli 260 A0 16x16"" 6 W/mK gap filler",6 W/m-K,,16 mm,16 mm,20439.25
A14571-01,Laird Technologies,Thermal Interface Products,"Thermal Interface Products Tflex 5170 9x9"" 2.8W/mK gap filler",2.8 W/m-K,,9 mm,9 mm,4373.53
A14950-05,Laird Technologies,Thermal Interface Products,"Thermal Interface Products Tflex 550 DC1 9x9"" 2.8W/mK gap filler",2.8 W/m-K,,9 mm,9 mm,1610.05
A16367-10,Laird Technologies,Thermal Interface Products,"Thermal Interface Products Tflex SF6100 9.00x9.00IN,",,,9.00 mm,9.00 mm,5310.5
AL-225-175,Bergquist Company,Thermal Interface Products,"Thermal Interface Products High Performance Phase Change TIM, 2.25 x 1.75"", IDH 2291583",,,2.25 mm,1.75 mm,85.8
HF300P-0.0045-00-10.512,Bergquist Company,Thermal Interface Products,"Thermal Interface Products Phase Change Material, 10.5""x12"" Sheet, 0.0045"" Thickness, Hi-Flow THF1600P/300P",,,,,870.35
HF625-0.005-00-1212,Bergquist Company,Thermal Interface Products,"Thermal Interface Products Phase Change Material, 12""x12"" Sheet, 0.005"" Thickness, Hi-Flow THF500/625",,,,,682.5
HF300P-0.001-AC-110,Bergquist Company,Thermal Interface Products,"Thermal Interface Products Conductive Phase Change Material, 0.001"" Thickness, 1 Side Adhesive",,,,,11.7
HF625-0.005-AC-104,Bergquist Company,Thermal Interface Products,"Thermal Interface Products Phase Change Material, 0.005"" Thickness, 1 Side Adhesive, Hi-Flow THF 500/625",,,,,32.5
HF625-0.005-AC-1212,Bergquist Company,Thermal Interface Products,"Thermal Interface Products Phase Change Material, 12""x12"" Sheet, 0.005"" Thickness, 1 Side Adhesive",,,,,678.93
HF300P-0.004-00-10.512,Bergquist Company,Thermal Interface Products,"Thermal Interface Products Phase Change Material, 10.5""x12"" Sheet, 0.004"" Thickness, Hi-Flow THF1600P/300P",,,,,1556.1
HF300G-0.005-00-1012,Bergquist Company,Thermal Interface Products,"Thermal Interface Products Fiberglass-Reinforced, Phase Change TIM, 10""x12"" Sheet, 0.005"" Thickness",,,,,777.4
HF105-0.0055-AC-12/250,Bergquist Company,Thermal Interface Products,"Thermal Interface Products Phase Change Coated Aluminum, 0.0055"" Thickness, 1 Side Adhesive, 12""x250' Roll",,,,,82641.0
HF300P-0.0045-00-10.5/250,Bergquist Company,Thermal Interface Products,"Thermal Interface Products Conductive Phase Change Material, 0.0045"" Thickness, 10.5""x250' Roll, Hi-Flow",,,,,123700.85
HF105-0.0055-00-12/250,Bergquist Company,Thermal Interface Products,"Thermal Interface Products Phase Change Coated Aluminum, 0.0055"" Thickness, 12""x250' Roll",,,,,43222.73
HF300P-0.004-00-10.5/250,Bergquist Company,Thermal Interface Products,"Thermal Interface Products Conductive Phase Change Material, 0.004"" Thickness, 10.5""x250' Roll, Hi-Flow",,,,,133319.23
HF300P-0.005-00-10.5/250,Bergquist Company,Thermal Interface Products,"Thermal Interface Products Phase Change Material, 0.005"" Thickness, 10.5""x250' Roll, Hi-Flow THF1600P/300P",,,,,114324.28
HF300P1.0-0.004-00-10.512,Bergquist Company,Thermal Interface Products,"Thermal Interface Products Phase Change Material, 10.5""x12"" Sheet, 0.004"" Thickness, Hi-Flow THF1600P/300P",,,,,1556.1
HF625-0.005-AC-12/200,Bergquist Company,Thermal Interface Products,"Thermal Interface Products Phase Change Material, 0.005"" Thickness, 1 Side Adhesive, 12""x200' Roll",,,,,81596.13
2189937,Bergquist Company,Thermal Interface Products,"Thermal Interface Products Phase Change Material, 0.006"" Thickness, 1 Side Adhesive, 12x11""",,,12 mm,11 mm,1314.3
2705033,Bergquist Company,Thermal Interface Products,"Thermal Interface Products Tacky, Un-Reinforced Phase Change TIM, HF565UT-0.010-02-11/75",,,,,46732.73
2705032,Bergquist Company,Thermal Interface Products,"Thermal Interface Products Tacky, Un-Reinforced Phase Change TIM, HF565UT-0.010-02-11/50",,,,,31155.15
2189944,Bergquist Company,Thermal Interface Products,"Thermal Interface Products Un-Reinforced, Pressure Sensitive Phase Change TIM",,,,,42602.95
TCF1000-AL-00-11.523.5,Bergquist Company,Thermal Interface Products,"Thermal Interface Products Phase Change TIM, 11.5"" x 23.5"", Thermstrate TCF 1000AL, TCF1000-AL-00-11.523.5",,,,,2626.33
2186885,Bergquist Company,Thermal Interface Products,"Thermal Interface Products High Performance, Non-Phase Change Material",,,,,237789.5
2189308,Bergquist Company,Thermal Interface Products,"Thermal Interface Products Non-Reinforced Phase Change Thermal Interface Material, Hi-Flow THF 1000U/225U",,,,,69633.53
2189118,Bergquist Company,Thermal Interface Products,"Thermal Interface Products Phase Change Material, Hi-Flow THF 500/625, HF625-0.005-00-12/200",,,,,57018.0
HF650P-0.005-01-11/250,Bergquist Company,Thermal Interface Products,"Thermal Interface Products Phase Change Material, 0.005"" Thickness, 11""x250' Roll, Hi-Flow THF1500P/650P",,,,,161916.3
HF650P-0.0055-01-11/250,Bergquist Company,Thermal Interface Products,"Thermal Interface Products Phase Change Material, 0.0055"" Thickness, 11""x250' Roll, Hi-Flow THF1500P/650P",,,,,178531.93
HF650P-0.0045-01-11/250,Bergquist Company,Thermal Interface Products,"Thermal Interface Products Conductive Phase Change Material, 0.0045"" Thickness, 11""x250' Roll, Hi-Flow",,,,,126266.73
HF105-0.0055-AC-1212,Bergquist Company,Thermal Interface Products,"Thermal Interface Products Phase Change Coated Aluminum, 12""x12"" Sheet, 0.0055"" Thickness",,,,,1417.0
CD-02-05-3-4,Wakefield Thermal,Thermal Interface Products,"Thermal Interface Products ulTIMiFlux Dielectric Phase Change Thermal Material, TO-3 Pad, 4 Pin",,,,,51.35
CD-02-05-220-2,Wakefield Thermal,Thermal Interface Products,"Thermal Interface Products ulTIMiFlux Dielectric Phase Change Material, Dual Mount TO-220 Pad, 2 Holes",,,,,55.9
CD-02-05-REC-125,Wakefield Thermal,Thermal Interface Products,"Thermal Interface Products ulTIMiFlux Dielectric Phase Change, Rectifier Pad 1.25"" x 1.25"" with Hole",,,,,73.13
CD-02-05-REC-125-N,Wakefield Thermal,Thermal Interface Products,"Thermal Interface Products ulTIMiFlux Dielectric Phase Change, Rectifier Pad 1.25"" x 1.25"", No Hole",,,,,73.13
1058883,Bergquist Company,Thermal Interface Products,"Thermal Interface Products Phase Change Material, 14"" x 18"" Sheet, Powerstrate Xtreme TCF 4000 PXF-8 Series",,,,,4724.2
HF115-0.0055-AC-58,Bergquist Company,Thermal Interface Products,"Thermal Interface Products Phase Change Coated Aluminum, Hi-Flow THF 800AC Series / Also Known as Bergquist Hi-Flow 115-AC Series",,,,,14.3
2167952,Bergquist Company,Thermal Interface Products,"Thermal Interface Products Electrically Insulating, High Performance, Conductive Phase Change",,,,,3436.23
HF1150.0055AC54,Bergquist Company,Thermal Interface Products,"Thermal Interface Products Phase Change Coated Aluminum, Hi-Flow THF 800AC / Also Known as Hi-Flow 115-AC",,,,,18.85
HF300P10045C1112,Bergquist Company,Thermal Interface Products,"Thermal Interface Products Conductive Phase Change Material, 0.005"" Thickness, 12"" x 11"", THF 1600P/300P",,,,,2591.88
